bucket_start,price_open,price_high,price_low,price_close,price_vwap,price_unit,price_source,price_trade_count,price_staleness_seconds,tvl_token_close,tvl_usd_close,tvl_snapshot_block,volume_token,volume_usd,swap_count,active_trader_count,liquidity_added_token,liquidity_removed_token,net_lp_flow_token,gross_lp_activity_token,recycling_share,lp_add_event_count,lp_remove_event_count,active_lp_count,lp_identity_coverage,withdrawal_amount_coverage,actual_transfer_in_token,actual_transfer_out_token,actual_transfer_net_token,pool_transfer_event_count,price_return,tvl_change,net_lp_flow_ratio,gross_lp_activity_ratio,actual_transfer_net_ratio,withdrawal_ratio,volume_turnover,close_vwap_gap,measured_pool_count,verified_pool_count,data_coverage,is_imputed
2022-09-09T20:00:00+00:00,0.015823582388157786,0.015872662874923168,0.015823582388157786,0.015872662874923168,0.015826969184467445,WETH,pool_swap_ratio,2,1889,31369.627170294974,,15504751,217.37572448063364,,2,2,0.0,0.0,0.0,0.0,,0,0,,,,217.37572448063364,0.0,217.37572448063364,2,,,,,,,,0.0028870777419953697,2,3,price=observed;tvl=observed;lp_amount=none,False
2022-09-09T21:00:00+00:00,,,,0.015872662874923168,,WETH,pool_swap_ratio,0,5489,31369.627170294974,,15504751,0.0,,0,0,0.0,0.0,0.0,0.0,,0,0,,,,0.0,0.0,0.0,0,0.0,0.0,0.0,0.0,0.0,0.0,0.0,,2,3,price=carried;tvl=carried;lp_amount=none,True
2022-09-09T22:00:00+00:00,,,,0.015872662874923168,,WETH,pool_swap_ratio,0,9089,31369.627170294974,,15504751,0.0,,0,0,0.0,0.0,0.0,0.0,,0,0,,,,0.0,0.0,0.0,0,0.0,0.0,0.0,0.0,0.0,0.0,0.0,,2,3,price=carried;tvl=carried;lp_amount=none,True
2022-09-09T23:00:00+00:00,,,,0.015872662874923168,,WETH,pool_swap_ratio,0,12689,31369.627170294974,,15504751,0.0,,0,0,0.0,0.0,0.0,0.0,,0,0,,,,0.0,0.0,0.0,0,0.0,0.0,0.0,0.0,0.0,0.0,0.0,,2,3,price=carried;tvl=carried;lp_amount=none,True
2022-09-10T00:00:00+00:00,,,,0.015872662874923168,,WETH,pool_swap_ratio,0,16289,31369.627170294974,,15504751,0.0,,0,0,0.0,0.0,0.0,0.0,,0,0,,,,0.0,0.0,0.0,0,0.0,0.0,0.0,0.0,0.0,0.0,0.0,,2,3,price=carried;tvl=carried;lp_amount=none,True
2022-09-10T01:00:00+00:00,,,,0.015872662874923168,,WETH,pool_swap_ratio,0,19889,31369.627170294974,,15504751,0.0,,0,0,0.0,0.0,0.0,0.0,,0,0,,,,0.0,0.0,0.0,0,0.0,0.0,0.0,0.0,0.0,0.0,0.0,,2,3,price=carried;tvl=carried;lp_amount=none,True
2022-09-10T02:00:00+00:00,0.015787131335084366,0.0158582285596581,0.015754633148498818,0.0158582285596581,0.0157691140768557,WETH,pool_swap_ratio,3,161,32767.594318141237,,15506395,143.064,,3,2,0.0,0.0,0.0,0.0,,0,0,,,,143.064,0.0,143.064,3,-0.0009097958240768444,0.04359991169312193,0.0,0.0,0.004560589745722972,0.0,0.004560589745722972,0.005651204142989474,3,3,price=observed;tvl=observed;lp_amount=none,False
2022-09-10T03:00:00+00:00,,,,0.0158582285596581,,WETH,pool_swap_ratio,0,3761,32767.594318141237,,15506395,0.0,,0,0,0.0,0.0,0.0,0.0,,0,0,,,,0.0,0.0,0.0,0,0.0,0.0,0.0,0.0,0.0,0.0,0.0,,3,3,price=carried;tvl=carried;lp_amount=none,True
2022-09-10T04:00:00+00:00,,,,0.0158582285596581,,WETH,pool_swap_ratio,0,7361,32767.594318141237,,15506395,0.0,,0,0,0.0,0.0,0.0,0.0,,0,0,,,,0.0,0.0,0.0,0,0.0,0.0,0.0,0.0,0.0,0.0,0.0,,3,3,price=carried;tvl=carried;lp_amount=none,True
2022-09-10T05:00:00+00:00,,,,0.0158582285596581,,WETH,pool_swap_ratio,0,10961,32767.594318141237,,15506395,0.0,,0,0,0.0,0.0,0.0,0.0,,0,0,,,,0.0,0.0,0.0,0,0.0,0.0,0.0,0.0,0.0,0.0,0.0,,3,3,price=carried;tvl=carried;lp_amount=none,True
2022-09-10T06:00:00+00:00,,,,0.0158582285596581,,WETH,pool_swap_ratio,0,14561,32767.594318141237,,15506395,0.0,,0,0,0.0,0.0,0.0,0.0,,0,0,,,,0.0,0.0,0.0,0,0.0,0.0,0.0,0.0,0.0,0.0,0.0,,3,3,price=carried;tvl=carried;lp_amount=none,True
2022-09-10T07:00:00+00:00,,,,0.0158582285596581,,WETH,pool_swap_ratio,0,18161,32767.594318141237,,15506395,0.0,,0,0,0.0,0.0,0.0,0.0,,0,0,,,,0.0,0.0,0.0,0,0.0,0.0,0.0,0.0,0.0,0.0,0.0,,3,3,price=carried;tvl=carried;lp_amount=none,True
2022-09-10T08:00:00+00:00,0.01579626161853082,0.01579626161853082,0.01579626161853082,0.01579626161853082,0.01579626161853082,WETH,pool_swap_ratio,1,2101,32767.410268550437,,15507794,0.18404959079765643,,1,1,0.0,0.0,0.0,0.0,,0,0,,,,0.0,0.18404959079765643,-0.18404959079765643,1,-0.0039152120242940125,-5.616833079087361e-06,0.0,0.0,-5.616817304642972e-06,0.0,5.616817304642972e-06,0.0,3,3,price=observed;tvl=observed;lp_amount=none,False
2022-09-10T09:00:00+00:00,,,,0.01579626161853082,,WETH,pool_swap_ratio,0,5701,32767.410268550437,,15507794,0.0,,0,0,0.0,0.0,0.0,0.0,,0,0,,,,0.0,0.0,0.0,0,0.0,0.0,0.0,0.0,0.0,0.0,0.0,,3,3,price=carried;tvl=carried;lp_amount=none,True
2022-09-10T10:00:00+00:00,,,,0.01579626161853082,,WETH,pool_swap_ratio,0,9301,32767.410268550437,,15507794,0.0,,0,0,0.0,0.0,0.0,0.0,,0,0,,,,0.0,0.0,0.0,0,0.0,0.0,0.0,0.0,0.0,0.0,0.0,,3,3,price=carried;tvl=carried;lp_amount=none,True
2022-09-10T11:00:00+00:00,,,,0.01579626161853082,,WETH,pool_swap_ratio,0,12901,32767.410268550437,,15507794,0.0,,0,0,0.0,0.0,0.0,0.0,,0,0,,,,0.0,0.0,0.0,0,0.0,0.0,0.0,0.0,0.0,0.0,0.0,,3,3,price=carried;tvl=carried;lp_amount=none,True
2022-09-10T12:00:00+00:00,0.015706966356671147,0.015706966356671147,0.015706966356671147,0.015706966356671147,0.015706966356671147,WETH,pool_swap_ratio,1,315,32869.785596271744,,15508907,102.37532772130288,,1,1,0.0,0.0,0.0,0.0,,0,0,,,,102.37532772130288,0.0,102.37532772130288,1,-0.005668974688690633,0.0031194327968796427,0.0,0.0,0.0031243032904422373,0.0,0.0031243032904422373,0.0,3,3,price=observed;tvl=observed;lp_amount=none,False
2022-09-10T13:00:00+00:00,,,,0.015706966356671147,,WETH,pool_swap_ratio,0,3915,32869.785596271744,,15508907,0.0,,0,0,0.0,0.0,0.0,0.0,,0,0,,,,0.0,0.0,0.0,0,0.0,0.0,0.0,0.0,0.0,0.0,0.0,,3,3,price=carried;tvl=carried;lp_amount=none,True
2022-09-10T14:00:00+00:00,,,,0.015706966356671147,,WETH,pool_swap_ratio,0,7515,32869.785596271744,,15508907,0.0,,0,0,0.0,0.0,0.0,0.0,,0,0,,,,0.0,0.0,0.0,0,0.0,0.0,0.0,0.0,0.0,0.0,0.0,,3,3,price=carried;tvl=carried;lp_amount=none,True
2022-09-10T15:00:00+00:00,0.015713280969307887,0.015713280969307887,0.01552077474073872,0.015624492487158153,0.015608132932218813,WETH,pool_swap_ratio,3,351,32878.96044074211,,15509626,40.82515552963285,,3,2,0.0,0.0,0.0,0.0,,0,0,,,,25.0,15.825155529632855,9.174844470367145,3,-0.005264616653341165,0.0002790880460215489,0.0,0.0,0.00027912699471358286,0.0,0.0012420268276487768,0.0010481429784321428,3,3,price=observed;tvl=observed;lp_amount=none,False
2022-09-10T16:00:00+00:00,,,,0.015624492487158153,,WETH,pool_swap_ratio,0,3951,32878.96044074211,,15509626,0.0,,0,0,0.0,0.0,0.0,0.0,,0,0,,,,0.0,0.0,0.0,0,0.0,0.0,0.0,0.0,0.0,0.0,0.0,,3,3,price=carried;tvl=carried;lp_amount=none,True
2022-09-10T17:00:00+00:00,,,,0.015624492487158153,,WETH,pool_swap_ratio,0,7551,32878.96044074211,,15509626,0.0,,0,0,0.0,0.0,0.0,0.0,,0,0,,,,0.0,0.0,0.0,0,0.0,0.0,0.0,0.0,0.0,0.0,0.0,,3,3,price=carried;tvl=carried;lp_amount=none,True
2022-09-10T18:00:00+00:00,,,,0.015624492487158153,,WETH,pool_swap_ratio,0,11151,32878.96044074211,,15509626,0.0,,0,0,0.0,0.0,0.0,0.0,,0,0,,,,0.0,0.0,0.0,0,0.0,0.0,0.0,0.0,0.0,0.0,0.0,,3,3,price=carried;tvl=carried;lp_amount=none,True
2022-09-10T19:00:00+00:00,,,,0.015624492487158153,,WETH,pool_swap_ratio,0,14751,32878.96044074211,,15509626,0.0,,0,0,0.0,0.0,0.0,0.0,,0,0,,,,0.0,0.0,0.0,0,0.0,0.0,0.0,0.0,0.0,0.0,0.0,,3,3,price=carried;tvl=carried;lp_amount=none,True
2022-09-10T20:00:00+00:00,,,,0.015624492487158153,,WETH,pool_swap_ratio,0,18351,32878.96044074211,,15509626,0.0,,0,0,0.0,0.0,0.0,0.0,,0,0,,,,0.0,0.0,0.0,0,0.0,0.0,0.0,0.0,0.0,0.0,0.0,,3,3,price=carried;tvl=carried;lp_amount=none,True
2022-09-10T21:00:00+00:00,,,,0.015624492487158153,,WETH,pool_swap_ratio,0,21951,7224.971662264236,,15511060,0.0,,0,0,0.0,21977.549816810893,-21977.549816810893,21977.549816810893,0.0,0,3,,,1.0,0.0,25653.988778477873,-25653.988778477873,3,0.0,-1.515289641109564,-0.6684380990822726,0.6684380990822726,-0.7802554714196079,0.6684380990822726,0.0,,3,3,price=carried;tvl=observed;lp_amount=quantified,True
2022-09-10T22:00:00+00:00,,,,0.015624492487158153,,WETH,pool_swap_ratio,0,25551,7224.971662264236,,15511060,0.0,,0,0,0.0,0.0,0.0,0.0,,0,0,,,,0.0,0.0,0.0,0,0.0,0.0,0.0,0.0,0.0,0.0,0.0,,3,3,price=carried;tvl=carried;lp_amount=none,True
2022-09-10T23:00:00+00:00,,,,0.015624492487158153,,WETH,pool_swap_ratio,0,29151,7224.971662264236,,15511060,0.0,,0,0,0.0,0.0,0.0,0.0,,0,0,,,,0.0,0.0,0.0,0,0.0,0.0,0.0,0.0,0.0,0.0,0.0,,3,3,price=carried;tvl=carried;lp_amount=none,True
2022-09-11T00:00:00+00:00,0.015626575564757075,0.01563349088223353,0.015626575564757075,0.01563349088223353,0.015629715526491998,WETH,pool_swap_ratio,2,1453,7278.823629529501,,15511829,53.85196726526557,,2,2,0.0,0.0,0.0,0.0,,0,0,,,,53.85196726526557,0.0,53.85196726526557,2,0.000575750215080042,0.007425947988441924,0.0,0.0,0.007453588717383133,0.0,0.007453588717383133,0.0002415498692303064,3,3,price=observed;tvl=observed;lp_amount=none,False
2022-09-11T01:00:00+00:00,0.015639157701324322,0.015639157701324322,0.015639157701324322,0.015639157701324322,0.015639157701324322,WETH,pool_swap_ratio,1,3572,7285.838795683348,,15511948,7.015166153846153,,1,1,0.0,0.0,0.0,0.0,,0,0,,,,7.015166153846153,0.0,7.015166153846153,1,0.00036241376471056745,0.0009633133252979851,0.0,0.0,0.0009637774606031511,0.0,0.0009637774606031511,0.0,3,3,price=observed;tvl=observed;lp_amount=none,False
2022-09-11T02:00:00+00:00,,,,0.015639157701324322,,WETH,pool_swap_ratio,0,7172,7285.838795683348,,15511948,0.0,,0,0,0.0,0.0,0.0,0.0,,0,0,,,,0.0,0.0,0.0,0,0.0,0.0,0.0,0.0,0.0,0.0,0.0,,3,3,price=carried;tvl=carried;lp_amount=none,True
2022-09-11T03:00:00+00:00,0.015733018628047154,0.015733018628047154,0.015648276018591607,0.015648276018591607,0.015693390454733315,WETH,pool_swap_ratio,2,3137,7281.602424725663,,15512492,65.43637095768486,,2,2,0.0,0.0,0.0,0.0,,0,0,,,,30.6,34.836370957684856,-4.236370957684855,2,0.0005828741089517741,-0.0005816218528720191,0.0,0.0,-0.0005814527436696492,0.0,0.008981309193452653,-0.0028747412021538077,3,3,price=observed;tvl=observed;lp_amount=none,False
2022-09-11T04:00:00+00:00,,,,0.015648276018591607,,WETH,pool_swap_ratio,0,6737,7281.602424725663,,15512492,0.0,,0,0,0.0,0.0,0.0,0.0,,0,0,,,,0.0,0.0,0.0,0,0.0,0.0,0.0,0.0,0.0,0.0,0.0,,3,3,price=carried;tvl=carried;lp_amount=none,True
2022-09-11T05:00:00+00:00,,,,0.015648276018591607,,WETH,pool_swap_ratio,0,10337,7281.602424725663,,15512492,0.0,,0,0,0.0,0.0,0.0,0.0,,0,0,,,,0.0,0.0,0.0,0,0.0,0.0,0.0,0.0,0.0,0.0,0.0,,3,3,price=carried;tvl=carried;lp_amount=none,True
2022-09-11T06:00:00+00:00,,,,0.015648276018591607,,WETH,pool_swap_ratio,0,13937,7281.602424725663,,15512492,0.0,,0,0,0.0,0.0,0.0,0.0,,0,0,,,,0.0,0.0,0.0,0,0.0,0.0,0.0,0.0,0.0,0.0,0.0,,3,3,price=carried;tvl=carried;lp_amount=none,True
2022-09-11T07:00:00+00:00,,,,0.015648276018591607,,WETH,pool_swap_ratio,0,17537,7281.602424725663,,15512492,0.0,,0,0,0.0,0.0,0.0,0.0,,0,0,,,,0.0,0.0,0.0,0,0.0,0.0,0.0,0.0,0.0,0.0,0.0,,3,3,price=carried;tvl=carried;lp_amount=none,True
2022-09-11T08:00:00+00:00,,,,0.015648276018591607,,WETH,pool_swap_ratio,0,21137,7281.602424725663,,15512492,0.0,,0,0,0.0,0.0,0.0,0.0,,0,0,,,,0.0,0.0,0.0,0,0.0,0.0,0.0,0.0,0.0,0.0,0.0,,3,3,price=carried;tvl=carried;lp_amount=none,True
2022-09-11T09:00:00+00:00,,,,0.015648276018591607,,WETH,pool_swap_ratio,0,24737,7281.602424725663,,15512492,0.0,,0,0,0.0,0.0,0.0,0.0,,0,0,,,,0.0,0.0,0.0,0,0.0,0.0,0.0,0.0,0.0,0.0,0.0,,3,3,price=carried;tvl=carried;lp_amount=none,True
2022-09-11T10:00:00+00:00,,,,0.015648276018591607,,WETH,pool_swap_ratio,0,28337,7281.602424725663,,15512492,0.0,,0,0,0.0,0.0,0.0,0.0,,0,0,,,,0.0,0.0,0.0,0,0.0,0.0,0.0,0.0,0.0,0.0,0.0,,3,3,price=carried;tvl=carried;lp_amount=none,True
2022-09-11T11:00:00+00:00,,,,0.015648276018591607,,WETH,pool_swap_ratio,0,31937,7281.602424725663,,15512492,0.0,,0,0,0.0,0.0,0.0,0.0,,0,0,,,,0.0,0.0,0.0,0,0.0,0.0,0.0,0.0,0.0,0.0,0.0,,3,3,price=carried;tvl=carried;lp_amount=none,True
2022-09-11T12:00:00+00:00,,,,0.015648276018591607,,WETH,pool_swap_ratio,0,35537,7281.602424725663,,15512492,0.0,,0,0,0.0,0.0,0.0,0.0,,0,0,,,,0.0,0.0,0.0,0,0.0,0.0,0.0,0.0,0.0,0.0,0.0,,3,3,price=carried;tvl=carried;lp_amount=none,True
2022-09-11T13:00:00+00:00,,,,0.015648276018591607,,WETH,pool_swap_ratio,0,39137,7281.602424725663,,15512492,0.0,,0,0,0.0,0.0,0.0,0.0,,0,0,,,,0.0,0.0,0.0,0,0.0,0.0,0.0,0.0,0.0,0.0,0.0,,3,3,price=carried;tvl=carried;lp_amount=none,True
2022-09-11T14:00:00+00:00,0.0155112187157742,0.015570698367731292,0.0155112187157742,0.015570698367731292,0.015518296311600599,WETH,pool_swap_ratio,2,2267,7321.94936426642,,15515329,40.34693954075758,,2,1,0.0,0.0,0.0,0.0,,0,0,,,,40.34693954075758,0.0,40.34693954075758,2,-0.004969914102956534,0.005525647839975133,0.0,0.0,0.005540942389789658,0.0,0.005540942389789658,0.0033767918254996587,3,3,price=observed;tvl=observed;lp_amount=none,False
2022-09-11T15:00:00+00:00,,,,0.015570698367731292,,WETH,pool_swap_ratio,0,5867,7321.94936426642,,15515329,0.0,,0,0,0.0,0.0,0.0,0.0,,0,0,,,,0.0,0.0,0.0,0,0.0,0.0,0.0,0.0,0.0,0.0,0.0,,3,3,price=carried;tvl=carried;lp_amount=none,True
2022-09-11T16:00:00+00:00,,,,0.015570698367731292,,WETH,pool_swap_ratio,0,9467,7321.94936426642,,15515329,0.0,,0,0,0.0,0.0,0.0,0.0,,0,0,,,,0.0,0.0,0.0,0,0.0,0.0,0.0,0.0,0.0,0.0,0.0,,3,3,price=carried;tvl=carried;lp_amount=none,True
2022-09-11T17:00:00+00:00,0.01514120893941197,0.028298400805801094,0.015132452417668092,0.015753055699210358,0.01730327793802956,WETH,pool_swap_ratio,18,1136,7256.002262129635,,15516126,2077.18996598098,,18,7,0.0,0.0,0.0,0.0,,0,0,,,,1005.6214319220968,1071.5685340588834,-65.94710213678661,18,0.011643520843039391,-0.00904757454102731,0.0,0.0,-0.009006768396764758,0.0,0.28369357156693364,-0.08959124648931893,3,3,price=observed;tvl=observed;lp_amount=none,False
2022-09-11T18:00:00+00:00,0.015957091397888944,0.016497353541067693,0.015839232221514763,0.015917826964559522,0.016145990193216397,WETH,pool_swap_ratio,6,2475,7243.79990562634,,15516282,384.5757237248512,,6,5,0.0,0.0,0.0,0.0,,0,0,,,,186.186683610778,198.38904011407308,-12.202356503295078,6,0.010405314796712218,-0.0016831070165977658,0.0,0.0,-0.0016816913863135553,0.0,0.05300104793682607,-0.014131262680484924,3,3,price=observed;tvl=observed;lp_amount=none,False
2022-09-11T19:00:00+00:00,,,,0.015917826964559522,,WETH,pool_swap_ratio,0,6075,6932.826648653661,,15516470,0.0,,0,0,0.0,296.4976370782199,-296.4976370782199,296.4976370782199,0.0,0,1,,,1.0,0.0,310.9732569726781,-310.9732569726781,1,0.0,-0.04387830170844387,-0.0409312295951089,0.0409312295951089,-0.04292957577847253,0.0409312295951089,0.0,,3,3,price=carried;tvl=observed;lp_amount=quantified,True
2022-09-11T20:00:00+00:00,,,,0.015917826964559522,,WETH,pool_swap_ratio,0,9675,6932.826648653661,,15516470,0.0,,0,0,0.0,0.0,0.0,0.0,,0,0,,,,0.0,0.0,0.0,0,0.0,0.0,0.0,0.0,0.0,0.0,0.0,,3,3,price=carried;tvl=carried;lp_amount=none,True
2022-09-11T21:00:00+00:00,0.015781713171958676,0.015781713171958676,0.015781713171958676,0.015781713171958676,0.015781713171958676,WETH,pool_swap_ratio,1,1904,6925.615095093649,,15517087,7.211553560012166,,1,1,0.0,0.0,0.0,0.0,,0,0,,,,0.0,7.211553560012166,-7.211553560012166,1,-0.008587798343413664,-0.001040745322496215,0.0,0.0,-0.0010402039349148638,0.0,0.0010402039349148638,0.0,3,3,price=observed;tvl=observed;lp_amount=none,False
2022-09-11T22:00:00+00:00,,,,0.015781713171958676,,WETH,pool_swap_ratio,0,5504,6925.615095093649,,15517087,0.0,,0,0,0.0,0.0,0.0,0.0,,0,0,,,,0.0,0.0,0.0,0,0.0,0.0,0.0,0.0,0.0,0.0,0.0,,3,3,price=carried;tvl=carried;lp_amount=none,True
2022-09-11T23:00:00+00:00,0.01576738419417808,0.01576738419417808,0.01576738419417808,0.01576738419417808,0.01576738419417808,WETH,pool_swap_ratio,1,1241,6926.165959237918,,15517663,0.5508641442688806,,1,1,0.0,0.0,0.0,0.0,,0,0,,,,0.5508641442688806,0.0,0.5508641442688806,1,-0.0009083606164426686,7.953694075853938e-05,0.0,0.0,7.954010390486937e-05,0.0,7.954010390486937e-05,0.0,3,3,price=observed;tvl=observed;lp_amount=none,False
2022-09-12T00:00:00+00:00,,,,0.01576738419417808,,WETH,pool_swap_ratio,0,4841,6926.165959237918,,15517663,0.0,,0,0,0.0,0.0,0.0,0.0,,0,0,,,,0.0,0.0,0.0,0,0.0,0.0,0.0,0.0,0.0,0.0,0.0,,3,3,price=carried;tvl=carried;lp_amount=none,True
2022-09-12T01:00:00+00:00,0.01583960610296988,0.01583960610296988,0.01583960610296988,0.01583960610296988,0.01583960610296988,WETH,pool_swap_ratio,1,1467,6907.448986307411,,15518178,18.71697293050612,,1,1,0.0,0.0,0.0,0.0,,0,0,,,,0.0,18.71697293050612,-18.71697293050612,1,0.004570003901579936,-0.0027060149390397185,0.0,0.0,-0.0027023569808548938,0.0,0.0027023569808548938,0.0,3,3,price=observed;tvl=observed;lp_amount=none,False
2022-09-12T02:00:00+00:00,0.015871236772640757,0.01588706544816715,0.015871236772640757,0.01588706544816715,0.015871276404080637,WETH,pool_swap_ratio,2,1596,6906.19199855847,,15518425,1.2569877489418992,,2,1,0.0,0.0,0.0,0.0,,0,0,,,,0.0,1.2569877489418992,-1.2569877489418992,2,0.0029917654942244153,-0.00018199224285447214,0.0,0.0,-0.00018197568327085983,0.0,0.00018197568327085983,0.0009948187962032229,3,3,price=observed;tvl=observed;lp_amount=none,False
2022-09-12T03:00:00+00:00,0.015940171305810293,0.015940171305810293,0.015940171305810293,0.015940171305810293,0.015940171305810293,WETH,pool_swap_ratio,1,3109,6880.198452002882,,15518560,25.99354655558763,,1,1,0.0,0.0,0.0,0.0,,0,0,,,,0.0,25.99354655558763,-25.99354655558763,1,0.0033371358838329883,-0.0037709039868752225,0.0,0.0,-0.003763803056881892,0.0,0.003763803056881892,0.0,3,3,price=observed;tvl=observed;lp_amount=none,False
2022-09-12T04:00:00+00:00,0.016314271293874655,0.016404430743645813,0.015596833788286019,0.015930338940165892,0.016019322585503704,WETH,pool_swap_ratio,15,1668,6870.715551278678,,15518905,1080.0249312200208,,15,8,0.0,0.0,0.0,0.0,,0,0,,,,535.2710152479084,544.7539159721125,-9.482900724204114,15,-0.0006170196762121768,-0.0013792395509446898,0.0,0.0,-0.0013782888372127645,0.0,0.15697583997822281,-0.005554769551762151,3,3,price=observed;tvl=observed;lp_amount=none,False
2022-09-12T05:00:00+00:00,,,,0.015930338940165892,,WETH,pool_swap_ratio,0,5268,6870.715551278678,,15518905,0.0,,0,0,0.0,0.0,0.0,0.0,,0,0,,,,0.0,0.0,0.0,0,0.0,0.0,0.0,0.0,0.0,0.0,0.0,,3,3,price=carried;tvl=carried;lp_amount=none,True
2022-09-12T06:00:00+00:00,,,,0.015930338940165892,,WETH,pool_swap_ratio,0,8868,6870.715551278678,,15518905,0.0,,0,0,0.0,0.0,0.0,0.0,,0,0,,,,0.0,0.0,0.0,0,0.0,0.0,0.0,0.0,0.0,0.0,0.0,,3,3,price=carried;tvl=carried;lp_amount=none,True
2022-09-12T07:00:00+00:00,,,,0.015930338940165892,,WETH,pool_swap_ratio,0,12468,6870.715551278678,,15518905,0.0,,0,0,0.0,0.0,0.0,0.0,,0,0,,,,0.0,0.0,0.0,0,0.0,0.0,0.0,0.0,0.0,0.0,0.0,,3,3,price=carried;tvl=carried;lp_amount=none,True
2022-09-12T08:00:00+00:00,0.015854932187488482,0.016040624952717786,0.015854932187488482,0.01596076155390925,0.01595783002751943,WETH,pool_swap_ratio,5,1076,6866.994862363541,,15519963,111.42907158362605,,5,4,0.0,0.0,0.0,0.0,,0,0,,,,53.854191334244746,57.5748802493813,-3.720688915136556,5,0.0019079067514446689,-0.0005416752710723529,0.0,0.0,-0.000541528591508073,0.0,0.016217971876726654,0.00018370457541916352,3,3,price=observed;tvl=observed;lp_amount=none,False
2022-09-12T09:00:00+00:00,,,,0.01596076155390925,,WETH,pool_swap_ratio,0,4676,6866.994862363541,,15519963,0.0,,0,0,0.0,0.0,0.0,0.0,,0,0,,,,0.0,0.0,0.0,0,0.0,0.0,0.0,0.0,0.0,0.0,0.0,,3,3,price=carried;tvl=carried;lp_amount=none,True
2022-09-12T10:00:00+00:00,0.016074981929196132,0.016084385883764252,0.016074981929196132,0.016084385883764252,0.016079255154752163,WETH,pool_swap_ratio,2,2786,6801.194862363542,,15520302,65.7999999999991,,2,1,0.0,0.0,0.0,0.0,,0,0,,,,0.0,65.7999999999991,-65.7999999999991,2,0.007715673232033487,-0.009628269675652558,0.0,0.0,-0.009582066292292447,0.0,0.009582066292292447,0.0003190899679561543,3,3,price=observed;tvl=observed;lp_amount=none,False
2022-09-12T11:00:00+00:00,0.0161004801150083,0.0161004801150083,0.0161004801150083,0.0161004801150083,0.0161004801150083,WETH,pool_swap_ratio,1,1771,6791.194862363535,,15520628,10.000000000006912,,1,1,0.0,0.0,0.0,0.0,,0,0,,,,0.0,10.000000000006912,-10.000000000006912,1,0.0010001118280961465,-0.0014714118718984267,0.0,0.0,-0.0014703298762023303,0.0,0.0014703298762023303,0.0,3,3,price=observed;tvl=observed;lp_amount=none,False
2022-09-12T12:00:00+00:00,0.015717982597609495,0.01604344286556318,0.015625833818406033,0.01604344286556318,0.01577849300706735,WETH,pool_swap_ratio,7,688,6779.56186128915,,15520947,547.335918533576,,7,4,0.0,20.57487569594548,-20.57487569594548,20.57487569594548,0.0,0,2,,,1.0,278.5360108634665,290.1690119378517,-11.633001074385163,9,-0.003548870456319854,-0.0017144222920836083,-0.0030296400137139958,0.0030296400137139958,-0.0017129535096768725,0.0030296400137139958,0.08059493647677296,0.01679183546725005,3,3,price=observed;tvl=observed;lp_amount=quantified,False
2022-09-12T13:00:00+00:00,,,,0.01604344286556318,,WETH,pool_swap_ratio,0,4288,6779.56186128915,,15520947,0.0,,0,0,0.0,0.0,0.0,0.0,,0,0,,,,0.0,0.0,0.0,0,0.0,0.0,0.0,0.0,0.0,0.0,0.0,,3,3,price=carried;tvl=carried;lp_amount=none,True
2022-09-12T14:00:00+00:00,,,,0.01604344286556318,,WETH,pool_swap_ratio,0,7888,6779.56186128915,,15520947,0.0,,0,0,0.0,0.0,0.0,0.0,,0,0,,,,0.0,0.0,0.0,0,0.0,0.0,0.0,0.0,0.0,0.0,0.0,,3,3,price=carried;tvl=carried;lp_amount=none,True
2022-09-12T15:00:00+00:00,0.01621345596943135,0.01622863143742745,0.01621345596943135,0.01622863143742745,0.01622151260833939,WETH,pool_swap_ratio,2,1010,6708.3618612891505,,15521676,71.19999999999982,,2,1,0.0,0.0,0.0,0.0,,0,0,,,,0.0,71.19999999999982,-71.19999999999982,2,0.01147683305627024,-0.010557690393452345,0.0,0.0,-0.010502153598825776,0.0,0.010502153598825776,0.00043885112689179273,3,3,price=observed;tvl=observed;lp_amount=none,False
2022-09-12T16:00:00+00:00,0.01596091770876827,0.016191669585207315,0.015872022845501328,0.016191669585207315,0.016015834971713612,WETH,pool_swap_ratio,4,2783,6710.5584363459675,,15521801,307.80342494318353,,4,3,0.0,0.0,0.0,0.0,,0,0,,,,155.0,152.80342494318353,2.196575056816471,4,-0.0022801681087761356,0.00032738477131038634,0.0,0.0,0.00032743836755317094,0.0,0.04588354523917002,0.01097879778383426,3,3,price=observed;tvl=observed;lp_amount=none,False
2022-09-12T17:00:00+00:00,0.01600249054374751,0.016235975242961116,0.01600249054374751,0.016235975242961116,0.016048249456159038,WETH,pool_swap_ratio,3,508,6711.234338801529,,15522215,163.777997544438,,3,3,0.0,0.0,0.0,0.0,,0,0,,,,82.22695,81.55104754443798,0.6759024555620243,3,0.0027325873067803224,0.00010071716460782099,0.0,0.0,0.00010072223675173995,0.0,0.024406016145746934,0.011697586538326865,3,3,price=observed;tvl=observed;lp_amount=none,False
2022-09-12T18:00:00+00:00,0.015900282221705957,0.016357244350965125,0.015588513466267192,0.015838282950821025,0.01583449666690923,WETH,pool_swap_ratio,44,139,6709.783383161922,,15522530,2900.5444569803253,,44,9,0.0,0.0,0.0,0.0,,0,0,,,,1449.5467506703585,1450.9977063099661,-1.4509556396076277,44,-0.024799493210467122,-0.00021622140366979402,0.0,0.0,-0.00021619802950685444,0.0,0.4321923971884873,0.00023911615199656566,3,3,price=observed;tvl=observed;lp_amount=none,False
2022-09-12T19:00:00+00:00,0.016383981808588213,0.016398240392334174,0.015588808165549195,0.016243709772644933,0.015922079621074326,WETH,pool_swap_ratio,28,819,6693.426751131312,,15522714,2081.63074331601,,28,10,0.0,0.0,0.0,0.0,,0,0,,,,1032.6370556427005,1048.9936876733098,-16.356632030609262,28,0.02527576198131897,-0.002440704873904598,0.0,0.0,-0.0024377287755154554,0.0,0.3102381439823861,0.02020026021882848,3,3,price=observed;tvl=observed;lp_amount=none,False
2022-09-12T20:00:00+00:00,0.016023226997318257,0.01638857202380673,0.015716957201822656,0.016205259604684892,0.016020601790186925,WETH,pool_swap_ratio,47,435,6648.274893554081,,15522993,3399.9788335975686,,47,9,0.0,0.0,0.0,0.0,,0,0,,,,1677.413488010169,1722.5653455873987,-45.15185757722975,47,-0.0023698864212765946,-0.0067685563894958195,0.0,0.0,-0.006745701306075883,0.0,0.5079578756909396,0.011526272041233465,3,3,price=observed;tvl=observed;lp_amount=none,False
2022-09-12T21:00:00+00:00,0.01618601949549355,0.01642774058264906,0.01610301576239385,0.01642774058264906,0.016240825913984132,WETH,pool_swap_ratio,7,2938,6653.053723169883,,15523069,224.99025038419984,,7,3,0.0,0.0,0.0,0.0,,0,0,,,,114.88454,110.10571038419987,4.778829615800134,7,0.013635548297726093,0.0007185492455853794,0.0,0.0,0.000718807463938278,0.0,0.03384189943805452,0.011508938625097054,3,3,price=observed;tvl=observed;lp_amount=none,False
2022-09-12T22:00:00+00:00,,,,0.01642774058264906,,WETH,pool_swap_ratio,0,6538,6653.053723169883,,15523069,0.0,,0,0,0.0,0.0,0.0,0.0,,0,0,,,,0.0,0.0,0.0,0,0.0,0.0,0.0,0.0,0.0,0.0,0.0,,3,3,price=carried;tvl=carried;lp_amount=none,True
2022-09-12T23:00:00+00:00,0.016221697878908908,0.016565863562722893,0.016221697878908908,0.016565863562722893,0.016353623511415977,WETH,pool_swap_ratio,3,1799,6620.315250559835,,15523676,114.41847261004754,,3,2,0.0,0.0,0.0,0.0,,0,0,,,,40.84,73.57847261004754,-32.73847261004754,3,0.008372761361188334,-0.004932966010875098,0.0,0.0,-0.004920818915986315,0.0,0.017197887973093393,0.012978166652715117,3,3,price=observed;tvl=observed;lp_amount=none,False
2022-09-13T00:00:00+00:00,,,,0.016565863562722893,,WETH,pool_swap_ratio,0,5399,6620.315250559835,,15523676,0.0,,0,0,0.0,0.0,0.0,0.0,,0,0,,,,0.0,0.0,0.0,0,0.0,0.0,0.0,0.0,0.0,0.0,0.0,,3,3,price=carried;tvl=carried;lp_amount=none,True
2022-09-13T01:00:00+00:00,,,,0.016565863562722893,,WETH,pool_swap_ratio,0,8999,6620.315250559835,,15523676,0.0,,0,0,0.0,0.0,0.0,0.0,,0,0,,,,0.0,0.0,0.0,0,0.0,0.0,0.0,0.0,0.0,0.0,0.0,,3,3,price=carried;tvl=carried;lp_amount=none,True
2022-09-13T02:00:00+00:00,,,,0.016565863562722893,,WETH,pool_swap_ratio,0,12599,6620.315250559835,,15523676,0.0,,0,0,0.0,0.0,0.0,0.0,,0,0,,,,0.0,0.0,0.0,0,0.0,0.0,0.0,0.0,0.0,0.0,0.0,,3,3,price=carried;tvl=carried;lp_amount=none,True
2022-09-13T03:00:00+00:00,0.016383048436833178,0.016383048436833178,0.016383048436833178,0.016383048436833178,0.016383048436833178,WETH,pool_swap_ratio,1,295,6642.980148322626,,15524783,22.664897762791355,,1,1,0.0,0.0,0.0,0.0,,0,0,,,,22.664897762791355,0.0,22.664897762791355,1,-0.011096997796309646,0.0034176905727889544,0.0,0.0,0.0034235375363544417,0.0,0.0034235375363544417,0.0,3,3,price=observed;tvl=observed;lp_amount=none,False
2022-09-13T04:00:00+00:00,0.0164465471575751,0.01657241848229441,0.0164465471575751,0.01657241848229441,0.01649812857992091,WETH,pool_swap_ratio,2,812,6617.021031944411,,15525012,25.959116378214663,,2,1,0.0,0.0,0.0,0.0,,0,0,,,,0.0,25.959116378214663,-25.959116378214663,2,0.011492607903562916,-0.003915406822210014,0.0,0.0,-0.00390775161126583,0.0,0.00390775161126583,0.0045029290451714665,3,3,price=observed;tvl=observed;lp_amount=none,False
2022-09-13T05:00:00+00:00,0.016556721501719055,0.016683047328851435,0.01595302746264487,0.016652286113809426,0.016169002331004354,WETH,pool_swap_ratio,18,473,6574.318295352072,,15525276,1301.902736592338,,18,9,0.0,0.0,0.0,0.0,,0,0,,,,629.6,672.3027365923382,-42.70273659233817,18,0.004807734866349063,-0.0064743821228688886,0.0,0.0,-0.006453468469600734,0.0,0.19675058161478653,0.02988952397380551,3,3,price=observed;tvl=observed;lp_amount=none,False
2022-09-13T06:00:00+00:00,,,,0.016652286113809426,,WETH,pool_swap_ratio,0,4073,6574.318295352072,,15525276,0.0,,0,0,0.0,0.0,0.0,0.0,,0,0,,,,0.0,0.0,0.0,0,0.0,0.0,0.0,0.0,0.0,0.0,0.0,,3,3,price=carried;tvl=carried;lp_amount=none,True
2022-09-13T07:00:00+00:00,,,,0.016652286113809426,,WETH,pool_swap_ratio,0,7673,6574.318295352072,,15525276,0.0,,0,0,0.0,0.0,0.0,0.0,,0,0,,,,0.0,0.0,0.0,0,0.0,0.0,0.0,0.0,0.0,0.0,0.0,,3,3,price=carried;tvl=carried;lp_amount=none,True
2022-09-13T08:00:00+00:00,,,,0.016652286113809426,,WETH,pool_swap_ratio,0,11273,6574.318295352072,,15525276,0.0,,0,0,0.0,0.0,0.0,0.0,,0,0,,,,0.0,0.0,0.0,0,0.0,0.0,0.0,0.0,0.0,0.0,0.0,,3,3,price=carried;tvl=carried;lp_amount=none,True
2022-09-13T09:00:00+00:00,0.016547298888494908,0.016667206960416417,0.016547298888494908,0.016667206960416417,0.01661332644552099,WETH,pool_swap_ratio,2,1468,6552.366110232863,,15526169,39.86584254614481,,2,2,0.0,17.668313528066175,-17.668313528066175,17.668313528066175,0.0,0,1,,,1.0,17.913657426935853,39.86584254614481,-21.95218511920896,3,0.0008956227257801005,-0.0033446687534348157,-0.002687474614753193,0.002687474614753193,-0.0033390815797173633,0.002687474614753193,0.006063874725129945,0.0032432105076676265,3,3,price=observed;tvl=observed;lp_amount=quantified,False
2022-09-13T10:00:00+00:00,,,,0.016667206960416417,,WETH,pool_swap_ratio,0,5068,6552.366110232863,,15526169,0.0,,0,0,0.0,0.0,0.0,0.0,,0,0,,,,0.0,0.0,0.0,0,0.0,0.0,0.0,0.0,0.0,0.0,0.0,,3,3,price=carried;tvl=carried;lp_amount=none,True
2022-09-13T11:00:00+00:00,0.01674391439668283,0.016754625620799775,0.01674391439668283,0.016754625620799775,0.016746053212450235,WETH,pool_swap_ratio,2,1455,6547.358093983788,,15526708,5.008016249075656,,2,1,0.0,0.0,0.0,0.0,,0,0,,,,0.0,5.008016249075656,-5.008016249075656,2,0.00523124275297396,-0.0007645987678796387,0.0,0.0,-0.0007643065367264218,0.0,0.0007643065367264218,0.0005119061931062596,3,3,price=observed;tvl=observed;lp_amount=none,False
2022-09-13T12:00:00+00:00,0.01619443157611378,0.016799126675565986,0.01619443157611378,0.016799126675565986,0.016394986442253942,WETH,pool_swap_ratio,5,229,6515.919907711618,,15527047,414.3939652402266,,5,3,0.0,0.0,0.0,0.0,,0,0,,,,191.47788948402837,222.91607575619818,-31.438186272169816,5,0.002652524848200848,-0.004813224821894467,0.0,0.0,-0.004801659817729783,0.0,0.06329178262313212,0.024650232846211706,3,3,price=observed;tvl=observed;lp_amount=none,False
2022-09-13T13:00:00+00:00,0.016770559909466718,0.016770559909466718,0.016770559909466718,0.016770559909466718,0.016770559909466718,WETH,pool_swap_ratio,1,1842,6489.419907711618,,15527183,26.499999999999794,,1,1,0.0,0.0,0.0,0.0,,0,0,,,,0.0,26.499999999999794,-26.499999999999794,1,-0.0017019386178918966,-0.004075254787868553,0.0,0.0,-0.004066962205695152,0.0,0.004066962205695152,0.0,3,3,price=observed;tvl=observed;lp_amount=none,False
2022-09-13T14:00:00+00:00,0.016693715569935,0.016693715569935,0.01659663010667546,0.01659663010667546,0.016663111669982255,WETH,pool_swap_ratio,2,1865,6521.206586643475,,15527419,31.786678931856418,,2,1,0.0,0.0,0.0,0.0,,0,0,,,,31.786678931856418,0.0,31.786678931856418,2,-0.01042529371075766,0.004886273876150595,0.0,0.0,0.00489823117996774,0.0,0.00489823117996774,-0.003989744810181883,3,3,price=observed;tvl=observed;lp_amount=none,False
2022-09-13T15:00:00+00:00,0.016741267588370842,0.016741267588370842,0.016741267588370842,0.016741267588370842,0.016741267588370842,WETH,pool_swap_ratio,1,376,6520.792116833267,,15527802,0.4144698102083939,,1,1,0.0,0.0,0.0,0.0,,0,0,,,,0.0,0.4144698102083939,-0.4144698102083939,1,0.008677115187347784,-6.355924728583431e-05,0.0,0.0,-6.355722743967315e-05,0.0,6.355722743967315e-05,0.0,3,3,price=observed;tvl=observed;lp_amount=none,False
2022-09-13T16:00:00+00:00,,,,0.016741267588370842,,WETH,pool_swap_ratio,0,3976,6520.792116833267,,15527802,0.0,,0,0,0.0,0.0,0.0,0.0,,0,0,,,,0.0,0.0,0.0,0,0.0,0.0,0.0,0.0,0.0,0.0,0.0,,3,3,price=carried;tvl=carried;lp_amount=none,True
2022-09-13T17:00:00+00:00,,,,0.016741267588370842,,WETH,pool_swap_ratio,0,7576,6520.792116833267,,15527802,0.0,,0,0,0.0,0.0,0.0,0.0,,0,0,,,,0.0,0.0,0.0,0,0.0,0.0,0.0,0.0,0.0,0.0,0.0,,3,3,price=carried;tvl=carried;lp_amount=none,True
2022-09-13T18:00:00+00:00,0.01671298910618986,0.01676910775985293,0.016596786477347608,0.01676910775985293,0.016706715734798108,WETH,pool_swap_ratio,3,435,6513.171844645052,,15528569,15.03937271673411,,3,2,0.0,0.0,0.0,0.0,,0,0,,,,3.709550264259702,11.329822452474408,-7.620272188214706,3,0.0016615855595787396,-0.0011692947869076239,0.0,0.0,-0.0011686114281335787,0.0,0.002306372055307565,0.003734547594226756,3,3,price=observed;tvl=observed;lp_amount=none,False
2022-09-13T19:00:00+00:00,0.01656612129911482,0.01656612129911482,0.01656612129911482,0.01656612129911482,0.01656612129911482,WETH,pool_swap_ratio,1,398,6540.171844645052,,15528801,27.0,,1,1,0.0,0.0,0.0,0.0,,0,0,,,,27.0,0.0,27.0,1,-0.012178645556955232,0.004136876979356891,0.0,0.0,0.004145445666722067,0.0,0.004145445666722067,0.0,3,3,price=observed;tvl=observed;lp_amount=none,False
2022-09-13T20:00:00+00:00,0.016494382800935268,0.016494382800935268,0.016494382800935268,0.016494382800935268,0.016494382800935268,WETH,pool_swap_ratio,1,3307,6579.571844645052,,15528847,39.4,,1,1,0.0,0.0,0.0,0.0,,0,0,,,,39.4,0.0,39.4,1,-0.004339837684091662,0.006006232953742415,0.0,0.0,0.006024306537489507,0.0,0.006024306537489507,0.0,3,3,price=observed;tvl=observed;lp_amount=none,False
2022-09-13T21:00:00+00:00,0.016499338239038118,0.016705977201644347,0.016499338239038118,0.01664480875447871,0.01666946060397486,WETH,pool_swap_ratio,3,1999,6575.282632730845,,15529193,65.7108836135717,,3,3,0.0,0.0,0.0,0.0,,0,0,,,,30.71083584968227,35.00004776388943,-4.289211914207158,3,0.00907849465514924,-0.0006521109106273087,0.0,0.0,-0.0006518983325181014,0.0,0.009987106329274622,-0.0014788630587286855,3,3,price=observed;tvl=observed;lp_amount=none,False
2022-09-13T22:00:00+00:00,,,,0.01664480875447871,,WETH,pool_swap_ratio,0,5599,6575.282632730845,,15529193,0.0,,0,0,0.0,0.0,0.0,0.0,,0,0,,,,0.0,0.0,0.0,0,0.0,0.0,0.0,0.0,0.0,0.0,0.0,,3,3,price=carried;tvl=carried;lp_amount=none,True
2022-09-13T23:00:00+00:00,,,,0.01664480875447871,,WETH,pool_swap_ratio,0,9199,6575.282632730845,,15529193,0.0,,0,0,0.0,0.0,0.0,0.0,,0,0,,,,0.0,0.0,0.0,0,0.0,0.0,0.0,0.0,0.0,0.0,0.0,,3,3,price=carried;tvl=carried;lp_amount=none,True
2022-09-14T00:00:00+00:00,,,,0.01664480875447871,,WETH,pool_swap_ratio,0,12799,6575.282632730845,,15529193,0.0,,0,0,0.0,0.0,0.0,0.0,,0,0,,,,0.0,0.0,0.0,0,0.0,0.0,0.0,0.0,0.0,0.0,0.0,,3,3,price=carried;tvl=carried;lp_amount=none,True
2022-09-14T01:00:00+00:00,,,,0.01664480875447871,,WETH,pool_swap_ratio,0,16399,6575.282632730845,,15529193,0.0,,0,0,0.0,0.0,0.0,0.0,,0,0,,,,0.0,0.0,0.0,0,0.0,0.0,0.0,0.0,0.0,0.0,0.0,,3,3,price=carried;tvl=carried;lp_amount=none,True
2022-09-14T02:00:00+00:00,0.01675791561612729,0.01675791561612729,0.016331293488660102,0.016331293488660102,0.016551972342310962,WETH,pool_swap_ratio,3,4,6623.475047154167,,15530611,107.42518557667763,,3,3,0.0,0.0,0.0,0.0,,0,0,,,,77.80879999999999,29.616385576677636,48.192414423322354,3,-0.01901526809921226,0.007302600708182609,0.0,0.0,0.007329329720889442,0.0,0.016337728973341764,-0.013332480811773073,3,3,price=observed;tvl=observed;lp_amount=none,False
2022-09-14T03:00:00+00:00,0.016320881031553155,0.016432724986408097,0.016320881031553155,0.016432724986408097,0.016328970776597458,WETH,pool_swap_ratio,2,1631,6643.309700351246,,15530736,19.834653197078843,,2,2,0.0,0.0,0.0,0.0,,0,0,,,,19.834653197078843,0.0,19.834653197078843,2,0.006191659418716249,0.0029901243372501348,0.0,0.0,0.002994599218064688,0.0,0.002994599218064688,0.006353995682283786,3,3,price=observed;tvl=observed;lp_amount=none,False
2022-09-14T04:00:00+00:00,,,,0.016432724986408097,,WETH,pool_swap_ratio,0,5231,6643.309700351246,,15530736,0.0,,0,0,0.0,0.0,0.0,0.0,,0,0,,,,0.0,0.0,0.0,0,0.0,0.0,0.0,0.0,0.0,0.0,0.0,,3,3,price=carried;tvl=carried;lp_amount=none,True
2022-09-14T05:00:00+00:00,0.0162298375749292,0.0162298375749292,0.016077071017009587,0.016077071017009587,0.01609998600069753,WETH,pool_swap_ratio,2,2765,6737.363954020791,,15531139,94.05425366954462,,2,1,0.0,0.0,0.0,0.0,,0,0,,,,94.05425366954462,0.0,94.05425366954462,2,-0.021880676136753686,0.014058455526058791,0.0,0.0,0.014157740330030342,0.0,0.014157740330030342,-0.0014232921498782414,3,3,price=observed;tvl=observed;lp_amount=none,False
2022-09-14T06:00:00+00:00,0.016273156062648876,0.016273156062648876,0.016273156062648876,0.016273156062648876,0.016273156062648876,WETH,pool_swap_ratio,1,1935,6717.363954020791,,15531445,20.0,,1,1,0.0,0.0,0.0,0.0,,0,0,,,,0.0,20.0,-20.0,1,0.01212278643798313,-0.0029729348474767004,0.0,0.0,-0.0029685200527224303,0.0,0.0029685200527224303,0.0,3,3,price=observed;tvl=observed;lp_amount=none,False
2022-09-14T07:00:00+00:00,0.016031171739148035,0.016101036083342842,0.01601997867384865,0.016101036083342842,0.016033222769157317,WETH,pool_swap_ratio,3,911,6755.801048660032,,15531737,108.78290536075846,,3,3,0.0,0.0,0.0,0.0,,0,0,,,,73.61,35.17290536075846,38.437094639241536,3,-0.010633259991356855,0.005705741584806795,0.0,0.0,0.005722050331400365,0.0,0.01619428485717893,0.004229549801801236,3,3,price=observed;tvl=observed;lp_amount=none,False
2022-09-14T08:00:00+00:00,0.016164986287778804,0.016164986287778804,0.016164986287778804,0.016164986287778804,0.016164986287778804,WETH,pool_swap_ratio,1,15,6735.879765647071,,15532072,19.921283012962057,,1,1,0.0,0.0,0.0,0.0,,0,0,,,,0.0,19.921283012962057,-19.921283012962057,1,0.003963939988443181,-0.0029531231526795385,0.0,0.0,-0.0029487669736682535,0.0,0.0029487669736682535,0.0,3,3,price=observed;tvl=observed;lp_amount=none,False
2022-09-14T09:00:00+00:00,,,,0.016164986287778804,,WETH,pool_swap_ratio,0,3615,6735.879765647071,,15532072,0.0,,0,0,0.0,0.0,0.0,0.0,,0,0,,,,0.0,0.0,0.0,0,0.0,0.0,0.0,0.0,0.0,0.0,0.0,,3,3,price=carried;tvl=carried;lp_amount=none,True
2022-09-14T10:00:00+00:00,0.0161469781294157,0.017009043430452758,0.0161469781294157,0.01670443515249373,0.016526970507480775,WETH,pool_swap_ratio,6,562,6674.689109047026,,15532510,113.96258224582265,,6,3,0.0,0.0,0.0,0.0,,0,0,,,,26.385962822889443,87.57661942293319,-61.19065660004375,6,0.03282669924579751,-0.009125799484790286,0.0,0.0,-0.009084285754641224,0.0,0.01691873759787561,0.01073788114601082,3,3,price=observed;tvl=observed;lp_amount=none,False
2022-09-14T11:00:00+00:00,,,,0.01670443515249373,,WETH,pool_swap_ratio,0,4162,6674.689109047026,,15532510,0.0,,0,0,0.0,0.0,0.0,0.0,,0,0,,,,0.0,0.0,0.0,0,0.0,0.0,0.0,0.0,0.0,0.0,0.0,,3,3,price=carried;tvl=carried;lp_amount=none,True
2022-09-14T12:00:00+00:00,0.016132681871285373,0.016132681871285373,0.016132681871285373,0.016132681871285373,0.016132681871285373,WETH,pool_swap_ratio,1,1724,6704.889109047026,,15532958,30.2,,1,1,0.0,0.0,0.0,0.0,,0,0,,,,30.2,0.0,30.2,1,-0.03482711779657198,0.004514350272595754,0.0,0.0,0.0045245553023685,0.0,0.0045245553023685,0.0,3,3,price=observed;tvl=observed;lp_amount=none,False
2022-09-14T13:00:00+00:00,0.016018213929775663,0.016018213929775663,0.015862682874535364,0.01588141470763686,0.015892012288452734,WETH,pool_swap_ratio,4,834,6876.6276066042055,,15533246,276.33849755717864,,4,2,0.0,0.0,0.0,0.0,,0,0,,,,224.03849755717903,52.299999999999635,171.7384975571794,4,-0.015697605126563093,0.02529138026170536,0.0,0.0,0.02561392064269185,0.0,0.04121447693807646,-0.0006668495231139104,3,3,price=observed;tvl=observed;lp_amount=none,False
2022-09-14T14:00:00+00:00,,,,0.01588141470763686,,WETH,pool_swap_ratio,0,4434,6876.6276066042055,,15533246,0.0,,0,0,0.0,0.0,0.0,0.0,,0,0,,,,0.0,0.0,0.0,0,0.0,0.0,0.0,0.0,0.0,0.0,0.0,,3,3,price=carried;tvl=carried;lp_amount=none,True
2022-09-14T15:00:00+00:00,,,,0.01588141470763686,,WETH,pool_swap_ratio,0,8034,6876.6276066042055,,15533246,0.0,,0,0,0.0,0.0,0.0,0.0,,0,0,,,,0.0,0.0,0.0,0,0.0,0.0,0.0,0.0,0.0,0.0,0.0,,3,3,price=carried;tvl=carried;lp_amount=none,True
2022-09-14T16:00:00+00:00,0.015975494226750268,0.015975494226750268,0.015975494226750268,0.015975494226750268,0.015975494226750268,WETH,pool_swap_ratio,1,861,6875.939052006528,,15534033,0.6885545976775466,,1,1,0.0,0.0,0.0,0.0,,0,0,,,,0.0,0.6885545976775466,-0.6885545976775466,1,0.005906398063179154,-0.00010013470435673067,0.0,0.0,-0.00010012969104452734,0.0,0.00010012969104452734,0.0,3,3,price=observed;tvl=observed;lp_amount=none,False
2022-09-14T17:00:00+00:00,0.015977381369711434,0.015977381369711434,0.015977381369711434,0.015977381369711434,0.015977381369711434,WETH,pool_swap_ratio,1,420,6875.739052006527,,15534315,0.2,,1,1,0.0,0.0,0.0,0.0,,0,0,,,,0.0,0.2,-0.2,1,0.00011812038372966778,-2.908735915748593e-05,0.0,0.0,-2.9086936124257276e-05,0.0,2.9086936124257276e-05,0.0,3,3,price=observed;tvl=observed;lp_amount=none,False
2022-09-14T18:00:00+00:00,0.01602040228244025,0.01602040228244025,0.01602040228244025,0.01602040228244025,0.01602040228244025,WETH,pool_swap_ratio,1,610,6855.739052006527,,15534521,20.0,,1,1,0.0,0.0,0.0,0.0,,0,0,,,,0.0,20.0,-20.0,1,0.002688994907840054,-0.0029130169368922374,0.0,0.0,-0.002908778219872009,0.0,0.002908778219872009,0.0,3,3,price=observed;tvl=observed;lp_amount=none,False
2022-09-14T19:00:00+00:00,,,,0.01602040228244025,,WETH,pool_swap_ratio,0,4210,6855.739052006527,,15534521,0.0,,0,0,0.0,0.0,0.0,0.0,,0,0,,,,0.0,0.0,0.0,0,0.0,0.0,0.0,0.0,0.0,0.0,0.0,,3,3,price=carried;tvl=carried;lp_amount=none,True
2022-09-14T20:00:00+00:00,0.015715959502913032,0.015715959502913032,0.015697629578178336,0.015697629578178336,0.01571073352437165,WETH,pool_swap_ratio,2,3051,6906.239052006527,,15534823,117.49999999999994,,2,2,0.0,0.0,0.0,0.0,,0,0,,,,84.0,33.49999999999995,50.50000000000005,2,-0.020353333914711447,0.007339094175073068,0.0,0.0,0.0073660913312066315,0.0,0.01713892537458966,-0.0008340760266213332,3,3,price=observed;tvl=observed;lp_amount=none,False
2022-09-14T21:00:00+00:00,,,,0.015697629578178336,,WETH,pool_swap_ratio,0,6651,6906.239052006527,,15534823,0.0,,0,0,0.0,0.0,0.0,0.0,,0,0,,,,0.0,0.0,0.0,0,0.0,0.0,0.0,0.0,0.0,0.0,0.0,,3,3,price=carried;tvl=carried;lp_amount=none,True
2022-09-14T22:00:00+00:00,0.015707967066873628,0.015707967066873628,0.01566842855550478,0.01566842855550478,0.015703971507020378,WETH,pool_swap_ratio,2,1596,6925.2840996021905,,15535416,19.045047595661153,,2,2,0.0,0.0,0.0,0.0,,0,0,,,,19.045047595661153,0.0,19.045047595661153,2,-0.0018619509653029947,0.0027538629582581392,0.0,0.0,0.002757658322025189,0.0,0.002757658322025189,-0.0022633097302621197,3,3,price=observed;tvl=observed;lp_amount=none,False
2022-09-14T23:00:00+00:00,0.015839979864884075,0.015839979864884075,0.01572542703109275,0.015738872969264354,0.01577397969554936,WETH,pool_swap_ratio,3,567,6931.606436016136,,15535748,71.38673419229119,,3,3,0.0,0.0,0.0,0.0,,0,0,,,,38.85453530311849,32.53219888917269,6.3223364139457985,3,0.004485869748061703,0.0009125188420023428,0.0,0.0,0.0009129353139907968,0.0,0.010308130780712932,-0.0022256099578290556,3,3,price=observed;tvl=observed;lp_amount=none,False
2022-09-15T00:00:00+00:00,0.015601278170068789,0.015601278170068789,0.015586024580077476,0.015586024580077476,0.015594320811624476,WETH,pool_swap_ratio,2,2920,6995.406436016135,,15535827,63.800000000000004,,2,1,0.0,0.0,0.0,0.0,,0,0,,,,63.800000000000004,0.0,63.800000000000004,2,-0.009758984974985238,0.009162114933005215,0.0,0.0,0.009204215586808236,0.0,0.009204215586808236,-0.0005320033906712762,3,3,price=observed;tvl=observed;lp_amount=none,False
2022-09-15T01:00:00+00:00,,,,0.015586024580077476,,WETH,pool_swap_ratio,0,6520,6995.406436016135,,15535827,0.0,,0,0,0.0,0.0,0.0,0.0,,0,0,,,,0.0,0.0,0.0,0,0.0,0.0,0.0,0.0,0.0,0.0,0.0,,3,3,price=carried;tvl=carried;lp_amount=none,True
2022-09-15T02:00:00+00:00,0.015667956673442993,0.015667956673442993,0.015576971212212989,0.015576971212212989,0.015626175137052615,WETH,pool_swap_ratio,3,522,6992.9736523090105,,15536478,44.812783707123856,,3,1,0.0,0.0,0.0,0.0,,0,0,,,,21.19,23.62278370712385,-2.43278370712385,3,-0.0005810332343868426,-0.0003478292291589055,0.0,0.0,-0.0003477687435855855,0.0,0.006406030030850447,-0.0031488143712758987,3,3,price=observed;tvl=observed;lp_amount=none,False
2022-09-15T03:00:00+00:00,0.01552030446666978,0.01552030446666978,0.01552030446666978,0.01552030446666978,0.01552030446666978,WETH,pool_swap_ratio,1,210,6998.755515809011,,15536709,5.7818635,,1,1,0.0,0.0,0.0,0.0,,0,0,,,,5.7818635,0.0,5.7818635,1,-0.0036444869865991016,0.0008264688030531016,0.0,0.0,0.0008268104225004318,0.0,0.0008268104225004318,0.0,3,3,price=observed;tvl=observed;lp_amount=none,False
2022-09-15T04:00:00+00:00,0.015456177513529968,0.015456177513529968,0.015438587143531541,0.015438587143531541,0.015448013315448707,WETH,pool_swap_ratio,2,612,7067.055515809011,,15536928,68.3,,2,1,0.0,0.0,0.0,0.0,,0,0,,,,68.3,0.0,68.3,2,-0.005279098098722456,0.009711567523916116,0.0,0.0,0.00975887782416771,0.0,0.00975887782416771,-0.0006101866773858822,3,3,price=observed;tvl=observed;lp_amount=none,False
2022-09-15T05:00:00+00:00,0.015497699044979473,0.015497699044979473,0.015497699044979473,0.015497699044979473,0.015497699044979473,WETH,pool_swap_ratio,1,3433,7079.155515809011,,15536985,12.1,,1,1,0.0,0.0,0.0,0.0,,0,0,,,,12.1,0.0,12.1,1,0.0038215300328780497,0.0017107058453826145,0.0,0.0,0.0017121699373851367,0.0,0.0017121699373851367,0.0,3,3,price=observed;tvl=observed;lp_amount=none,False
2022-09-15T06:00:00+00:00,,,,0.015497699044979473,,WETH,pool_swap_ratio,0,7033,7079.155515809011,,15536985,0.0,,0,0,0.0,0.0,0.0,0.0,,0,0,,,,0.0,0.0,0.0,0,0.0,0.0,0.0,0.0,0.0,0.0,0.0,,3,3,price=carried;tvl=carried;lp_amount=none,True
2022-09-15T07:00:00+00:00,0.015514173870638926,0.015514173870638926,0.015370614411062189,0.015370614411062189,0.015418561202538567,WETH,pool_swap_ratio,2,685,7102.668274571738,,15537718,70.8154172378499,,2,2,0.0,0.0,0.0,0.0,,0,0,,,,47.1640880002886,23.651329237561303,23.512758762727298,2,-0.008234032748058584,0.0033159036036903063,0.0,0.0,0.003321407293598669,0.0,0.010003370752303222,-0.0031096800049335016,3,3,price=observed;tvl=observed;lp_amount=none,False
2022-09-15T08:00:00+00:00,,,,0.015370614411062189,,WETH,pool_swap_ratio,0,4285,7102.668274571738,,15537718,0.0,,0,0,0.0,0.0,0.0,0.0,,0,0,,,,0.0,0.0,0.0,0,0.0,0.0,0.0,0.0,0.0,0.0,0.0,,3,3,price=carried;tvl=carried;lp_amount=none,True
2022-09-15T09:00:00+00:00,0.015428308695497885,0.015428308695497885,0.015428308695497885,0.015428308695497885,0.015428308695497885,WETH,pool_swap_ratio,1,1933,7071.668274571739,,15538207,30.99999999999966,,1,1,0.0,0.0,0.0,0.0,,0,0,,,,0.0,30.99999999999966,-30.99999999999966,1,0.003746517481863761,-0.004374109408082569,0.0,0.0,-0.004364556924470591,0.0,0.004364556924470591,0.0,3,3,price=observed;tvl=observed;lp_amount=none,False
2022-09-15T10:00:00+00:00,0.015526808559776707,0.015597280382325284,0.015526808559776707,0.015597280382325284,0.01556609937055804,WETH,pool_swap_ratio,2,481,7039.634950502352,,15538623,32.033324069386595,,2,2,0.0,0.0,0.0,0.0,,0,0,,,,0.0,32.033324069386595,-32.033324069386595,2,0.010892515662739943,-0.004540102155331777,0.0,0.0,-0.0045298114710176415,0.0,0.0045298114710176415,0.0020031358547163425,3,3,price=observed;tvl=observed;lp_amount=none,False
2022-09-15T11:00:00+00:00,,,,0.015597280382325284,,WETH,pool_swap_ratio,0,4081,7039.634950502352,,15538623,0.0,,0,0,0.0,0.0,0.0,0.0,,0,0,,,,0.0,0.0,0.0,0,0.0,0.0,0.0,0.0,0.0,0.0,0.0,,3,3,price=carried;tvl=carried;lp_amount=none,True
2022-09-15T12:00:00+00:00,0.015481029158831256,0.015481029158831256,0.015481029158831256,0.015481029158831256,0.015481029158831256,WETH,pool_swap_ratio,1,277,7036.5771643656535,,15539229,3.057786136698327,,1,1,0.0,0.0,0.0,0.0,,0,0,,,,0.0,3.057786136698327,-3.057786136698327,1,-0.007481215510834054,-0.0004344615099350965,0.0,0.0,-0.0004343671451997837,0.0,0.0004343671451997837,0.0,3,3,price=observed;tvl=observed;lp_amount=none,False
2022-09-15T13:00:00+00:00,0.01565488129854962,0.015747204653605695,0.01565488129854962,0.01574085056785554,0.01572261254461227,WETH,pool_swap_ratio,4,397,6960.021804908508,,15539516,76.5553594571462,,4,2,0.0,0.0,0.0,0.0,,0,0,,,,0.0,76.5553594571462,-76.5553594571462,4,0.016643931067436064,-0.010939246463171171,0.0,0.0,-0.010879630489214944,0.0,0.010879630489214944,0.0011599868146290326,3,3,price=observed;tvl=observed;lp_amount=none,False
2022-09-15T14:00:00+00:00,0.0158762406704569,0.016234349867179306,0.0158762406704569,0.01595704749312717,0.01599951662085619,WETH,pool_swap_ratio,5,1,6788.908461844452,,15539847,171.1133430640559,,5,4,0.0,0.0,0.0,0.0,,0,0,,,,0.0,171.11334306405593,-171.11334306405593,5,0.013641300595421265,-0.02489243530665591,0.0,0.0,-0.024585173417614785,0.0,0.02458517341761478,-0.002654400675684232,3,3,price=observed;tvl=observed;lp_amount=none,False
2022-09-15T15:00:00+00:00,0.01613968649994012,0.01613968649994012,0.01613968649994012,0.01613968649994012,0.01613968649994012,WETH,pool_swap_ratio,1,3145,6742.008461844452,,15539884,46.90000000000052,,1,1,0.0,0.0,0.0,0.0,,0,0,,,,0.0,46.90000000000052,-46.90000000000052,1,0.01138065811445969,-0.0069323000187326055,0.0,0.0,-0.006908327054870679,0.0,0.006908327054870679,0.0,3,3,price=observed;tvl=observed;lp_amount=none,False
2022-09-15T16:00:00+00:00,0.01614470414616431,0.01614470414616431,0.01614470414616431,0.01614470414616431,0.01614470414616431,WETH,pool_swap_ratio,1,2677,6745.004144259114,,15540218,2.9956824146621663,,1,1,0.0,0.0,0.0,0.0,,0,0,,,,2.9956824146621663,0.0,2.9956824146621663,1,0.0003108403884461274,0.00044423217378342827,0.0,0.0,0.0004443308595080908,0.0,0.0004443308595080908,0.0,3,3,price=observed;tvl=observed;lp_amount=none,False
2022-09-15T17:00:00+00:00,,,,0.01614470414616431,,WETH,pool_swap_ratio,0,6277,6745.004144259114,,15540218,0.0,,0,0,0.0,0.0,0.0,0.0,,0,0,,,,0.0,0.0,0.0,0,0.0,0.0,0.0,0.0,0.0,0.0,0.0,,3,3,price=carried;tvl=carried;lp_amount=none,True
2022-09-15T18:00:00+00:00,0.016329095320632266,0.016329095320632266,0.01629796258917467,0.01629796258917467,0.01631507088518456,WETH,pool_swap_ratio,2,1057,6704.004199808524,,15540941,40.99994445058969,,2,1,0.0,0.0,0.0,0.0,,0,0,,,,0.0,40.99994445058969,-40.99994445058969,2,0.009448026225015149,-0.0060971144362980696,0.0,0.0,-0.0060785647530678,0.0,0.0060785647530678,-0.0010486191650828092,3,3,price=observed;tvl=observed;lp_amount=none,False
2022-09-15T19:00:00+00:00,,,,0.01629796258917467,,WETH,pool_swap_ratio,0,4657,6704.004199808524,,15540941,0.0,,0,0,0.0,0.0,0.0,0.0,,0,0,,,,0.0,0.0,0.0,0,0.0,0.0,0.0,0.0,0.0,0.0,0.0,,3,3,price=carried;tvl=carried;lp_amount=none,True
2022-09-15T20:00:00+00:00,,,,0.01629796258917467,,WETH,pool_swap_ratio,0,8257,6704.004199808524,,15540941,0.0,,0,0,0.0,0.0,0.0,0.0,,0,0,,,,0.0,0.0,0.0,0,0.0,0.0,0.0,0.0,0.0,0.0,0.0,,3,3,price=carried;tvl=carried;lp_amount=none,True
2022-09-15T21:00:00+00:00,0.01623917331717416,0.016264187807795916,0.016234264190100524,0.016234264190100524,0.016239745716408308,WETH,pool_swap_ratio,3,421,6704.8544987664245,,15541881,24.850298957900193,,3,3,0.0,0.0,0.0,0.0,,0,0,,,,12.850298957900192,12.0,0.8502989579001916,3,-0.003916023388673843,0.00012682644782138652,0.0,0.0,0.00012683449063538436,0.0,0.0037067845152319494,-0.0003375376932315266,3,3,price=observed;tvl=observed;lp_amount=none,False
2022-09-15T22:00:00+00:00,,,,0.016234264190100524,,WETH,pool_swap_ratio,0,4021,6704.8544987664245,,15541881,0.0,,0,0,0.0,0.0,0.0,0.0,,0,0,,,,0.0,0.0,0.0,0,0.0,0.0,0.0,0.0,0.0,0.0,0.0,,3,3,price=carried;tvl=carried;lp_amount=none,True
2022-09-15T23:00:00+00:00,,,,0.016234264190100524,,WETH,pool_swap_ratio,0,7621,6704.8544987664245,,15541881,0.0,,0,0,0.0,0.0,0.0,0.0,,0,0,,,,0.0,0.0,0.0,0,0.0,0.0,0.0,0.0,0.0,0.0,0.0,,3,3,price=carried;tvl=carried;lp_amount=none,True
2022-09-16T00:00:00+00:00,0.01637602904341625,0.016411640259209572,0.01608759406853578,0.016411640259209572,0.01622095244440463,WETH,pool_swap_ratio,6,973,6667.772396641119,,15542716,185.44848379338646,,6,4,0.0,0.0,0.0,0.0,,0,0,,,,74.1831908340407,111.26529295934576,-37.082102125305056,6,0.010866772881809273,-0.005545985461608987,0.0,0.0,-0.0055306348753917794,0.0,0.027658837910279146,0.011755648471228897,3,3,price=observed;tvl=observed;lp_amount=none,False
2022-09-16T01:00:00+00:00,,,,0.016411640259209572,,WETH,pool_swap_ratio,0,4573,6667.772396641119,,15542716,0.0,,0,0,0.0,0.0,0.0,0.0,,0,0,,,,0.0,0.0,0.0,0,0.0,0.0,0.0,0.0,0.0,0.0,0.0,,3,3,price=carried;tvl=carried;lp_amount=none,True
2022-09-16T02:00:00+00:00,,,,0.016411640259209572,,WETH,pool_swap_ratio,0,8173,6667.772396641119,,15542716,0.0,,0,0,0.0,0.0,0.0,0.0,,0,0,,,,0.0,0.0,0.0,0,0.0,0.0,0.0,0.0,0.0,0.0,0.0,,3,3,price=carried;tvl=carried;lp_amount=none,True
2022-09-16T03:00:00+00:00,0.01645417273604317,0.01645417273604317,0.01645417273604317,0.01645417273604317,0.01645417273604317,WETH,pool_swap_ratio,1,2341,6663.518156630214,,15543484,4.254240010903964,,1,1,0.0,0.0,0.0,0.0,,0,0,,,,0.0,4.254240010903964,-4.254240010903964,1,0.002588251845993584,-0.0006382338061443048,0.0,0.0,-0.0006380301782716866,0.0,0.0006380301782716866,0.0,3,3,price=observed;tvl=observed;lp_amount=none,False
2022-09-16T04:00:00+00:00,,,,0.01645417273604317,,WETH,pool_swap_ratio,0,5941,6663.518156630214,,15543484,0.0,,0,0,0.0,0.0,0.0,0.0,,0,0,,,,0.0,0.0,0.0,0,0.0,0.0,0.0,0.0,0.0,0.0,0.0,,3,3,price=carried;tvl=carried;lp_amount=none,True
2022-09-16T05:00:00+00:00,,,,0.01645417273604317,,WETH,pool_swap_ratio,0,9541,6663.518156630214,,15543484,0.0,,0,0,0.0,0.0,0.0,0.0,,0,0,,,,0.0,0.0,0.0,0,0.0,0.0,0.0,0.0,0.0,0.0,0.0,,3,3,price=carried;tvl=carried;lp_amount=none,True
2022-09-16T06:00:00+00:00,,,,0.01645417273604317,,WETH,pool_swap_ratio,0,13141,6663.518156630214,,15543484,0.0,,0,0,0.0,0.0,0.0,0.0,,0,0,,,,0.0,0.0,0.0,0,0.0,0.0,0.0,0.0,0.0,0.0,0.0,,3,3,price=carried;tvl=carried;lp_amount=none,True
2022-09-16T07:00:00+00:00,,,,0.01645417273604317,,WETH,pool_swap_ratio,0,16741,6663.518156630214,,15543484,0.0,,0,0,0.0,0.0,0.0,0.0,,0,0,,,,0.0,0.0,0.0,0,0.0,0.0,0.0,0.0,0.0,0.0,0.0,,3,3,price=carried;tvl=carried;lp_amount=none,True
2022-09-16T08:00:00+00:00,0.016265714765340805,0.016493722110739493,0.015476377479582632,0.01630645826488514,0.015939926319381507,WETH,pool_swap_ratio,12,1417,6640.3099046842435,,15545038,875.373487727581,,12,7,0.0,0.0,0.0,0.0,,0,0,,,,426.0826178908047,449.2908698367765,-23.208251945971767,12,-0.00901786489933311,-0.003488962031313637,0.0,0.0,-0.0034828826755547307,0.0,0.13136806520990457,0.022994582168047062,3,3,price=observed;tvl=observed;lp_amount=none,False
2022-09-16T09:00:00+00:00,0.01651985955342037,0.01651985955342037,0.01651985955342037,0.01651985955342037,0.01651985955342037,WETH,pool_swap_ratio,1,793,6639.3099046842435,,15545381,1.0,,1,1,0.0,0.0,0.0,0.0,,0,0,,,,0.0,1.0,-1.0,1,0.013002024536872762,-0.00015060672161479075,0.0,0.0,-0.00015059538099186824,0.0,0.00015059538099186824,0.0,3,3,price=observed;tvl=observed;lp_amount=none,False
2022-09-16T10:00:00+00:00,0.01617647128326501,0.016548534694443645,0.01603444201085153,0.01636333742878585,0.01620974180975358,WETH,pool_swap_ratio,32,1909,6623.832345536421,,15545585,2042.5575591478223,,32,5,0.0,0.0,0.0,0.0,,0,0,,,,1013.54,1029.017559147822,-15.477559147822149,32,-0.009519956763648005,-0.002333921461685414,0.0,0.0,-0.002331199984640307,0.0,0.30764606389388954,0.009475512986878654,3,3,price=observed;tvl=observed;lp_amount=none,False
2022-09-16T11:00:00+00:00,0.016419583869399693,0.016419583869399693,0.016419583869399693,0.016419583869399693,0.016419583869399693,WETH,pool_swap_ratio,1,937,6638.840361785504,,15545958,15.00801624908257,,1,1,0.0,0.0,0.0,0.0,,0,0,,,,15.00801624908257,0.0,15.00801624908257,1,0.0034314511079337937,0.002263197318711932,0.0,0.0,0.0022657602828966483,0.0,0.0022657602828966483,0.0,3,3,price=observed;tvl=observed;lp_amount=none,False
2022-09-16T12:00:00+00:00,0.01650026994744591,0.01650026994744591,0.01650026994744591,0.01650026994744591,0.01650026994744591,WETH,pool_swap_ratio,1,3337,6627.638104766276,,15546057,11.202257019227037,,1,1,0.0,0.0,0.0,0.0,,0,0,,,,0.0,11.202257019227037,-11.202257019227037,1,0.0049019804319291845,-0.0016888068238965091,0.0,0.0,-0.0016873815920788629,0.0,0.0016873815920788629,0.0,3,3,price=observed;tvl=observed;lp_amount=none,False
2022-09-16T13:00:00+00:00,,,,0.01650026994744591,,WETH,pool_swap_ratio,0,6937,6627.638104766276,,15546057,0.0,,0,0,0.0,0.0,0.0,0.0,,0,0,,,,0.0,0.0,0.0,0,0.0,0.0,0.0,0.0,0.0,0.0,0.0,,3,3,price=carried;tvl=carried;lp_amount=none,True
2022-09-16T14:00:00+00:00,,,,0.01650026994744591,,WETH,pool_swap_ratio,0,10537,6627.638104766276,,15546057,0.0,,0,0,0.0,0.0,0.0,0.0,,0,0,,,,0.0,0.0,0.0,0,0.0,0.0,0.0,0.0,0.0,0.0,0.0,,3,3,price=carried;tvl=carried;lp_amount=none,True
2022-09-16T15:00:00+00:00,0.016398903758454802,0.016906102240353018,0.016398903758454802,0.01679837021345411,0.016723354175122235,WETH,pool_swap_ratio,5,1261,6548.30702852544,,15547120,164.7807374844207,,5,2,0.0,0.0,0.0,0.0,,0,0,,,,42.72484624687752,122.05592248771404,-79.33107624083652,5,0.017905129375438096,-0.012041949792043968,0.0,0.0,-0.011969735671563819,0.0,0.024862663724188317,0.004485705292510467,3,3,price=observed;tvl=observed;lp_amount=none,False
2022-09-16T16:00:00+00:00,,,,0.01679837021345411,,WETH,pool_swap_ratio,0,4861,6548.30702852544,,15547120,0.0,,0,0,0.0,0.0,0.0,0.0,,0,0,,,,0.0,0.0,0.0,0,0.0,0.0,0.0,0.0,0.0,0.0,0.0,,3,3,price=carried;tvl=carried;lp_amount=none,True
2022-09-16T17:00:00+00:00,0.016590682996888775,0.016590682996888775,0.016590682996888775,0.016590682996888775,0.016590682996888775,WETH,pool_swap_ratio,1,2329,6559.388864259094,,15547625,11.081835733653431,,1,1,0.0,0.0,0.0,0.0,,0,0,,,,11.081835733653431,0.0,11.081835733653431,1,-0.012440598052876499,0.0016908903692376843,0.0,0.0,0.0016923207304390642,0.0,0.0016923207304390642,0.0,3,3,price=observed;tvl=observed;lp_amount=none,False
2022-09-16T18:00:00+00:00,0.01588460831196351,0.01665571970347743,0.01588460831196351,0.01665571970347743,0.016093534159303428,WETH,pool_swap_ratio,8,2425,6584.434703172831,,15547911,704.6541610862627,,8,5,0.0,0.0,0.0,0.0,,0,0,,,,364.85,339.80416108626264,25.045838913737384,8,0.0039124106228443445,0.0038110476908377895,0.0,0.0,0.0038183189672146996,0.0,0.10742680082984467,0.034932385802220356,3,3,price=observed;tvl=observed;lp_amount=none,False
2022-09-16T19:00:00+00:00,,,,0.01665571970347743,,WETH,pool_swap_ratio,0,6025,6584.434703172831,,15547911,0.0,,0,0,0.0,0.0,0.0,0.0,,0,0,,,,0.0,0.0,0.0,0,0.0,0.0,0.0,0.0,0.0,0.0,0.0,,3,3,price=carried;tvl=carried;lp_amount=none,True
2022-09-16T20:00:00+00:00,,,,0.01665571970347743,,WETH,pool_swap_ratio,0,9625,6584.434703172831,,15547911,0.0,,0,0,0.0,0.0,0.0,0.0,,0,0,,,,0.0,0.0,0.0,0,0.0,0.0,0.0,0.0,0.0,0.0,0.0,,3,3,price=carried;tvl=carried;lp_amount=none,True
2022-09-16T21:00:00+00:00,,,,0.01665571970347743,,WETH,pool_swap_ratio,0,13225,6584.434703172831,,15547911,0.0,,0,0,0.0,0.0,0.0,0.0,,0,0,,,,0.0,0.0,0.0,0,0.0,0.0,0.0,0.0,0.0,0.0,0.0,,3,3,price=carried;tvl=carried;lp_amount=none,True
2022-09-16T22:00:00+00:00,,,,0.01665571970347743,,WETH,pool_swap_ratio,0,16825,6584.434703172831,,15547911,0.0,,0,0,0.0,0.0,0.0,0.0,,0,0,,,,0.0,0.0,0.0,0,0.0,0.0,0.0,0.0,0.0,0.0,0.0,,3,3,price=carried;tvl=carried;lp_amount=none,True
2022-09-16T23:00:00+00:00,0.016876898704947,0.017287299536512195,0.016741778060611775,0.016741778060611775,0.016892955145148117,WETH,pool_swap_ratio,6,2761,6531.264899193656,,15549367,106.72976414690498,,6,3,0.0,0.0,0.0,0.0,,0,0,,,,26.779983141611467,79.94978712078637,-53.1698039791749,6,0.005153592536453724,-0.008107854992236147,0.0,0.0,-0.008075074987614965,0.0,0.01620940429335191,-0.00894912010583071,3,3,price=observed;tvl=observed;lp_amount=none,False
2022-09-17T00:00:00+00:00,,,,0.016741778060611775,,WETH,pool_swap_ratio,0,6361,6531.264899193656,,15549367,0.0,,0,0,0.0,0.0,0.0,0.0,,0,0,,,,0.0,0.0,0.0,0,0.0,0.0,0.0,0.0,0.0,0.0,0.0,,3,3,price=carried;tvl=carried;lp_amount=none,True
2022-09-17T01:00:00+00:00,0.01682043500299366,0.01693402039146771,0.01682043500299366,0.016900364413435322,0.016916043027615978,WETH,pool_swap_ratio,4,877,6487.206494444161,,15550120,44.05840474949485,,4,1,0.0,0.0,0.0,0.0,,0,0,,,,0.0,44.058404749494855,-44.058404749494855,4,0.009427908915886945,-0.006768624614341366,0.0,0.0,-0.006745769070694754,0.0,0.006745769070694753,-0.0009268487999859465,3,3,price=observed;tvl=observed;lp_amount=none,False
2022-09-17T02:00:00+00:00,,,,0.016900364413435322,,WETH,pool_swap_ratio,0,4477,6487.206494444161,,15550120,0.0,,0,0,0.0,0.0,0.0,0.0,,0,0,,,,0.0,0.0,0.0,0,0.0,0.0,0.0,0.0,0.0,0.0,0.0,,3,3,price=carried;tvl=carried;lp_amount=none,True
2022-09-17T03:00:00+00:00,0.0167894902656076,0.0167894902656076,0.0167894902656076,0.0167894902656076,0.0167894902656076,WETH,pool_swap_ratio,1,3121,6503.506494444161,,15550529,16.3,,1,1,0.0,0.0,0.0,0.0,,0,0,,,,16.3,0.0,16.3,1,-0.006582073397079631,0.0025094863643088995,0.0,0.0,0.0025126377607926943,0.0,0.0025126377607926943,0.0,3,3,price=observed;tvl=observed;lp_amount=none,False
2022-09-17T04:00:00+00:00,,,,0.0167894902656076,,WETH,pool_swap_ratio,0,6721,6503.506494444161,,15550529,0.0,,0,0,0.0,0.0,0.0,0.0,,0,0,,,,0.0,0.0,0.0,0,0.0,0.0,0.0,0.0,0.0,0.0,0.0,,3,3,price=carried;tvl=carried;lp_amount=none,True
2022-09-17T05:00:00+00:00,,,,0.0167894902656076,,WETH,pool_swap_ratio,0,10321,6503.506494444161,,15550529,0.0,,0,0,0.0,0.0,0.0,0.0,,0,0,,,,0.0,0.0,0.0,0,0.0,0.0,0.0,0.0,0.0,0.0,0.0,,3,3,price=carried;tvl=carried;lp_amount=none,True
2022-09-17T06:00:00+00:00,,,,0.0167894902656076,,WETH,pool_swap_ratio,0,13921,6503.506494444161,,15550529,0.0,,0,0,0.0,0.0,0.0,0.0,,0,0,,,,0.0,0.0,0.0,0,0.0,0.0,0.0,0.0,0.0,0.0,0.0,,3,3,price=carried;tvl=carried;lp_amount=none,True
2022-09-17T07:00:00+00:00,,,,0.0167894902656076,,WETH,pool_swap_ratio,0,17521,6503.506494444161,,15550529,0.0,,0,0,0.0,0.0,0.0,0.0,,0,0,,,,0.0,0.0,0.0,0,0.0,0.0,0.0,0.0,0.0,0.0,0.0,,3,3,price=carried;tvl=carried;lp_amount=none,True
2022-09-17T08:00:00+00:00,,,,0.0167894902656076,,WETH,pool_swap_ratio,0,21121,6503.506494444161,,15550529,0.0,,0,0,0.0,0.0,0.0,0.0,,0,0,,,,0.0,0.0,0.0,0,0.0,0.0,0.0,0.0,0.0,0.0,0.0,,3,3,price=carried;tvl=carried;lp_amount=none,True
2022-09-17T09:00:00+00:00,,,,0.0167894902656076,,WETH,pool_swap_ratio,0,24721,6503.506494444161,,15550529,0.0,,0,0,0.0,0.0,0.0,0.0,,0,0,,,,0.0,0.0,0.0,0,0.0,0.0,0.0,0.0,0.0,0.0,0.0,,3,3,price=carried;tvl=carried;lp_amount=none,True
2022-09-17T10:00:00+00:00,0.016887838571664395,0.01691551552714379,0.016645414785465676,0.01691551552714379,0.016748685502154748,WETH,pool_swap_ratio,6,2017,6490.74419676219,,15552699,41.85288486438592,,6,3,0.0,0.0,0.0,0.0,,0,0,,,,14.545293591207548,27.307591273178375,-12.762297681970827,6,0.007478168057276809,-0.0019642997643858056,0.0,0.0,-0.001962371790183257,0.0,0.006435433700287707,0.009960783189079558,3,3,price=observed;tvl=observed;lp_amount=none,False
2022-09-17T11:00:00+00:00,,,,0.01691551552714379,,WETH,pool_swap_ratio,0,5617,6490.74419676219,,15552699,0.0,,0,0,0.0,0.0,0.0,0.0,,0,0,,,,0.0,0.0,0.0,0,0.0,0.0,0.0,0.0,0.0,0.0,0.0,,3,3,price=carried;tvl=carried;lp_amount=none,True
2022-09-17T12:00:00+00:00,,,,0.01691551552714379,,WETH,pool_swap_ratio,0,9217,6490.74419676219,,15552699,0.0,,0,0,0.0,0.0,0.0,0.0,,0,0,,,,0.0,0.0,0.0,0,0.0,0.0,0.0,0.0,0.0,0.0,0.0,,3,3,price=carried;tvl=carried;lp_amount=none,True
2022-09-17T13:00:00+00:00,0.016954919517203307,0.016954919517203307,0.016954919517203307,0.016954919517203307,0.016954919517203307,WETH,pool_swap_ratio,1,2281,6488.728183063647,,15553567,2.0160136985428334,,1,1,0.0,0.0,0.0,0.0,,0,0,,,,0.0,2.0160136985428334,-2.0160136985428334,1,0.0023267494370775308,-0.00031064648173052714,0.0,0.0,-0.00031059823610804006,0.0,0.00031059823610804006,0.0,3,3,price=observed;tvl=observed;lp_amount=none,False
2022-09-17T14:00:00+00:00,0.01680690132638116,0.01680690132638116,0.01680690132638116,0.01680690132638116,0.01680690132638116,WETH,pool_swap_ratio,1,1429,6490.789555980764,,15553932,2.0613729171171538,,1,1,0.0,0.0,0.0,0.0,,0,0,,,,2.0613729171171538,0.0,2.0613729171171538,1,-0.00876843342524759,0.0003176347497484939,0.0,0.0,0.00031768520100712225,0.0,0.00031768520100712225,0.0,3,3,price=observed;tvl=observed;lp_amount=none,False
2022-09-17T15:00:00+00:00,,,,0.01680690132638116,,WETH,pool_swap_ratio,0,5029,6490.789555980764,,15553932,0.0,,0,0,0.0,0.0,0.0,0.0,,0,0,,,,0.0,0.0,0.0,0,0.0,0.0,0.0,0.0,0.0,0.0,0.0,,3,3,price=carried;tvl=carried;lp_amount=none,True
2022-09-17T16:00:00+00:00,0.01677178297330218,0.01677178297330218,0.01677178297330218,0.01677178297330218,0.01677178297330218,WETH,pool_swap_ratio,1,733,6495.789555980764,,15554588,5.0,,1,1,0.0,0.0,0.0,0.0,,0,0,,,,5.0,0.0,5.0,1,-0.0020917058911423545,0.0007700257633594941,0.0,0.0,0.0007703223093087164,0.0,0.0007703223093087164,0.0,3,3,price=observed;tvl=observed;lp_amount=none,False
2022-09-17T17:00:00+00:00,0.01678564649779588,0.01678564649779588,0.01678564649779588,0.01678564649779588,0.01678564649779588,WETH,pool_swap_ratio,1,2389,6502.777860571885,,15554749,6.988304591121023,,1,1,0.0,0.0,0.0,0.0,,0,0,,,,6.988304591121023,0.0,6.988304591121023,1,0.0008262566889611523,0.0010752423771735668,0.0,0.0,0.00107582065750372,0.0,0.00107582065750372,0.0,3,3,price=observed;tvl=observed;lp_amount=none,False
2022-09-17T18:00:00+00:00,0.016928653780785285,0.016999556580140778,0.01683599062813899,0.016876975517679697,0.016922504842182183,WETH,pool_swap_ratio,4,2161,6506.438332538674,,15555067,83.80063023843726,,4,3,0.0,0.0,0.0,0.0,,0,0,,,,43.73055110261322,40.07007913582404,3.6604719667891814,4,0.005426151529491606,0.0005627505929727999,0.0,0.0,0.0005629089667945788,0.0,0.012886897266865493,-0.002690460125559957,3,3,price=observed;tvl=observed;lp_amount=none,False
2022-09-17T19:00:00+00:00,0.016599585757093433,0.016599585757093433,0.016599585757093433,0.016599585757093433,0.016599585757093433,WETH,pool_swap_ratio,1,1609,6532.038332538675,,15555406,25.6,,1,1,0.0,0.0,0.0,0.0,,0,0,,,,25.6,0.0,25.6,1,-0.01657255696188611,0.003926844148102725,0.0,0.0,0.003934564302557744,0.0,0.003934564302557744,0.0,3,3,price=observed;tvl=observed;lp_amount=none,False
2022-09-17T20:00:00+00:00,,,,0.016599585757093433,,WETH,pool_swap_ratio,0,5209,6532.038332538675,,15555406,0.0,,0,0,0.0,0.0,0.0,0.0,,0,0,,,,0.0,0.0,0.0,0,0.0,0.0,0.0,0.0,0.0,0.0,0.0,,3,3,price=carried;tvl=carried;lp_amount=none,True
2022-09-17T21:00:00+00:00,0.016821108823118044,0.016821108823118044,0.016821108823118044,0.016821108823118044,0.016821108823118044,WETH,pool_swap_ratio,1,1513,6569.634027499972,,15556005,3.033862680126473,,1,1,40.62955764142335,0.0,40.62955764142335,40.62955764142335,0.0,1,0,,,,40.62955764142335,3.033862680126473,37.59569496129687,2,0.013256834609249021,0.005739083854204201,0.006220042745161399,0.006220042745161399,0.005755583945981731,0.0,0.00046445879917966787,0.0,3,3,price=observed;tvl=observed;lp_amount=quantified,False
2022-09-17T22:00:00+00:00,0.016815813199228837,0.01682394303622591,0.016815813199228837,0.01682394303622591,0.016815833564938754,WETH,pool_swap_ratio,2,2089,6569.040836567065,,15556255,0.5931909329073055,,2,1,0.0,0.0,0.0,0.0,,0,0,,,,0.0,0.5931909329073055,-0.5931909329073055,2,0.00016847726235747948,-9.029691950634872e-05,0.0,0.0,-9.029284286221346e-05,0.0,9.029284286221346e-05,0.00048225211410657387,3,3,price=observed;tvl=observed;lp_amount=none,False
2022-09-17T23:00:00+00:00,,,,0.01682394303622591,,WETH,pool_swap_ratio,0,5689,6569.040836567065,,15556255,0.0,,0,0,0.0,0.0,0.0,0.0,,0,0,,,,0.0,0.0,0.0,0,0.0,0.0,0.0,0.0,0.0,0.0,0.0,,3,3,price=carried;tvl=carried;lp_amount=none,True
2022-09-18T00:00:00+00:00,,,,0.01682394303622591,,WETH,pool_swap_ratio,0,9289,6569.040836567065,,15556255,0.0,,0,0,0.0,0.0,0.0,0.0,,0,0,,,,0.0,0.0,0.0,0,0.0,0.0,0.0,0.0,0.0,0.0,0.0,,3,3,price=carried;tvl=carried;lp_amount=none,True
2022-09-18T01:00:00+00:00,0.01671639968889081,0.01671639968889081,0.01671639968889081,0.01671639968889081,0.01671639968889081,WETH,pool_swap_ratio,1,3565,6569.540836567065,,15557024,0.5,,1,1,0.0,0.0,0.0,0.0,,0,0,,,,0.5,0.0,0.5,1,-0.006412797672763882,7.611171626902042e-05,0.0,0.0,7.611461283917007e-05,0.0,7.611461283917007e-05,0.0,3,3,price=observed;tvl=observed;lp_amount=none,False
2022-09-18T02:00:00+00:00,,,,0.01671639968889081,,WETH,pool_swap_ratio,0,7165,6569.540836567065,,15557024,0.0,,0,0,0.0,0.0,0.0,0.0,,0,0,,,,0.0,0.0,0.0,0,0.0,0.0,0.0,0.0,0.0,0.0,0.0,,3,3,price=carried;tvl=carried;lp_amount=none,True
2022-09-18T03:00:00+00:00,,,,0.01671639968889081,,WETH,pool_swap_ratio,0,10765,6569.540836567065,,15557024,0.0,,0,0,0.0,0.0,0.0,0.0,,0,0,,,,0.0,0.0,0.0,0,0.0,0.0,0.0,0.0,0.0,0.0,0.0,,3,3,price=carried;tvl=carried;lp_amount=none,True
2022-09-18T04:00:00+00:00,,,,0.01671639968889081,,WETH,pool_swap_ratio,0,14365,6569.540836567065,,15557024,0.0,,0,0,0.0,0.0,0.0,0.0,,0,0,,,,0.0,0.0,0.0,0,0.0,0.0,0.0,0.0,0.0,0.0,0.0,,3,3,price=carried;tvl=carried;lp_amount=none,True
2022-09-18T05:00:00+00:00,,,,0.01671639968889081,,WETH,pool_swap_ratio,0,17965,6569.540836567065,,15557024,0.0,,0,0,0.0,0.0,0.0,0.0,,0,0,,,,0.0,0.0,0.0,0,0.0,0.0,0.0,0.0,0.0,0.0,0.0,,3,3,price=carried;tvl=carried;lp_amount=none,True
2022-09-18T06:00:00+00:00,,,,0.01671639968889081,,WETH,pool_swap_ratio,0,21565,6569.540836567065,,15557024,0.0,,0,0,0.0,0.0,0.0,0.0,,0,0,,,,0.0,0.0,0.0,0,0.0,0.0,0.0,0.0,0.0,0.0,0.0,,3,3,price=carried;tvl=carried;lp_amount=none,True
2022-09-18T07:00:00+00:00,,,,0.01671639968889081,,WETH,pool_swap_ratio,0,25165,6569.540836567065,,15557024,0.0,,0,0,0.0,0.0,0.0,0.0,,0,0,,,,0.0,0.0,0.0,0,0.0,0.0,0.0,0.0,0.0,0.0,0.0,,3,3,price=carried;tvl=carried;lp_amount=none,True
2022-09-18T08:00:00+00:00,,,,0.01671639968889081,,WETH,pool_swap_ratio,0,28765,6569.540836567065,,15557024,0.0,,0,0,0.0,0.0,0.0,0.0,,0,0,,,,0.0,0.0,0.0,0,0.0,0.0,0.0,0.0,0.0,0.0,0.0,,3,3,price=carried;tvl=carried;lp_amount=none,True
2022-09-18T09:00:00+00:00,,,,0.01671639968889081,,WETH,pool_swap_ratio,0,32365,6569.540836567065,,15557024,0.0,,0,0,0.0,0.0,0.0,0.0,,0,0,,,,0.0,0.0,0.0,0,0.0,0.0,0.0,0.0,0.0,0.0,0.0,,3,3,price=carried;tvl=carried;lp_amount=none,True
2022-09-18T10:00:00+00:00,0.016902852328089264,0.017003819277669772,0.016902852328089264,0.017003819277669772,0.01694030159480847,WETH,pool_swap_ratio,4,1789,6511.7113700479795,,15559849,57.829466519085024,,4,2,0.0,0.0,0.0,0.0,,0,0,,,,0.0,57.82946651908502,-57.82946651908502,4,0.017047727357502516,-0.008841637228285418,0.0,0.0,-0.008802664898161132,0.0,0.008802664898161132,0.0037495013005415245,3,3,price=observed;tvl=observed;lp_amount=none,False
2022-09-18T11:00:00+00:00,,,,0.017003819277669772,,WETH,pool_swap_ratio,0,5389,6511.7113700479795,,15559849,0.0,,0,0,0.0,0.0,0.0,0.0,,0,0,,,,0.0,0.0,0.0,0,0.0,0.0,0.0,0.0,0.0,0.0,0.0,,3,3,price=carried;tvl=carried;lp_amount=none,True
2022-09-18T12:00:00+00:00,,,,0.017003819277669772,,WETH,pool_swap_ratio,0,8989,6511.7113700479795,,15559849,0.0,,0,0,0.0,0.0,0.0,0.0,,0,0,,,,0.0,0.0,0.0,0,0.0,0.0,0.0,0.0,0.0,0.0,0.0,,3,3,price=carried;tvl=carried;lp_amount=none,True
2022-09-18T13:00:00+00:00,,,,0.017003819277669772,,WETH,pool_swap_ratio,0,12589,6511.7113700479795,,15559849,0.0,,0,0,0.0,0.0,0.0,0.0,,0,0,,,,0.0,0.0,0.0,0,0.0,0.0,0.0,0.0,0.0,0.0,0.0,,3,3,price=carried;tvl=carried;lp_amount=none,True
2022-09-18T14:00:00+00:00,,,,0.017003819277669772,,WETH,pool_swap_ratio,0,16189,6511.7113700479795,,15559849,0.0,,0,0,0.0,0.0,0.0,0.0,,0,0,,,,0.0,0.0,0.0,0,0.0,0.0,0.0,0.0,0.0,0.0,0.0,,3,3,price=carried;tvl=carried;lp_amount=none,True
2022-09-18T15:00:00+00:00,,,,0.017003819277669772,,WETH,pool_swap_ratio,0,19789,6511.7113700479795,,15559849,0.0,,0,0,0.0,0.0,0.0,0.0,,0,0,,,,0.0,0.0,0.0,0,0.0,0.0,0.0,0.0,0.0,0.0,0.0,,3,3,price=carried;tvl=carried;lp_amount=none,True
2022-09-18T16:00:00+00:00,0.017129893340688356,0.017129893340688356,0.016984186121236554,0.017091211711943388,0.01708158150823814,WETH,pool_swap_ratio,4,1,6442.604003158528,,15561776,124.64736688945123,,4,2,0.0,0.0,0.0,0.0,,0,0,,,,27.77,96.87736688945125,-69.10736688945126,4,0.005126414209183792,-0.010669498230572413,0.0,0.0,-0.010612781028244816,0.0,0.019142028847100576,0.0005637770542852305,3,3,price=observed;tvl=observed;lp_amount=none,False
2022-09-18T17:00:00+00:00,,,,0.017091211711943388,,WETH,pool_swap_ratio,0,3601,6442.604003158528,,15561776,0.0,,0,0,0.0,0.0,0.0,0.0,,0,0,,,,0.0,0.0,0.0,0,0.0,0.0,0.0,0.0,0.0,0.0,0.0,,3,3,price=carried;tvl=carried;lp_amount=none,True
2022-09-18T18:00:00+00:00,0.01720815273189492,0.01730757531143416,0.01712414019302398,0.01730757531143416,0.017273760287697677,WETH,pool_swap_ratio,4,985,6384.067772039278,,15562291,60.53623111925081,,4,4,0.0,0.0,0.0,0.0,,0,0,,,,1.0,59.53623111925081,-58.53623111925081,4,0.012579888511533091,-0.009127330693954619,0.0,0.0,-0.009085803052702455,0.0,0.009396236535657404,0.0019575948243628627,3,3,price=observed;tvl=observed;lp_amount=none,False
2022-09-18T19:00:00+00:00,0.017445047176240108,0.017445047176240108,0.017445047176240108,0.017445047176240108,0.017445047176240108,WETH,pool_swap_ratio,1,2593,6304.832877683007,,15562456,40.961127669102694,,1,1,0.0,38.270357776574485,-38.270357776574485,38.270357776574485,0.0,0,1,,,1.0,0.0,79.2348943562705,-79.2348943562705,2,0.007911493983177472,-0.01248901326165997,-0.005994666589253594,0.005994666589253594,-0.012411349187629366,0.005994666589253594,0.006416148626821107,0.0,3,3,price=observed;tvl=observed;lp_amount=quantified,False
2022-09-18T20:00:00+00:00,,,,0.017445047176240108,,WETH,pool_swap_ratio,0,6193,6304.832877683007,,15562456,0.0,,0,0,0.0,0.0,0.0,0.0,,0,0,,,,0.0,0.0,0.0,0,0.0,0.0,0.0,0.0,0.0,0.0,0.0,,3,3,price=carried;tvl=carried;lp_amount=none,True
2022-09-18T21:00:00+00:00,0.017449520157332383,0.017449520157332383,0.017449520157332383,0.017449520157332383,0.017449520157332383,WETH,pool_swap_ratio,1,1129,6294.124865984769,,15563171,10.70801169823806,,1,1,0.0,0.0,0.0,0.0,,0,0,,,,0.0,10.70801169823806,-10.70801169823806,1,0.00025637120380453594,-0.0016998254132467151,0.0,0.0,-0.0016983815282623634,0.0,0.0016983815282623634,0.0,3,3,price=observed;tvl=observed;lp_amount=none,False
2022-09-18T22:00:00+00:00,,,,0.017449520157332383,,WETH,pool_swap_ratio,0,4729,6294.124865984769,,15563171,0.0,,0,0,0.0,0.0,0.0,0.0,,0,0,,,,0.0,0.0,0.0,0,0.0,0.0,0.0,0.0,0.0,0.0,0.0,,3,3,price=carried;tvl=carried;lp_amount=none,True
2022-09-18T23:00:00+00:00,,,,0.017449520157332383,,WETH,pool_swap_ratio,0,8329,6294.124865984769,,15563171,0.0,,0,0,0.0,0.0,0.0,0.0,,0,0,,,,0.0,0.0,0.0,0,0.0,0.0,0.0,0.0,0.0,0.0,0.0,,3,3,price=carried;tvl=carried;lp_amount=none,True
2022-09-19T00:00:00+00:00,0.017140198109753025,0.017443430821987405,0.017140198109753025,0.017443430821987405,0.017205461347497068,WETH,pool_swap_ratio,3,2581,6290.007464218026,,15563939,105.07314701493124,,3,3,0.0,0.0,0.0,0.0,,0,0,,,,50.4778726240941,54.59527439083715,-4.1174017667430505,3,-0.00034902954527433946,-0.000654379945415556,0.0,0.0,-0.0006541658855537891,0.0,0.01669384533229969,0.013831042927829218,3,3,price=observed;tvl=observed;lp_amount=none,False
2022-09-19T01:00:00+00:00,0.017540062912486467,0.017540062912486467,0.017540062912486467,0.017540062912486467,0.017540062912486467,WETH,pool_swap_ratio,1,613,6288.707464218026,,15564398,1.3,,1,1,0.0,0.0,0.0,0.0,,0,0,,,,0.0,1.3,-1.3,1,0.0055244531604896775,-0.00020669838087991998,0.0,0.0,-0.0002066770202412814,0.0,0.0002066770202412814,0.0,3,3,price=observed;tvl=observed;lp_amount=none,False
2022-09-19T02:00:00+00:00,0.0176169319752576,0.0176169319752576,0.0172966141707153,0.0172966141707153,0.01749833241188043,WETH,pool_swap_ratio,3,1021,6267.961221409849,,15564662,59.1053670109705,,3,3,0.0,0.0,0.0,0.0,,0,0,,,,19.179562101396883,39.925804909573614,-20.74624280817673,3,-0.013976804064336892,-0.0033044212928254133,0.0,0.0,-0.003298967701426773,0.0,0.00939865104988152,-0.011527855135965659,3,3,price=observed;tvl=observed;lp_amount=none,False
2022-09-19T03:00:00+00:00,0.017587707214897223,0.017587707214897223,0.017587707214897223,0.017587707214897223,0.017587707214897223,WETH,pool_swap_ratio,1,2821,6261.138274078865,,15564810,6.822947330983372,,1,1,0.0,0.0,0.0,0.0,,0,0,,,,0.0,6.822947330983372,-6.822947330983372,1,0.01668943463857073,-0.001089136215719073,0.0,0.0,-0.0010885433221376392,0.0,0.0010885433221376392,0.0,3,3,price=observed;tvl=observed;lp_amount=none,False
2022-09-19T04:00:00+00:00,,,,0.017587707214897223,,WETH,pool_swap_ratio,0,6421,6261.138274078865,,15564810,0.0,,0,0,0.0,0.0,0.0,0.0,,0,0,,,,0.0,0.0,0.0,0,0.0,0.0,0.0,0.0,0.0,0.0,0.0,,3,3,price=carried;tvl=carried;lp_amount=none,True
2022-09-19T05:00:00+00:00,,,,0.017587707214897223,,WETH,pool_swap_ratio,0,10021,6261.138274078865,,15564810,0.0,,0,0,0.0,0.0,0.0,0.0,,0,0,,,,0.0,0.0,0.0,0,0.0,0.0,0.0,0.0,0.0,0.0,0.0,,3,3,price=carried;tvl=carried;lp_amount=none,True
2022-09-19T06:00:00+00:00,,,,0.017587707214897223,,WETH,pool_swap_ratio,0,13621,6261.138274078865,,15564810,0.0,,0,0,0.0,0.0,0.0,0.0,,0,0,,,,0.0,0.0,0.0,0,0.0,0.0,0.0,0.0,0.0,0.0,0.0,,3,3,price=carried;tvl=carried;lp_amount=none,True
2022-09-19T07:00:00+00:00,0.01761841111157453,0.01761841111157453,0.017452738610678406,0.017452738610678406,0.01750717199363124,WETH,pool_swap_ratio,2,1285,6267.500679533039,,15566128,18.55579588020703,,2,2,0.0,0.0,0.0,0.0,,0,0,,,,12.459100667189992,6.096695213017037,6.362405454172954,2,-0.0077036275380660164,0.0010156579696590706,0.0,0.0,0.0010161739248777393,0.0,0.0029636457570387945,-0.0031092047860521443,3,3,price=observed;tvl=observed;lp_amount=none,False
2022-09-19T08:00:00+00:00,,,,0.017452738610678406,,WETH,pool_swap_ratio,0,4885,6267.500679533039,,15566128,0.0,,0,0,0.0,0.0,0.0,0.0,,0,0,,,,0.0,0.0,0.0,0,0.0,0.0,0.0,0.0,0.0,0.0,0.0,,3,3,price=carried;tvl=carried;lp_amount=none,True
2022-09-19T09:00:00+00:00,0.01727221511606432,0.017373863934536063,0.016996195992365525,0.01720756224655831,0.017194984629180194,WETH,pool_swap_ratio,17,829,6332.535039712481,,15566760,434.68857259055153,,17,3,0.0,0.0,0.0,0.0,,0,0,,,,249.86146638499775,184.82710620555375,65.03436017944401,17,-0.014147624082167555,0.010322976720622313,0.0,0.0,0.01037644246163678,0.0,0.06935596736511851,0.0007314701146503566,3,3,price=observed;tvl=observed;lp_amount=none,False
2022-09-19T10:00:00+00:00,,,,0.01720756224655831,,WETH,pool_swap_ratio,0,4429,6332.535039712481,,15566760,0.0,,0,0,0.0,0.0,0.0,0.0,,0,0,,,,0.0,0.0,0.0,0,0.0,0.0,0.0,0.0,0.0,0.0,0.0,,3,3,price=carried;tvl=carried;lp_amount=none,True
2022-09-19T11:00:00+00:00,0.01746562582600718,0.01763576639997452,0.01746562582600718,0.01763576639997452,0.017537128848338412,WETH,pool_swap_ratio,5,61,6251.91896065867,,15567418,86.33898522496946,,5,4,0.0,0.0,0.0,0.0,,0,0,,,,2.8614530855781646,83.47753213939129,-80.61607905381312,5,0.02458006908016216,-0.012812185864138514,0.0,0.0,-0.012730459215504534,0.0,0.013634189891334506,0.005624498313784754,3,3,price=observed;tvl=observed;lp_amount=none,False
2022-09-19T12:00:00+00:00,0.01769385545143444,0.01769385545143444,0.017678155441230484,0.017678155441230484,0.017688786275667466,WETH,pool_swap_ratio,2,229,6217.8692751354165,,15567700,34.04968552325317,,2,1,0.0,0.0,0.0,0.0,,0,0,,,,0.0,34.04968552325317,-34.04968552325317,2,0.0024006997469824915,-0.00546116253219618,0.0,0.0,-0.005446277492961276,0.0,0.005446277492961276,-0.000600992870359085,3,3,price=observed;tvl=observed;lp_amount=none,False
2022-09-19T13:00:00+00:00,,,,0.017678155441230484,,WETH,pool_swap_ratio,0,3829,6217.8692751354165,,15567700,0.0,,0,0,0.0,0.0,0.0,0.0,,0,0,,,,0.0,0.0,0.0,0,0.0,0.0,0.0,0.0,0.0,0.0,0.0,,3,3,price=carried;tvl=carried;lp_amount=none,True
2022-09-19T14:00:00+00:00,0.01774274495289357,0.01774274495289357,0.017373245017883936,0.01764594777183426,0.017450931129435947,WETH,pool_swap_ratio,6,2005,6217.31098388208,,15568145,156.03935923396836,,6,2,0.0,0.0,0.0,0.0,,0,1,,,1.0,79.9165,80.47479125333611,-0.5582912533361082,7,-0.0018235524976862561,-8.979222529675663e-05,0.0,0.0,-8.97881940954684e-05,0.0,0.025095310359443034,0.011175142515424952,3,3,price=observed;tvl=observed;lp_amount=quantified,False
2022-09-19T15:00:00+00:00,0.01756633729203738,0.017700063020775557,0.017429919517135233,0.017700063020775557,0.017522618365830123,WETH,pool_swap_ratio,5,445,6213.738279494288,,15568572,55.35364037811693,,5,4,0.0,0.0,0.0,0.0,,0,0,,,,25.890467995162478,29.463172382954454,-3.572704387791976,5,0.0030620310473513986,-0.0005748033670312869,0.0,0.0,-0.0005746381992237398,0.0,0.008903148084697252,0.010126606152163875,3,3,price=observed;tvl=observed;lp_amount=none,False
2022-09-19T16:00:00+00:00,0.017800584936365348,0.017800584936365348,0.017800584936365348,0.017800584936365348,0.017800584936365348,WETH,pool_swap_ratio,1,3325,6191.2671078204385,,15568631,22.471171673849216,,1,1,0.0,0.0,0.0,0.0,,0,0,,,,0.0,22.471171673849216,-22.471171673849216,1,0.0056631182824288225,-0.003622924061887278,0.0,0.0,-0.0036163691908308146,0.0,0.0036163691908308146,0.0,3,3,price=observed;tvl=observed;lp_amount=none,False
2022-09-19T17:00:00+00:00,,,,0.017800584936365348,,WETH,pool_swap_ratio,0,6925,6191.2671078204385,,15568631,0.0,,0,0,0.0,0.0,0.0,0.0,,0,0,,,,0.0,0.0,0.0,0,0.0,0.0,0.0,0.0,0.0,0.0,0.0,,3,3,price=carried;tvl=carried;lp_amount=none,True
2022-09-19T18:00:00+00:00,,,,0.017800584936365348,,WETH,pool_swap_ratio,0,10525,6191.2671078204385,,15568631,0.0,,0,0,0.0,0.0,0.0,0.0,,0,0,,,,0.0,0.0,0.0,0,0.0,0.0,0.0,0.0,0.0,0.0,0.0,,3,3,price=carried;tvl=carried;lp_amount=none,True
2022-09-19T19:00:00+00:00,0.017742093470193676,0.017784092568151527,0.01705952782297313,0.01763777891340839,0.017208948470053814,WETH,pool_swap_ratio,12,277,6203.708840820197,,15569770,654.9771085753671,,12,7,0.0,0.0,0.0,0.0,,0,0,,,,333.7094207875628,321.26768778780433,12.441732999758472,12,-0.009188187638896115,0.00200754519087508,0.0,0.0,0.0020095616588796206,0.0,0.10579047829289083,0.024919038144649353,3,3,price=observed;tvl=observed;lp_amount=none,False
2022-09-19T20:00:00+00:00,,,,0.01763777891340839,,WETH,pool_swap_ratio,0,3877,6203.708840820197,,15569770,0.0,,0,0,0.0,0.0,0.0,0.0,,0,0,,,,0.0,0.0,0.0,0,0.0,0.0,0.0,0.0,0.0,0.0,0.0,,3,3,price=carried;tvl=carried;lp_amount=none,True
2022-09-19T21:00:00+00:00,0.017811853853622092,0.017811853853622092,0.017811853853622092,0.017811853853622092,0.017811853853622092,WETH,pool_swap_ratio,1,1777,6192.708840820198,,15570239,11.0,,1,1,0.0,0.0,0.0,0.0,,0,0,,,,0.0,11.0,-11.0,1,0.009821051773774103,-0.0017747067208632758,0.0,0.0,-0.001773132860075632,0.0,0.001773132860075632,0.0,3,3,price=observed;tvl=observed;lp_amount=none,False
2022-09-19T22:00:00+00:00,0.017659045913795902,0.017659045913795902,0.017659045913795902,0.017659045913795902,0.017659045913795902,WETH,pool_swap_ratio,1,1741,6196.103245024167,,15570538,3.394404203968939,,1,1,0.0,0.0,0.0,0.0,,0,0,,,,3.394404203968939,0.0,3.394404203968939,1,-0.008616014036519577,0.0005479789773851468,0.0,0.0,0.000548129145293284,0.0,0.000548129145293284,0.0,3,3,price=observed;tvl=observed;lp_amount=none,False
2022-09-19T23:00:00+00:00,,,,0.017659045913795902,,WETH,pool_swap_ratio,0,5341,6196.103245024167,,15570538,0.0,,0,0,0.0,0.0,0.0,0.0,,0,0,,,,0.0,0.0,0.0,0,0.0,0.0,0.0,0.0,0.0,0.0,0.0,,3,3,price=carried;tvl=carried;lp_amount=none,True
2022-09-20T00:00:00+00:00,,,,0.017659045913795902,,WETH,pool_swap_ratio,0,8941,6196.103245024167,,15570538,0.0,,0,0,0.0,0.0,0.0,0.0,,0,0,,,,0.0,0.0,0.0,0,0.0,0.0,0.0,0.0,0.0,0.0,0.0,,3,3,price=carried;tvl=carried;lp_amount=none,True
2022-09-20T01:00:00+00:00,0.01760679641303236,0.01760679641303236,0.01760679641303236,0.01760679641303236,0.01760679641303236,WETH,pool_swap_ratio,1,3589,6202.470093548641,,15571280,6.3668353690715165,,1,1,0.0,0.0,0.0,0.0,,0,0,,,,6.366848524474122,0.0,6.366848524474122,1,-0.00296318111505496,0.0010270293057517623,0.0,0.0,0.0010275568809456287,0.0,0.0010275547577720653,0.0,3,3,price=observed;tvl=observed;lp_amount=none,False
2022-09-20T02:00:00+00:00,,,,0.01760679641303236,,WETH,pool_swap_ratio,0,7189,6202.470093548641,,15571280,0.0,,0,0,0.0,0.0,0.0,0.0,,0,0,,,,0.0,0.0,0.0,0,0.0,0.0,0.0,0.0,0.0,0.0,0.0,,3,3,price=carried;tvl=carried;lp_amount=none,True
2022-09-20T03:00:00+00:00,0.017711361812779033,0.017718748555923532,0.017711361812779033,0.017718748555923532,0.017711380318221163,WETH,pool_swap_ratio,2,2857,6201.971343030647,,15571937,0.49875051799311165,,2,1,0.0,0.0,0.0,0.0,,0,0,,,,0.0,0.49875051799311165,-0.49875051799311165,2,0.0063383320931443025,-8.041482896467692e-05,0.0,0.0,-8.041159577889392e-05,0.0,8.041159577889392e-05,0.00041601713530980966,3,3,price=observed;tvl=observed;lp_amount=none,False
2022-09-20T04:00:00+00:00,0.016852304830826073,0.017262298625578813,0.016307754604774388,0.017262298625578813,0.01695862119878489,WETH,pool_swap_ratio,14,2257,6258.293159327095,,15572286,1638.6246464431838,,14,8,0.0,0.0,0.0,0.0,,0,0,,,,847.4732313698157,791.1514150733682,56.32181629644754,14,-0.026098466187028435,0.009040289613261797,0.0,0.0,0.009081276449259662,0.0,0.2642102898918678,0.017906964442113926,3,3,price=observed;tvl=observed;lp_amount=none,False
2022-09-20T05:00:00+00:00,,,,0.017262298625578813,,WETH,pool_swap_ratio,0,5857,6258.293159327095,,15572286,0.0,,0,0,0.0,0.0,0.0,0.0,,0,0,,,,0.0,0.0,0.0,0,0.0,0.0,0.0,0.0,0.0,0.0,0.0,,3,3,price=carried;tvl=carried;lp_amount=none,True
2022-09-20T06:00:00+00:00,0.01779891966107673,0.01779891966107673,0.017694319673444026,0.017694319673444026,0.01778918828786059,WETH,pool_swap_ratio,4,2389,6173.64006415195,,15572866,119.74087026813581,,4,2,0.0,0.0,0.0,0.0,,0,0,,,,17.543887546495743,102.19698272164007,-84.65309517514433,4,0.024718812427789096,-0.01361886394623257,0.0,0.0,-0.013526546778809961,0.0,0.019133151359277425,-0.00533293666250656,3,3,price=observed;tvl=observed;lp_amount=none,False
2022-09-20T07:00:00+00:00,0.017513184973868827,0.017599316163641635,0.017461204461997813,0.017561633010134362,0.017524160611561205,WETH,pool_swap_ratio,4,241,6227.000878796163,,15573343,80.69835464838286,,4,4,0.0,0.0,0.0,0.0,,0,0,,,,67.02958464629802,13.668770002084838,53.36081464421318,4,-0.007527085764448579,0.008606191283740367,0.0,0.0,0.008643331015369642,0.0,0.013071438213084114,0.00213832772957101,3,3,price=observed;tvl=observed;lp_amount=none,False
2022-09-20T08:00:00+00:00,,,,0.017561633010134362,,WETH,pool_swap_ratio,0,3841,6227.000878796163,,15573343,0.0,,0,0,0.0,0.0,0.0,0.0,,0,0,,,,0.0,0.0,0.0,0,0.0,0.0,0.0,0.0,0.0,0.0,0.0,,3,3,price=carried;tvl=carried;lp_amount=none,True
2022-09-20T09:00:00+00:00,,,,0.017561633010134362,,WETH,pool_swap_ratio,0,7441,6227.000878796163,,15573343,0.0,,0,0,0.0,0.0,0.0,0.0,,0,0,,,,0.0,0.0,0.0,0,0.0,0.0,0.0,0.0,0.0,0.0,0.0,,3,3,price=carried;tvl=carried;lp_amount=none,True
2022-09-20T10:00:00+00:00,0.01785908205047946,0.017870430311023967,0.01757089723121005,0.01757089723121005,0.017772046993618933,WETH,pool_swap_ratio,6,241,6205.448556495498,,15574235,143.6596106588718,,6,3,0.0,0.0,0.0,0.0,,0,0,,,,61.05364417910307,82.60596647976874,-21.552322300665672,6,0.0005273870812476015,-0.003467111449377197,0.0,0.0,-0.0034611079587373176,0.0,0.023070433657405368,-0.011318322671614922,3,3,price=observed;tvl=observed;lp_amount=none,False
2022-09-20T11:00:00+00:00,0.017530046087943247,0.017530046087943247,0.017530046087943247,0.017530046087943247,0.017530046087943247,WETH,pool_swap_ratio,1,3577,6209.048556495499,,15574257,3.6,,1,1,0.0,0.0,0.0,0.0,,0,0,,,,3.6,0.0,3.6,1,-0.0023276389662423035,0.0005799671252317033,0.0,0.0,0.0005801353386826053,0.0,0.0005801353386826053,0.0,3,3,price=observed;tvl=observed;lp_amount=none,False
2022-09-20T12:00:00+00:00,0.01742984339429156,0.017439305721503866,0.01742984339429156,0.017439305721503866,0.017436467023340174,WETH,pool_swap_ratio,2,1069,6260.311182942167,,15574759,51.26262644666862,,2,1,0.0,0.0,0.0,0.0,,0,0,,,,51.26262644666862,0.0,51.26262644666862,2,-0.005189719877817253,0.008222220918797778,0.0,0.0,0.008256116211724746,0.0,0.008256116211724746,0.00016280237045096513,3,3,price=observed;tvl=observed;lp_amount=none,False
2022-09-20T13:00:00+00:00,0.017473941374440007,0.017473941374440007,0.017226373801161824,0.017226373801161824,0.01729864468937421,WETH,pool_swap_ratio,2,505,6277.6223021421665,,15575103,17.3111192,,2,1,0.0,0.0,0.0,0.0,,0,0,,,,17.3111192,0.0,17.3111192,2,-0.012285038186443272,0.0027614008673517627,0.0,0.0,0.0027652170465852577,0.0,0.0027652170465852577,-0.0041778352876845615,3,3,price=observed;tvl=observed;lp_amount=none,False
2022-09-20T14:00:00+00:00,0.017309064116785653,0.01733655326750568,0.017309064116785653,0.01733655326750568,0.017326192547445503,WETH,pool_swap_ratio,2,1549,6272.604333694109,,15575313,20.38203155194281,,2,2,0.0,0.0,0.0,0.0,,0,0,,,,7.682031551942725,12.700000000000085,-5.01796844805736,2,0.00637560813890336,-0.0007996618485163865,0.0,0.0,-0.0007993422041885247,0.0,0.0032467757012058012,0.0005979801985811495,3,3,price=observed;tvl=observed;lp_amount=none,False
2022-09-20T15:00:00+00:00,,,,0.01733655326750568,,WETH,pool_swap_ratio,0,5149,6272.604333694109,,15575313,0.0,,0,0,0.0,0.0,0.0,0.0,,0,0,,,,0.0,0.0,0.0,0,0.0,0.0,0.0,0.0,0.0,0.0,0.0,,3,3,price=carried;tvl=carried;lp_amount=none,True
2022-09-20T16:00:00+00:00,0.017399999850926922,0.017399999850926922,0.017399999850926922,0.017399999850926922,0.017399999850926922,WETH,pool_swap_ratio,1,2533,6273.621005334109,,15575825,1.01667164,,1,1,0.0,0.0,0.0,0.0,,0,0,,,,1.01667164,0.0,1.01667164,1,0.0036530195589888786,0.00016206813041421282,0.0,0.0,0.0001620812641630871,0.0,0.0001620812641630871,0.0,3,3,price=observed;tvl=observed;lp_amount=none,False
2022-09-20T17:00:00+00:00,0.01726471381551182,0.01726471381551182,0.01726471381551182,0.01726471381551182,0.01726471381551182,WETH,pool_swap_ratio,1,133,6315.288985736615,,15576321,41.66798040250555,,1,1,0.0,0.0,0.0,0.0,,0,0,,,,41.66798040250555,0.0,41.66798040250555,1,-0.007805442939699204,0.006619815789664833,0.0,0.0,0.006641775199215508,0.0,0.006641775199215508,0.0,3,3,price=observed;tvl=observed;lp_amount=none,False
2022-09-20T18:00:00+00:00,0.017222532698573084,0.017222532698573084,0.017222532698573084,0.017222532698573084,0.017222532698573084,WETH,pool_swap_ratio,1,73,6324.288985736615,,15576626,9.0,,1,1,0.0,0.0,0.0,0.0,,0,0,,,,9.0,0.0,9.0,1,-0.002446187633752667,0.0014240984218547275,0.0,0.0,0.001425112931542315,0.0,0.001425112931542315,0.0,3,3,price=observed;tvl=observed;lp_amount=none,False
2022-09-20T19:00:00+00:00,0.017368920797961214,0.017368920797961214,0.017368920797961214,0.017368920797961214,0.017368920797961214,WETH,pool_swap_ratio,1,1105,6307.180841629303,,15576837,17.108144107311485,,1,1,0.0,0.0,0.0,0.0,,0,0,,,,0.0,17.108144107311485,-17.108144107311485,1,0.008463881016479933,-0.002708814540555573,0.0,0.0,-0.002705149012939805,0.0,0.002705149012939805,0.0,3,3,price=observed;tvl=observed;lp_amount=none,False
2022-09-20T20:00:00+00:00,,,,0.017368920797961214,,WETH,pool_swap_ratio,0,4705,6307.180841629303,,15576837,0.0,,0,0,0.0,0.0,0.0,0.0,,0,0,,,,0.0,0.0,0.0,0,0.0,0.0,0.0,0.0,0.0,0.0,0.0,,3,3,price=carried;tvl=carried;lp_amount=none,True
2022-09-20T21:00:00+00:00,,,,0.017368920797961214,,WETH,pool_swap_ratio,0,8305,6307.180841629303,,15576837,0.0,,0,0,0.0,0.0,0.0,0.0,,0,0,,,,0.0,0.0,0.0,0,0.0,0.0,0.0,0.0,0.0,0.0,0.0,,3,3,price=carried;tvl=carried;lp_amount=none,True
2022-09-20T22:00:00+00:00,0.017596801940740862,0.017596801940740862,0.017565155901158456,0.017565155901158456,0.017584871953451826,WETH,pool_swap_ratio,2,3589,6253.969279827328,,15577525,53.211561801975066,,2,1,0.0,0.0,0.0,0.0,,0,0,,,,0.0,53.211561801975066,-53.211561801975066,2,0.011234713253157317,-0.008472453492211556,0.0,0.0,-0.008436663406059747,0.0,0.008436663406059747,-0.0011211939640822788,3,3,price=observed;tvl=observed;lp_amount=none,False
2022-09-20T23:00:00+00:00,,,,0.017565155901158456,,WETH,pool_swap_ratio,0,7189,6253.969279827328,,15577525,0.0,,0,0,0.0,0.0,0.0,0.0,,0,0,,,,0.0,0.0,0.0,0,0.0,0.0,0.0,0.0,0.0,0.0,0.0,,3,3,price=carried;tvl=carried;lp_amount=none,True
2022-09-21T00:00:00+00:00,,,,0.017565155901158456,,WETH,pool_swap_ratio,0,10789,6253.969279827328,,15577525,0.0,,0,0,0.0,0.0,0.0,0.0,,0,0,,,,0.0,0.0,0.0,0,0.0,0.0,0.0,0.0,0.0,0.0,0.0,,3,3,price=carried;tvl=carried;lp_amount=none,True
2022-09-21T01:00:00+00:00,,,,0.017565155901158456,,WETH,pool_swap_ratio,0,14389,6253.969279827328,,15577525,0.0,,0,0,0.0,0.0,0.0,0.0,,0,0,,,,0.0,0.0,0.0,0,0.0,0.0,0.0,0.0,0.0,0.0,0.0,,3,3,price=carried;tvl=carried;lp_amount=none,True
2022-09-21T02:00:00+00:00,,,,0.017565155901158456,,WETH,pool_swap_ratio,0,17989,6253.969279827328,,15577525,0.0,,0,0,0.0,0.0,0.0,0.0,,0,0,,,,0.0,0.0,0.0,0,0.0,0.0,0.0,0.0,0.0,0.0,0.0,,3,3,price=carried;tvl=carried;lp_amount=none,True
2022-09-21T03:00:00+00:00,0.017440668537961432,0.017529809698957618,0.017016097766163096,0.017529809698957618,0.01721446876780089,WETH,pool_swap_ratio,9,157,6277.747003439974,,15579301,358.3360361553781,,9,5,0.0,0.0,0.0,0.0,,0,0,,,,191.05687988401178,167.27915627136633,23.777723612645445,9,-0.0020143182104779616,0.003794811757562397,0.0,0.0,0.003802021172272523,0.0,0.05729737709317174,0.018318365522063784,3,3,price=observed;tvl=observed;lp_amount=none,False
2022-09-21T04:00:00+00:00,,,,0.017529809698957618,,WETH,pool_swap_ratio,0,3757,6277.747003439974,,15579301,0.0,,0,0,0.0,0.0,0.0,0.0,,0,0,,,,0.0,0.0,0.0,0,0.0,0.0,0.0,0.0,0.0,0.0,0.0,,3,3,price=carried;tvl=carried;lp_amount=none,True
2022-09-21T05:00:00+00:00,0.017621081036331483,0.017621081036331483,0.017621081036331483,0.017621081036331483,0.017621081036331483,WETH,pool_swap_ratio,1,1045,6263.747003439974,,15579821,14.0,,1,1,0.0,0.0,0.0,0.0,,0,0,,,,0.0,14.0,-14.0,1,0.0051931282869987,-0.0022325898027012172,0.0,0.0,-0.002230099427761029,0.0,0.002230099427761029,0.0,3,3,price=observed;tvl=observed;lp_amount=none,False
2022-09-21T06:00:00+00:00,,,,0.017621081036331483,,WETH,pool_swap_ratio,0,4645,6263.747003439974,,15579821,0.0,,0,0,0.0,0.0,0.0,0.0,,0,0,,,,0.0,0.0,0.0,0,0.0,0.0,0.0,0.0,0.0,0.0,0.0,,3,3,price=carried;tvl=carried;lp_amount=none,True
2022-09-21T07:00:00+00:00,0.01774571568553486,0.017776765709478448,0.01768458250023921,0.017747422073335375,0.017749835086910165,WETH,pool_swap_ratio,5,1393,6197.937771959934,,15580352,124.61774113536435,,5,3,0.0,0.0,0.0,0.0,,0,0,,,,29.404254827662573,95.21348630770179,-65.80923148003922,5,0.007144298642936133,-0.010561949598768952,0.0,0.0,-0.01050636806433874,0.0,0.019895078946663362,-0.0001359456898035738,3,3,price=observed;tvl=observed;lp_amount=none,False
2022-09-21T08:00:00+00:00,0.017972189312960667,0.018019489516882686,0.017651941840576123,0.01777893649745734,0.017832536205337396,WETH,pool_swap_ratio,6,2425,6209.189679363547,,15580546,210.11026790700743,,6,3,0.0,0.0,0.0,0.0,,0,0,,,,110.68108765530997,99.42918025169749,11.251907403612478,6,0.001774143686883224,0.001813781720623286,0.0,0.0,0.0018154276176371418,0.0,0.033900028628484534,-0.003005725448296692,3,3,price=observed;tvl=observed;lp_amount=none,False
2022-09-21T09:00:00+00:00,,,,0.01777893649745734,,WETH,pool_swap_ratio,0,6025,6209.189679363547,,15580546,0.0,,0,0,0.0,0.0,0.0,0.0,,0,0,,,,0.0,0.0,0.0,0,0.0,0.0,0.0,0.0,0.0,0.0,0.0,,3,3,price=carried;tvl=carried;lp_amount=none,True
2022-09-21T10:00:00+00:00,,,,0.01777893649745734,,WETH,pool_swap_ratio,0,9625,6209.189679363547,,15580546,0.0,,0,0,0.0,0.0,0.0,0.0,,0,0,,,,0.0,0.0,0.0,0,0.0,0.0,0.0,0.0,0.0,0.0,0.0,,3,3,price=carried;tvl=carried;lp_amount=none,True
2022-09-21T11:00:00+00:00,,,,0.01777893649745734,,WETH,pool_swap_ratio,0,13225,6209.189679363547,,15580546,0.0,,0,0,0.0,0.0,0.0,0.0,,0,0,,,,0.0,0.0,0.0,0,0.0,0.0,0.0,0.0,0.0,0.0,0.0,,3,3,price=carried;tvl=carried;lp_amount=none,True
2022-09-21T12:00:00+00:00,,,,0.01777893649745734,,WETH,pool_swap_ratio,0,16825,6209.189679363547,,15580546,0.0,,0,0,0.0,0.0,0.0,0.0,,0,0,,,,0.0,0.0,0.0,0,0.0,0.0,0.0,0.0,0.0,0.0,0.0,,3,3,price=carried;tvl=carried;lp_amount=none,True
2022-09-21T13:00:00+00:00,,,,0.01777893649745734,,WETH,pool_swap_ratio,0,20425,6209.189679363547,,15580546,0.0,,0,0,0.0,0.0,0.0,0.0,,0,0,,,,0.0,0.0,0.0,0,0.0,0.0,0.0,0.0,0.0,0.0,0.0,,3,3,price=carried;tvl=carried;lp_amount=none,True
2022-09-21T14:00:00+00:00,0.017693986655321303,0.017693986655321303,0.017693986655321303,0.017693986655321303,0.017693986655321303,WETH,pool_swap_ratio,1,1477,6198.754197044961,,15582377,10.435482318585867,,1,1,0.0,0.0,0.0,0.0,,0,0,,,,0.0,10.435482318585867,-10.435482318585867,1,-0.00478956888698881,-0.0016820651161858135,0.0,0.0,-0.001680651237514703,0.0,0.001680651237514703,0.0,3,3,price=observed;tvl=observed;lp_amount=none,False
2022-09-21T15:00:00+00:00,,,,0.017693986655321303,,WETH,pool_swap_ratio,0,5077,6198.754197044961,,15582377,0.0,,0,0,0.0,0.0,0.0,0.0,,0,0,,,,0.0,0.0,0.0,0,0.0,0.0,0.0,0.0,0.0,0.0,0.0,,3,3,price=carried;tvl=carried;lp_amount=none,True
2022-09-21T16:00:00+00:00,0.017773390439498556,0.017773390439498556,0.017773390439498556,0.017773390439498556,0.017773390439498556,WETH,pool_swap_ratio,1,1645,6194.47814176678,,15582955,4.276055278181589,,1,1,0.0,0.0,0.0,0.0,,0,0,,,,0.0,4.276055278181589,-4.276055278181589,1,0.004477574793684677,-0.0006900629845328508,0.0,0.0,-0.0006898249458286391,0.0,0.0006898249458286391,0.0,3,3,price=observed;tvl=observed;lp_amount=none,False
2022-09-21T17:00:00+00:00,0.017564218283502818,0.017564218283502818,0.017440930609279058,0.017440930609279058,0.01748801163799798,WETH,pool_swap_ratio,2,1465,6256.1166033052405,,15583267,61.63846153846154,,2,2,0.0,0.0,0.0,0.0,,0,0,,,,61.63846153846154,0.0,61.63846153846154,2,-0.018882641981281215,0.009901368789372885,0.0,0.0,0.009950549526175438,0.0,0.009950549526175438,-0.002692188780148319,3,3,price=observed;tvl=observed;lp_amount=none,False
2022-09-21T18:00:00+00:00,0.018053878069913383,0.018053878069913383,0.017665633955713578,0.017665633955713578,0.01790111032416901,WETH,pool_swap_ratio,3,1369,6234.169404165882,,15583572,79.32922238560755,,3,3,0.0,0.0,0.0,0.0,,0,0,,,,28.691011623124574,50.63821076248298,-21.947199139358403,3,0.012801390157459744,-0.003514286496551812,0.0,0.0,-0.003508118619106816,0.0,0.012680265956631343,-0.013154288431902694,3,3,price=observed;tvl=observed;lp_amount=none,False
2022-09-21T19:00:00+00:00,,,,0.017665633955713578,,WETH,pool_swap_ratio,0,4969,6234.169404165882,,15583572,0.0,,0,0,0.0,0.0,0.0,0.0,,0,0,,,,0.0,0.0,0.0,0,0.0,0.0,0.0,0.0,0.0,0.0,0.0,,3,3,price=carried;tvl=carried;lp_amount=none,True
2022-09-21T20:00:00+00:00,,,,0.017665633955713578,,WETH,pool_swap_ratio,0,8569,6234.169404165882,,15583572,0.0,,0,0,0.0,0.0,0.0,0.0,,0,0,,,,0.0,0.0,0.0,0,0.0,0.0,0.0,0.0,0.0,0.0,0.0,,3,3,price=carried;tvl=carried;lp_amount=none,True
2022-09-21T21:00:00+00:00,0.017785035381123398,0.018024764835022966,0.017785035381123398,0.017985414607249485,0.017943989766103074,WETH,pool_swap_ratio,5,613,6105.737063627895,,15584527,160.54494978423864,,5,3,0.0,0.0,0.0,0.0,,0,0,,,,16.056304623124934,144.4886451611137,-128.43234053798878,5,0.017939961990278665,-0.020816523790278697,0.0,0.0,-0.02060135556344779,0.0,0.025752420150302154,0.0023085635740087707,3,3,price=observed;tvl=observed;lp_amount=none,False
2022-09-21T22:00:00+00:00,0.018144119415950868,0.018144119415950868,0.018144119415950868,0.018144119415950868,0.018144119415950868,WETH,pool_swap_ratio,1,2521,6080.737063627895,,15584667,24.999999999999922,,1,1,0.0,0.0,0.0,0.0,,0,0,,,,0.0,24.999999999999922,-24.999999999999922,1,0.008785379261896476,-0.004102915217245428,0.0,0.0,-0.004094509760160794,0.0,0.004094509760160794,0.0,3,3,price=observed;tvl=observed;lp_amount=none,False
2022-09-21T23:00:00+00:00,0.018252799570511236,0.018252799570511236,0.018094645427214257,0.018094645427214257,0.01822412019344788,WETH,pool_swap_ratio,2,1717,6047.858889050196,,15585032,32.878174577698175,,2,2,0.0,0.0,0.0,0.0,,0,0,,,,0.0,32.878174577698175,-32.878174577698175,2,-0.002730447336593861,-0.005421609432883119,0.0,0.0,-0.005406939032828756,0.0,0.005406939032828756,-0.00710458254550872,3,3,price=observed;tvl=observed;lp_amount=none,False
2022-09-22T00:00:00+00:00,,,,0.018094645427214257,,WETH,pool_swap_ratio,0,5317,6047.858889050196,,15585032,0.0,,0,0,0.0,0.0,0.0,0.0,,0,0,,,,0.0,0.0,0.0,0,0.0,0.0,0.0,0.0,0.0,0.0,0.0,,3,3,price=carried;tvl=carried;lp_amount=none,True
2022-09-22T01:00:00+00:00,,,,0.018094645427214257,,WETH,pool_swap_ratio,0,8917,6047.858889050196,,15585032,0.0,,0,0,0.0,0.0,0.0,0.0,,0,0,,,,0.0,0.0,0.0,0,0.0,0.0,0.0,0.0,0.0,0.0,0.0,,3,3,price=carried;tvl=carried;lp_amount=none,True
2022-09-22T02:00:00+00:00,0.018080430023239048,0.018080430023239048,0.018080430023239048,0.018080430023239048,0.018080430023239048,WETH,pool_swap_ratio,1,2821,6064.795705601651,,15585831,16.936816551455344,,1,1,0.0,0.0,0.0,0.0,,0,0,,,,16.936816551455344,0.0,16.936816551455344,1,-0.0007859226016756498,0.0027965509058723134,0.0,0.0,0.0028004649020697036,0.0,0.0028004649020697036,0.0,3,3,price=observed;tvl=observed;lp_amount=none,False
2022-09-22T03:00:00+00:00,0.018312629390827697,0.018372570385351637,0.01824872196526534,0.018372570385351637,0.0183014814683479,WETH,pool_swap_ratio,3,1969,6010.155320246538,,15586197,54.64038535511362,,3,1,0.0,0.0,0.0,0.0,,0,0,,,,0.0,54.640385355113615,-54.640385355113615,3,0.016028673277734308,-0.009050265825767626,0.0,0.0,-0.009009435438137826,0.0,0.009009435438137826,0.0038843258195619956,3,3,price=observed;tvl=observed;lp_amount=none,False
2022-09-22T04:00:00+00:00,0.018261013490840028,0.018261013490840028,0.018123769300669158,0.018244078598276484,0.01821801486979053,WETH,pool_swap_ratio,3,241,6027.847136095551,,15586634,17.691807054657154,,3,2,0.0,0.0,0.0,0.0,,0,0,,,,17.691815849012933,0.0,17.691815849012933,3,-0.007018245418670088,0.002939329618975741,0.0,0.0,0.0029436536838597393,0.0,0.002943652220610404,0.0014306568894713045,3,3,price=observed;tvl=observed;lp_amount=none,False
2022-09-22T05:00:00+00:00,0.018117197683827375,0.018117197683827375,0.018117197683827375,0.018117197683827375,0.018117197683827375,WETH,pool_swap_ratio,1,697,6041.721293997565,,15586894,13.874157902014305,,1,1,0.0,0.0,0.0,0.0,,0,0,,,,13.874157902014305,0.0,13.874157902014305,1,-0.006978931567052133,0.002299032329684119,0.0,0.0,0.00230167713095012,0.0,0.00230167713095012,0.0,3,3,price=observed;tvl=observed;lp_amount=none,False
2022-09-22T06:00:00+00:00,,,,0.018117197683827375,,WETH,pool_swap_ratio,0,4297,6041.721293997565,,15586894,0.0,,0,0,0.0,0.0,0.0,0.0,,0,0,,,,0.0,0.0,0.0,0,0.0,0.0,0.0,0.0,0.0,0.0,0.0,,3,3,price=carried;tvl=carried;lp_amount=none,True
2022-09-22T07:00:00+00:00,0.0181488088371165,0.0181488088371165,0.0181488088371165,0.0181488088371165,0.0181488088371165,WETH,pool_swap_ratio,1,493,6041.706991285868,,15587506,0.014302711697011068,,1,1,0.0,0.0,0.0,0.0,,0,0,,,,0.0,0.014302711697011068,-0.014302711697011068,1,0.001743294303804388,-2.36732678173986e-06,0.0,0.0,-2.367323979545494e-06,0.0,2.367323979545494e-06,0.0,3,3,price=observed;tvl=observed;lp_amount=none,False
2022-09-22T08:00:00+00:00,,,,0.0181488088371165,,WETH,pool_swap_ratio,0,4093,6041.706991285868,,15587506,0.0,,0,0,0.0,0.0,0.0,0.0,,0,0,,,,0.0,0.0,0.0,0,0.0,0.0,0.0,0.0,0.0,0.0,0.0,,3,3,price=carried;tvl=carried;lp_amount=none,True
2022-09-22T09:00:00+00:00,0.018027679595634442,0.018027679595634442,0.018027679595634442,0.018027679595634442,0.018027679595634442,WETH,pool_swap_ratio,1,3361,6052.793462796887,,15587865,11.086471511019498,,1,1,0.0,0.0,0.0,0.0,,0,0,,,,11.086471511019498,0.0,11.086471511019498,1,-0.0066965976739897645,0.0018333083963679533,0.0,0.0,0.0018349899336412446,0.0,0.0018349899336412446,0.0,3,3,price=observed;tvl=observed;lp_amount=none,False
2022-09-22T10:00:00+00:00,,,,0.018027679595634442,,WETH,pool_swap_ratio,0,6961,6052.793462796887,,15587865,0.0,,0,0,0.0,0.0,0.0,0.0,,0,0,,,,0.0,0.0,0.0,0,0.0,0.0,0.0,0.0,0.0,0.0,0.0,,3,3,price=carried;tvl=carried;lp_amount=none,True
2022-09-22T11:00:00+00:00,0.017942695537472075,0.017968530066178493,0.017942695537472075,0.017968530066178493,0.01795216593427852,WETH,pool_swap_ratio,2,325,6088.201161837589,,15588713,35.407699040702255,,2,1,0.0,0.0,0.0,0.0,,0,0,,,,35.407699040702255,0.0,35.407699040702255,2,-0.0032864339467641827,0.005832767498817545,0.0,0.0,0.005849811208383938,0.0,0.005849811208383938,0.0009115408112803092,3,3,price=observed;tvl=observed;lp_amount=none,False
2022-09-22T12:00:00+00:00,0.0177941159320037,0.0177941159320037,0.0177941159320037,0.0177941159320037,0.0177941159320037,WETH,pool_swap_ratio,1,2113,6124.949103633589,,15588864,36.747941796,,1,1,0.0,0.0,0.0,0.0,,0,0,,,,36.747941796,0.0,36.747941796,1,-0.00975406109602089,0.0060177844201528006,0.0,0.0,0.006035927660594652,0.0,0.006035927660594652,0.0,3,3,price=observed;tvl=observed;lp_amount=none,False
2022-09-22T13:00:00+00:00,0.017946867120048202,0.017946867120048202,0.017946867120048202,0.017946867120048202,0.017946867120048202,WETH,pool_swap_ratio,1,505,6132.14910363359,,15589294,7.2,,1,1,0.0,0.0,0.0,0.0,,0,0,,,,7.2,0.0,7.2,1,0.008547728968046656,0.001174829589578781,0.0,0.0,0.0011755199721951394,0.0,0.0011755199721951394,0.0,3,3,price=observed;tvl=observed;lp_amount=none,False
2022-09-22T14:00:00+00:00,0.01812356551927287,0.01812356551927287,0.01812356551927287,0.01812356551927287,0.01812356551927287,WETH,pool_swap_ratio,1,2569,6108.134964112918,,15589421,24.014139520670884,,1,1,0.0,0.0,0.0,0.0,,0,0,,,,0.0,24.014139520670884,-24.014139520670884,1,0.009797487844991088,-0.0039237929770577495,0.0,0.0,-0.003916104960076943,0.0,0.003916104960076943,0.0,3,3,price=observed;tvl=observed;lp_amount=none,False
2022-09-22T15:00:00+00:00,,,,0.01812356551927287,,WETH,pool_swap_ratio,0,6169,6108.134964112918,,15589421,0.0,,0,0,0.0,0.0,0.0,0.0,,0,0,,,,0.0,0.0,0.0,0,0.0,0.0,0.0,0.0,0.0,0.0,0.0,,3,3,price=carried;tvl=carried;lp_amount=none,True
2022-09-22T16:00:00+00:00,0.018134137691887393,0.018143680335819225,0.018134137691887393,0.018143680335819225,0.01813756305882986,WETH,pool_swap_ratio,2,2041,6071.944132865052,,15590059,36.19083124786584,,2,2,0.0,0.0,0.0,0.0,,0,0,,,,0.0,36.19083124786584,-36.19083124786584,2,0.001109255369941444,-0.005942644126743265,0.0,0.0,-0.005925021542663607,0.0,0.005925021542663607,0.0003372711631393077,3,3,price=observed;tvl=observed;lp_amount=none,False
2022-09-22T17:00:00+00:00,,,,0.018143680335819225,,WETH,pool_swap_ratio,0,5641,6071.944132865052,,15590059,0.0,,0,0,0.0,0.0,0.0,0.0,,0,0,,,,0.0,0.0,0.0,0,0.0,0.0,0.0,0.0,0.0,0.0,0.0,,3,3,price=carried;tvl=carried;lp_amount=none,True
2022-09-22T18:00:00+00:00,0.01804078182671636,0.01804078182671636,0.01804078182671636,0.01804078182671636,0.01804078182671636,WETH,pool_swap_ratio,1,1441,6092.444132865052,,15590708,20.5,,1,1,0.0,0.0,0.0,0.0,,0,0,,,,20.5,0.0,20.5,1,-0.005687457009223897,0.0033704973828972643,0.0,0.0,0.0033761838961991666,0.0,0.0033761838961991666,0.0,3,3,price=observed;tvl=observed;lp_amount=none,False
2022-09-22T19:00:00+00:00,0.018145689331907862,0.018145689331907862,0.018145689331907862,0.018145689331907862,0.018145689331907862,WETH,pool_swap_ratio,1,2353,6098.215938166108,,15590932,5.771805301055724,,1,1,0.0,0.0,0.0,0.0,,0,0,,,,5.771805301055724,0.0,5.771805301055724,1,0.005798177923314413,0.0009469225946264881,0.0,0.0,0.0009473710673718491,0.0,0.0009473710673718491,0.0,3,3,price=observed;tvl=observed;lp_amount=none,False
2022-09-22T20:00:00+00:00,0.017828758903036243,0.017952749567028387,0.017828758903036243,0.017952749567028387,0.017863070142110398,WETH,pool_swap_ratio,2,1141,6123.239785029729,,15591332,25.023846863621387,,2,2,0.0,0.0,0.0,0.0,,0,0,,,,25.023846863621387,0.0,25.023846863621387,2,-0.010689747703296048,0.004095073843972845,0.0,0.0,0.004103470116072457,0.0,0.004103470116072457,0.0050203813904630135,3,3,price=observed;tvl=observed;lp_amount=none,False
2022-09-22T21:00:00+00:00,,,,0.017952749567028387,,WETH,pool_swap_ratio,0,4741,6123.239785029729,,15591332,0.0,,0,0,0.0,0.0,0.0,0.0,,0,0,,,,0.0,0.0,0.0,0,0.0,0.0,0.0,0.0,0.0,0.0,0.0,,3,3,price=carried;tvl=carried;lp_amount=none,True
2022-09-22T22:00:00+00:00,0.017804175918282577,0.017847767216252215,0.017804175918282577,0.017847767216252215,0.017804441062023616,WETH,pool_swap_ratio,2,1537,6130.97902892232,,15591897,7.73924389259,,2,2,0.0,0.0,0.0,0.0,,0,0,,,,7.73924389259,0.0,7.73924389259,2,-0.0058648679476802175,0.0012631151832787546,0.0,0.0,0.0012639132492428475,0.0,0.0012639132492428475,0.002433446468645961,3,3,price=observed;tvl=observed;lp_amount=none,False
2022-09-22T23:00:00+00:00,,,,0.017847767216252215,,WETH,pool_swap_ratio,0,5137,6130.97902892232,,15591897,0.0,,0,0,0.0,0.0,0.0,0.0,,0,0,,,,0.0,0.0,0.0,0,0.0,0.0,0.0,0.0,0.0,0.0,0.0,,3,3,price=carried;tvl=carried;lp_amount=none,True
2022-09-23T00:00:00+00:00,0.01773521601662264,0.01773521601662264,0.01773521601662264,0.01773521601662264,0.01773521601662264,WETH,pool_swap_ratio,1,913,6150.979029535854,,15592548,20.000000613534873,,1,1,0.0,0.0,0.0,0.0,,0,0,,,,20.000000613534873,0.0,20.000000613534873,1,-0.0063261460823642425,0.00325681266722872,0.0,0.0,0.0032621218437033856,0.0,0.0032621218437033856,0.0,3,3,price=observed;tvl=observed;lp_amount=none,False
2022-09-23T01:00:00+00:00,0.017697216414772926,0.017697216414772926,0.017697216414772926,0.017697216414772926,0.017697216414772926,WETH,pool_swap_ratio,1,229,6161.104029535854,,15592902,10.125,,1,1,0.0,0.0,0.0,0.0,,0,0,,,,10.125,0.0,10.125,1,-0.0021449058848425477,0.00164472611724103,0.0,0.0,0.0016460794210777891,0.0,0.0016460794210777891,0.0,3,3,price=observed;tvl=observed;lp_amount=none,False
2022-09-23T02:00:00+00:00,,,,0.017697216414772926,,WETH,pool_swap_ratio,0,3829,6161.104029535854,,15592902,0.0,,0,0,0.0,0.0,0.0,0.0,,0,0,,,,0.0,0.0,0.0,0,0.0,0.0,0.0,0.0,0.0,0.0,0.0,,3,3,price=carried;tvl=carried;lp_amount=none,True
2022-09-23T03:00:00+00:00,0.0179034661302966,0.018164948147461408,0.017795695020759235,0.01785884206555829,0.01796321821661578,WETH,pool_swap_ratio,12,289,6141.689583438345,,15593492,204.2107241280364,,12,3,0.0,0.0,0.0,0.0,,0,0,,,,92.39813901526324,111.8125851127731,-19.414446097509867,12,0.009091376880939533,-0.0031561062997354263,0.0,0.0,-0.0031511310317823755,0.0,0.033145151120491725,-0.005810548521920311,3,3,price=observed;tvl=observed;lp_amount=none,False
2022-09-23T04:00:00+00:00,0.01807910885663603,0.018202616410515945,0.017831219139435805,0.017831219139435805,0.018051170872019774,WETH,pool_swap_ratio,8,613,6132.600094623211,,15593764,190.91051118770147,,8,5,0.0,0.0,0.0,0.0,,0,0,,,,90.9105111862834,100.00000000141812,-9.089488815134715,8,-0.0015479341141744966,-0.0014810617502203042,0.0,0.0,-0.0014799655195282732,0.0,0.031084363446584794,-0.012184901142612614,3,3,price=observed;tvl=observed;lp_amount=none,False
2022-09-23T05:00:00+00:00,0.017815149954464166,0.017815149954464166,0.017815149954464166,0.017815149954464166,0.017815149954464166,WETH,pool_swap_ratio,1,2653,6132.600094623211,,15593894,4.153856082243777,,1,1,0.0,0.0,0.0,0.0,,0,1,,,1.0,4.153856082243777,4.153856082243777,0.0,2,-0.0009015889398335113,0.0,0.0,0.0,0.0,0.0,0.000677340119712957,0.0,3,3,price=observed;tvl=observed;lp_amount=quantified,False
2022-09-23T06:00:00+00:00,,,,0.017815149954464166,,WETH,pool_swap_ratio,0,6253,6132.600094623211,,15593894,0.0,,0,0,0.0,0.0,0.0,0.0,,0,0,,,,0.0,0.0,0.0,0,0.0,0.0,0.0,0.0,0.0,0.0,0.0,,3,3,price=carried;tvl=carried;lp_amount=none,True
2022-09-23T07:00:00+00:00,0.017602969009029724,0.017602969009029724,0.017602969009029724,0.017602969009029724,0.017602969009029724,WETH,pool_swap_ratio,1,3397,6202.605423552537,,15594430,70.00532892932627,,1,1,0.0,0.0,0.0,0.0,,0,0,,,,70.00532892932627,0.0,70.00532892932627,1,-0.011981634825434876,0.011350614374071408,0.0,0.0,0.011415277019400597,0.0,0.011415277019400597,0.0,3,3,price=observed;tvl=observed;lp_amount=none,False
2022-09-23T08:00:00+00:00,0.017674357214286528,0.017674357214286528,0.017674357214286528,0.017674357214286528,0.017674357214286528,WETH,pool_swap_ratio,1,1981,6213.793136834074,,15594848,11.187713281537663,,1,1,0.0,0.0,0.0,0.0,,0,0,,,,11.187713281537663,0.0,11.187713281537663,1,0.004047262666776932,0.001802087176054826,0.0,0.0,0.001803711910974648,0.0,0.001803711910974648,0.0,3,3,price=observed;tvl=observed;lp_amount=none,False
2022-09-23T09:00:00+00:00,,,,0.017674357214286528,,WETH,pool_swap_ratio,0,5581,6213.793136834074,,15594848,0.0,,0,0,0.0,0.0,0.0,0.0,,0,0,,,,0.0,0.0,0.0,0,0.0,0.0,0.0,0.0,0.0,0.0,0.0,,3,3,price=carried;tvl=carried;lp_amount=none,True
2022-09-23T10:00:00+00:00,0.017809986756372582,0.017842758797517094,0.017758009436237263,0.017758009436237263,0.01781903819011753,WETH,pool_swap_ratio,3,217,6180.924629609278,,15595589,45.66850722479617,,3,2,0.0,0.0,0.0,0.0,,0,0,,,,6.4,39.26850722479617,-32.86850722479617,3,0.004721805810927118,-0.005303643840810184,0.0,0.0,-0.005289604352928727,0.0,0.007349537749186202,-0.003424918518560416,3,3,price=observed;tvl=observed;lp_amount=none,False
2022-09-23T11:00:00+00:00,0.017878172547592712,0.018007919387433836,0.01786056129403489,0.018007919387433836,0.01795835108483771,WETH,pool_swap_ratio,4,841,6134.671532538002,,15595837,46.25309707127579,,4,2,0.0,0.0,0.0,0.0,,0,0,,,,0.0,46.25309707127579,-46.25309707127579,4,0.013974977118563393,-0.007511339918850989,0.0,0.0,-0.0074832003046443295,0.0,0.0074832003046443295,0.0027601811748727556,3,3,price=observed;tvl=observed;lp_amount=none,False
2022-09-23T12:00:00+00:00,,,,0.018007919387433836,,WETH,pool_swap_ratio,0,4441,6134.671532538002,,15595837,0.0,,0,0,0.0,0.0,0.0,0.0,,0,0,,,,0.0,0.0,0.0,0,0.0,0.0,0.0,0.0,0.0,0.0,0.0,,3,3,price=carried;tvl=carried;lp_amount=none,True
2022-09-23T13:00:00+00:00,0.01786093675637747,0.01786093675637747,0.01786093675637747,0.01786093675637747,0.01786093675637747,WETH,pool_swap_ratio,1,2737,6134.66735466385,,15596277,0.004177874151721395,,1,1,0.0,0.0,0.0,0.0,,0,0,,,,0.0,0.004177874151721395,-0.004177874151721395,1,-0.008195603070017661,-6.810267757237515e-07,0.0,0.0,-6.810265438927173e-07,0.0,6.810265438927173e-07,0.0,3,3,price=observed;tvl=observed;lp_amount=none,False
2022-09-23T14:00:00+00:00,,,,0.01786093675637747,,WETH,pool_swap_ratio,0,6337,6134.66735466385,,15596277,0.0,,0,0,0.0,0.0,0.0,0.0,,0,0,,,,0.0,0.0,0.0,0,0.0,0.0,0.0,0.0,0.0,0.0,0.0,,3,3,price=carried;tvl=carried;lp_amount=none,True
2022-09-23T15:00:00+00:00,0.017861067793901977,0.01794994206849966,0.017861067793901977,0.01794994206849966,0.017949871166938944,WETH,pool_swap_ratio,3,721,6140.413528412604,,15597038,5.755356711246176,,3,2,0.0,0.0,0.0,0.0,,0,0,,,,5.75076523,0.004591481246175606,5.746173748753824,3,0.004970863509399796,0.0009362340213011771,0.0,0.0,0.0009366724251780864,0.0,0.0009381693217433696,3.949976022488144e-06,3,3,price=observed;tvl=observed;lp_amount=none,False
2022-09-23T16:00:00+00:00,0.017754130687437187,0.01786743412605296,0.017754116745565277,0.01786743412605296,0.017864036302669712,WETH,pool_swap_ratio,10,1993,6140.202638739619,,15597230,0.2118320339091377,,10,2,0.0,0.0,0.0,0.0,,0,0,,,,0.00047118046208644205,0.21136085344705127,-0.21088967298496483,10,-0.004607154244933423,-3.43451289634683e-05,0.0,0.0,-3.434453917625369e-05,0.0,3.449800781803367e-05,0.0001902046841866234,3,3,price=observed;tvl=observed;lp_amount=none,False
2022-09-23T17:00:00+00:00,0.0178677619410588,0.0178677619410588,0.0178677619410588,0.0178677619410588,0.0178677619410588,WETH,pool_swap_ratio,1,673,6140.181757348249,,15597638,0.020881391370154486,,1,1,0.0,0.0,0.0,0.0,,0,0,,,,0.0,0.020881391370154486,-0.020881391370154486,1,1.8346898404075597e-05,-3.4007716202195442e-06,0.0,0.0,-3.400765837663095e-06,0.0,3.400765837663095e-06,0.0,3,3,price=observed;tvl=observed;lp_amount=none,False
2022-09-23T18:00:00+00:00,0.017868231128612293,0.01804271400205494,0.017868231128612293,0.01804271400205494,0.018042549816913143,WETH,pool_swap_ratio,2,253,6129.086510063558,,15597972,11.095247284690577,,2,2,0.0,0.0,0.0,0.0,,0,0,,,,0.0,11.095247284690577,-11.095247284690577,2,0.009743866690952287,-0.001808624616784003,0.0,0.0,-0.0018069900408749894,0.0,0.0018069900408749894,9.099885740271318e-06,3,3,price=observed;tvl=observed;lp_amount=none,False
2022-09-23T19:00:00+00:00,0.018035723570216294,0.018035723570216294,0.018035723570216294,0.018035723570216294,0.018035723570216294,WETH,pool_swap_ratio,1,1561,6117.997406861164,,15598163,11.089103202395195,,1,1,0.0,0.0,0.0,0.0,,0,0,,,,0.0,11.089103202395195,-11.089103202395195,1,-0.00038751300757522926,-0.0018108974035019277,0.0,0.0,-0.0018092587181120082,0.0,0.0018092587181120082,0.0,3,3,price=observed;tvl=observed;lp_amount=none,False
2022-09-23T20:00:00+00:00,,,,0.018035723570216294,,WETH,pool_swap_ratio,0,5161,6117.997406861164,,15598163,0.0,,0,0,0.0,0.0,0.0,0.0,,0,0,,,,0.0,0.0,0.0,0,0.0,0.0,0.0,0.0,0.0,0.0,0.0,,3,3,price=carried;tvl=carried;lp_amount=none,True
2022-09-23T21:00:00+00:00,,,,0.018035723570216294,,WETH,pool_swap_ratio,0,8761,6117.997406861164,,15598163,0.0,,0,0,0.0,0.0,0.0,0.0,,0,0,,,,0.0,0.0,0.0,0,0.0,0.0,0.0,0.0,0.0,0.0,0.0,,3,3,price=carried;tvl=carried;lp_amount=none,True
2022-09-23T22:00:00+00:00,0.017988544444834366,0.017988544444834366,0.017988544444834366,0.017988544444834366,0.017988544444834366,WETH,pool_swap_ratio,1,2785,6125.094033138829,,15598959,7.0966262776662585,,1,1,0.0,0.0,0.0,0.0,,0,0,,,,7.0966262776662585,0.0,7.0966262776662585,1,-0.002619298320553943,0.0011592867875297916,0.0,0.0,0.001159959020202851,0.0,0.001159959020202851,0.0,3,3,price=observed;tvl=observed;lp_amount=none,False
2022-09-23T23:00:00+00:00,,,,0.017988544444834366,,WETH,pool_swap_ratio,0,6385,6125.094033138829,,15598959,0.0,,0,0,0.0,0.0,0.0,0.0,,0,0,,,,0.0,0.0,0.0,0,0.0,0.0,0.0,0.0,0.0,0.0,0.0,,3,3,price=carried;tvl=carried;lp_amount=none,True
2022-09-24T00:00:00+00:00,,,,0.017988544444834366,,WETH,pool_swap_ratio,0,9985,6125.094033138829,,15598959,0.0,,0,0,0.0,0.0,0.0,0.0,,0,0,,,,0.0,0.0,0.0,0,0.0,0.0,0.0,0.0,0.0,0.0,0.0,,3,3,price=carried;tvl=carried;lp_amount=none,True
2022-09-24T01:00:00+00:00,,,,0.017988544444834366,,WETH,pool_swap_ratio,0,13585,6125.094033138829,,15598959,0.0,,0,0,0.0,0.0,0.0,0.0,,0,0,,,,0.0,0.0,0.0,0,0.0,0.0,0.0,0.0,0.0,0.0,0.0,,3,3,price=carried;tvl=carried;lp_amount=none,True
2022-09-24T02:00:00+00:00,0.017811594355424863,0.01792375949286691,0.017811594355424863,0.01792375949286691,0.01786882146683172,WETH,pool_swap_ratio,2,1885,6124.278156814157,,15600231,39.97792359560722,,2,2,0.0,0.0,0.0,0.0,,0,0,,,,19.581023635467602,20.396899960139617,-0.8158763246720149,2,-0.0036079568917219726,-0.00013321112514608186,0.0,0.0,-0.0001332022529381342,0.0,0.006526907730610035,0.003074518716142949,3,3,price=observed;tvl=observed;lp_amount=none,False
2022-09-24T03:00:00+00:00,0.018135495424747673,0.018135495424747673,0.018135495424747673,0.018135495424747673,0.018135495424747673,WETH,pool_swap_ratio,1,289,6099.120900462509,,15600663,25.157256351648268,,1,1,0.0,0.0,0.0,0.0,,0,0,,,,0.0,25.157256351648268,-25.157256351648268,1,0.01174391239649131,-0.004116251421524854,0.0,0.0,-0.004107791270658916,0.0,0.004107791270658916,0.0,3,3,price=observed;tvl=observed;lp_amount=none,False
2022-09-24T04:00:00+00:00,0.017832463650813188,0.017943379371914342,0.017832463650813188,0.017943379371914342,0.017888812635587593,WETH,pool_swap_ratio,2,1801,6084.243452563026,,15600837,35.55856692825005,,2,2,0.0,0.0,0.0,0.0,,0,1,,,1.0,17.49359717871899,32.37104507820223,-14.87744789948324,3,-0.010649881390654902,-0.002442257304838551,0.0,0.0,-0.0024392774208419205,0.0,0.005830113471853554,0.003050327455395019,3,3,price=observed;tvl=observed;lp_amount=quantified,False
2022-09-24T05:00:00+00:00,,,,0.017943379371914342,,WETH,pool_swap_ratio,0,5401,6084.243452563026,,15600837,0.0,,0,0,0.0,0.0,0.0,0.0,,0,0,,,,0.0,0.0,0.0,0,0.0,0.0,0.0,0.0,0.0,0.0,0.0,,3,3,price=carried;tvl=carried;lp_amount=none,True
2022-09-24T06:00:00+00:00,0.01798927184351112,0.01798927184351112,0.01798927184351112,0.01798927184351112,0.01798927184351112,WETH,pool_swap_ratio,1,97,6084.237927000617,,15601575,0.005525562408850513,,1,1,0.0,0.0,0.0,0.0,,0,0,,,,0.0,0.005525562408850513,-0.005525562408850513,1,0.0025543618406985266,-9.081761703217499e-07,0.0,0.0,-9.081757579116653e-07,0.0,9.081757579116653e-07,0.0,3,3,price=observed;tvl=observed;lp_amount=none,False
2022-09-24T07:00:00+00:00,,,,0.01798927184351112,,WETH,pool_swap_ratio,0,3697,6084.237927000617,,15601575,0.0,,0,0,0.0,0.0,0.0,0.0,,0,0,,,,0.0,0.0,0.0,0,0.0,0.0,0.0,0.0,0.0,0.0,0.0,,3,3,price=carried;tvl=carried;lp_amount=none,True
2022-09-24T08:00:00+00:00,,,,0.01798927184351112,,WETH,pool_swap_ratio,0,7297,6084.237927000617,,15601575,0.0,,0,0,0.0,0.0,0.0,0.0,,0,0,,,,0.0,0.0,0.0,0,0.0,0.0,0.0,0.0,0.0,0.0,0.0,,3,3,price=carried;tvl=carried;lp_amount=none,True
2022-09-24T09:00:00+00:00,,,,0.01798927184351112,,WETH,pool_swap_ratio,0,10897,6084.237927000617,,15601575,0.0,,0,0,0.0,0.0,0.0,0.0,,0,0,,,,0.0,0.0,0.0,0,0.0,0.0,0.0,0.0,0.0,0.0,0.0,,3,3,price=carried;tvl=carried;lp_amount=none,True
2022-09-24T10:00:00+00:00,,,,0.01798927184351112,,WETH,pool_swap_ratio,0,14497,6084.237927000617,,15601575,0.0,,0,0,0.0,0.0,0.0,0.0,,0,0,,,,0.0,0.0,0.0,0,0.0,0.0,0.0,0.0,0.0,0.0,0.0,,3,3,price=carried;tvl=carried;lp_amount=none,True
2022-09-24T11:00:00+00:00,,,,0.01798927184351112,,WETH,pool_swap_ratio,0,18097,6084.237927000617,,15601575,0.0,,0,0,0.0,0.0,0.0,0.0,,0,0,,,,0.0,0.0,0.0,0,0.0,0.0,0.0,0.0,0.0,0.0,0.0,,3,3,price=carried;tvl=carried;lp_amount=none,True
2022-09-24T12:00:00+00:00,,,,0.01798927184351112,,WETH,pool_swap_ratio,0,21697,6084.237927000617,,15601575,0.0,,0,0,0.0,0.0,0.0,0.0,,0,0,,,,0.0,0.0,0.0,0,0.0,0.0,0.0,0.0,0.0,0.0,0.0,,3,3,price=carried;tvl=carried;lp_amount=none,True
2022-09-24T13:00:00+00:00,,,,0.01798927184351112,,WETH,pool_swap_ratio,0,25297,6084.237927000617,,15601575,0.0,,0,0,0.0,0.0,0.0,0.0,,0,0,,,,0.0,0.0,0.0,0,0.0,0.0,0.0,0.0,0.0,0.0,0.0,,3,3,price=carried;tvl=carried;lp_amount=none,True
2022-09-24T14:00:00+00:00,,,,0.01798927184351112,,WETH,pool_swap_ratio,0,28897,6084.237927000617,,15601575,0.0,,0,0,0.0,0.0,0.0,0.0,,0,0,,,,0.0,0.0,0.0,0,0.0,0.0,0.0,0.0,0.0,0.0,0.0,,3,3,price=carried;tvl=carried;lp_amount=none,True
2022-09-24T15:00:00+00:00,0.017878980836470947,0.017878980836470947,0.017878980836470947,0.017878980836470947,0.017878980836470947,WETH,pool_swap_ratio,1,385,6094.441323049972,,15604242,10.203396049354781,,1,1,0.0,0.0,0.0,0.0,,0,0,,,,10.203396049354781,0.0,10.203396049354781,1,-0.006149803595131392,0.0016756165799579168,0.0,0.0,0.0016770212098501562,0.0,0.0016770212098501562,0.0,3,3,price=observed;tvl=observed;lp_amount=none,False
2022-09-24T16:00:00+00:00,,,,0.017878980836470947,,WETH,pool_swap_ratio,0,3985,6094.441323049972,,15604242,0.0,,0,0,0.0,0.0,0.0,0.0,,0,0,,,,0.0,0.0,0.0,0,0.0,0.0,0.0,0.0,0.0,0.0,0.0,,3,3,price=carried;tvl=carried;lp_amount=none,True
2022-09-24T17:00:00+00:00,,,,0.017878980836470947,,WETH,pool_swap_ratio,0,7585,6094.441323049972,,15604242,0.0,,0,0,0.0,0.0,0.0,0.0,,0,0,,,,0.0,0.0,0.0,0,0.0,0.0,0.0,0.0,0.0,0.0,0.0,,3,3,price=carried;tvl=carried;lp_amount=none,True
2022-09-24T18:00:00+00:00,,,,0.017878980836470947,,WETH,pool_swap_ratio,0,11185,6094.441323049972,,15604242,0.0,,0,0,0.0,0.0,0.0,0.0,,0,0,,,,0.0,0.0,0.0,0,0.0,0.0,0.0,0.0,0.0,0.0,0.0,,3,3,price=carried;tvl=carried;lp_amount=none,True
2022-09-24T19:00:00+00:00,0.0177597521265958,0.0177597521265958,0.017749277032142397,0.017749277032142397,0.017755047075564277,WETH,pool_swap_ratio,3,817,6149.081708405086,,15605395,54.640385355113615,,3,1,0.0,0.0,0.0,0.0,,0,0,,,,54.64038535511361,0.0,54.64038535511361,3,-0.007280983415035691,0.008925657748817274,0.0,0.0,0.008965610210809076,0.0,0.008965610210809077,-0.0003249804631506592,3,3,price=observed;tvl=observed;lp_amount=none,False
2022-09-24T20:00:00+00:00,0.01784263183726736,0.01784263183726736,0.01784263183726736,0.01784263183726736,0.01784263183726736,WETH,pool_swap_ratio,1,2041,6137.956005776689,,15605592,11.12570262839619,,1,1,0.0,0.0,0.0,0.0,,0,0,,,,0.0,11.12570262839619,-11.12570262839619,1,0.00524585627331003,-0.0018109663090247845,0.0,0.0,-0.00180932749896438,0.0,0.00180932749896438,0.0,3,3,price=observed;tvl=observed;lp_amount=none,False
2022-09-24T21:00:00+00:00,,,,0.01784263183726736,,WETH,pool_swap_ratio,0,5641,6137.956005776689,,15605592,0.0,,0,0,0.0,0.0,0.0,0.0,,0,0,,,,0.0,0.0,0.0,0,0.0,0.0,0.0,0.0,0.0,0.0,0.0,,3,3,price=carried;tvl=carried;lp_amount=none,True
2022-09-24T22:00:00+00:00,0.017873933636443295,0.017873933636443295,0.017873933636443295,0.017873933636443295,0.017873933636443295,WETH,pool_swap_ratio,1,2857,6129.284000976998,,15606122,8.672004799692045,,1,1,0.0,0.0,0.0,0.0,,0,0,,,,0.0,8.672004799692045,-8.672004799692045,1,0.0017527893163713723,-0.001413847978763612,0.0,0.0,-0.0014128489665827606,0.0,0.0014128489665827606,0.0,3,3,price=observed;tvl=observed;lp_amount=none,False
2022-09-24T23:00:00+00:00,0.017917226240965214,0.01801285654320715,0.017917226240965214,0.01801285654320715,0.0179742927428287,WETH,pool_swap_ratio,3,313,6116.140956235651,,15606633,13.143044741346129,,3,3,0.0,0.0,0.0,0.0,,0,0,,,,0.0,13.143044741346129,-13.143044741346129,3,0.0077423252416446925,-0.0021466057460819486,0.0,0.0,-0.002144303435646178,0.0,0.002144303435646178,0.0021454975130432707,3,3,price=observed;tvl=observed;lp_amount=none,False
2022-09-25T00:00:00+00:00,0.017808236124775233,0.017878472872588282,0.017808236124775233,0.017878472872588282,0.017835159139069787,WETH,pool_swap_ratio,3,1,6131.927710111866,,15606957,40.54341890378536,,3,2,0.0,0.0,0.0,0.0,,0,0,,,,28.16508639,12.378332513785358,15.786753876214641,3,-0.007488399052467585,0.002577837053089933,0.0,0.0,0.0025811625319261833,0.0,0.006628921601692275,0.0024285588472048314,3,3,price=observed;tvl=observed;lp_amount=none,False
2022-09-25T01:00:00+00:00,0.017469547321216063,0.01778533588541753,0.017469547321216063,0.01764065137643836,0.017608929005760818,WETH,pool_swap_ratio,6,1717,6147.647688057713,,15607114,279.7911990987,,6,3,0.0,0.0,0.0,0.0,,0,0,,,,147.7555885222738,132.03561057642625,15.719977945847546,6,-0.013391380288402444,0.00256034692139595,0.0,0.0,0.0025636274087061546,0.0,0.045628587342494246,0.0018014934734056354,3,3,price=observed;tvl=observed;lp_amount=none,False
2022-09-25T02:00:00+00:00,,,,0.01764065137643836,,WETH,pool_swap_ratio,0,5317,6147.647688057713,,15607114,0.0,,0,0,0.0,0.0,0.0,0.0,,0,0,,,,0.0,0.0,0.0,0,0.0,0.0,0.0,0.0,0.0,0.0,0.0,,3,3,price=carried;tvl=carried;lp_amount=none,True
2022-09-25T03:00:00+00:00,,,,0.01764065137643836,,WETH,pool_swap_ratio,0,8917,6147.647688057713,,15607114,0.0,,0,0,0.0,0.0,0.0,0.0,,0,0,,,,0.0,0.0,0.0,0,0.0,0.0,0.0,0.0,0.0,0.0,0.0,,3,3,price=carried;tvl=carried;lp_amount=none,True
2022-09-25T04:00:00+00:00,0.01782641986827327,0.01782641986827327,0.01782641986827327,0.01782641986827327,0.01782641986827327,WETH,pool_swap_ratio,1,925,6148.660148111119,,15608079,1.012460053406474,,1,1,0.0,0.0,0.0,0.0,,0,0,,,,1.012460053406474,0.0,1.012460053406474,1,0.010475643133257698,0.00016467708342769879,0.0,0.0,0.0001646906434428988,0.0,0.0001646906434428988,0.0,3,3,price=observed;tvl=observed;lp_amount=none,False
2022-09-25T05:00:00+00:00,,,,0.01782641986827327,,WETH,pool_swap_ratio,0,4525,6148.660148111119,,15608079,0.0,,0,0,0.0,0.0,0.0,0.0,,0,0,,,,0.0,0.0,0.0,0,0.0,0.0,0.0,0.0,0.0,0.0,0.0,,3,3,price=carried;tvl=carried;lp_amount=none,True
2022-09-25T06:00:00+00:00,,,,0.01782641986827327,,WETH,pool_swap_ratio,0,8125,6148.660148111119,,15608079,0.0,,0,0,0.0,0.0,0.0,0.0,,0,0,,,,0.0,0.0,0.0,0,0.0,0.0,0.0,0.0,0.0,0.0,0.0,,3,3,price=carried;tvl=carried;lp_amount=none,True
2022-09-25T07:00:00+00:00,,,,0.01782641986827327,,WETH,pool_swap_ratio,0,11725,6148.660148111119,,15608079,0.0,,0,0,0.0,0.0,0.0,0.0,,0,0,,,,0.0,0.0,0.0,0,0.0,0.0,0.0,0.0,0.0,0.0,0.0,,3,3,price=carried;tvl=carried;lp_amount=none,True
2022-09-25T08:00:00+00:00,,,,0.01782641986827327,,WETH,pool_swap_ratio,0,15325,6148.660148111119,,15608079,0.0,,0,0,0.0,0.0,0.0,0.0,,0,0,,,,0.0,0.0,0.0,0,0.0,0.0,0.0,0.0,0.0,0.0,0.0,,3,3,price=carried;tvl=carried;lp_amount=none,True
2022-09-25T09:00:00+00:00,,,,0.01782641986827327,,WETH,pool_swap_ratio,0,18925,6148.660148111119,,15608079,0.0,,0,0,0.0,0.0,0.0,0.0,,0,0,,,,0.0,0.0,0.0,0,0.0,0.0,0.0,0.0,0.0,0.0,0.0,,3,3,price=carried;tvl=carried;lp_amount=none,True
2022-09-25T10:00:00+00:00,,,,0.01782641986827327,,WETH,pool_swap_ratio,0,22525,6148.660148111119,,15608079,0.0,,0,0,0.0,0.0,0.0,0.0,,0,0,,,,0.0,0.0,0.0,0,0.0,0.0,0.0,0.0,0.0,0.0,0.0,,3,3,price=carried;tvl=carried;lp_amount=none,True
2022-09-25T11:00:00+00:00,,,,0.01782641986827327,,WETH,pool_swap_ratio,0,26125,6148.660148111119,,15608079,0.0,,0,0,0.0,0.0,0.0,0.0,,0,0,,,,0.0,0.0,0.0,0,0.0,0.0,0.0,0.0,0.0,0.0,0.0,,3,3,price=carried;tvl=carried;lp_amount=none,True
2022-09-25T12:00:00+00:00,0.01796471235028375,0.01796471235028375,0.01796471235028375,0.01796471235028375,0.01796471235028375,WETH,pool_swap_ratio,1,1225,6138.660148111119,,15610442,10.0,,1,1,0.0,0.0,0.0,0.0,,0,0,,,,0.0,10.0,-10.0,1,0.007727789631593391,-0.0016276945610181589,0.0,0.0,-0.001626370584666648,0.0,0.001626370584666648,0.0,3,3,price=observed;tvl=observed;lp_amount=none,False
2022-09-25T13:00:00+00:00,0.01804043493962817,0.0180565927491051,0.01778463890559202,0.0180565927491051,0.017987212160095963,WETH,pool_swap_ratio,4,1189,6100.882736289711,,15610745,51.14023590691204,,4,3,0.0,0.0,0.0,0.0,,0,0,,,,6.681412042751401,44.458823864160635,-37.77741182140923,4,0.005101458585825473,-0.006173029849437739,0.0,0.0,-0.0061540158454664465,0.0,0.00833084658101622,0.003857217471590957,3,3,price=observed;tvl=observed;lp_amount=none,False
2022-09-25T14:00:00+00:00,,,,0.0180565927491051,,WETH,pool_swap_ratio,0,4789,6100.882736289711,,15610745,0.0,,0,0,0.0,0.0,0.0,0.0,,0,0,,,,0.0,0.0,0.0,0,0.0,0.0,0.0,0.0,0.0,0.0,0.0,,3,3,price=carried;tvl=carried;lp_amount=none,True
2022-09-25T15:00:00+00:00,,,,0.0180565927491051,,WETH,pool_swap_ratio,0,8389,6100.882736289711,,15610745,0.0,,0,0,0.0,0.0,0.0,0.0,,0,0,,,,0.0,0.0,0.0,0,0.0,0.0,0.0,0.0,0.0,0.0,0.0,,3,3,price=carried;tvl=carried;lp_amount=none,True
2022-09-25T16:00:00+00:00,,,,0.0180565927491051,,WETH,pool_swap_ratio,0,11989,6100.882736289711,,15610745,0.0,,0,0,0.0,0.0,0.0,0.0,,0,0,,,,0.0,0.0,0.0,0,0.0,0.0,0.0,0.0,0.0,0.0,0.0,,3,3,price=carried;tvl=carried;lp_amount=none,True
2022-09-25T17:00:00+00:00,0.018122129017854684,0.018195866357384752,0.018122129017854684,0.018195866357384752,0.018161780827862982,WETH,pool_swap_ratio,2,2641,6048.559052855697,,15611819,52.3236834340136,,2,1,0.0,0.0,0.0,0.0,,0,0,,,,0.0,52.3236834340136,-52.3236834340136,2,0.0076835777162289785,-0.008613400983489486,0.0,0.0,-0.008576411921963045,0.0,0.008576411921963045,0.0018767724291375298,3,3,price=observed;tvl=observed;lp_amount=none,False
2022-09-25T18:00:00+00:00,,,,0.018195866357384752,,WETH,pool_swap_ratio,0,6241,6048.559052855697,,15611819,0.0,,0,0,0.0,0.0,0.0,0.0,,0,0,,,,0.0,0.0,0.0,0,0.0,0.0,0.0,0.0,0.0,0.0,0.0,,3,3,price=carried;tvl=carried;lp_amount=none,True
2022-09-25T19:00:00+00:00,,,,0.018195866357384752,,WETH,pool_swap_ratio,0,9841,6048.559052855697,,15611819,0.0,,0,0,0.0,0.0,0.0,0.0,,0,0,,,,0.0,0.0,0.0,0,0.0,0.0,0.0,0.0,0.0,0.0,0.0,,3,3,price=carried;tvl=carried;lp_amount=none,True
2022-09-25T20:00:00+00:00,0.018012415217792996,0.018012415217792996,0.018012415217792996,0.018012415217792996,0.018012415217792996,WETH,pool_swap_ratio,1,3445,6049.558231855697,,15612649,0.999179,,1,1,0.0,0.0,0.0,0.0,,0,0,,,,0.999179,0.0,0.999179,1,-0.010133190605146478,0.0001651792553763361,0.0,0.0,0.00016519289822065293,0.0,0.00016519289822065293,0.0,3,3,price=observed;tvl=observed;lp_amount=none,False
2022-09-25T21:00:00+00:00,,,,0.018012415217792996,,WETH,pool_swap_ratio,0,7045,6049.558231855697,,15612649,0.0,,0,0,0.0,0.0,0.0,0.0,,0,0,,,,0.0,0.0,0.0,0,0.0,0.0,0.0,0.0,0.0,0.0,0.0,,3,3,price=carried;tvl=carried;lp_amount=none,True
2022-09-25T22:00:00+00:00,,,,0.018012415217792996,,WETH,pool_swap_ratio,0,10645,6049.558231855697,,15612649,0.0,,0,0,0.0,0.0,0.0,0.0,,0,0,,,,0.0,0.0,0.0,0,0.0,0.0,0.0,0.0,0.0,0.0,0.0,,3,3,price=carried;tvl=carried;lp_amount=none,True
2022-09-25T23:00:00+00:00,,,,0.018012415217792996,,WETH,pool_swap_ratio,0,14245,6049.558231855697,,15612649,0.0,,0,0,0.0,0.0,0.0,0.0,,0,0,,,,0.0,0.0,0.0,0,0.0,0.0,0.0,0.0,0.0,0.0,0.0,,3,3,price=carried;tvl=carried;lp_amount=none,True
2022-09-26T00:00:00+00:00,,,,0.018012415217792996,,WETH,pool_swap_ratio,0,17845,6049.558231855697,,15612649,0.0,,0,0,0.0,0.0,0.0,0.0,,0,0,,,,0.0,0.0,0.0,0,0.0,0.0,0.0,0.0,0.0,0.0,0.0,,3,3,price=carried;tvl=carried;lp_amount=none,True
2022-09-26T01:00:00+00:00,,,,0.018012415217792996,,WETH,pool_swap_ratio,0,21445,6049.558231855697,,15612649,0.0,,0,0,0.0,0.0,0.0,0.0,,0,0,,,,0.0,0.0,0.0,0,0.0,0.0,0.0,0.0,0.0,0.0,0.0,,3,3,price=carried;tvl=carried;lp_amount=none,True
2022-09-26T02:00:00+00:00,0.01808733624422059,0.01808733624422059,0.01808733624422059,0.01808733624422059,0.01808733624422059,WETH,pool_swap_ratio,1,1537,6060.477406687903,,15614593,10.919174832205771,,1,1,0.0,0.0,0.0,0.0,,0,0,,,,10.919174832205771,0.0,10.919174832205771,1,0.004150783922947968,0.0018033271110347437,0.0,0.0,0.001804954083210192,0.0,0.001804954083210192,0.0,3,3,price=observed;tvl=observed;lp_amount=none,False
2022-09-26T03:00:00+00:00,0.017491058174397642,0.017993739012917905,0.017491058174397642,0.017993739012917905,0.017514393140099706,WETH,pool_swap_ratio,4,505,6064.26333600705,,15614977,65.15292392256721,,4,4,0.0,0.0,0.0,0.0,,0,0,,,,34.46942662085734,30.683497301709863,3.7859293191474777,4,-0.00518817361085146,0.0006244965599730416,0.0,0.0,0.0006246915985479298,0.0,0.010750460656889699,0.02736868294458472,3,3,price=observed;tvl=observed;lp_amount=none,False
2022-09-26T04:00:00+00:00,,,,0.017993739012917905,,WETH,pool_swap_ratio,0,4105,6064.26333600705,,15614977,0.0,,0,0,0.0,0.0,0.0,0.0,,0,0,,,,0.0,0.0,0.0,0,0.0,0.0,0.0,0.0,0.0,0.0,0.0,,3,3,price=carried;tvl=carried;lp_amount=none,True
2022-09-26T05:00:00+00:00,0.017742794687517383,0.018017786684397387,0.017742794687517383,0.01792355995077267,0.017850211957354933,WETH,pool_swap_ratio,4,589,6101.747050241205,,15615568,162.51628576868106,,4,2,0.0,0.0,0.0,0.0,,0,0,,,,100.00000000141812,62.51628576726294,37.48371423415517,4,-0.003907818988568618,0.006162058333301484,0.0,0.0,0.00618108287144996,0.0,0.02679901527424239,0.004109082491175586,3,3,price=observed;tvl=observed;lp_amount=none,False
2022-09-26T06:00:00+00:00,,,,0.01792355995077267,,WETH,pool_swap_ratio,0,4189,6101.747050241205,,15615568,0.0,,0,0,0.0,0.0,0.0,0.0,,0,0,,,,0.0,0.0,0.0,0,0.0,0.0,0.0,0.0,0.0,0.0,0.0,,3,3,price=carried;tvl=carried;lp_amount=none,True
2022-09-26T07:00:00+00:00,,,,0.01792355995077267,,WETH,pool_swap_ratio,0,7789,6101.747050241205,,15615568,0.0,,0,0,0.0,0.0,0.0,0.0,,0,0,,,,0.0,0.0,0.0,0,0.0,0.0,0.0,0.0,0.0,0.0,0.0,,3,3,price=carried;tvl=carried;lp_amount=none,True
2022-09-26T08:00:00+00:00,0.01814977688107948,0.01814977688107948,0.01814977688107948,0.01814977688107948,0.01814977688107948,WETH,pool_swap_ratio,1,2821,6081.18448111193,,15616280,20.562569129275815,,1,1,0.0,0.0,0.0,0.0,,0,0,,,,0.0,20.562569129275815,-20.562569129275815,1,0.012542221797699012,-0.0033756388767546158,0.0,0.0,-0.003369947813300941,0.0,0.003369947813300941,0.0,3,3,price=observed;tvl=observed;lp_amount=none,False
2022-09-26T09:00:00+00:00,0.017996886544586265,0.01800007814076324,0.017996886544586265,0.01800007814076324,0.017996894542156656,WETH,pool_swap_ratio,2,85,6080.973891406042,,15616805,0.2105897058883314,,2,1,0.0,0.0,0.0,0.0,,0,0,,,,0.0,0.2105897058883314,-0.2105897058883314,2,-0.008282168541572136,-3.463031798452938e-05,0.0,0.0,-3.4629718362009895e-05,0.0,3.4629718362009895e-05,0.00017689710850543605,3,3,price=observed;tvl=observed;lp_amount=none,False
2022-09-26T10:00:00+00:00,0.018010069944634676,0.018020114444103237,0.018010069944634676,0.018020114444103237,0.0180100951048668,WETH,pool_swap_ratio,2,3217,6080.311982752143,,15616843,0.6619086538987227,,2,1,0.0,0.0,0.0,0.0,,0,0,,,,0.0,0.6619086538987227,-0.6619086538987227,2,0.0011125040688946875,-0.00010885504401447013,0.0,0.0,-0.00010884911951918876,0.0,0.00010884911951918876,0.0005563179526870687,3,3,price=observed;tvl=observed;lp_amount=none,False
2022-09-26T11:00:00+00:00,0.018077108333296243,0.018077108333296243,0.018077108333296243,0.018077108333296243,0.018077108333296243,WETH,pool_swap_ratio,1,1585,6076.560575639828,,15617276,3.7514071123153023,,1,1,0.0,0.0,0.0,0.0,,0,0,,,,0.0,3.7514071123153023,-3.7514071123153023,1,0.003157801745858181,-0.0006171664979410171,0.0,0.0,-0.0006169760898711806,0.0,0.0006169760898711806,0.0,3,3,price=observed;tvl=observed;lp_amount=none,False
2022-09-26T12:00:00+00:00,,,,0.018077108333296243,,WETH,pool_swap_ratio,0,5185,6076.560575639828,,15617276,0.0,,0,0,0.0,0.0,0.0,0.0,,0,0,,,,0.0,0.0,0.0,0,0.0,0.0,0.0,0.0,0.0,0.0,0.0,,3,3,price=carried;tvl=carried;lp_amount=none,True
2022-09-26T13:00:00+00:00,0.01814332049792393,0.018300383595321573,0.01814332049792393,0.018300383595321573,0.018271972248863375,WETH,pool_swap_ratio,2,505,6030.652154433375,,15617959,45.908421206452864,,2,2,0.0,0.0,0.0,0.0,,0,0,,,,0.0,45.908421206452864,-45.908421206452864,2,0.012275616265660419,-0.007583684577873052,0.0,0.0,-0.007555000996862269,0.0,0.007555000996862269,0.001554914054773926,3,3,price=observed;tvl=observed;lp_amount=none,False
2022-09-26T14:00:00+00:00,,,,0.018300383595321573,,WETH,pool_swap_ratio,0,4105,6030.652154433375,,15617959,0.0,,0,0,0.0,0.0,0.0,0.0,,0,0,,,,0.0,0.0,0.0,0,0.0,0.0,0.0,0.0,0.0,0.0,0.0,,3,3,price=carried;tvl=carried;lp_amount=none,True
2022-09-26T15:00:00+00:00,0.017457569463784666,0.01765160641367143,0.017334705042422602,0.01764802706355684,0.017521426917138618,WETH,pool_swap_ratio,6,2365,6142.444419478501,,15618399,615.7691458547598,,6,4,0.0,0.0,0.0,0.0,,0,0,,,,363.78070544994324,251.9884404048166,111.79226504512664,6,-0.036298025090931,0.018367620315858445,0.0,0.0,0.018537342592864298,0.0,0.10210655996832502,0.007225447277606545,3,3,price=observed;tvl=observed;lp_amount=none,False
2022-09-26T16:00:00+00:00,0.01783577136313686,0.01783577136313686,0.01783577136313686,0.01783577136313686,0.01783577136313686,WETH,pool_swap_ratio,1,961,6146.444419478501,,15618813,4.0,,1,1,0.0,0.0,0.0,0.0,,0,0,,,,4.0,0.0,4.0,1,0.010582071811486323,0.0006509946006809965,0.0,0.0,0.0006512065436547497,0.0,0.0006512065436547497,0.0,3,3,price=observed;tvl=observed;lp_amount=none,False
2022-09-26T17:00:00+00:00,,,,0.01783577136313686,,WETH,pool_swap_ratio,0,4561,6146.444419478501,,15618813,0.0,,0,0,0.0,0.0,0.0,0.0,,0,0,,,,0.0,0.0,0.0,0,0.0,0.0,0.0,0.0,0.0,0.0,0.0,,3,3,price=carried;tvl=carried;lp_amount=none,True
2022-09-26T18:00:00+00:00,0.017736567613509207,0.017736567613509207,0.017736567613509207,0.017736567613509207,0.017736567613509207,WETH,pool_swap_ratio,1,2701,6160.748927967306,,15619262,14.30450848880508,,1,1,0.0,0.0,0.0,0.0,,0,0,,,,14.30450848880508,0.0,14.30450848880508,1,-0.00557759257127053,0.002324577915755067,0.0,0.0,0.0023272818417544162,0.0,0.0023272818417544162,0.0,3,3,price=observed;tvl=observed;lp_amount=none,False
2022-09-26T19:00:00+00:00,0.01788144626532649,0.01801581317753784,0.01788144626532649,0.01801581317753784,0.0179465531512988,WETH,pool_swap_ratio,2,313,6119.6201745786,,15619755,41.12875338870569,,2,2,0.0,0.0,0.0,0.0,,0,0,,,,0.0,41.12875338870569,-41.12875338870569,2,0.015621406825491707,-0.006698317749850829,0.0,0.0,-0.006675934025163369,0.0,0.006675934025163369,0.0038592383537463526,3,3,price=observed;tvl=observed;lp_amount=none,False
2022-09-26T20:00:00+00:00,0.01971459759091932,2.516299815165651,0.018162568725886955,0.018427447207799423,0.1452119386828684,WETH,pool_swap_ratio,19,2245,6021.02578134754,,15619894,3349.921323746788,,19,8,0.0,0.0,0.0,0.0,,0,0,,,,1625.6634652578634,1724.2578584889245,-98.59439323106108,19,0.022591367122142176,-0.016242391243161444,0.0,0.0,-0.016111194881118635,0.0,0.5474067390101486,-0.8730996406015656,3,3,price=observed;tvl=observed;lp_amount=none,False
2022-09-26T21:00:00+00:00,,,,0.018427447207799423,,WETH,pool_swap_ratio,0,5845,6021.02578134754,,15619894,0.0,,0,0,0.0,0.0,0.0,0.0,,0,0,,,,0.0,0.0,0.0,0,0.0,0.0,0.0,0.0,0.0,0.0,0.0,,3,3,price=carried;tvl=carried;lp_amount=none,True
2022-09-26T22:00:00+00:00,0.018329441550181222,0.018329441550181222,0.01823623586210491,0.01823623586210491,0.018286451418924463,WETH,pool_swap_ratio,2,61,6018.12685859645,,15620670,37.395180027437284,,2,2,0.0,0.0,0.0,0.0,,0,0,,,,17.248128638173757,20.147051389263527,-2.8989227510897706,2,-0.010430653077204635,-0.000481582532228839,0.0,0.0,-0.0004814665899738059,0.0,0.0062107656378558185,-0.002746052564773893,3,3,price=observed;tvl=observed;lp_amount=none,False
2022-09-26T23:00:00+00:00,0.018451141264673107,0.01860849248793526,0.01817715653794064,0.01826036922860862,0.018372514408707203,WETH,pool_swap_ratio,23,1981,6015.691287569038,,15620810,525.9122641181688,,23,5,0.0,0.0,0.0,0.0,,0,0,,,,261.7383465453784,264.17391757279034,-2.4355710274119247,23,0.001322499446793469,-0.0004047877458484465,0.0,0.0,-0.000404705830342026,0.0,0.08738803226903433,-0.0061039647379693696,3,3,price=observed;tvl=observed;lp_amount=none,False
2022-09-27T00:00:00+00:00,0.018454355016330387,0.01859674941546888,0.01822514405547916,0.018407145240201185,0.018432731869564352,WETH,pool_swap_ratio,6,1537,6014.611142024586,,15621146,198.9198544798159,,6,3,0.0,0.0,0.0,0.0,,0,0,,,,98.91985446768206,100.00000001213384,-1.0801455444517813,6,0.008005821919658426,-0.0001795708052520746,0.0,0.0,-0.00017955468338008284,0.0,0.03306683221774835,-0.001388108368538421,3,3,price=observed;tvl=observed;lp_amount=none,False
2022-09-27T01:00:00+00:00,0.018368269429046333,0.018368269429046333,0.018232896269674673,0.018232896269674673,0.018294286159645238,WETH,pool_swap_ratio,2,2149,6019.190040867846,,15621392,49.221101156740104,,2,2,0.0,0.0,0.0,0.0,,0,0,,,,26.9,22.321101156740102,4.578898843259896,2,-0.009511467618877547,0.0007610062680361286,0.0,0.0,0.0007612959067738812,0.0,0.00818358826438973,-0.0033556865479661413,3,3,price=observed;tvl=observed;lp_amount=none,False
2022-09-27T02:00:00+00:00,,,,0.018232896269674673,,WETH,pool_swap_ratio,0,5749,6019.190040867846,,15621392,0.0,,0,0,0.0,0.0,0.0,0.0,,0,0,,,,0.0,0.0,0.0,0,0.0,0.0,0.0,0.0,0.0,0.0,0.0,,3,3,price=carried;tvl=carried;lp_amount=none,True
2022-09-27T03:00:00+00:00,0.018060821716585615,0.018060821716585615,0.018060821716585615,0.018060821716585615,0.018060821716585615,WETH,pool_swap_ratio,1,661,6047.159464981816,,15622113,27.969424113970845,,1,1,0.0,0.0,0.0,0.0,,0,0,,,,27.969424113970845,0.0,27.969424113970845,1,-0.009482403676944966,0.00463594630565404,0.0,0.0,0.004646708929950684,0.0,0.004646708929950684,0.0,3,3,price=observed;tvl=observed;lp_amount=none,False
2022-09-27T04:00:00+00:00,0.018247347326235286,0.018247347326235286,0.018247347326235286,0.018247347326235286,0.018247347326235286,WETH,pool_swap_ratio,1,277,6037.159464981816,,15622443,10.0,,1,1,0.0,0.0,0.0,0.0,,0,0,,,,0.0,10.0,-10.0,1,0.010274671265757306,-0.0016550377957717099,0.0,0.0,-0.0016536689759726834,0.0,0.0016536689759726834,0.0,3,3,price=observed;tvl=observed;lp_amount=none,False
2022-09-27T05:00:00+00:00,0.018095852038406895,0.018095852038406895,0.01791130292698905,0.01791130292698905,0.017966421462129567,WETH,pool_swap_ratio,4,2449,6110.079799818261,,15622562,72.92033483644398,,4,2,0.0,0.0,0.0,0.0,,0,0,,,,72.92033483644398,0.0,72.92033483644398,4,-0.018587755474595017,0.012006219552613212,0.0,0.0,0.012078583522501607,0.0,0.012078583522501607,-0.003067863862411313,3,3,price=observed;tvl=observed;lp_amount=none,False
2022-09-27T06:00:00+00:00,,,,0.01791130292698905,,WETH,pool_swap_ratio,0,6049,6110.079799818261,,15622562,0.0,,0,0,0.0,0.0,0.0,0.0,,0,0,,,,0.0,0.0,0.0,0,0.0,0.0,0.0,0.0,0.0,0.0,0.0,,3,3,price=carried;tvl=carried;lp_amount=none,True
2022-09-27T07:00:00+00:00,,,,0.01791130292698905,,WETH,pool_swap_ratio,0,9649,6110.079799818261,,15622562,0.0,,0,0,0.0,0.0,0.0,0.0,,0,0,,,,0.0,0.0,0.0,0,0.0,0.0,0.0,0.0,0.0,0.0,0.0,,3,3,price=carried;tvl=carried;lp_amount=none,True
2022-09-27T08:00:00+00:00,0.018276020034240663,0.018802403952636597,0.018156131380726387,0.0181622614086653,0.018310283384371073,WETH,pool_swap_ratio,7,865,6049.561341272889,,15623586,162.8295466889881,,7,4,0.0,0.0,0.0,0.0,,0,0,,,,51.15554407180826,111.67400261717984,-60.51845854537158,7,0.013913930327023294,-0.00995406978557152,0.0,0.0,-0.009904692005360004,0.0,0.026649332254847363,-0.008084089830751595,3,3,price=observed;tvl=observed;lp_amount=none,False
2022-09-27T09:00:00+00:00,0.018142164780620047,0.018142164780620047,0.018142164780620047,0.018142164780620047,0.018142164780620047,WETH,pool_swap_ratio,1,1009,6238.050187924958,,15623872,2.0,,1,1,190.48884665206833,0.0,190.48884665206833,190.48884665206833,0.0,1,0,,,,190.48884665206833,2.0,188.48884665206833,2,-0.0011071173522032832,0.03068189982926459,0.031488042835844283,0.031488042835844283,0.03115744035292456,0.0,0.0003306024829197252,0.0,3,3,price=observed;tvl=observed;lp_amount=quantified,False
2022-09-27T10:00:00+00:00,0.017989682737094535,0.017989682737094535,0.017989682737094535,0.017989682737094535,0.017989682737094535,WETH,pool_swap_ratio,1,1285,6257.978941313662,,15624145,19.928753388705356,,1,1,0.0,0.0,0.0,0.0,,0,0,,,,19.928753388705356,0.0,19.928753388705356,1,-0.008440362684538264,0.003189616489890799,0.0,0.0,0.0031947087292246543,0.0,0.0031947087292246543,0.0,3,3,price=observed;tvl=observed;lp_amount=none,False
2022-09-27T11:00:00+00:00,0.01815488377541977,0.01824885702471901,0.018111876056288025,0.018111876056288025,0.01817117670797565,WETH,pool_swap_ratio,3,2341,6262.723093675999,,15624355,38.17373982310484,,3,2,0.0,0.0,0.0,0.0,,0,0,,,,21.45894609272079,16.71479373038405,4.744152362336742,3,0.006769446522924568,0.0007578093586312704,0.0,0.0,0.0007580965686888136,0.0,0.006100010911045266,-0.003263445875885229,3,3,price=observed;tvl=observed;lp_amount=none,False
2022-09-27T12:00:00+00:00,,,,0.018111876056288025,,WETH,pool_swap_ratio,0,5941,6262.723093675999,,15624355,0.0,,0,0,0.0,0.0,0.0,0.0,,0,0,,,,0.0,0.0,0.0,0,0.0,0.0,0.0,0.0,0.0,0.0,0.0,,3,3,price=carried;tvl=carried;lp_amount=none,True
2022-09-27T13:00:00+00:00,,,,0.018111876056288025,,WETH,pool_swap_ratio,0,9541,6262.723093675999,,15624355,0.0,,0,0,0.0,0.0,0.0,0.0,,0,0,,,,0.0,0.0,0.0,0,0.0,0.0,0.0,0.0,0.0,0.0,0.0,,3,3,price=carried;tvl=carried;lp_amount=none,True
2022-09-27T14:00:00+00:00,,,,0.018111876056288025,,WETH,pool_swap_ratio,0,13141,6262.723093675999,,15624355,0.0,,0,0,0.0,0.0,0.0,0.0,,0,0,,,,0.0,0.0,0.0,0,0.0,0.0,0.0,0.0,0.0,0.0,0.0,,3,3,price=carried;tvl=carried;lp_amount=none,True
2022-09-27T15:00:00+00:00,0.01786403693105986,0.01786403693105986,0.01786403693105986,0.01786403693105986,0.01786403693105986,WETH,pool_swap_ratio,1,1669,6324.623093675999,,15625603,61.9,,1,1,0.0,0.0,0.0,0.0,,0,0,,,,61.9,0.0,61.9,1,-0.013778276934169062,0.00983535338823367,0.0,0.0,0.009883879436168216,0.0,0.009883879436168216,0.0,3,3,price=observed;tvl=observed;lp_amount=none,False
2022-09-27T16:00:00+00:00,,,,0.01786403693105986,,WETH,pool_swap_ratio,0,5269,6324.623093675999,,15625603,0.0,,0,0,0.0,0.0,0.0,0.0,,0,0,,,,0.0,0.0,0.0,0,0.0,0.0,0.0,0.0,0.0,0.0,0.0,,3,3,price=carried;tvl=carried;lp_amount=none,True
2022-09-27T17:00:00+00:00,0.01816490494647016,0.01816490494647016,0.01816490494647016,0.01816490494647016,0.01816490494647016,WETH,pool_swap_ratio,1,3205,6302.6230936759985,,15626073,22.0,,1,1,0.0,0.0,0.0,0.0,,0,0,,,,0.0,22.0,-22.0,1,0.016701850993796005,-0.0034845320878117603,0.0,0.0,-0.00347846815124807,0.0,0.00347846815124807,0.0,3,3,price=observed;tvl=observed;lp_amount=none,False
2022-09-27T18:00:00+00:00,,,,0.01816490494647016,,WETH,pool_swap_ratio,0,6805,6302.6230936759985,,15626073,0.0,,0,0,0.0,0.0,0.0,0.0,,0,0,,,,0.0,0.0,0.0,0,0.0,0.0,0.0,0.0,0.0,0.0,0.0,,3,3,price=carried;tvl=carried;lp_amount=none,True
2022-09-27T19:00:00+00:00,,,,0.01816490494647016,,WETH,pool_swap_ratio,0,10405,6302.6230936759985,,15626073,0.0,,0,0,0.0,0.0,0.0,0.0,,0,0,,,,0.0,0.0,0.0,0,0.0,0.0,0.0,0.0,0.0,0.0,0.0,,3,3,price=carried;tvl=carried;lp_amount=none,True
2022-09-27T20:00:00+00:00,,,,0.01816490494647016,,WETH,pool_swap_ratio,0,14005,6302.6230936759985,,15626073,0.0,,0,0,0.0,0.0,0.0,0.0,,0,0,,,,0.0,0.0,0.0,0,0.0,0.0,0.0,0.0,0.0,0.0,0.0,,3,3,price=carried;tvl=carried;lp_amount=none,True
2022-09-27T21:00:00+00:00,0.017899272137634963,0.017899272137634963,0.017793937229806753,0.017793937229806753,0.01788122881737756,WETH,pool_swap_ratio,3,157,6331.466258609763,,15627507,30.625794578364086,,3,2,0.0,0.0,0.0,0.0,,0,0,,,,29.734479756064232,0.8913148222998561,28.843164933764378,3,-0.020633638663084767,0.004565934946177756,0.0,0.0,0.0045763747101909644,0.0,0.004859214032502398,-0.004881744339962579,3,3,price=observed;tvl=observed;lp_amount=none,False
2022-09-27T22:00:00+00:00,,,,0.017793937229806753,,WETH,pool_swap_ratio,0,3757,6331.466258609763,,15627507,0.0,,0,0,0.0,0.0,0.0,0.0,,0,0,,,,0.0,0.0,0.0,0,0.0,0.0,0.0,0.0,0.0,0.0,0.0,,3,3,price=carried;tvl=carried;lp_amount=none,True
2022-09-27T23:00:00+00:00,0.01796935309888366,0.0180865950887233,0.01781954975488149,0.01792445060538872,0.017979670704997036,WETH,pool_swap_ratio,5,601,6319.23431650927,,15628067,54.02273800310116,,5,3,0.0,0.0,0.0,0.0,,0,0,,,,20.89539795130397,33.12734005179719,-12.231942100493221,5,0.007307942174412999,-0.0019337973956008404,0.0,0.0,-0.0019319288140973304,0.0,0.008532421369163743,-0.0030712519997916354,3,3,price=observed;tvl=observed;lp_amount=none,False
2022-09-28T00:00:00+00:00,,,,0.01792445060538872,,WETH,pool_swap_ratio,0,4201,6319.23431650927,,15628067,0.0,,0,0,0.0,0.0,0.0,0.0,,0,0,,,,0.0,0.0,0.0,0,0.0,0.0,0.0,0.0,0.0,0.0,0.0,,3,3,price=carried;tvl=carried;lp_amount=none,True
2022-09-28T01:00:00+00:00,0.017941928466013127,0.017941928466013127,0.017941928466013127,0.017941928466013127,0.017941928466013127,WETH,pool_swap_ratio,1,913,6314.78621222491,,15628636,4.4481042843595295,,1,1,0.0,0.0,0.0,0.0,,0,0,,,,0.0,4.4481042843595295,-4.4481042843595295,1,0.0009746097855642123,-0.0007041471015553159,0.0,0.0,-0.0007038992481634471,0.0,0.0007038992481634471,0.0,3,3,price=observed;tvl=observed;lp_amount=none,False
2022-09-28T02:00:00+00:00,,,,0.017941928466013127,,WETH,pool_swap_ratio,0,4513,6314.78621222491,,15628636,0.0,,0,0,0.0,0.0,0.0,0.0,,0,0,,,,0.0,0.0,0.0,0,0.0,0.0,0.0,0.0,0.0,0.0,0.0,,3,3,price=carried;tvl=carried;lp_amount=none,True
2022-09-28T03:00:00+00:00,,,,0.017941928466013127,,WETH,pool_swap_ratio,0,8113,6314.78621222491,,15628636,0.0,,0,0,0.0,0.0,0.0,0.0,,0,0,,,,0.0,0.0,0.0,0,0.0,0.0,0.0,0.0,0.0,0.0,0.0,,3,3,price=carried;tvl=carried;lp_amount=none,True
2022-09-28T04:00:00+00:00,,,,0.017941928466013127,,WETH,pool_swap_ratio,0,11713,6314.78621222491,,15628636,0.0,,0,0,0.0,0.0,0.0,0.0,,0,0,,,,0.0,0.0,0.0,0,0.0,0.0,0.0,0.0,0.0,0.0,0.0,,3,3,price=carried;tvl=carried;lp_amount=none,True
2022-09-28T05:00:00+00:00,,,,0.017941928466013127,,WETH,pool_swap_ratio,0,15313,6314.78621222491,,15628636,0.0,,0,0,0.0,0.0,0.0,0.0,,0,0,,,,0.0,0.0,0.0,0,0.0,0.0,0.0,0.0,0.0,0.0,0.0,,3,3,price=carried;tvl=carried;lp_amount=none,True
2022-09-28T06:00:00+00:00,0.017834120247656047,0.017977974958465464,0.017701022329738574,0.017878174917561246,0.01779341406758271,WETH,pool_swap_ratio,6,49,6368.172657477467,,15630197,206.61355474744386,,6,4,0.0,0.0,0.0,0.0,,0,0,,,,130.0,76.61355474744384,53.38644525255616,6,-0.0035596555983320862,0.00841866020526918,0.0,0.0,0.00845419677853929,0.0,0.032719010240989145,0.004763608021293608,3,3,price=observed;tvl=observed;lp_amount=none,False
2022-09-28T07:00:00+00:00,,,,0.017878174917561246,,WETH,pool_swap_ratio,0,3649,6368.172657477467,,15630197,0.0,,0,0,0.0,0.0,0.0,0.0,,0,0,,,,0.0,0.0,0.0,0,0.0,0.0,0.0,0.0,0.0,0.0,0.0,,3,3,price=carried;tvl=carried;lp_amount=none,True
2022-09-28T08:00:00+00:00,0.017754080022289703,0.017914126219692156,0.017298506680135693,0.017621537081880113,0.017587364150382118,WETH,pool_swap_ratio,22,2005,6373.22764577997,,15630633,1467.1493341422151,,22,5,0.0,0.0,0.0,0.0,,0,0,,,,736.1021612223589,731.0471729198564,5.054988302502466,22,-0.0144588388033156,0.0007934745706765262,0.0,0.0,0.0007937894549022523,0.0,0.23038780715524382,0.0019430388320726966,3,3,price=observed;tvl=observed;lp_amount=none,False
2022-09-28T09:00:00+00:00,,,,0.017621537081880113,,WETH,pool_swap_ratio,0,5605,6373.22764577997,,15630633,0.0,,0,0,0.0,0.0,0.0,0.0,,0,0,,,,0.0,0.0,0.0,0,0.0,0.0,0.0,0.0,0.0,0.0,0.0,,3,3,price=carried;tvl=carried;lp_amount=none,True
2022-09-28T10:00:00+00:00,0.01809322557829206,0.01809322557829206,0.01809322557829206,0.01809322557829206,0.01809322557829206,WETH,pool_swap_ratio,1,3265,6336.694116591432,,15631127,36.533529188536654,,1,1,0.0,0.0,0.0,0.0,,0,0,,,,0.0,36.533529188536654,-36.533529188536654,1,0.026415738999816887,-0.005748836301005068,0.0,0.0,-0.005732343361801506,0.0,0.005732343361801506,0.0,3,3,price=observed;tvl=observed;lp_amount=none,False
2022-09-28T11:00:00+00:00,0.018002853563958584,0.018002853563958584,0.018002853563958584,0.018002853563958584,0.018002853563958584,WETH,pool_swap_ratio,1,2365,6335.592902279514,,15631499,1.1012143119182685,,1,1,0.0,0.0,0.0,0.0,,0,0,,,,0.0,1.1012143119182685,-1.1012143119182685,1,-0.005007314107635298,-0.00017379882779636652,0.0,0.0,-0.00017378372565514052,0.0,0.00017378372565514052,0.0,3,3,price=observed;tvl=observed;lp_amount=none,False
2022-09-28T12:00:00+00:00,,,,0.018002853563958584,,WETH,pool_swap_ratio,0,5965,6335.592902279514,,15631499,0.0,,0,0,0.0,0.0,0.0,0.0,,0,0,,,,0.0,0.0,0.0,0,0.0,0.0,0.0,0.0,0.0,0.0,0.0,,3,3,price=carried;tvl=carried;lp_amount=none,True
2022-09-28T13:00:00+00:00,0.018054809943465616,0.018054809943465616,0.018054809943465616,0.018054809943465616,0.018054809943465616,WETH,pool_swap_ratio,1,1381,6332.26968812285,,15632176,3.32321415666384,,1,1,0.0,0.0,0.0,0.0,,0,0,,,,0.0,3.32321415666384,-3.32321415666384,1,0.0028818514796317006,-0.0005246685001801778,0.0,0.0,-0.0005245308857310204,0.0,0.0005245308857310204,0.0,3,3,price=observed;tvl=observed;lp_amount=none,False
2022-09-28T14:00:00+00:00,,,,0.018054809943465616,,WETH,pool_swap_ratio,0,4981,6332.26968812285,,15632176,0.0,,0,0,0.0,0.0,0.0,0.0,,0,0,,,,0.0,0.0,0.0,0,0.0,0.0,0.0,0.0,0.0,0.0,0.0,,3,3,price=carried;tvl=carried;lp_amount=none,True
2022-09-28T15:00:00+00:00,,,,0.018054809943465616,,WETH,pool_swap_ratio,0,8581,6332.26968812285,,15632176,0.0,,0,0,0.0,0.0,0.0,0.0,,0,0,,,,0.0,0.0,0.0,0,0.0,0.0,0.0,0.0,0.0,0.0,0.0,,3,3,price=carried;tvl=carried;lp_amount=none,True
2022-09-28T16:00:00+00:00,,,,0.018054809943465616,,WETH,pool_swap_ratio,0,12181,6332.26968812285,,15632176,0.0,,0,0,0.0,0.0,0.0,0.0,,0,0,,,,0.0,0.0,0.0,0,0.0,0.0,0.0,0.0,0.0,0.0,0.0,,3,3,price=carried;tvl=carried;lp_amount=none,True
2022-09-28T17:00:00+00:00,,,,0.018054809943465616,,WETH,pool_swap_ratio,0,15781,6332.26968812285,,15632176,0.0,,0,0,0.0,0.0,0.0,0.0,,0,0,,,,0.0,0.0,0.0,0,0.0,0.0,0.0,0.0,0.0,0.0,0.0,,3,3,price=carried;tvl=carried;lp_amount=none,True
2022-09-28T18:00:00+00:00,0.01828059671788794,0.01828059671788794,0.018018655607565694,0.018018655607565694,0.018235236024605264,WETH,pool_swap_ratio,2,121,6266.920804062925,,15633777,99.9742862250624,,2,2,0.0,0.0,0.0,0.0,,0,0,,,,17.312720974960918,82.661605034887,-65.34888405992609,2,-0.0020044843184985547,-0.010373598228221214,0.0,0.0,-0.010319978029757326,0.0,0.01578806512498664,-0.011877028449060578,3,3,price=observed;tvl=observed;lp_amount=none,False
2022-09-28T19:00:00+00:00,,,,0.018018655607565694,,WETH,pool_swap_ratio,0,3721,6266.920804062925,,15633777,0.0,,0,0,0.0,0.0,0.0,0.0,,0,0,,,,0.0,0.0,0.0,0,0.0,0.0,0.0,0.0,0.0,0.0,0.0,,3,3,price=carried;tvl=carried;lp_amount=none,True
2022-09-28T20:00:00+00:00,,,,0.018018655607565694,,WETH,pool_swap_ratio,0,7321,6266.920804062925,,15633777,0.0,,0,0,0.0,0.0,0.0,0.0,,0,0,,,,0.0,0.0,0.0,0,0.0,0.0,0.0,0.0,0.0,0.0,0.0,,3,3,price=carried;tvl=carried;lp_amount=none,True
2022-09-28T21:00:00+00:00,,,,0.018018655607565694,,WETH,pool_swap_ratio,0,10921,6266.920804062925,,15633777,0.0,,0,0,0.0,0.0,0.0,0.0,,0,0,,,,0.0,0.0,0.0,0,0.0,0.0,0.0,0.0,0.0,0.0,0.0,,3,3,price=carried;tvl=carried;lp_amount=none,True
2022-09-28T22:00:00+00:00,,,,0.018018655607565694,,WETH,pool_swap_ratio,0,14521,6266.920804062925,,15633777,0.0,,0,0,0.0,0.0,0.0,0.0,,0,0,,,,0.0,0.0,0.0,0,0.0,0.0,0.0,0.0,0.0,0.0,0.0,,3,3,price=carried;tvl=carried;lp_amount=none,True
2022-09-28T23:00:00+00:00,,,,0.018018655607565694,,WETH,pool_swap_ratio,0,18121,6266.920804062925,,15633777,0.0,,0,0,0.0,0.0,0.0,0.0,,0,0,,,,0.0,0.0,0.0,0,0.0,0.0,0.0,0.0,0.0,0.0,0.0,,3,3,price=carried;tvl=carried;lp_amount=none,True
2022-09-29T00:00:00+00:00,0.017957846638887193,0.017957846638887193,0.017957846638887193,0.017957846638887193,0.017957846638887193,WETH,pool_swap_ratio,1,1705,6288.976726550639,,15635435,22.05592248771404,,1,1,0.0,0.0,0.0,0.0,,0,0,,,,22.05592248771404,0.0,22.05592248771404,1,-0.0033804857498780866,0.00351324070940064,0.0,0.0,0.003519419373133757,0.0,0.003519419373133757,0.0,3,3,price=observed;tvl=observed;lp_amount=none,False
2022-09-29T01:00:00+00:00,0.020056262691088324,0.022535340840834455,0.01812060224878735,0.01812060224878735,0.019952676967737972,WETH,pool_swap_ratio,5,1417,6275.496491379822,,15635759,297.14424000030544,,5,3,0.0,0.0,0.0,0.0,,0,0,,,,141.83200241474458,155.31223758556087,-13.480235170816286,5,0.009022378676861911,-0.002145770874638721,0.0,0.0,-0.002143470354072989,0.0,0.0472484241746085,-0.09182099835089563,3,3,price=observed;tvl=observed;lp_amount=none,False
2022-09-29T02:00:00+00:00,0.018143685703054042,0.018143685703054042,0.018143685703054042,0.018143685703054042,0.018143685703054042,WETH,pool_swap_ratio,1,2089,6280.496491379822,,15636003,5.0,,1,1,0.0,0.0,0.0,0.0,,0,0,,,,5.0,0.0,5.0,1,0.0012730682822154657,0.0007964324719134803,0.0,0.0,0.0007967497084681864,0.0,0.0007967497084681864,0.0,3,3,price=observed;tvl=observed;lp_amount=none,False
2022-09-29T03:00:00+00:00,,,,0.018143685703054042,,WETH,pool_swap_ratio,0,5689,6280.496491379822,,15636003,0.0,,0,0,0.0,0.0,0.0,0.0,,0,0,,,,0.0,0.0,0.0,0,0.0,0.0,0.0,0.0,0.0,0.0,0.0,,3,3,price=carried;tvl=carried;lp_amount=none,True
2022-09-29T04:00:00+00:00,0.018644421269305086,0.01930183977777702,0.018077342712408916,0.01824101227586112,0.01841467578444395,WETH,pool_swap_ratio,11,13,6204.161760406898,,15636773,345.76533015468243,,11,4,0.0,0.0,0.0,0.0,,0,0,,,,134.7152995908789,211.05003056380352,-76.3347309729246,11,0.005349875653590923,-0.012228717951076499,0.0,0.0,-0.01215425103376722,0.0,0.055053821083931205,-0.00943071225449077,3,3,price=observed;tvl=observed;lp_amount=none,False
2022-09-29T05:00:00+00:00,0.018101216671981103,0.018101216671981103,0.018101216671981103,0.018101216671981103,0.018101216671981103,WETH,pool_swap_ratio,1,3073,6231.887368388224,,15636818,27.725607981326053,,1,1,0.0,0.0,0.0,0.0,,0,0,,,,27.725607981326053,0.0,27.725607981326053,1,-0.007693325227232808,0.004458916755753678,0.0,0.0,0.0044688725168744925,0.0,0.0044688725168744925,0.0,3,3,price=observed;tvl=observed;lp_amount=none,False
2022-09-29T06:00:00+00:00,0.017958539732044285,0.017958539732044285,0.017958539732044285,0.017958539732044285,0.017958539732044285,WETH,pool_swap_ratio,1,241,6296.276935284912,,15637349,64.3895668966875,,1,1,0.0,0.0,0.0,0.0,,0,0,,,,64.3895668966875,0.0,64.3895668966875,1,-0.007913402569686465,0.010279260760353699,0.0,0.0,0.010332273850665053,0.0,0.010332273850665053,0.0,3,3,price=observed;tvl=observed;lp_amount=none,False
2022-09-29T07:00:00+00:00,,,,0.017958539732044285,,WETH,pool_swap_ratio,0,3841,6296.276935284912,,15637349,0.0,,0,0,0.0,0.0,0.0,0.0,,0,0,,,,0.0,0.0,0.0,0,0.0,0.0,0.0,0.0,0.0,0.0,0.0,,3,3,price=carried;tvl=carried;lp_amount=none,True
2022-09-29T08:00:00+00:00,0.018108763953543112,0.018108763953543112,0.018108763953543112,0.018108763953543112,0.018108763953543112,WETH,pool_swap_ratio,1,2749,6297.276935284912,,15637739,1.0,,1,1,0.0,0.0,0.0,0.0,,0,0,,,,1.0,0.0,1.0,1,0.008330264525474657,0.00015881140659418908,0.0,0.0,0.0001588240177931038,0.0,0.0001588240177931038,0.0,3,3,price=observed;tvl=observed;lp_amount=none,False
2022-09-29T09:00:00+00:00,0.017913327464577154,0.017923786240030944,0.01765962572051223,0.017923786240030944,0.017805786301671192,WETH,pool_swap_ratio,8,661,6405.208768072504,,15638211,212.06816721240682,,8,3,0.0,0.0,0.0,0.0,,0,0,,,,160.0,52.06816721240682,107.93183278759318,8,-0.010267346469798662,0.016994221900707974,0.0,0.0,0.017139445175553478,0.0,0.033676169778106176,0.0066270557424739085,3,3,price=observed;tvl=observed;lp_amount=none,False
2022-09-29T10:00:00+00:00,,,,0.017923786240030944,,WETH,pool_swap_ratio,0,4261,6441.791288072504,,15638505,0.0,,0,0,42.61767368084449,5.04279569702353,37.57487798382096,47.66046937786802,0.21161334593843684,1,1,,,1.0,42.61767368084449,6.035153680844492,36.582519999999995,2,0.0,0.005695122397104777,0.0058663002790974176,0.007440892421092827,0.005711370436877835,0.0007872960709977046,0.0,,3,3,price=carried;tvl=observed;lp_amount=quantified,True
2022-09-29T11:00:00+00:00,0.017721738179568212,0.017834761329895032,0.017695372806117264,0.017834761329895032,0.017755364631452115,WETH,pool_swap_ratio,4,925,6441.659554678393,,15638785,104.13173339411203,,4,3,0.0,0.0,0.0,0.0,,0,0,,,,52.0,52.13173339411203,-0.13173339411203244,4,-0.004979234343506631,-2.0450016959595416e-05,0.0,0.0,-2.0449807859492037e-05,0.0,0.016165027511357025,0.0044717019385944745,3,3,price=observed;tvl=observed;lp_amount=none,False
2022-09-29T12:00:00+00:00,0.01799816709737496,0.01799816709737496,0.01799816709737496,0.01799816709737496,0.01799816709737496,WETH,pool_swap_ratio,1,3241,6409.4892814707555,,15638891,32.17027320763794,,1,1,0.0,0.0,0.0,0.0,,0,0,,,,0.0,32.17027320763794,-32.17027320763794,1,0.009120488186129577,-0.005006609263729267,0.0,0.0,-0.00499409708547444,0.0,0.00499409708547444,0.0,3,3,price=observed;tvl=observed;lp_amount=none,False
2022-09-29T13:00:00+00:00,0.01788582652384487,0.01811246936485116,0.01788582652384487,0.01811246936485116,0.018092106981427696,WETH,pool_swap_ratio,2,241,6368.87601115706,,15639435,49.50947888241369,,2,2,0.0,0.0,0.0,0.0,,0,0,,,,4.4481042843595295,45.06137459805416,-40.61327031369463,2,0.006330691476055318,-0.0063565888336960304,0.0,0.0,-0.006336428462577176,0.0,0.0077244031011239915,0.0011254843586965269,3,3,price=observed;tvl=observed;lp_amount=none,False
2022-09-29T14:00:00+00:00,0.018097864181844184,0.018097864181844184,0.018097864181844184,0.018097864181844184,0.018097864181844184,WETH,pool_swap_ratio,1,2941,6345.676011157059,,15639509,23.200000000000045,,1,1,0.0,0.0,0.0,0.0,,0,0,,,,0.0,23.200000000000045,-23.200000000000045,1,-0.0008066859577616415,-0.0036493658144089343,0.0,0.0,-0.0036427149718974046,0.0,0.0036427149718974046,0.0,3,3,price=observed;tvl=observed;lp_amount=none,False
2022-09-29T15:00:00+00:00,,,,0.018097864181844184,,WETH,pool_swap_ratio,0,6541,6345.676011157059,,15639509,0.0,,0,0,0.0,0.0,0.0,0.0,,0,0,,,,0.0,0.0,0.0,0,0.0,0.0,0.0,0.0,0.0,0.0,0.0,,3,3,price=carried;tvl=carried;lp_amount=none,True
2022-09-29T16:00:00+00:00,0.01820302344399075,0.01820302344399075,0.01820302344399075,0.01820302344399075,0.01820302344399075,WETH,pool_swap_ratio,1,2065,6333.695858482368,,15640177,11.980152674691617,,1,1,0.0,0.0,0.0,0.0,,0,0,,,,0.0,11.980152674691617,-11.980152674691617,1,0.005793773275967651,-0.0018897081595134944,0.0,0.0,-0.00188792378520869,0.0,0.00188792378520869,0.0,3,3,price=observed;tvl=observed;lp_amount=none,False
2022-09-29T17:00:00+00:00,0.017936106646017566,0.018124558072295203,0.017778731811742762,0.018124558072295203,0.017904331970290913,WETH,pool_swap_ratio,4,541,6393.695858482368,,15640600,80.05779481247323,,4,2,0.0,0.0,0.0,0.0,,0,0,,,,70.02889740623662,10.028897406236618,60.00000000000001,3,-0.004319885356706175,0.009428553127257846,0.0,0.0,0.0094731419601788,0.0,0.012639980921290412,0.012300157435067627,3,3,price=observed;tvl=observed;lp_amount=none,False
2022-09-29T18:00:00+00:00,,,,0.018124558072295203,,WETH,pool_swap_ratio,0,4141,6393.695858482368,,15640600,0.0,,0,0,0.0,0.0,0.0,0.0,,0,0,,,,0.0,0.0,0.0,0,0.0,0.0,0.0,0.0,0.0,0.0,0.0,,3,3,price=carried;tvl=carried;lp_amount=none,True
2022-09-29T19:00:00+00:00,0.01798408100868298,0.01798408100868298,0.01798408100868298,0.01798408100868298,0.01798408100868298,WETH,pool_swap_ratio,1,793,6391.645908208685,,15641176,2.0499502736830655,,1,1,0.0,0.0,0.0,0.0,,0,0,,,,0.0,2.0499502736830655,-2.0499502736830655,1,-0.0077808400377805875,-0.00032067195835000923,0.0,0.0,-0.0003206205485929463,0.0,0.0003206205485929463,0.0,3,3,price=observed;tvl=observed;lp_amount=none,False
2022-09-29T20:00:00+00:00,,,,0.01798408100868298,,WETH,pool_swap_ratio,0,4393,6391.645908208685,,15641176,0.0,,0,0,0.0,0.0,0.0,0.0,,0,0,,,,0.0,0.0,0.0,0,0.0,0.0,0.0,0.0,0.0,0.0,0.0,,3,3,price=carried;tvl=carried;lp_amount=none,True
2022-09-29T21:00:00+00:00,,,,0.01798408100868298,,WETH,pool_swap_ratio,0,7993,6391.645908208685,,15641176,0.0,,0,0,0.0,0.0,0.0,0.0,,0,0,,,,0.0,0.0,0.0,0,0.0,0.0,0.0,0.0,0.0,0.0,0.0,,3,3,price=carried;tvl=carried;lp_amount=none,True
2022-09-29T22:00:00+00:00,0.01803848542189874,0.01816518160097207,0.01803848542189874,0.01816518160097207,0.018146046281376987,WETH,pool_swap_ratio,2,781,6340.07617525307,,15642067,51.56973295561571,,2,2,0.0,0.0,0.0,0.0,,0,0,,,,0.0,51.56973295561571,-51.56973295561571,2,0.010019684736648658,-0.008101027440953007,0.0,0.0,-0.00806830254620106,0.0,0.00806830254620106,0.0010545172925477964,3,3,price=observed;tvl=observed;lp_amount=none,False
2022-09-29T23:00:00+00:00,0.01811328501328423,0.01811328501328423,0.01811328501328423,0.01811328501328423,0.01811328501328423,WETH,pool_swap_ratio,1,3553,6334.402214019859,,15642136,5.673961233210682,,1,1,0.0,0.0,0.0,0.0,,0,0,,,,0.0,5.673961233210682,-5.673961233210682,1,-0.0028610152484782195,-0.0008953365082143658,0.0,0.0,-0.0008949358140770605,0.0,0.0008949358140770605,0.0,3,3,price=observed;tvl=observed;lp_amount=none,False
2022-09-30T00:00:00+00:00,,,,0.01811328501328423,,WETH,pool_swap_ratio,0,7153,6334.402214019859,,15642136,0.0,,0,0,0.0,0.0,0.0,0.0,,0,0,,,,0.0,0.0,0.0,0,0.0,0.0,0.0,0.0,0.0,0.0,0.0,,3,3,price=carried;tvl=carried;lp_amount=none,True
2022-09-30T01:00:00+00:00,0.018202692784908943,0.018202692784908943,0.018202692784908943,0.018202692784908943,0.018202692784908943,WETH,pool_swap_ratio,1,805,6324.101540256061,,15642964,10.30067376379873,,1,1,0.0,0.0,0.0,0.0,,0,0,,,,0.0,10.30067376379873,-10.30067376379873,1,0.0049238906775517614,-0.0016274713405844774,0.0,0.0,-0.0016261477272473115,0.0,0.0016261477272473115,0.0,3,3,price=observed;tvl=observed;lp_amount=none,False
2022-09-30T02:00:00+00:00,,,,0.018202692784908943,,WETH,pool_swap_ratio,0,4405,6324.101540256061,,15642964,0.0,,0,0,0.0,0.0,0.0,0.0,,0,0,,,,0.0,0.0,0.0,0,0.0,0.0,0.0,0.0,0.0,0.0,0.0,,3,3,price=carried;tvl=carried;lp_amount=none,True
2022-09-30T03:00:00+00:00,0.018232171583993238,0.018232171583993238,0.018232171583993238,0.018232171583993238,0.018232171583993238,WETH,pool_swap_ratio,1,1357,6323.101540256061,,15643511,1.0,,1,1,0.0,0.0,0.0,0.0,,0,0,,,,0.0,1.0,-1.0,1,0.0016181646907334163,-0.0001581377314364514,0.0,0.0,-0.00015812522832445072,0.0,0.00015812522832445072,0.0,3,3,price=observed;tvl=observed;lp_amount=none,False
2022-09-30T04:00:00+00:00,,,,0.018232171583993238,,WETH,pool_swap_ratio,0,4957,6323.101540256061,,15643511,0.0,,0,0,0.0,0.0,0.0,0.0,,0,0,,,,0.0,0.0,0.0,0,0.0,0.0,0.0,0.0,0.0,0.0,0.0,,3,3,price=carried;tvl=carried;lp_amount=none,True
2022-09-30T05:00:00+00:00,,,,0.018232171583993238,,WETH,pool_swap_ratio,0,8557,6323.101540256061,,15643511,0.0,,0,0,0.0,0.0,0.0,0.0,,0,0,,,,0.0,0.0,0.0,0,0.0,0.0,0.0,0.0,0.0,0.0,0.0,,3,3,price=carried;tvl=carried;lp_amount=none,True
2022-09-30T06:00:00+00:00,,,,0.018232171583993238,,WETH,pool_swap_ratio,0,12157,6323.101540256061,,15643511,0.0,,0,0,0.0,0.0,0.0,0.0,,0,0,,,,0.0,0.0,0.0,0,0.0,0.0,0.0,0.0,0.0,0.0,0.0,,3,3,price=carried;tvl=carried;lp_amount=none,True
2022-09-30T07:00:00+00:00,,,,0.018232171583993238,,WETH,pool_swap_ratio,0,15757,6323.101540256061,,15643511,0.0,,0,0,0.0,0.0,0.0,0.0,,0,0,,,,0.0,0.0,0.0,0,0.0,0.0,0.0,0.0,0.0,0.0,0.0,,3,3,price=carried;tvl=carried;lp_amount=none,True
2022-09-30T08:00:00+00:00,0.01823656616868954,0.01823656616868954,0.01823656616868954,0.01823656616868954,0.01823656616868954,WETH,pool_swap_ratio,1,829,6321.175137126569,,15645045,1.92640312949183,,1,1,0.0,0.0,0.0,0.0,,0,0,,,,0.0,1.92640312949183,-1.92640312949183,1,0.00024100558387163328,-0.0003047075279272392,0.0,0.0,-0.00030466110930330216,0.0,0.00030466110930330216,0.0,3,3,price=observed;tvl=observed;lp_amount=none,False
2022-09-30T09:00:00+00:00,,,,0.01823656616868954,,WETH,pool_swap_ratio,0,4429,6321.175137126569,,15645045,0.0,,0,0,0.0,0.0,0.0,0.0,,0,0,,,,0.0,0.0,0.0,0,0.0,0.0,0.0,0.0,0.0,0.0,0.0,,3,3,price=carried;tvl=carried;lp_amount=none,True
2022-09-30T10:00:00+00:00,,,,0.01823656616868954,,WETH,pool_swap_ratio,0,8029,6321.175137126569,,15645045,0.0,,0,0,0.0,0.0,0.0,0.0,,0,0,,,,0.0,0.0,0.0,0,0.0,0.0,0.0,0.0,0.0,0.0,0.0,,3,3,price=carried;tvl=carried;lp_amount=none,True
2022-09-30T11:00:00+00:00,0.01792280219975812,0.017977074650835388,0.01792280219975812,0.017977074650835388,0.01794629239683221,WETH,pool_swap_ratio,2,349,6330.975658063695,,15645983,72.94214763594856,,2,2,0.0,0.0,0.0,0.0,,0,0,,,,41.37133428653721,31.57081334941135,9.800520937125864,2,-0.01433139299748104,0.0015492263815002007,0.0,0.0,0.001550427052647826,0.0,0.01153933343936837,0.0017152430887961145,3,3,price=observed;tvl=observed;lp_amount=none,False
2022-09-30T12:00:00+00:00,0.018022670032745037,0.018022670032745037,0.018022670032745037,0.018022670032745037,0.018022670032745037,WETH,pool_swap_ratio,1,361,6334.6793767667605,,15646279,3.703718703065578,,1,1,0.0,0.0,0.0,0.0,,0,0,,,,3.703718703065578,0.0,3.703718703065578,1,0.0025330960922598468,0.0005848444156183122,0.0,0.0,0.0005850154704588371,0.0,0.0005850154704588371,0.0,3,3,price=observed;tvl=observed;lp_amount=none,False
2022-09-30T13:00:00+00:00,0.01824581981816503,0.018306630164302454,0.01824581981816503,0.018306630164302454,0.018285300489227815,WETH,pool_swap_ratio,2,13,6266.064657844809,,15646607,68.61471892195226,,2,1,0.0,0.0,0.0,0.0,,0,0,,,,0.0,68.61471892195226,-68.61471892195226,2,0.01563288656873357,-0.010890689774351535,0.0,0.0,-0.010831600913158358,0.0,0.010831600913158358,0.0011664930027923681,3,3,price=observed;tvl=observed;lp_amount=none,False
2022-09-30T14:00:00+00:00,0.018193103940564285,0.018203455046965848,0.018193103940564285,0.018203455046965848,0.01819688485703069,WETH,pool_swap_ratio,2,2389,6272.008143337293,,15646709,22.056514507514436,,2,2,0.0,0.0,0.0,0.0,,0,0,,,,14.0,8.056514507514434,5.943485492485566,2,-0.0056518844801295405,0.0009480700952875932,0.0,0.0,0.0009485196558009677,0.0,0.003519994719476881,0.00036106124684409657,3,3,price=observed;tvl=observed;lp_amount=none,False
2022-09-30T15:00:00+00:00,,,,0.018203455046965848,,WETH,pool_swap_ratio,0,5989,6272.008143337293,,15646709,0.0,,0,0,0.0,0.0,0.0,0.0,,0,0,,,,0.0,0.0,0.0,0,0.0,0.0,0.0,0.0,0.0,0.0,0.0,,3,3,price=carried;tvl=carried;lp_amount=none,True
2022-09-30T16:00:00+00:00,0.0178469326429013,0.0178469326429013,0.0178469326429013,0.0178469326429013,0.0178469326429013,WETH,pool_swap_ratio,1,3049,6382.557457082844,,15647250,110.54931374555072,,1,1,0.0,0.0,0.0,0.0,,0,0,,,,110.54931374555072,0.0,110.54931374555072,1,-0.019779761085704426,0.01747229096680801,0.0,0.0,0.017625824332353015,0.0,0.017625824332353015,0.0,3,3,price=observed;tvl=observed;lp_amount=none,False
2022-09-30T17:00:00+00:00,0.018112386581782127,0.018190959161522927,0.018112386581782127,0.018190959161522927,0.01812430931044495,WETH,pool_swap_ratio,2,517,6329.8362507463735,,15647759,52.721206336470075,,2,2,0.0,0.0,0.0,0.0,,0,0,,,,0.0,52.721206336470075,-52.721206336470075,2,0.019093068569519495,-0.008294505316762265,0.0,0.0,-0.008260200819338393,0.0,0.008260200819338393,0.003677373296623543,3,3,price=observed;tvl=observed;lp_amount=none,False
2022-09-30T18:00:00+00:00,0.018068072030546233,0.018068072030546233,0.018068072030546233,0.018068072030546233,0.018068072030546233,WETH,pool_swap_ratio,1,1225,6338.224946484878,,15647998,8.388695738504493,,1,1,0.0,0.0,0.0,0.0,,0,0,,,,8.388695738504493,0.0,8.388695738504493,1,-0.0067783168742385465,0.0013243852921208511,0.0,0.0,0.0013252626776111866,0.0,0.0013252626776111866,0.0,3,3,price=observed;tvl=observed;lp_amount=none,False
2022-09-30T19:00:00+00:00,0.01816394586620328,0.01816394586620328,0.01816394586620328,0.01816394586620328,0.01816394586620328,WETH,pool_swap_ratio,1,2341,6341.746946484878,,15648204,3.522,,1,1,0.0,0.0,0.0,0.0,,0,0,,,,3.522,0.0,3.522,1,0.005292228530972349,0.0005555217504114744,0.0,0.0,0.0005556760811957722,0.0,0.0005556760811957722,0.0,3,3,price=observed;tvl=observed;lp_amount=none,False
2022-09-30T20:00:00+00:00,0.01822761295293223,0.018235990436853464,0.01822761295293223,0.018235990436853464,0.018227633834839854,WETH,pool_swap_ratio,2,565,6341.202443577504,,15648651,0.5445029073743877,,2,1,0.0,0.0,0.0,0.0,,0,0,,,,0.0,0.5445029073743877,-0.5445029073743877,2,0.003958504988970477,-8.586376732463367e-05,0.0,0.0,-8.586008113682245e-05,0.0,8.586008113682245e-05,0.0004584578607036427,3,3,price=observed;tvl=observed;lp_amount=none,False
2022-09-30T21:00:00+00:00,,,,0.018235990436853464,,WETH,pool_swap_ratio,0,4165,6341.202443577504,,15648651,0.0,,0,0,0.0,0.0,0.0,0.0,,0,0,,,,0.0,0.0,0.0,0,0.0,0.0,0.0,0.0,0.0,0.0,0.0,,3,3,price=carried;tvl=carried;lp_amount=none,True
2022-09-30T22:00:00+00:00,,,,0.018235990436853464,,WETH,pool_swap_ratio,0,7765,6341.202443577504,,15648651,0.0,,0,0,0.0,0.0,0.0,0.0,,0,0,,,,0.0,0.0,0.0,0,0.0,0.0,0.0,0.0,0.0,0.0,0.0,,3,3,price=carried;tvl=carried;lp_amount=none,True
2022-09-30T23:00:00+00:00,,,,0.018235990436853464,,WETH,pool_swap_ratio,0,11365,6341.202443577504,,15648651,0.0,,0,0,0.0,0.0,0.0,0.0,,0,0,,,,0.0,0.0,0.0,0,0.0,0.0,0.0,0.0,0.0,0.0,0.0,,3,3,price=carried;tvl=carried;lp_amount=none,True
2022-10-01T00:00:00+00:00,,,,0.018235990436853464,,WETH,pool_swap_ratio,0,14965,6341.202443577504,,15648651,0.0,,0,0,0.0,0.0,0.0,0.0,,0,0,,,,0.0,0.0,0.0,0,0.0,0.0,0.0,0.0,0.0,0.0,0.0,,3,3,price=carried;tvl=carried;lp_amount=none,True
2022-10-01T01:00:00+00:00,,,,0.018235990436853464,,WETH,pool_swap_ratio,0,18565,6341.202443577504,,15648651,0.0,,0,0,0.0,0.0,0.0,0.0,,0,0,,,,0.0,0.0,0.0,0,0.0,0.0,0.0,0.0,0.0,0.0,0.0,,3,3,price=carried;tvl=carried;lp_amount=none,True
2022-10-01T02:00:00+00:00,0.017979733175827364,0.01815111169903787,0.017979733175827364,0.01815111169903787,0.018065801548717092,WETH,pool_swap_ratio,3,409,6336.043335153313,,15650453,20.311317850553053,,3,2,0.0,0.0,0.0,0.0,,0,0,,,,7.576104713181073,12.735213137371979,-5.159108424190905,3,-0.004665328469929242,-0.0008139163346750017,0.0,0.0,-0.0008135851946212745,0.0,0.00320307040049238,0.0047221901608254235,3,3,price=observed;tvl=observed;lp_amount=none,False
2022-10-01T03:00:00+00:00,,,,0.01815111169903787,,WETH,pool_swap_ratio,0,4009,6336.043335153313,,15650453,0.0,,0,0,0.0,0.0,0.0,0.0,,0,0,,,,0.0,0.0,0.0,0,0.0,0.0,0.0,0.0,0.0,0.0,0.0,,3,3,price=carried;tvl=carried;lp_amount=none,True
2022-10-01T04:00:00+00:00,,,,0.01815111169903787,,WETH,pool_swap_ratio,0,7609,6336.043335153313,,15650453,0.0,,0,0,0.0,0.0,0.0,0.0,,0,0,,,,0.0,0.0,0.0,0,0.0,0.0,0.0,0.0,0.0,0.0,0.0,,3,3,price=carried;tvl=carried;lp_amount=none,True
2022-10-01T05:00:00+00:00,,,,0.01815111169903787,,WETH,pool_swap_ratio,0,11209,6336.043335153313,,15650453,0.0,,0,0,0.0,0.0,0.0,0.0,,0,0,,,,0.0,0.0,0.0,0,0.0,0.0,0.0,0.0,0.0,0.0,0.0,,3,3,price=carried;tvl=carried;lp_amount=none,True
2022-10-01T06:00:00+00:00,,,,0.01815111169903787,,WETH,pool_swap_ratio,0,14809,6336.043335153313,,15650453,0.0,,0,0,0.0,0.0,0.0,0.0,,0,0,,,,0.0,0.0,0.0,0,0.0,0.0,0.0,0.0,0.0,0.0,0.0,,3,3,price=carried;tvl=carried;lp_amount=none,True
2022-10-01T07:00:00+00:00,0.01826276166512324,0.01836596510973279,0.01826276166512324,0.01836596510973279,0.01829974878620628,WETH,pool_swap_ratio,3,493,6252.875476124405,,15651934,83.16785902890774,,3,1,0.0,0.0,0.0,0.0,,0,0,,,,0.0,83.16785902890776,-83.16785902890776,3,0.01176741999818678,-0.013213059875949227,0.0,0.0,-0.013126150600561722,0.0,0.01312615060056172,0.003618428006859853,3,3,price=observed;tvl=observed;lp_amount=none,False
2022-10-01T08:00:00+00:00,,,,0.01836596510973279,,WETH,pool_swap_ratio,0,4093,6252.875476124405,,15651934,0.0,,0,0,0.0,0.0,0.0,0.0,,0,0,,,,0.0,0.0,0.0,0,0.0,0.0,0.0,0.0,0.0,0.0,0.0,,3,3,price=carried;tvl=carried;lp_amount=none,True
2022-10-01T09:00:00+00:00,0.018201233463576338,0.018201233463576338,0.018201233463576338,0.018201233463576338,0.018201233463576338,WETH,pool_swap_ratio,1,289,6260.875476124405,,15652550,8.0,,1,1,0.0,0.0,0.0,0.0,,0,0,,,,8.0,0.0,8.0,1,-0.009009864958741414,0.0012785936239892513,0.0,0.0,0.001279411373302844,0.0,0.001279411373302844,0.0,3,3,price=observed;tvl=observed;lp_amount=none,False
2022-10-01T10:00:00+00:00,,,,0.018201233463576338,,WETH,pool_swap_ratio,0,3889,6260.875476124405,,15652550,0.0,,0,0,0.0,0.0,0.0,0.0,,0,0,,,,0.0,0.0,0.0,0,0.0,0.0,0.0,0.0,0.0,0.0,0.0,,3,3,price=carried;tvl=carried;lp_amount=none,True
2022-10-01T11:00:00+00:00,,,,0.018201233463576338,,WETH,pool_swap_ratio,0,7489,6260.875476124405,,15652550,0.0,,0,0,0.0,0.0,0.0,0.0,,0,0,,,,0.0,0.0,0.0,0,0.0,0.0,0.0,0.0,0.0,0.0,0.0,,3,3,price=carried;tvl=carried;lp_amount=none,True
2022-10-01T12:00:00+00:00,,,,0.018201233463576338,,WETH,pool_swap_ratio,0,11089,6260.875476124405,,15652550,0.0,,0,0,0.0,0.0,0.0,0.0,,0,0,,,,0.0,0.0,0.0,0,0.0,0.0,0.0,0.0,0.0,0.0,0.0,,3,3,price=carried;tvl=carried;lp_amount=none,True
2022-10-01T13:00:00+00:00,,,,0.018201233463576338,,WETH,pool_swap_ratio,0,14689,6260.875476124405,,15652550,0.0,,0,0,0.0,0.0,0.0,0.0,,0,0,,,,0.0,0.0,0.0,0,0.0,0.0,0.0,0.0,0.0,0.0,0.0,,3,3,price=carried;tvl=carried;lp_amount=none,True
2022-10-01T14:00:00+00:00,,,,0.018201233463576338,,WETH,pool_swap_ratio,0,18289,6260.875476124405,,15652550,0.0,,0,0,0.0,0.0,0.0,0.0,,0,0,,,,0.0,0.0,0.0,0,0.0,0.0,0.0,0.0,0.0,0.0,0.0,,3,3,price=carried;tvl=carried;lp_amount=none,True
2022-10-01T15:00:00+00:00,,,,0.018201233463576338,,WETH,pool_swap_ratio,0,21889,6260.875476124405,,15652550,0.0,,0,0,0.0,0.0,0.0,0.0,,0,0,,,,0.0,0.0,0.0,0,0.0,0.0,0.0,0.0,0.0,0.0,0.0,,3,3,price=carried;tvl=carried;lp_amount=none,True
2022-10-01T16:00:00+00:00,,,,0.018201233463576338,,WETH,pool_swap_ratio,0,25489,6260.875476124405,,15652550,0.0,,0,0,0.0,0.0,0.0,0.0,,0,0,,,,0.0,0.0,0.0,0,0.0,0.0,0.0,0.0,0.0,0.0,0.0,,3,3,price=carried;tvl=carried;lp_amount=none,True
2022-10-01T17:00:00+00:00,,,,0.018201233463576338,,WETH,pool_swap_ratio,0,29089,6260.875476124405,,15652550,0.0,,0,0,0.0,0.0,0.0,0.0,,0,0,,,,0.0,0.0,0.0,0,0.0,0.0,0.0,0.0,0.0,0.0,0.0,,3,3,price=carried;tvl=carried;lp_amount=none,True
2022-10-01T18:00:00+00:00,0.01838972615792251,0.01866925327408568,0.01838972615792251,0.018391726173589626,0.01853872449182454,WETH,pool_swap_ratio,5,157,6128.288879931944,,15655235,197.1815024683172,,5,3,0.0,0.0,0.0,0.0,,0,0,,,,32.29745313792835,164.88404933038885,-132.5865961924605,5,0.010411534496469161,-0.021404455441358432,0.0,0.0,-0.02117700578746121,0.0,0.03149423802154521,-0.007929257393071376,3,3,price=observed;tvl=observed;lp_amount=none,False
2022-10-01T19:00:00+00:00,0.018559855797260882,0.019873706148066075,0.01843409874288993,0.018702275760858707,0.019004212882019055,WETH,pool_swap_ratio,23,73,6027.6755156853205,,15655537,508.3404935821413,,23,11,0.0,0.0,0.0,0.0,,0,0,,,,203.8635646677584,304.476928914383,-100.6133642466246,23,0.016744315890802153,-0.016554122507573047,0.0,0.0,-0.01641785598196897,0.0,0.08294982556171315,-0.01588790459435585,3,3,price=observed;tvl=observed;lp_amount=none,False
2022-10-01T20:00:00+00:00,0.01883775981310825,0.019064162270583485,0.01860008042770532,0.018752191232137477,0.01880502046955267,WETH,pool_swap_ratio,25,805,6035.321528331712,,15655775,603.8982736629663,,25,11,0.0,0.0,0.0,0.0,,0,0,,,,305.77214894876005,298.1261363023674,7.6460126463926485,25,0.0026653964046246263,0.0012676806008373156,0.0,0.0,0.0012684844475280832,0.0,0.10018758841472004,-0.002809315602752438,3,3,price=observed;tvl=observed;lp_amount=none,False
2022-10-01T21:00:00+00:00,0.01873462467692188,0.01873462467692188,0.018621431369187164,0.018621431369187164,0.01867769004271242,WETH,pool_swap_ratio,2,229,6035.541233115991,,15656116,36.79076585213123,,2,2,0.0,0.0,0.0,0.0,,0,0,,,,18.505235318205283,18.285530533925947,0.2197047842793367,2,-0.006997469733930423,3.6402498917553e-05,0.0,0.0,3.640316149652886e-05,0.0,0.006095908176461472,-0.003012078763305448,3,3,price=observed;tvl=observed;lp_amount=none,False
2022-10-01T22:00:00+00:00,0.01853486464795281,0.018616839791198887,0.01853486464795281,0.018616839791198887,0.018550669142156393,WETH,pool_swap_ratio,2,1321,6074.535356122344,,15656324,38.99412300635231,,2,2,0.0,0.0,0.0,0.0,,0,0,,,,38.99412300635231,0.0,38.99412300635231,2,-0.0002466053266420275,0.0064399688121699996,0.0,0.0,0.006460749997431576,0.0,0.006460749997431576,0.0035670222208923352,3,3,price=observed;tvl=observed;lp_amount=none,False
2022-10-01T23:00:00+00:00,,,,0.018616839791198887,,WETH,pool_swap_ratio,0,4921,6074.535356122344,,15656324,0.0,,0,0,0.0,0.0,0.0,0.0,,0,0,,,,0.0,0.0,0.0,0,0.0,0.0,0.0,0.0,0.0,0.0,0.0,,3,3,price=carried;tvl=carried;lp_amount=none,True
2022-10-02T00:00:00+00:00,,,,0.018616839791198887,,WETH,pool_swap_ratio,0,8521,6074.535356122344,,15656324,0.0,,0,0,0.0,0.0,0.0,0.0,,0,0,,,,0.0,0.0,0.0,0,0.0,0.0,0.0,0.0,0.0,0.0,0.0,,3,3,price=carried;tvl=carried;lp_amount=none,True
2022-10-02T01:00:00+00:00,,,,0.018616839791198887,,WETH,pool_swap_ratio,0,12121,6074.535356122344,,15656324,0.0,,0,0,0.0,0.0,0.0,0.0,,0,0,,,,0.0,0.0,0.0,0,0.0,0.0,0.0,0.0,0.0,0.0,0.0,,3,3,price=carried;tvl=carried;lp_amount=none,True
2022-10-02T02:00:00+00:00,,,,0.018616839791198887,,WETH,pool_swap_ratio,0,15721,6069.910784713349,,15657587,0.0,,0,0,0.0,0.0,0.0,0.0,,0,1,,,1.0,0.0,4.624571408995121,-4.624571408995121,1,0.0,-0.0007615944900073018,0.0,0.0,-0.0007613045505339191,0.0,0.0,,3,3,price=carried;tvl=observed;lp_amount=quantified,True
2022-10-02T03:00:00+00:00,0.018463522408868706,0.018463522408868706,0.018463522408868706,0.018463522408868706,0.018463522408868706,WETH,pool_swap_ratio,1,3577,6091.916509470276,,15657652,15.0,,1,1,7.005724756926803,0.0,7.005724756926803,7.005724756926803,0.0,1,0,,,,22.005724756926803,0.0,22.005724756926803,2,-0.008269512321226337,0.003618822770621527,0.001154172607375093,0.001154172607375093,0.0036253786155056346,0.0,0.002471206008130542,0.0,3,3,price=observed;tvl=observed;lp_amount=quantified,False
2022-10-02T04:00:00+00:00,0.01864506331170547,0.019206797535076117,0.018623613730775306,0.018623613730775306,0.018826636817834728,WETH,pool_swap_ratio,7,1105,6069.076173693618,,15658135,88.95679018604012,,7,3,0.0,0.0,0.0,0.0,,0,0,,,,33.05822720469136,55.89856298134876,-22.840335776657398,7,0.00863330701277769,-0.003756331942335103,0.0,0.0,-0.0037492857528744245,0.0,0.014602430950547512,-0.010783821296594831,3,3,price=observed;tvl=observed;lp_amount=none,False
2022-10-02T05:00:00+00:00,0.018903020041111794,0.018903020041111794,0.018463526174288314,0.018463526174288314,0.018680539724287817,WETH,pool_swap_ratio,8,685,6095.401832548682,,15658469,172.16843963395243,,8,4,0.0,0.0,0.0,0.0,,0,0,,,,99.24704924450805,72.9213903894444,26.32565885506365,8,-0.008633103074485598,0.004328290937023011,0.0,0.0,0.004337671517317922,0.0,0.02836814610767545,-0.011617092075629332,3,3,price=observed;tvl=observed;lp_amount=none,False
2022-10-02T06:00:00+00:00,,,,0.018463526174288314,,WETH,pool_swap_ratio,0,4285,6095.401832548682,,15658469,0.0,,0,0,0.0,0.0,0.0,0.0,,0,0,,,,0.0,0.0,0.0,0,0.0,0.0,0.0,0.0,0.0,0.0,0.0,,3,3,price=carried;tvl=carried;lp_amount=none,True
2022-10-02T07:00:00+00:00,,,,0.018463526174288314,,WETH,pool_swap_ratio,0,7885,6095.401832548682,,15658469,0.0,,0,0,0.0,0.0,0.0,0.0,,0,0,,,,0.0,0.0,0.0,0,0.0,0.0,0.0,0.0,0.0,0.0,0.0,,3,3,price=carried;tvl=carried;lp_amount=none,True
2022-10-02T08:00:00+00:00,,,,0.018463526174288314,,WETH,pool_swap_ratio,0,11485,6095.401832548682,,15658469,0.0,,0,0,0.0,0.0,0.0,0.0,,0,0,,,,0.0,0.0,0.0,0,0.0,0.0,0.0,0.0,0.0,0.0,0.0,,3,3,price=carried;tvl=carried;lp_amount=none,True
2022-10-02T09:00:00+00:00,,,,0.018463526174288314,,WETH,pool_swap_ratio,0,15085,6095.401832548682,,15658469,0.0,,0,0,0.0,0.0,0.0,0.0,,0,0,,,,0.0,0.0,0.0,0,0.0,0.0,0.0,0.0,0.0,0.0,0.0,,3,3,price=carried;tvl=carried;lp_amount=none,True
2022-10-02T10:00:00+00:00,,,,0.018463526174288314,,WETH,pool_swap_ratio,0,18685,6095.401832548682,,15658469,0.0,,0,0,0.0,0.0,0.0,0.0,,0,0,,,,0.0,0.0,0.0,0,0.0,0.0,0.0,0.0,0.0,0.0,0.0,,3,3,price=carried;tvl=carried;lp_amount=none,True
2022-10-02T11:00:00+00:00,,,,0.018463526174288314,,WETH,pool_swap_ratio,0,22285,6095.401832548682,,15658469,0.0,,0,0,0.0,0.0,0.0,0.0,,0,0,,,,0.0,0.0,0.0,0,0.0,0.0,0.0,0.0,0.0,0.0,0.0,,3,3,price=carried;tvl=carried;lp_amount=none,True
2022-10-02T12:00:00+00:00,,,,0.018463526174288314,,WETH,pool_swap_ratio,0,25885,6095.401832548682,,15658469,0.0,,0,0,0.0,0.0,0.0,0.0,,0,0,,,,0.0,0.0,0.0,0,0.0,0.0,0.0,0.0,0.0,0.0,0.0,,3,3,price=carried;tvl=carried;lp_amount=none,True
2022-10-02T13:00:00+00:00,0.018664624097012514,0.018664624097012514,0.018664624097012514,0.018664624097012514,0.018664624097012514,WETH,pool_swap_ratio,1,1753,6089.199956240483,,15660772,6.201876308199279,,1,1,0.0,0.0,0.0,0.0,,0,0,,,,0.0,6.201876308199279,-6.201876308199279,1,0.01083274484688955,-0.0010179859713572404,0.0,0.0,-0.0010174679994158936,0.0,0.0010174679994158936,0.0,3,3,price=observed;tvl=observed;lp_amount=none,False
2022-10-02T14:00:00+00:00,,,,0.018664624097012514,,WETH,pool_swap_ratio,0,5353,6089.199956240483,,15660772,0.0,,0,0,0.0,0.0,0.0,0.0,,0,0,,,,0.0,0.0,0.0,0,0.0,0.0,0.0,0.0,0.0,0.0,0.0,,3,3,price=carried;tvl=carried;lp_amount=none,True
2022-10-02T15:00:00+00:00,0.018731709584860284,0.018833503667003454,0.018731709584860284,0.01878203398230396,0.018795049136257666,WETH,pool_swap_ratio,3,1237,6049.718004657368,,15661415,39.481951583115396,,3,1,0.0,0.0,0.0,0.0,,0,0,,,,0.0,39.481951583115396,-39.481951583115396,3,0.006270800976918918,-0.006505042860549222,0.0,0.0,-0.006483930872175176,0.0,0.006483930872175176,-0.0006924777828113404,3,3,price=observed;tvl=observed;lp_amount=none,False
2022-10-02T16:00:00+00:00,,,,0.01878203398230396,,WETH,pool_swap_ratio,0,4837,6049.718004657368,,15661415,0.0,,0,0,0.0,0.0,0.0,0.0,,0,0,,,,0.0,0.0,0.0,0,0.0,0.0,0.0,0.0,0.0,0.0,0.0,,3,3,price=carried;tvl=carried;lp_amount=none,True
2022-10-02T17:00:00+00:00,,,,0.01878203398230396,,WETH,pool_swap_ratio,0,8437,6049.718004657368,,15661415,0.0,,0,0,0.0,0.0,0.0,0.0,,0,0,,,,0.0,0.0,0.0,0,0.0,0.0,0.0,0.0,0.0,0.0,0.0,,3,3,price=carried;tvl=carried;lp_amount=none,True
2022-10-02T18:00:00+00:00,,,,0.01878203398230396,,WETH,pool_swap_ratio,0,12037,6049.718004657368,,15661415,0.0,,0,0,0.0,0.0,0.0,0.0,,0,0,,,,0.0,0.0,0.0,0,0.0,0.0,0.0,0.0,0.0,0.0,0.0,,3,3,price=carried;tvl=carried;lp_amount=none,True
2022-10-02T19:00:00+00:00,0.018677414935289415,0.018677414935289415,0.018677414935289415,0.018677414935289415,0.018677414935289415,WETH,pool_swap_ratio,1,3025,6062.230428987661,,15662460,12.512424330292946,,1,1,0.0,0.0,0.0,0.0,,0,0,,,,12.512424330292946,0.0,12.512424330292946,1,-0.005585737219898283,0.002066129797369044,0.0,0.0,0.002068265714312679,0.0,0.002068265714312679,0.0,3,3,price=observed;tvl=observed;lp_amount=none,False
2022-10-02T20:00:00+00:00,,,,0.018677414935289415,,WETH,pool_swap_ratio,0,6625,6062.230428987661,,15662460,0.0,,0,0,0.0,0.0,0.0,0.0,,0,0,,,,0.0,0.0,0.0,0,0.0,0.0,0.0,0.0,0.0,0.0,0.0,,3,3,price=carried;tvl=carried;lp_amount=none,True
2022-10-02T21:00:00+00:00,0.018593792527792943,0.019754838492385168,0.018593792527792943,0.01871927644095498,0.019210167394758972,WETH,pool_swap_ratio,5,1021,6060.926941590169,,15663223,183.39192176160742,,5,3,0.0,0.0,0.0,0.0,,0,0,,,,91.04421718205776,92.34770457954966,-1.3034873974918924,5,0.0022387821815071252,-0.00021504091098880593,0.0,0.0,-0.00021501779134937358,0.0,0.030251559044124333,-0.02555370516645883,3,3,price=observed;tvl=observed;lp_amount=none,False
2022-10-02T22:00:00+00:00,,,,0.01871927644095498,,WETH,pool_swap_ratio,0,4621,6060.926941590169,,15663223,0.0,,0,0,0.0,0.0,0.0,0.0,,0,0,,,,0.0,0.0,0.0,0,0.0,0.0,0.0,0.0,0.0,0.0,0.0,,3,3,price=carried;tvl=carried;lp_amount=none,True
2022-10-02T23:00:00+00:00,0.018869923231802522,0.020838341597938133,0.01883285132437538,0.01883285132437538,0.019441175742514652,WETH,pool_swap_ratio,6,2233,5942.706770253599,,15663721,336.69943639807286,,6,4,0.0,0.0,0.0,0.0,,0,0,,,,109.23963253075149,227.45980386732137,-118.22017133656988,6,0.006048937116707868,-0.019698034232929377,0.0,0.0,-0.01950529555559255,0.0,0.05555246576025136,-0.031290515871885693,3,3,price=observed;tvl=observed;lp_amount=none,False
2022-10-03T00:00:00+00:00,,,,0.01883285132437538,,WETH,pool_swap_ratio,0,5833,5942.706770253599,,15663721,0.0,,0,0,0.0,0.0,0.0,0.0,,0,0,,,,0.0,0.0,0.0,0,0.0,0.0,0.0,0.0,0.0,0.0,0.0,,3,3,price=carried;tvl=carried;lp_amount=none,True
2022-10-03T01:00:00+00:00,,,,0.01883285132437538,,WETH,pool_swap_ratio,0,9433,5942.706770253599,,15663721,0.0,,0,0,0.0,0.0,0.0,0.0,,0,0,,,,0.0,0.0,0.0,0,0.0,0.0,0.0,0.0,0.0,0.0,0.0,,3,3,price=carried;tvl=carried;lp_amount=none,True
2022-10-03T02:00:00+00:00,0.018767563670572383,0.018767563670572383,0.018767563670572383,0.018767563670572383,0.018767563670572383,WETH,pool_swap_ratio,1,2641,5973.401076165769,,15664584,30.694305912170577,,1,1,0.0,0.0,0.0,0.0,,0,0,,,,30.694305912170577,0.0,30.694305912170577,1,-0.003472712704069744,0.005151744880884507,0.0,0.0,0.005165037936216518,0.0,0.005165037936216518,0.0,3,3,price=observed;tvl=observed;lp_amount=none,False
2022-10-03T03:00:00+00:00,,,,0.018767563670572383,,WETH,pool_swap_ratio,0,6241,5973.401076165769,,15664584,0.0,,0,0,0.0,0.0,0.0,0.0,,0,0,,,,0.0,0.0,0.0,0,0.0,0.0,0.0,0.0,0.0,0.0,0.0,,3,3,price=carried;tvl=carried;lp_amount=none,True
2022-10-03T04:00:00+00:00,0.01864918613510979,0.01864918613510979,0.018608956503650628,0.018608956503650628,0.018615146623450835,WETH,pool_swap_ratio,3,985,6075.749586725747,,15665316,102.3485105599768,,3,1,0.0,0.0,0.0,0.0,,0,0,,,,102.3485105599768,0.0,102.3485105599768,3,-0.008487045782758858,0.01698891068595145,0.0,0.0,0.017134042943868867,0.0,0.017134042943868867,-0.00033253134801580764,3,3,price=observed;tvl=observed;lp_amount=none,False
2022-10-03T05:00:00+00:00,,,,0.018608956503650628,,WETH,pool_swap_ratio,0,4585,6075.749586725747,,15665316,0.0,,0,0,0.0,0.0,0.0,0.0,,0,0,,,,0.0,0.0,0.0,0,0.0,0.0,0.0,0.0,0.0,0.0,0.0,,3,3,price=carried;tvl=carried;lp_amount=none,True
2022-10-03T06:00:00+00:00,,,,0.018608956503650628,,WETH,pool_swap_ratio,0,8185,6075.749586725747,,15665316,0.0,,0,0,0.0,0.0,0.0,0.0,,0,0,,,,0.0,0.0,0.0,0,0.0,0.0,0.0,0.0,0.0,0.0,0.0,,3,3,price=carried;tvl=carried;lp_amount=none,True
2022-10-03T07:00:00+00:00,0.018483140059272242,0.018483140059272242,0.018446651855180646,0.018446651855180646,0.018461676409806598,WETH,pool_swap_ratio,2,157,6100.044703513191,,15666278,24.295116787444343,,2,1,0.0,0.0,0.0,0.0,,0,0,,,,24.295116787444346,0.0,24.295116787444346,2,-0.008760114519230462,0.003990729220913286,0.0,0.0,0.003998702784019299,0.0,0.003998702784019298,-0.0008138239611853448,3,3,price=observed;tvl=observed;lp_amount=none,False
2022-10-03T08:00:00+00:00,0.018415862638863054,0.018447358718686666,0.018415862638863054,0.018447358718686666,0.01841668025789671,WETH,pool_swap_ratio,2,865,6113.9031611977725,,15666518,14.61737391825502,,2,2,0.0,0.0,0.0,0.0,,0,0,,,,14.237915801418533,0.37945811683648745,13.858457684582046,2,3.831860484188052e-05,0.0022692848840152103,0.0,0.0,0.002271861659735143,0.0,0.0023962732453151458,0.001665797546591019,3,3,price=observed;tvl=observed;lp_amount=none,False
2022-10-03T09:00:00+00:00,,,,0.018447358718686666,,WETH,pool_swap_ratio,0,4465,6113.9031611977725,,15666518,0.0,,0,0,0.0,0.0,0.0,0.0,,0,0,,,,0.0,0.0,0.0,0,0.0,0.0,0.0,0.0,0.0,0.0,0.0,,3,3,price=carried;tvl=carried;lp_amount=none,True
2022-10-03T10:00:00+00:00,0.01847018232188171,0.01847018232188171,0.01847018232188171,0.01847018232188171,0.01847018232188171,WETH,pool_swap_ratio,1,2029,6117.926501092323,,15667018,4.023339894550203,,1,1,0.0,0.0,0.0,0.0,,0,0,,,,4.023339894550203,0.0,4.023339894550203,1,0.001236464047146149,0.0006578476239004098,0.0,0.0,0.0006580640531051512,0.0,0.0006580640531051512,0.0,3,3,price=observed;tvl=observed;lp_amount=none,False
2022-10-03T11:00:00+00:00,,,,0.01847018232188171,,WETH,pool_swap_ratio,0,5629,6117.926501092323,,15667018,0.0,,0,0,0.0,0.0,0.0,0.0,,0,0,,,,0.0,0.0,0.0,0,0.0,0.0,0.0,0.0,0.0,0.0,0.0,,3,3,price=carried;tvl=carried;lp_amount=none,True
2022-10-03T12:00:00+00:00,0.018640236517396772,0.018640236517396772,0.018640236517396772,0.018640236517396772,0.018640236517396772,WETH,pool_swap_ratio,1,1129,6084.986336613963,,15667690,32.94016447835932,,1,1,0.0,0.0,0.0,0.0,,0,0,,,,0.0,32.94016447835932,-32.94016447835932,1,0.009164832471787192,-0.0053987510890212325,0.0,0.0,-0.005384204022797272,0.0,0.005384204022797272,0.0,3,3,price=observed;tvl=observed;lp_amount=none,False
2022-10-03T13:00:00+00:00,0.018594337205367496,0.018594337205367496,0.018582799148267905,0.018582799148267905,0.018592495649627755,WETH,pool_swap_ratio,2,2233,6102.496867497944,,15667897,25.721057147289244,,2,2,0.0,0.0,0.0,0.0,,0,0,,,,21.6157940156347,4.105263131654542,17.51053088398016,2,-0.003086122004212582,0.002873528954201386,0.0,0.0,0.0028776614959046937,0.0,0.00422697040296099,-0.000521527692816437,3,3,price=observed;tvl=observed;lp_amount=none,False
2022-10-03T14:00:00+00:00,,,,0.018582799148267905,,WETH,pool_swap_ratio,0,5833,6102.496867497944,,15667897,0.0,,0,0,0.0,0.0,0.0,0.0,,0,0,,,,0.0,0.0,0.0,0,0.0,0.0,0.0,0.0,0.0,0.0,0.0,,3,3,price=carried;tvl=carried;lp_amount=none,True
2022-10-03T15:00:00+00:00,0.018313623103980967,0.018313623103980967,0.018313623103980967,0.018313623103980967,0.018313623103980967,WETH,pool_swap_ratio,1,709,6177.496867497943,,15668619,75.0,,1,1,0.0,0.0,0.0,0.0,,0,0,,,,75.0,0.0,75.0,1,-0.014591161067367719,0.01221514182771966,0.0,0.0,0.012290051372160786,0.0,0.012290051372160786,0.0,3,3,price=observed;tvl=observed;lp_amount=none,False
2022-10-03T16:00:00+00:00,0.018685918555974703,0.018731349392739915,0.018685918555974703,0.018731349392739915,0.018697597344694176,WETH,pool_swap_ratio,2,1849,6077.156011995636,,15668824,100.34085550230803,,2,1,0.0,0.0,0.0,0.0,,0,0,,,,0.0,100.34085550230803,-100.34085550230803,2,0.02255334351423195,-0.016376326439256714,0.0,0.0,-0.016242963396750187,0.0,0.016242963396750187,0.0018051542892658645,3,3,price=observed;tvl=observed;lp_amount=none,False
2022-10-03T17:00:00+00:00,,,,0.018731349392739915,,WETH,pool_swap_ratio,0,5449,6077.156011995636,,15668824,0.0,,0,0,0.0,0.0,0.0,0.0,,0,0,,,,0.0,0.0,0.0,0,0.0,0.0,0.0,0.0,0.0,0.0,0.0,,3,3,price=carried;tvl=carried;lp_amount=none,True
2022-10-03T18:00:00+00:00,,,,0.018731349392739915,,WETH,pool_swap_ratio,0,9049,6077.156011995636,,15668824,0.0,,0,0,0.0,0.0,0.0,0.0,,0,0,,,,0.0,0.0,0.0,0,0.0,0.0,0.0,0.0,0.0,0.0,0.0,,3,3,price=carried;tvl=carried;lp_amount=none,True
2022-10-03T19:00:00+00:00,,,,0.018731349392739915,,WETH,pool_swap_ratio,0,12649,6077.156011995636,,15668824,0.0,,0,0,0.0,0.0,0.0,0.0,,0,0,,,,0.0,0.0,0.0,0,0.0,0.0,0.0,0.0,0.0,0.0,0.0,,3,3,price=carried;tvl=carried;lp_amount=none,True
2022-10-03T20:00:00+00:00,,,,0.018731349392739915,,WETH,pool_swap_ratio,0,16249,6077.156011995636,,15668824,0.0,,0,0,0.0,0.0,0.0,0.0,,0,0,,,,0.0,0.0,0.0,0,0.0,0.0,0.0,0.0,0.0,0.0,0.0,,3,3,price=carried;tvl=carried;lp_amount=none,True
2022-10-03T21:00:00+00:00,,,,0.018731349392739915,,WETH,pool_swap_ratio,0,19849,6077.156011995636,,15668824,0.0,,0,0,0.0,0.0,0.0,0.0,,0,0,,,,0.0,0.0,0.0,0,0.0,0.0,0.0,0.0,0.0,0.0,0.0,,3,3,price=carried;tvl=carried;lp_amount=none,True
2022-10-03T22:00:00+00:00,,,,0.018731349392739915,,WETH,pool_swap_ratio,0,23449,6077.156011995636,,15668824,0.0,,0,0,0.0,0.0,0.0,0.0,,0,0,,,,0.0,0.0,0.0,0,0.0,0.0,0.0,0.0,0.0,0.0,0.0,,3,3,price=carried;tvl=carried;lp_amount=none,True
2022-10-03T23:00:00+00:00,,,,0.018731349392739915,,WETH,pool_swap_ratio,0,27049,6077.156011995636,,15668824,0.0,,0,0,0.0,0.0,0.0,0.0,,0,0,,,,0.0,0.0,0.0,0,0.0,0.0,0.0,0.0,0.0,0.0,0.0,,3,3,price=carried;tvl=carried;lp_amount=none,True
2022-10-04T00:00:00+00:00,,,,0.018731349392739915,,WETH,pool_swap_ratio,0,30649,6077.156011995636,,15668824,0.0,,0,0,0.0,0.0,0.0,0.0,,0,0,,,,0.0,0.0,0.0,0,0.0,0.0,0.0,0.0,0.0,0.0,0.0,,3,3,price=carried;tvl=carried;lp_amount=none,True
2022-10-04T01:00:00+00:00,,,,0.018731349392739915,,WETH,pool_swap_ratio,0,34249,6077.156011995636,,15668824,0.0,,0,0,0.0,0.0,0.0,0.0,,0,0,,,,0.0,0.0,0.0,0,0.0,0.0,0.0,0.0,0.0,0.0,0.0,,3,3,price=carried;tvl=carried;lp_amount=none,True
2022-10-04T02:00:00+00:00,0.01866385188093927,0.018865427721506182,0.01866385188093927,0.018865427721506182,0.018859104147234174,WETH,pool_swap_ratio,3,913,6035.057201586721,,15671881,42.09881040891424,,3,3,0.0,0.0,0.0,0.0,,0,0,,,,0.0,42.09881040891424,-42.09881040891424,3,0.007132467592215925,-0.0069514925465220395,0.0,0.0,-0.006927386811497982,0.0,0.006927386811497982,0.00033530618541788293,3,3,price=observed;tvl=observed;lp_amount=none,False
2022-10-04T03:00:00+00:00,,,,0.018865427721506182,,WETH,pool_swap_ratio,0,4513,6035.057201586721,,15671881,0.0,,0,0,0.0,0.0,0.0,0.0,,0,0,,,,0.0,0.0,0.0,0,0.0,0.0,0.0,0.0,0.0,0.0,0.0,,3,3,price=carried;tvl=carried;lp_amount=none,True
2022-10-04T04:00:00+00:00,0.018708997979130258,0.019774395290204964,0.018425489512349333,0.019590109684107685,0.019096237328143088,WETH,pool_swap_ratio,5,1261,6162.908479591679,,15672446,257.86436560647275,,5,3,0.0,0.0,0.0,0.0,,0,0,,,,192.85783254543455,65.00655454047727,127.85127800495728,5,0.037693805011987665,0.020963489080597954,0.0,0.0,0.021184766562169943,0.0,0.04272774175838395,0.025862286244042076,3,3,price=observed;tvl=observed;lp_amount=none,False
2022-10-04T05:00:00+00:00,,,,0.019590109684107685,,WETH,pool_swap_ratio,0,4861,6162.908479591679,,15672446,0.0,,0,0,0.0,0.0,0.0,0.0,,0,0,,,,0.0,0.0,0.0,0,0.0,0.0,0.0,0.0,0.0,0.0,0.0,,3,3,price=carried;tvl=carried;lp_amount=none,True
2022-10-04T06:00:00+00:00,,,,0.019590109684107685,,WETH,pool_swap_ratio,0,8461,6162.908479591679,,15672446,0.0,,0,0,0.0,0.0,0.0,0.0,,0,0,,,,0.0,0.0,0.0,0,0.0,0.0,0.0,0.0,0.0,0.0,0.0,,3,3,price=carried;tvl=carried;lp_amount=none,True
2022-10-04T07:00:00+00:00,,,,0.019590109684107685,,WETH,pool_swap_ratio,0,12061,6162.908479591679,,15672446,0.0,,0,0,0.0,0.0,0.0,0.0,,0,0,,,,0.0,0.0,0.0,0,0.0,0.0,0.0,0.0,0.0,0.0,0.0,,3,3,price=carried;tvl=carried;lp_amount=none,True
2022-10-04T08:00:00+00:00,0.01844251977865858,0.01844251977865858,0.01844251977865858,0.01844251977865858,0.01844251977865858,WETH,pool_swap_ratio,1,2617,6158.909918111366,,15673524,3.998561480312486,,1,1,0.0,0.0,0.0,0.0,,0,0,,,,0.0,3.998561480312486,-3.998561480312486,1,-0.060365974699627414,-0.000649021352468042,0.0,0.0,-0.0006488107836670989,0.0,0.0006488107836670989,0.0,3,3,price=observed;tvl=observed;lp_amount=none,False
2022-10-04T09:00:00+00:00,,,,0.01844251977865858,,WETH,pool_swap_ratio,0,6217,6158.909918111366,,15673524,0.0,,0,0,0.0,0.0,0.0,0.0,,0,0,,,,0.0,0.0,0.0,0,0.0,0.0,0.0,0.0,0.0,0.0,0.0,,3,3,price=carried;tvl=carried;lp_amount=none,True
2022-10-04T10:00:00+00:00,,,,0.01844251977865858,,WETH,pool_swap_ratio,0,9817,6158.909918111366,,15673524,0.0,,0,0,0.0,0.0,0.0,0.0,,0,0,,,,0.0,0.0,0.0,0,0.0,0.0,0.0,0.0,0.0,0.0,0.0,,3,3,price=carried;tvl=carried;lp_amount=none,True
2022-10-04T11:00:00+00:00,,,,0.01844251977865858,,WETH,pool_swap_ratio,0,13417,6158.909918111366,,15673524,0.0,,0,0,0.0,0.0,0.0,0.0,,0,0,,,,0.0,0.0,0.0,0,0.0,0.0,0.0,0.0,0.0,0.0,0.0,,3,3,price=carried;tvl=carried;lp_amount=none,True
2022-10-04T12:00:00+00:00,0.018522295095034717,0.018522295095034717,0.018522295095034717,0.018522295095034717,0.018522295095034717,WETH,pool_swap_ratio,1,1009,6149.029932987435,,15674845,9.879985123930831,,1,1,0.0,0.0,0.0,0.0,,0,0,,,,0.0,9.879985123930831,-9.879985123930831,1,0.004316290532079519,-0.0016054656369162148,0.0,0.0,-0.0016041775663704684,0.0,0.0016041775663704684,0.0,3,3,price=observed;tvl=observed;lp_amount=none,False
2022-10-04T13:00:00+00:00,,,,0.018522295095034717,,WETH,pool_swap_ratio,0,4609,6149.029932987435,,15674845,0.0,,0,0,0.0,0.0,0.0,0.0,,0,0,,,,0.0,0.0,0.0,0,0.0,0.0,0.0,0.0,0.0,0.0,0.0,,3,3,price=carried;tvl=carried;lp_amount=none,True
2022-10-04T14:00:00+00:00,,,,0.018522295095034717,,WETH,pool_swap_ratio,0,8209,6149.029932987435,,15674845,0.0,,0,0,0.0,0.0,0.0,0.0,,0,0,,,,0.0,0.0,0.0,0,0.0,0.0,0.0,0.0,0.0,0.0,0.0,,3,3,price=carried;tvl=carried;lp_amount=none,True
2022-10-04T15:00:00+00:00,,,,0.018522295095034717,,WETH,pool_swap_ratio,0,11809,6149.029932987435,,15674845,0.0,,0,0,0.0,0.0,0.0,0.0,,0,0,,,,0.0,0.0,0.0,0,0.0,0.0,0.0,0.0,0.0,0.0,0.0,,3,3,price=carried;tvl=carried;lp_amount=none,True
2022-10-04T16:00:00+00:00,,,,0.018522295095034717,,WETH,pool_swap_ratio,0,15409,6149.029932987435,,15674845,0.0,,0,0,0.0,0.0,0.0,0.0,,0,0,,,,0.0,0.0,0.0,0,0.0,0.0,0.0,0.0,0.0,0.0,0.0,,3,3,price=carried;tvl=carried;lp_amount=none,True
2022-10-04T17:00:00+00:00,,,,0.018522295095034717,,WETH,pool_swap_ratio,0,19009,6149.029932987435,,15674845,0.0,,0,0,0.0,0.0,0.0,0.0,,0,0,,,,0.0,0.0,0.0,0,0.0,0.0,0.0,0.0,0.0,0.0,0.0,,3,3,price=carried;tvl=carried;lp_amount=none,True
2022-10-04T18:00:00+00:00,,,,0.018522295095034717,,WETH,pool_swap_ratio,0,22609,6149.029932987435,,15674845,0.0,,0,0,0.0,0.0,0.0,0.0,,0,0,,,,0.0,0.0,0.0,0,0.0,0.0,0.0,0.0,0.0,0.0,0.0,,3,3,price=carried;tvl=carried;lp_amount=none,True
2022-10-04T19:00:00+00:00,,,,0.018522295095034717,,WETH,pool_swap_ratio,0,26209,6149.029932987435,,15674845,0.0,,0,0,0.0,0.0,0.0,0.0,,0,0,,,,0.0,0.0,0.0,0,0.0,0.0,0.0,0.0,0.0,0.0,0.0,,3,3,price=carried;tvl=carried;lp_amount=none,True
2022-10-04T20:00:00+00:00,0.018797332992887637,0.018797332992887637,0.018797332992887637,0.018797332992887637,0.018797332992887637,WETH,pool_swap_ratio,1,1105,6067.745447500559,,15677218,81.28448548687668,,1,1,0.0,0.0,0.0,0.0,,0,0,,,,0.0,81.28448548687668,-81.28448548687668,1,0.014739850934286834,-0.01330722428051573,0.0,0.0,-0.013219074613836779,0.0,0.013219074613836779,0.0,3,3,price=observed;tvl=observed;lp_amount=none,False
2022-10-04T21:00:00+00:00,,,,0.018797332992887637,,WETH,pool_swap_ratio,0,4705,6067.745447500559,,15677218,0.0,,0,0,0.0,0.0,0.0,0.0,,0,0,,,,0.0,0.0,0.0,0,0.0,0.0,0.0,0.0,0.0,0.0,0.0,,3,3,price=carried;tvl=carried;lp_amount=none,True
2022-10-04T22:00:00+00:00,,,,0.018797332992887637,,WETH,pool_swap_ratio,0,8305,6067.745447500559,,15677218,0.0,,0,0,0.0,0.0,0.0,0.0,,0,0,,,,0.0,0.0,0.0,0,0.0,0.0,0.0,0.0,0.0,0.0,0.0,,3,3,price=carried;tvl=carried;lp_amount=none,True
2022-10-04T23:00:00+00:00,0.018487477469841904,0.018487477469841904,0.018487477469841904,0.018487477469841904,0.018487477469841904,WETH,pool_swap_ratio,1,1717,6106.961728107235,,15678054,39.216280606676115,,1,1,0.0,0.0,0.0,0.0,,0,0,,,,39.216280606676115,0.0,39.216280606676115,1,-0.016621388325715546,0.006442276709159252,0.0,0.0,0.006463072807846641,0.0,0.006463072807846641,0.0,3,3,price=observed;tvl=observed;lp_amount=none,False
2022-10-05T00:00:00+00:00,,,,0.018487477469841904,,WETH,pool_swap_ratio,0,5317,6106.961728107235,,15678054,0.0,,0,0,0.0,0.0,0.0,0.0,,0,0,,,,0.0,0.0,0.0,0,0.0,0.0,0.0,0.0,0.0,0.0,0.0,,3,3,price=carried;tvl=carried;lp_amount=none,True
2022-10-05T01:00:00+00:00,,,,0.018487477469841904,,WETH,pool_swap_ratio,0,8917,6106.961728107235,,15678054,0.0,,0,0,0.0,0.0,0.0,0.0,,0,0,,,,0.0,0.0,0.0,0,0.0,0.0,0.0,0.0,0.0,0.0,0.0,,3,3,price=carried;tvl=carried;lp_amount=none,True
2022-10-05T02:00:00+00:00,,,,0.018487477469841904,,WETH,pool_swap_ratio,0,12517,6106.961728107235,,15678054,0.0,,0,0,0.0,0.0,0.0,0.0,,0,0,,,,0.0,0.0,0.0,0,0.0,0.0,0.0,0.0,0.0,0.0,0.0,,3,3,price=carried;tvl=carried;lp_amount=none,True
2022-10-05T03:00:00+00:00,,,,0.018487477469841904,,WETH,pool_swap_ratio,0,16117,6106.961728107235,,15678054,0.0,,0,0,0.0,0.0,0.0,0.0,,0,0,,,,0.0,0.0,0.0,0,0.0,0.0,0.0,0.0,0.0,0.0,0.0,,3,3,price=carried;tvl=carried;lp_amount=none,True
2022-10-05T04:00:00+00:00,,,,0.018487477469841904,,WETH,pool_swap_ratio,0,19717,6106.961728107235,,15678054,0.0,,0,0,0.0,0.0,0.0,0.0,,0,0,,,,0.0,0.0,0.0,0,0.0,0.0,0.0,0.0,0.0,0.0,0.0,,3,3,price=carried;tvl=carried;lp_amount=none,True
2022-10-05T05:00:00+00:00,,,,0.018487477469841904,,WETH,pool_swap_ratio,0,23317,6106.961728107235,,15678054,0.0,,0,0,0.0,0.0,0.0,0.0,,0,0,,,,0.0,0.0,0.0,0,0.0,0.0,0.0,0.0,0.0,0.0,0.0,,3,3,price=carried;tvl=carried;lp_amount=none,True
2022-10-05T06:00:00+00:00,,,,0.018487477469841904,,WETH,pool_swap_ratio,0,26917,6106.961728107235,,15678054,0.0,,0,0,0.0,0.0,0.0,0.0,,0,0,,,,0.0,0.0,0.0,0,0.0,0.0,0.0,0.0,0.0,0.0,0.0,,3,3,price=carried;tvl=carried;lp_amount=none,True
2022-10-05T07:00:00+00:00,,,,0.018487477469841904,,WETH,pool_swap_ratio,0,30517,6106.961728107235,,15678054,0.0,,0,0,0.0,0.0,0.0,0.0,,0,0,,,,0.0,0.0,0.0,0,0.0,0.0,0.0,0.0,0.0,0.0,0.0,,3,3,price=carried;tvl=carried;lp_amount=none,True
2022-10-05T08:00:00+00:00,0.018596720416303416,0.018596720416303416,0.018596720416303416,0.018596720416303416,0.018596720416303416,WETH,pool_swap_ratio,1,3277,6103.961728107235,,15680597,3.0,,1,1,0.0,0.0,0.0,0.0,,0,0,,,,0.0,3.0,-3.0,1,0.005891634102172595,-0.0004913633389181093,0.0,0.0,-0.0004912426397225526,0.0,0.0004912426397225526,0.0,3,3,price=observed;tvl=observed;lp_amount=none,False
2022-10-05T09:00:00+00:00,0.018615759726191245,0.018619890380275842,0.018615759726191245,0.018619890380275842,0.018618255473115373,WETH,pool_swap_ratio,2,2449,6103.250627335847,,15680966,0.7111007713886129,,2,1,0.0,0.0,0.0,0.0,,0,0,,,,0.0,0.7111007713886129,-0.7111007713886129,2,0.0012451411598215288,-0.00011650502202909862,0.0,0.0,-0.00011649823558266586,0.0,0.00011649823558266586,8.781204892316374e-05,3,3,price=observed;tvl=observed;lp_amount=none,False
2022-10-05T10:00:00+00:00,,,,0.018619890380275842,,WETH,pool_swap_ratio,0,6049,6103.250627335847,,15680966,0.0,,0,0,0.0,0.0,0.0,0.0,,0,0,,,,0.0,0.0,0.0,0,0.0,0.0,0.0,0.0,0.0,0.0,0.0,,3,3,price=carried;tvl=carried;lp_amount=none,True
2022-10-05T11:00:00+00:00,,,,0.018619890380275842,,WETH,pool_swap_ratio,0,9649,6103.250627335847,,15680966,0.0,,0,0,0.0,0.0,0.0,0.0,,0,0,,,,0.0,0.0,0.0,0,0.0,0.0,0.0,0.0,0.0,0.0,0.0,,3,3,price=carried;tvl=carried;lp_amount=none,True
2022-10-05T12:00:00+00:00,0.018549462138047965,0.018550310915206387,0.0184235880007208,0.018453556144551332,0.018452993005272464,WETH,pool_swap_ratio,6,205,6113.671513506454,,15682040,10.528436446533224,,6,2,0.0,0.0,0.0,0.0,,0,0,,,,10.474661308570306,0.05377513796291862,10.420886170607387,6,-0.008973287752616223,0.0017059761170355417,0.0,0.0,0.0017074321221437778,0.0,0.0017250539244410862,3.051750351334981e-05,3,3,price=observed;tvl=observed;lp_amount=none,False
2022-10-05T13:00:00+00:00,0.018536177445829184,0.018536177445829184,0.018536177445829184,0.018536177445829184,0.018536177445829184,WETH,pool_swap_ratio,1,1801,6108.671513506454,,15682207,5.0,,1,1,0.0,0.0,0.0,0.0,,0,0,,,,0.0,5.0,-5.0,1,0.0044672632463376195,-0.0008181737769704619,0.0,0.0,-0.0008178391640692328,0.0,0.0008178391640692328,0.0,3,3,price=observed;tvl=observed;lp_amount=none,False
2022-10-05T14:00:00+00:00,,,,0.018536177445829184,,WETH,pool_swap_ratio,0,5401,6108.671513506454,,15682207,0.0,,0,0,0.0,0.0,0.0,0.0,,0,0,,,,0.0,0.0,0.0,0,0.0,0.0,0.0,0.0,0.0,0.0,0.0,,3,3,price=carried;tvl=carried;lp_amount=none,True
2022-10-05T15:00:00+00:00,,,,0.018536177445829184,,WETH,pool_swap_ratio,0,9001,6108.671513506454,,15682207,0.0,,0,0,0.0,0.0,0.0,0.0,,0,0,,,,0.0,0.0,0.0,0,0.0,0.0,0.0,0.0,0.0,0.0,0.0,,3,3,price=carried;tvl=carried;lp_amount=none,True
2022-10-05T16:00:00+00:00,0.018337105595341765,0.018337105595341765,0.018337105595341765,0.018337105595341765,0.018337105595341765,WETH,pool_swap_ratio,1,2917,6170.044721021918,,15683010,61.37320751546359,,1,1,0.0,0.0,0.0,0.0,,0,0,,,,61.37320751546359,0.0,61.37320751546359,1,-0.010797724977439622,0.009996764719514212,0.0,0.0,0.010046899293858838,0.0,0.010046899293858838,0.0,3,3,price=observed;tvl=observed;lp_amount=none,False
2022-10-05T17:00:00+00:00,,,,0.018337105595341765,,WETH,pool_swap_ratio,0,6517,6170.044721021918,,15683010,0.0,,0,0,0.0,0.0,0.0,0.0,,0,0,,,,0.0,0.0,0.0,0,0.0,0.0,0.0,0.0,0.0,0.0,0.0,,3,3,price=carried;tvl=carried;lp_amount=none,True
2022-10-05T18:00:00+00:00,0.01812155264218439,0.01812155264218439,0.01812155264218439,0.01812155264218439,0.01812155264218439,WETH,pool_swap_ratio,1,265,6255.044721021917,,15683827,85.0,,1,1,0.0,0.0,0.0,0.0,,0,0,,,,85.0,0.0,85.0,1,-0.011824651545933205,0.013682207506383772,0.0,0.0,0.01377623726298078,0.0,0.01377623726298078,0.0,3,3,price=observed;tvl=observed;lp_amount=none,False
2022-10-05T19:00:00+00:00,,,,0.01812155264218439,,WETH,pool_swap_ratio,0,3865,6255.044721021917,,15683827,0.0,,0,0,0.0,0.0,0.0,0.0,,0,0,,,,0.0,0.0,0.0,0,0.0,0.0,0.0,0.0,0.0,0.0,0.0,,3,3,price=carried;tvl=carried;lp_amount=none,True
2022-10-05T20:00:00+00:00,0.018374537529958813,0.018411233564842245,0.018374537529958813,0.018411233564842245,0.018392757935335294,WETH,pool_swap_ratio,2,493,6254.940389076126,,15684405,15.000810131795799,,2,2,0.0,0.0,0.0,0.0,,0,0,,,,7.44823909300182,7.55257103879398,-0.10433194579216032,2,0.015859014553202364,-1.6679787365901323e-05,0.0,0.0,-1.6679648259191838e-05,0.0,0.00239819390601336,0.0010045056631478033,3,3,price=observed;tvl=observed;lp_amount=none,False
2022-10-05T21:00:00+00:00,0.018027727463505675,0.018027727463505675,0.01802221374010944,0.01802221374010944,0.018025433702497255,WETH,pool_swap_ratio,2,397,6262.410794871799,,15684713,44.47170143713306,,2,2,0.0,0.0,0.0,0.0,,0,0,,,,25.97105361640321,18.500647820729853,7.470405795673358,2,-0.021355904454370796,0.0011936082279416392,0.0,0.0,0.001194320861749533,0.0,0.007109852160190078,-0.0001786343918797062,3,3,price=observed;tvl=observed;lp_amount=none,False
2022-10-05T22:00:00+00:00,,,,0.01802221374010944,,WETH,pool_swap_ratio,0,3997,6262.410794871799,,15684713,0.0,,0,0,0.0,0.0,0.0,0.0,,0,0,,,,0.0,0.0,0.0,0,0.0,0.0,0.0,0.0,0.0,0.0,0.0,,3,3,price=carried;tvl=carried;lp_amount=none,True
2022-10-05T23:00:00+00:00,,,,0.01802221374010944,,WETH,pool_swap_ratio,0,7597,6262.410794871799,,15684713,0.0,,0,0,0.0,0.0,0.0,0.0,,0,0,,,,0.0,0.0,0.0,0,0.0,0.0,0.0,0.0,0.0,0.0,0.0,,3,3,price=carried;tvl=carried;lp_amount=none,True
2022-10-06T00:00:00+00:00,0.018263649448849225,0.018263649448849225,0.018263649448849225,0.018263649448849225,0.018263649448849225,WETH,pool_swap_ratio,1,673,6280.977300002474,,15685586,18.566505130674965,,1,1,0.0,0.0,0.0,0.0,,0,0,,,,18.566505130674965,0.0,18.566505130674965,1,0.013307621787346204,0.002960367414231471,0.0,0.0,0.0029647536290463117,0.0,0.0029647536290463117,0.0,3,3,price=observed;tvl=observed;lp_amount=none,False
2022-10-06T01:00:00+00:00,,,,0.018263649448849225,,WETH,pool_swap_ratio,0,4273,6280.977300002474,,15685586,0.0,,0,0,0.0,0.0,0.0,0.0,,0,0,,,,0.0,0.0,0.0,0,0.0,0.0,0.0,0.0,0.0,0.0,0.0,,3,3,price=carried;tvl=carried;lp_amount=none,True
2022-10-06T02:00:00+00:00,,,,0.018263649448849225,,WETH,pool_swap_ratio,0,7873,6280.977300002474,,15685586,0.0,,0,0,0.0,0.0,0.0,0.0,,0,0,,,,0.0,0.0,0.0,0,0.0,0.0,0.0,0.0,0.0,0.0,0.0,,3,3,price=carried;tvl=carried;lp_amount=none,True
2022-10-06T03:00:00+00:00,0.018277084530314583,0.018277084530314583,0.018277084530314583,0.018277084530314583,0.018277084530314583,WETH,pool_swap_ratio,1,3589,6279.477300002474,,15686238,1.5,,1,1,0.0,0.0,0.0,0.0,,0,0,,,,0.0,1.5,-1.5,1,0.0007353482323821302,-0.00023884485950536208,0.0,0.0,-0.0002388163383426667,0.0,0.0002388163383426667,0.0,3,3,price=observed;tvl=observed;lp_amount=none,False
2022-10-06T04:00:00+00:00,,,,0.018277084530314583,,WETH,pool_swap_ratio,0,7189,6279.477300002474,,15686238,0.0,,0,0,0.0,0.0,0.0,0.0,,0,0,,,,0.0,0.0,0.0,0,0.0,0.0,0.0,0.0,0.0,0.0,0.0,,3,3,price=carried;tvl=carried;lp_amount=none,True
2022-10-06T05:00:00+00:00,,,,0.018277084530314583,,WETH,pool_swap_ratio,0,10789,6279.477300002474,,15686238,0.0,,0,0,0.0,0.0,0.0,0.0,,0,0,,,,0.0,0.0,0.0,0,0.0,0.0,0.0,0.0,0.0,0.0,0.0,,3,3,price=carried;tvl=carried;lp_amount=none,True
2022-10-06T06:00:00+00:00,0.018166749727321588,0.018166749727321588,0.018166749727321588,0.018166749727321588,0.018166749727321588,WETH,pool_swap_ratio,1,3385,6281.131300002474,,15687151,1.654,,1,1,0.0,0.0,0.0,0.0,,0,0,,,,1.654,0.0,1.654,1,-0.0060550785804903,0.00026336303633549453,0.0,0.0,0.0002633977194247279,0.0,0.0002633977194247279,0.0,3,3,price=observed;tvl=observed;lp_amount=none,False
2022-10-06T07:00:00+00:00,0.01813341049028444,0.01813341049028444,0.01813341049028444,0.01813341049028444,0.01813341049028444,WETH,pool_swap_ratio,1,3013,6285.132182306648,,15687482,4.000882304174569,,1,1,0.0,0.0,0.0,0.0,,0,0,,,,4.000882304174569,0.0,4.000882304174569,1,-0.0018368649731227286,0.0006367656455705928,0.0,0.0,0.0006369684238527211,0.0,0.0006369684238527211,0.0,3,3,price=observed;tvl=observed;lp_amount=none,False
2022-10-06T08:00:00+00:00,,,,0.01813341049028444,,WETH,pool_swap_ratio,0,6613,6285.132182306648,,15687482,0.0,,0,0,0.0,0.0,0.0,0.0,,0,0,,,,0.0,0.0,0.0,0,0.0,0.0,0.0,0.0,0.0,0.0,0.0,,3,3,price=carried;tvl=carried;lp_amount=none,True
2022-10-06T09:00:00+00:00,0.018252333778153246,0.018252333778153246,0.018252333778153246,0.018252333778153246,0.018252333778153246,WETH,pool_swap_ratio,1,1933,6280.505101491184,,15688166,4.6270808154649306,,1,1,0.0,0.0,0.0,0.0,,0,0,,,,0.0,4.6270808154649306,-4.6270808154649306,1,0.006536829944089563,-0.0007364657947858323,0.0,0.0,-0.0007361946704145192,0.0,0.0007361946704145192,0.0,3,3,price=observed;tvl=observed;lp_amount=none,False
2022-10-06T10:00:00+00:00,,,,0.018252333778153246,,WETH,pool_swap_ratio,0,5533,6280.505101491184,,15688166,0.0,,0,0,0.0,0.0,0.0,0.0,,0,0,,,,0.0,0.0,0.0,0,0.0,0.0,0.0,0.0,0.0,0.0,0.0,,3,3,price=carried;tvl=carried;lp_amount=none,True
2022-10-06T11:00:00+00:00,,,,0.018252333778153246,,WETH,pool_swap_ratio,0,9133,6280.505101491184,,15688166,0.0,,0,0,0.0,0.0,0.0,0.0,,0,0,,,,0.0,0.0,0.0,0,0.0,0.0,0.0,0.0,0.0,0.0,0.0,,3,3,price=carried;tvl=carried;lp_amount=none,True
2022-10-06T12:00:00+00:00,,,,0.018252333778153246,,WETH,pool_swap_ratio,0,12733,6280.505101491184,,15688166,0.0,,0,0,0.0,0.0,0.0,0.0,,0,0,,,,0.0,0.0,0.0,0,0.0,0.0,0.0,0.0,0.0,0.0,0.0,,3,3,price=carried;tvl=carried;lp_amount=none,True
2022-10-06T13:00:00+00:00,,,,0.018252333778153246,,WETH,pool_swap_ratio,0,16333,6280.505101491184,,15688166,0.0,,0,0,0.0,0.0,0.0,0.0,,0,0,,,,0.0,0.0,0.0,0,0.0,0.0,0.0,0.0,0.0,0.0,0.0,,3,3,price=carried;tvl=carried;lp_amount=none,True
2022-10-06T14:00:00+00:00,,,,0.018252333778153246,,WETH,pool_swap_ratio,0,19933,6280.505101491184,,15688166,0.0,,0,0,0.0,0.0,0.0,0.0,,0,0,,,,0.0,0.0,0.0,0,0.0,0.0,0.0,0.0,0.0,0.0,0.0,,3,3,price=carried;tvl=carried;lp_amount=none,True
2022-10-06T15:00:00+00:00,,,,0.018252333778153246,,WETH,pool_swap_ratio,0,23533,6280.505101491184,,15688166,0.0,,0,0,0.0,0.0,0.0,0.0,,0,0,,,,0.0,0.0,0.0,0,0.0,0.0,0.0,0.0,0.0,0.0,0.0,,3,3,price=carried;tvl=carried;lp_amount=none,True
2022-10-06T16:00:00+00:00,,,,0.018252333778153246,,WETH,pool_swap_ratio,0,27133,6280.505101491184,,15688166,0.0,,0,0,0.0,0.0,0.0,0.0,,0,0,,,,0.0,0.0,0.0,0,0.0,0.0,0.0,0.0,0.0,0.0,0.0,,3,3,price=carried;tvl=carried;lp_amount=none,True
2022-10-06T17:00:00+00:00,,,,0.018252333778153246,,WETH,pool_swap_ratio,0,30733,6280.505101491184,,15688166,0.0,,0,0,0.0,0.0,0.0,0.0,,0,0,,,,0.0,0.0,0.0,0,0.0,0.0,0.0,0.0,0.0,0.0,0.0,,3,3,price=carried;tvl=carried;lp_amount=none,True
2022-10-06T18:00:00+00:00,,,,0.018252333778153246,,WETH,pool_swap_ratio,0,34333,6280.505101491184,,15688166,0.0,,0,0,0.0,0.0,0.0,0.0,,0,0,,,,0.0,0.0,0.0,0,0.0,0.0,0.0,0.0,0.0,0.0,0.0,,3,3,price=carried;tvl=carried;lp_amount=none,True
2022-10-06T19:00:00+00:00,,,,0.018252333778153246,,WETH,pool_swap_ratio,0,37933,6280.505101491184,,15688166,0.0,,0,0,0.0,0.0,0.0,0.0,,0,0,,,,0.0,0.0,0.0,0,0.0,0.0,0.0,0.0,0.0,0.0,0.0,,3,3,price=carried;tvl=carried;lp_amount=none,True
2022-10-06T20:00:00+00:00,,,,0.018252333778153246,,WETH,pool_swap_ratio,0,41533,6280.505101491184,,15688166,0.0,,0,0,0.0,0.0,0.0,0.0,,0,0,,,,0.0,0.0,0.0,0,0.0,0.0,0.0,0.0,0.0,0.0,0.0,,3,3,price=carried;tvl=carried;lp_amount=none,True
2022-10-06T21:00:00+00:00,,,,0.018252333778153246,,WETH,pool_swap_ratio,0,45133,6280.505101491184,,15688166,0.0,,0,0,0.0,0.0,0.0,0.0,,0,0,,,,0.0,0.0,0.0,0,0.0,0.0,0.0,0.0,0.0,0.0,0.0,,3,3,price=carried;tvl=carried;lp_amount=none,True
2022-10-06T22:00:00+00:00,0.018125819586871015,0.018125819586871015,0.018125819586871015,0.018125819586871015,0.018125819586871015,WETH,pool_swap_ratio,1,637,6286.291041491184,,15692149,5.78594,,1,1,0.0,0.0,0.0,0.0,,0,0,,,,5.78594,0.0,5.78594,1,-0.00695553180334972,0.000920829834908879,0.0,0.0,0.0009212539288641356,0.0,0.0009212539288641356,0.0,3,3,price=observed;tvl=observed;lp_amount=none,False
2022-10-06T23:00:00+00:00,,,,0.018125819586871015,,WETH,pool_swap_ratio,0,4237,6286.291041491184,,15692149,0.0,,0,0,0.0,0.0,0.0,0.0,,0,0,,,,0.0,0.0,0.0,0,0.0,0.0,0.0,0.0,0.0,0.0,0.0,,3,3,price=carried;tvl=carried;lp_amount=none,True
2022-10-07T00:00:00+00:00,,,,0.018125819586871015,,WETH,pool_swap_ratio,0,7837,6286.291041491184,,15692149,0.0,,0,0,0.0,0.0,0.0,0.0,,0,0,,,,0.0,0.0,0.0,0,0.0,0.0,0.0,0.0,0.0,0.0,0.0,,3,3,price=carried;tvl=carried;lp_amount=none,True
2022-10-07T01:00:00+00:00,0.018031575752711436,0.018127041267863336,0.018031575752711436,0.01811867865919114,0.018080277291105222,WETH,pool_swap_ratio,4,457,6297.206058967408,,15693058,21.953350003775675,,4,2,0.0,0.0,0.0,0.0,,0,0,,,,16.434183739999998,5.519166263775674,10.915017476224325,4,-0.00039404202667084787,0.001734815071924361,0.0,0.0,0.0017363207341471022,0.0,0.0034922579719707148,0.0021239368991761154,3,3,price=observed;tvl=observed;lp_amount=none,False
2022-10-07T02:00:00+00:00,0.01801193592956889,0.01801193592956889,0.01801193592956889,0.01801193592956889,0.01801193592956889,WETH,pool_swap_ratio,1,217,6302.725225231183,,15693377,5.519166263775674,,1,1,0.0,0.0,0.0,0.0,,0,0,,,,5.519166263775674,0.0,5.519166263775674,1,-0.005908730941723492,0.0008760629708650291,0.0,0.0,0.0008764468261152448,0.0,0.0008764468261152448,0.0,3,3,price=observed;tvl=observed;lp_amount=none,False
2022-10-07T03:00:00+00:00,,,,0.01801193592956889,,WETH,pool_swap_ratio,0,3817,6302.725225231183,,15693377,0.0,,0,0,0.0,0.0,0.0,0.0,,0,0,,,,0.0,0.0,0.0,0,0.0,0.0,0.0,0.0,0.0,0.0,0.0,,3,3,price=carried;tvl=carried;lp_amount=none,True
2022-10-07T04:00:00+00:00,,,,0.01801193592956889,,WETH,pool_swap_ratio,0,7417,6302.725225231183,,15693377,0.0,,0,0,0.0,0.0,0.0,0.0,,0,0,,,,0.0,0.0,0.0,0,0.0,0.0,0.0,0.0,0.0,0.0,0.0,,3,3,price=carried;tvl=carried;lp_amount=none,True
2022-10-07T05:00:00+00:00,,,,0.01801193592956889,,WETH,pool_swap_ratio,0,11017,6302.725225231183,,15693377,0.0,,0,0,0.0,0.0,0.0,0.0,,0,0,,,,0.0,0.0,0.0,0,0.0,0.0,0.0,0.0,0.0,0.0,0.0,,3,3,price=carried;tvl=carried;lp_amount=none,True
2022-10-07T06:00:00+00:00,,,,0.01801193592956889,,WETH,pool_swap_ratio,0,14617,6300.408331899287,,15694540,0.0,,0,0,0.0,0.0,0.0,0.0,,0,1,,,1.0,0.0,2.316893331895716,-2.316893331895716,1,0.0,-0.0003676694129270255,0.0,0.0,-0.000367601830811327,0.0,0.0,,3,3,price=carried;tvl=observed;lp_amount=quantified,True
2022-10-07T07:00:00+00:00,0.01817260371133398,0.01817260371133398,0.01817260371133398,0.01817260371133398,0.01817260371133398,WETH,pool_swap_ratio,1,1225,6296.278331899287,,15694790,4.13,,1,1,0.0,0.0,0.0,0.0,,0,0,,,,0.0,4.13,-4.13,1,0.008880524072597656,-0.0006557280113752546,0.0,0.0,-0.0006555130687466082,0.0,0.0006555130687466082,0.0,3,3,price=observed;tvl=observed;lp_amount=none,False
2022-10-07T08:00:00+00:00,,,,0.01817260371133398,,WETH,pool_swap_ratio,0,4825,6296.278331899287,,15694790,0.0,,0,0,0.0,0.0,0.0,0.0,,0,0,,,,0.0,0.0,0.0,0,0.0,0.0,0.0,0.0,0.0,0.0,0.0,,3,3,price=carried;tvl=carried;lp_amount=none,True
2022-10-07T09:00:00+00:00,,,,0.01817260371133398,,WETH,pool_swap_ratio,0,8425,6296.278331899287,,15694790,0.0,,0,0,0.0,0.0,0.0,0.0,,0,0,,,,0.0,0.0,0.0,0,0.0,0.0,0.0,0.0,0.0,0.0,0.0,,3,3,price=carried;tvl=carried;lp_amount=none,True
2022-10-07T10:00:00+00:00,0.017677823007754022,0.018030396616013928,0.016719070887220164,0.018030396616013928,0.017102015589421312,WETH,pool_swap_ratio,4,2281,6295.999279966476,,15695599,137.29260232920012,,4,3,0.0,0.0,0.0,0.0,,0,0,,,,68.50677519819483,68.7858271310053,-0.279051932810475,4,-0.007856134874920961,-4.432112147749901e-05,0.0,0.0,-4.432013931097902e-05,0.0,0.021805357878419186,0.05428488950547328,3,3,price=observed;tvl=observed;lp_amount=none,False
2022-10-07T11:00:00+00:00,0.018436066462659426,0.01941962004474783,0.018293934924301515,0.018553618363222057,0.01879644545622391,WETH,pool_swap_ratio,23,2881,6108.160631516371,,15695848,769.6485077350222,,23,6,0.0,0.0,0.0,0.0,,0,0,,,,290.90492964245874,478.7435780925636,-187.83864845010487,22,0.02860579551000592,-0.030288711195288098,0.0,0.0,-0.029834604500003224,0.0,0.12224405904619487,-0.01291877730645341,3,3,price=observed;tvl=observed;lp_amount=none,False
2022-10-07T12:00:00+00:00,,,,0.018553618363222057,,WETH,pool_swap_ratio,0,6481,6108.160631516371,,15695848,0.0,,0,0,0.0,0.0,0.0,0.0,,0,0,,,,0.0,0.0,0.0,0,0.0,0.0,0.0,0.0,0.0,0.0,0.0,,3,3,price=carried;tvl=carried;lp_amount=none,True
2022-10-07T13:00:00+00:00,,,,0.018553618363222057,,WETH,pool_swap_ratio,0,10081,6108.160631516371,,15695848,0.0,,0,0,0.0,0.0,0.0,0.0,,0,0,,,,0.0,0.0,0.0,0,0.0,0.0,0.0,0.0,0.0,0.0,0.0,,3,3,price=carried;tvl=carried;lp_amount=none,True
2022-10-07T14:00:00+00:00,0.018649605235201927,0.018676677332598035,0.018649605235201927,0.018676677332598035,0.01866948618425931,WETH,pool_swap_ratio,2,1933,6103.51781149027,,15696818,4.642820026101035,,2,1,0.0,0.0,0.0,0.0,,0,0,,,,0.0,4.642820026101035,-4.642820026101035,2,0.006610713948479058,-0.0007603901906642836,0.0,0.0,-0.0007601011673048355,0.0,0.0007601011673048355,0.0003851819095475051,3,3,price=observed;tvl=observed;lp_amount=none,False
2022-10-07T15:00:00+00:00,0.018463889204413678,0.018463889204413678,0.018463889204413678,0.018463889204413678,0.018463889204413678,WETH,pool_swap_ratio,1,2161,6124.486467575989,,15697092,20.968656085719,,1,1,0.0,0.0,0.0,0.0,,0,0,,,,20.968656085719,0.0,20.968656085719,1,-0.011458654311986985,0.003429615521945582,0.0,0.0,0.0034355033823681384,0.0,0.0034355033823681384,0.0,3,3,price=observed;tvl=observed;lp_amount=none,False
2022-10-07T16:00:00+00:00,0.01861489368781804,0.01861489368781804,0.01839318341353902,0.01839318341353902,0.01858390118078963,WETH,pool_swap_ratio,2,409,6126.811476697847,,15697528,2.325009121857875,,2,1,0.0,0.0,0.0,0.0,,0,0,,,,2.325009121857875,0.0,2.325009121857875,2,-0.0038367603604489427,0.00037955311516310613,0.0,0.0,0.00037962515456060604,0.0,0.00037962515456060604,-0.010262525903213304,3,3,price=observed;tvl=observed;lp_amount=none,False
2022-10-07T17:00:00+00:00,,,,0.01839318341353902,,WETH,pool_swap_ratio,0,4009,6126.811476697847,,15697528,0.0,,0,0,0.0,0.0,0.0,0.0,,0,0,,,,0.0,0.0,0.0,0,0.0,0.0,0.0,0.0,0.0,0.0,0.0,,3,3,price=carried;tvl=carried;lp_amount=none,True
2022-10-07T18:00:00+00:00,,,,0.01839318341353902,,WETH,pool_swap_ratio,0,7609,6126.811476697847,,15697528,0.0,,0,0,0.0,0.0,0.0,0.0,,0,0,,,,0.0,0.0,0.0,0,0.0,0.0,0.0,0.0,0.0,0.0,0.0,,3,3,price=carried;tvl=carried;lp_amount=none,True
2022-10-07T19:00:00+00:00,,,,0.01839318341353902,,WETH,pool_swap_ratio,0,11209,6126.811476697847,,15697528,0.0,,0,0,0.0,0.0,0.0,0.0,,0,0,,,,0.0,0.0,0.0,0,0.0,0.0,0.0,0.0,0.0,0.0,0.0,,3,3,price=carried;tvl=carried;lp_amount=none,True
2022-10-07T20:00:00+00:00,,,,0.01839318341353902,,WETH,pool_swap_ratio,0,14809,6126.811476697847,,15697528,0.0,,0,0,0.0,0.0,0.0,0.0,,0,0,,,,0.0,0.0,0.0,0,0.0,0.0,0.0,0.0,0.0,0.0,0.0,,3,3,price=carried;tvl=carried;lp_amount=none,True
2022-10-07T21:00:00+00:00,0.018466019578660446,0.018466019578660446,0.018466019578660446,0.018466019578660446,0.018466019578660446,WETH,pool_swap_ratio,1,1981,6124.811476697847,,15698882,2.0,,1,1,0.0,0.0,0.0,0.0,,0,0,,,,0.0,2.0,-2.0,1,0.00395213428469254,-0.0003264873601437663,0.0,0.0,-0.000326434068945424,0.0,0.000326434068945424,0.0,3,3,price=observed;tvl=observed;lp_amount=none,False
2022-10-07T22:00:00+00:00,0.01852527709039786,0.01852527709039786,0.01848903072821622,0.01848903072821622,0.018510066317530466,WETH,pool_swap_ratio,2,781,6122.5138354809405,,15699281,14.297641216906081,,2,2,0.0,0.0,0.0,0.0,,0,0,,,,6.0,8.297641216906081,-2.297641216906081,2,0.0012453590152752307,-0.0003752070244393197,0.0,0.0,-0.00037513664308649707,0.0,0.002334380620742724,-0.001136440515846382,3,3,price=observed;tvl=observed;lp_amount=none,False
2022-10-07T23:00:00+00:00,,,,0.01848903072821622,,WETH,pool_swap_ratio,0,4381,6122.5138354809405,,15699281,0.0,,0,0,0.0,0.0,0.0,0.0,,0,0,,,,0.0,0.0,0.0,0,0.0,0.0,0.0,0.0,0.0,0.0,0.0,,3,3,price=carried;tvl=carried;lp_amount=none,True
2022-10-08T00:00:00+00:00,,,,0.01848903072821622,,WETH,pool_swap_ratio,0,7981,6122.5138354809405,,15699281,0.0,,0,0,0.0,0.0,0.0,0.0,,0,0,,,,0.0,0.0,0.0,0,0.0,0.0,0.0,0.0,0.0,0.0,0.0,,3,3,price=carried;tvl=carried;lp_amount=none,True
2022-10-08T01:00:00+00:00,,,,0.01848903072821622,,WETH,pool_swap_ratio,0,11581,6122.5138354809405,,15699281,0.0,,0,0,0.0,0.0,0.0,0.0,,0,0,,,,0.0,0.0,0.0,0,0.0,0.0,0.0,0.0,0.0,0.0,0.0,,3,3,price=carried;tvl=carried;lp_amount=none,True
2022-10-08T02:00:00+00:00,,,,0.01848903072821622,,WETH,pool_swap_ratio,0,15181,6122.5138354809405,,15699281,0.0,,0,0,0.0,0.0,0.0,0.0,,0,0,,,,0.0,0.0,0.0,0,0.0,0.0,0.0,0.0,0.0,0.0,0.0,,3,3,price=carried;tvl=carried;lp_amount=none,True
2022-10-08T03:00:00+00:00,,,,0.01848903072821622,,WETH,pool_swap_ratio,0,18781,6122.5138354809405,,15699281,0.0,,0,0,0.0,0.0,0.0,0.0,,0,0,,,,0.0,0.0,0.0,0,0.0,0.0,0.0,0.0,0.0,0.0,0.0,,3,3,price=carried;tvl=carried;lp_amount=none,True
2022-10-08T04:00:00+00:00,0.018396427606430336,0.018396427606430336,0.018396427606430336,0.018396427606430336,0.018396427606430336,WETH,pool_swap_ratio,1,1153,6133.970109520245,,15701044,11.456274039304416,,1,1,0.0,0.0,0.0,0.0,,0,0,,,,11.456274039304416,0.0,11.456274039304416,1,-0.005021128679098923,0.0018694231440448074,0.0,0.0,0.0018711716048583652,0.0,0.0018711716048583652,0.0,3,3,price=observed;tvl=observed;lp_amount=none,False
2022-10-08T05:00:00+00:00,,,,0.018396427606430336,,WETH,pool_swap_ratio,0,4753,6133.970109520245,,15701044,0.0,,0,0,0.0,0.0,0.0,0.0,,0,0,,,,0.0,0.0,0.0,0,0.0,0.0,0.0,0.0,0.0,0.0,0.0,,3,3,price=carried;tvl=carried;lp_amount=none,True
2022-10-08T06:00:00+00:00,,,,0.018396427606430336,,WETH,pool_swap_ratio,0,8353,6133.970109520245,,15701044,0.0,,0,0,0.0,0.0,0.0,0.0,,0,0,,,,0.0,0.0,0.0,0,0.0,0.0,0.0,0.0,0.0,0.0,0.0,,3,3,price=carried;tvl=carried;lp_amount=none,True
2022-10-08T07:00:00+00:00,,,,0.018396427606430336,,WETH,pool_swap_ratio,0,11953,6133.970109520245,,15701044,0.0,,0,0,0.0,0.0,0.0,0.0,,0,0,,,,0.0,0.0,0.0,0,0.0,0.0,0.0,0.0,0.0,0.0,0.0,,3,3,price=carried;tvl=carried;lp_amount=none,True
2022-10-08T08:00:00+00:00,0.018367348596029596,0.018367348596029596,0.018367348596029596,0.018367348596029596,0.018367348596029596,WETH,pool_swap_ratio,1,661,6150.970109520246,,15702279,17.0,,1,1,0.0,0.0,0.0,0.0,,0,0,,,,17.0,0.0,17.0,1,-0.0015819384986383107,0.00276761800190229,0.0,0.0,0.0027714513922418864,0.0,0.0027714513922418864,0.0,3,3,price=observed;tvl=observed;lp_amount=none,False
2022-10-08T09:00:00+00:00,,,,0.018367348596029596,,WETH,pool_swap_ratio,0,4261,6150.970109520246,,15702279,0.0,,0,0,0.0,0.0,0.0,0.0,,0,0,,,,0.0,0.0,0.0,0,0.0,0.0,0.0,0.0,0.0,0.0,0.0,,3,3,price=carried;tvl=carried;lp_amount=none,True
2022-10-08T10:00:00+00:00,,,,0.018367348596029596,,WETH,pool_swap_ratio,0,7861,6150.970109520246,,15702279,0.0,,0,0,0.0,0.0,0.0,0.0,,0,0,,,,0.0,0.0,0.0,0,0.0,0.0,0.0,0.0,0.0,0.0,0.0,,3,3,price=carried;tvl=carried;lp_amount=none,True
2022-10-08T11:00:00+00:00,0.01833394674528555,0.01833394674528555,0.01833394674528555,0.01833394674528555,0.01833394674528555,WETH,pool_swap_ratio,1,3001,6150.970109520246,,15702982,5.440915336643473,,1,1,0.0,0.0,0.0,0.0,,0,1,,,1.0,5.440915336643473,5.440915336643473,0.0,2,-0.0018202006035739746,0.0,0.0,0.0,0.0,0.0,0.0008845621486962233,0.0,3,3,price=observed;tvl=observed;lp_amount=quantified,False
2022-10-08T12:00:00+00:00,,,,0.01833394674528555,,WETH,pool_swap_ratio,0,6601,6150.970109520246,,15702982,0.0,,0,0,0.0,0.0,0.0,0.0,,0,0,,,,0.0,0.0,0.0,0,0.0,0.0,0.0,0.0,0.0,0.0,0.0,,3,3,price=carried;tvl=carried;lp_amount=none,True
2022-10-08T13:00:00+00:00,,,,0.01833394674528555,,WETH,pool_swap_ratio,0,10201,6150.970109520246,,15702982,0.0,,0,0,0.0,0.0,0.0,0.0,,0,0,,,,0.0,0.0,0.0,0,0.0,0.0,0.0,0.0,0.0,0.0,0.0,,3,3,price=carried;tvl=carried;lp_amount=none,True
2022-10-08T14:00:00+00:00,0.01832018369262977,0.01832018369262977,0.01832018369262977,0.01832018369262977,0.01832018369262977,WETH,pool_swap_ratio,1,1525,6154.795570276815,,15704002,3.8254607565689374,,1,1,0.0,0.0,0.0,0.0,,0,0,,,,3.8254607565689374,0.0,3.8254607565689374,1,-0.0007509687523976298,0.0006217347183976123,0.0,0.0,0.0006219280354895612,0.0,0.0006219280354895612,0.0,3,3,price=observed;tvl=observed;lp_amount=none,False
2022-10-08T15:00:00+00:00,0.01832104213164969,0.01832104213164969,0.01832104213164969,0.01832104213164969,0.01832104213164969,WETH,pool_swap_ratio,1,2377,6156.583015908307,,15704230,1.787445631492077,,1,1,0.0,0.0,0.0,0.0,,0,0,,,,1.787445631492077,0.0,1.787445631492077,1,4.6856457488280596e-05,0.0002903729475197019,0.0,0.0,0.00029041510982495325,0.0,0.00029041510982495325,0.0,3,3,price=observed;tvl=observed;lp_amount=none,False
2022-10-08T16:00:00+00:00,,,,0.01832104213164969,,WETH,pool_swap_ratio,0,5977,6156.583015908307,,15704230,0.0,,0,0,0.0,0.0,0.0,0.0,,0,0,,,,0.0,0.0,0.0,0,0.0,0.0,0.0,0.0,0.0,0.0,0.0,,3,3,price=carried;tvl=carried;lp_amount=none,True
2022-10-08T17:00:00+00:00,,,,0.01832104213164969,,WETH,pool_swap_ratio,0,9577,6156.583015908307,,15704230,0.0,,0,0,0.0,0.0,0.0,0.0,,0,0,,,,0.0,0.0,0.0,0,0.0,0.0,0.0,0.0,0.0,0.0,0.0,,3,3,price=carried;tvl=carried;lp_amount=none,True
2022-10-08T18:00:00+00:00,,,,0.01832104213164969,,WETH,pool_swap_ratio,0,13177,6156.583015908307,,15704230,0.0,,0,0,0.0,0.0,0.0,0.0,,0,0,,,,0.0,0.0,0.0,0,0.0,0.0,0.0,0.0,0.0,0.0,0.0,,3,3,price=carried;tvl=carried;lp_amount=none,True
2022-10-08T19:00:00+00:00,,,,0.01832104213164969,,WETH,pool_swap_ratio,0,16777,6156.583015908307,,15704230,0.0,,0,0,0.0,0.0,0.0,0.0,,0,0,,,,0.0,0.0,0.0,0,0.0,0.0,0.0,0.0,0.0,0.0,0.0,,3,3,price=carried;tvl=carried;lp_amount=none,True
2022-10-08T20:00:00+00:00,,,,0.01832104213164969,,WETH,pool_swap_ratio,0,20377,6156.583015908307,,15704230,0.0,,0,0,0.0,0.0,0.0,0.0,,0,0,,,,0.0,0.0,0.0,0,0.0,0.0,0.0,0.0,0.0,0.0,0.0,,3,3,price=carried;tvl=carried;lp_amount=none,True
2022-10-08T21:00:00+00:00,,,,0.01832104213164969,,WETH,pool_swap_ratio,0,23977,6156.583015908307,,15704230,0.0,,0,0,0.0,0.0,0.0,0.0,,0,0,,,,0.0,0.0,0.0,0,0.0,0.0,0.0,0.0,0.0,0.0,0.0,,3,3,price=carried;tvl=carried;lp_amount=none,True
2022-10-08T22:00:00+00:00,,,,0.01832104213164969,,WETH,pool_swap_ratio,0,27577,6156.583015908307,,15704230,0.0,,0,0,0.0,0.0,0.0,0.0,,0,0,,,,0.0,0.0,0.0,0,0.0,0.0,0.0,0.0,0.0,0.0,0.0,,3,3,price=carried;tvl=carried;lp_amount=none,True
2022-10-08T23:00:00+00:00,,,,0.01832104213164969,,WETH,pool_swap_ratio,0,31177,6156.583015908307,,15704230,0.0,,0,0,0.0,0.0,0.0,0.0,,0,0,,,,0.0,0.0,0.0,0,0.0,0.0,0.0,0.0,0.0,0.0,0.0,,3,3,price=carried;tvl=carried;lp_amount=none,True
2022-10-09T00:00:00+00:00,0.018306497683481537,0.018306497683481537,0.018306497683481537,0.018306497683481537,0.018306497683481537,WETH,pool_swap_ratio,1,2029,6161.983015908307,,15706946,5.4,,1,1,0.0,0.0,0.0,0.0,,0,0,,,,5.4,0.0,5.4,1,-0.0007941810455206163,0.0008767254779401505,0.0,0.0,0.0008771099140621781,0.0,0.0008771099140621781,0.0,3,3,price=observed;tvl=observed;lp_amount=none,False
2022-10-09T01:00:00+00:00,,,,0.018306497683481537,,WETH,pool_swap_ratio,0,5629,6161.983015908307,,15706946,0.0,,0,0,0.0,0.0,0.0,0.0,,0,0,,,,0.0,0.0,0.0,0,0.0,0.0,0.0,0.0,0.0,0.0,0.0,,3,3,price=carried;tvl=carried;lp_amount=none,True
2022-10-09T02:00:00+00:00,,,,0.018306497683481537,,WETH,pool_swap_ratio,0,9229,6161.983015908307,,15706946,0.0,,0,0,0.0,0.0,0.0,0.0,,0,0,,,,0.0,0.0,0.0,0,0.0,0.0,0.0,0.0,0.0,0.0,0.0,,3,3,price=carried;tvl=carried;lp_amount=none,True
2022-10-09T03:00:00+00:00,,,,0.018306497683481537,,WETH,pool_swap_ratio,0,12829,6161.983015908307,,15706946,0.0,,0,0,0.0,0.0,0.0,0.0,,0,0,,,,0.0,0.0,0.0,0,0.0,0.0,0.0,0.0,0.0,0.0,0.0,,3,3,price=carried;tvl=carried;lp_amount=none,True
2022-10-09T04:00:00+00:00,,,,0.018306497683481537,,WETH,pool_swap_ratio,0,16429,6161.983015908307,,15706946,0.0,,0,0,0.0,0.0,0.0,0.0,,0,0,,,,0.0,0.0,0.0,0,0.0,0.0,0.0,0.0,0.0,0.0,0.0,,3,3,price=carried;tvl=carried;lp_amount=none,True
2022-10-09T05:00:00+00:00,,,,0.018306497683481537,,WETH,pool_swap_ratio,0,20029,6161.983015908307,,15706946,0.0,,0,0,0.0,0.0,0.0,0.0,,0,0,,,,0.0,0.0,0.0,0,0.0,0.0,0.0,0.0,0.0,0.0,0.0,,3,3,price=carried;tvl=carried;lp_amount=none,True
2022-10-09T06:00:00+00:00,,,,0.018306497683481537,,WETH,pool_swap_ratio,0,23629,6161.983015908307,,15706946,0.0,,0,0,0.0,0.0,0.0,0.0,,0,0,,,,0.0,0.0,0.0,0,0.0,0.0,0.0,0.0,0.0,0.0,0.0,,3,3,price=carried;tvl=carried;lp_amount=none,True
2022-10-09T07:00:00+00:00,,,,0.018306497683481537,,WETH,pool_swap_ratio,0,27229,6161.983015908307,,15706946,0.0,,0,0,0.0,0.0,0.0,0.0,,0,0,,,,0.0,0.0,0.0,0,0.0,0.0,0.0,0.0,0.0,0.0,0.0,,3,3,price=carried;tvl=carried;lp_amount=none,True
2022-10-09T08:00:00+00:00,,,,0.018306497683481537,,WETH,pool_swap_ratio,0,30829,6161.983015908307,,15706946,0.0,,0,0,0.0,0.0,0.0,0.0,,0,0,,,,0.0,0.0,0.0,0,0.0,0.0,0.0,0.0,0.0,0.0,0.0,,3,3,price=carried;tvl=carried;lp_amount=none,True
2022-10-09T09:00:00+00:00,,,,0.018306497683481537,,WETH,pool_swap_ratio,0,34429,6161.983015908307,,15706946,0.0,,0,0,0.0,0.0,0.0,0.0,,0,0,,,,0.0,0.0,0.0,0,0.0,0.0,0.0,0.0,0.0,0.0,0.0,,3,3,price=carried;tvl=carried;lp_amount=none,True
2022-10-09T10:00:00+00:00,,,,0.018306497683481537,,WETH,pool_swap_ratio,0,38029,6161.983015908307,,15706946,0.0,,0,0,0.0,0.0,0.0,0.0,,0,0,,,,0.0,0.0,0.0,0,0.0,0.0,0.0,0.0,0.0,0.0,0.0,,3,3,price=carried;tvl=carried;lp_amount=none,True
2022-10-09T11:00:00+00:00,0.01833112460460371,0.01833112460460371,0.01833112460460371,0.01833112460460371,0.01833112460460371,WETH,pool_swap_ratio,1,1849,6166.113015908307,,15710244,4.13,,1,1,0.0,0.0,0.0,0.0,,0,0,,,,4.13,0.0,4.13,1,0.0013443516960522663,0.0006700142737118436,0.0,0.0,0.0006702387834139814,0.0,0.0006702387834139814,0.0,3,3,price=observed;tvl=observed;lp_amount=none,False
2022-10-09T12:00:00+00:00,,,,0.01833112460460371,,WETH,pool_swap_ratio,0,5449,6166.113015908307,,15710244,0.0,,0,0,0.0,0.0,0.0,0.0,,0,0,,,,0.0,0.0,0.0,0,0.0,0.0,0.0,0.0,0.0,0.0,0.0,,3,3,price=carried;tvl=carried;lp_amount=none,True
2022-10-09T13:00:00+00:00,,,,0.01833112460460371,,WETH,pool_swap_ratio,0,9049,6166.113015908307,,15710244,0.0,,0,0,0.0,0.0,0.0,0.0,,0,0,,,,0.0,0.0,0.0,0,0.0,0.0,0.0,0.0,0.0,0.0,0.0,,3,3,price=carried;tvl=carried;lp_amount=none,True
2022-10-09T14:00:00+00:00,,,,0.01833112460460371,,WETH,pool_swap_ratio,0,12649,6166.113015908307,,15710244,0.0,,0,0,0.0,0.0,0.0,0.0,,0,0,,,,0.0,0.0,0.0,0,0.0,0.0,0.0,0.0,0.0,0.0,0.0,,3,3,price=carried;tvl=carried;lp_amount=none,True
2022-10-09T15:00:00+00:00,0.01828298180245405,0.01828298180245405,0.01828298180245405,0.01828298180245405,0.01828298180245405,WETH,pool_swap_ratio,1,3037,6176.589902560269,,15711337,10.476886651962165,,1,1,0.0,0.0,0.0,0.0,,0,0,,,,10.476886651962165,0.0,10.476886651962165,1,-0.002629742174171872,0.0016976652905649954,0.0,0.0,0.0016991071400949426,0.0,0.0016991071400949426,0.0,3,3,price=observed;tvl=observed;lp_amount=none,False
