bucket_start,price_open,price_high,price_low,price_close,price_vwap,price_unit,price_source,price_trade_count,price_staleness_seconds,tvl_token_close,tvl_usd_close,tvl_snapshot_block,volume_token,volume_usd,swap_count,active_trader_count,liquidity_added_token,liquidity_removed_token,net_lp_flow_token,gross_lp_activity_token,recycling_share,lp_add_event_count,lp_remove_event_count,active_lp_count,lp_identity_coverage,withdrawal_amount_coverage,actual_transfer_in_token,actual_transfer_out_token,actual_transfer_net_token,pool_transfer_event_count,price_return,tvl_change,net_lp_flow_ratio,gross_lp_activity_ratio,actual_transfer_net_ratio,withdrawal_ratio,volume_turnover,close_vwap_gap,measured_pool_count,verified_pool_count,data_coverage,is_imputed
2022-04-14T02:00:00+00:00,0.0006955949241903687,0.0007230843293283078,0.000694576599020742,0.0007176539422374178,0.0007150916293164189,WETH,pool_swap_ratio,14,347,1671978.2457,,14580974,18932.821,,14,7,0.0,0.0,0.0,0.0,,0,0,,,,6188.8264,12743.9946,-6555.1682,14,,,,,,,,0.003583195238137993,2,2,price=observed;tvl=observed;lp_amount=none,False
2022-04-14T03:00:00+00:00,0.0007089203919180166,0.000710868579919222,0.0006972040705418242,0.0007021516056396151,0.0007037981855434866,WETH,pool_swap_ratio,9,1750,1677470.0751,,14581169,11338.162599999998,,9,5,0.0,0.0,0.0,0.0,,0,0,,,,8414.996,2923.1666,5491.829399999999,9,-0.021838135102563463,0.0032792470851053398,0.0,0.0,0.003284629697858753,0.0,0.006781285958211195,-0.002339562587249211,2,2,price=observed;tvl=observed;lp_amount=none,False
2022-04-14T04:00:00+00:00,0.0007087294811913667,0.000726928260888263,0.0006929024115977268,0.0007085874801535926,0.0007067063296401788,WETH,pool_swap_ratio,17,175,1675211.2112999998,,14581534,32796.5142,,17,10,0.0,0.0,0.0,0.0,,0,0,,,,15268.8252,17527.689,-2258.863799999999,17,0.009124180690772326,-0.0013474970919289159,0.0,0.0,-0.001346589625371016,0.0,0.019551176910291457,0.0026618560419169324,2,2,price=observed;tvl=observed;lp_amount=none,False
2022-04-14T05:00:00+00:00,0.0007120351501606974,0.0008004046788657084,0.0007120351501606974,0.0007184221084628046,0.0007479659337518061,WETH,pool_swap_ratio,11,142,1671550.9512,,14581822,22101.9731,,11,8,0.0,0.0,0.0,0.0,,0,0,,,,9220.8565,12881.116600000001,-3660.2601000000013,11,0.0137837672511266,-0.002187344891359049,0.0,0.0,-0.002184954395786046,0.0,0.01319354416381227,-0.039498891534818004,2,2,price=observed;tvl=observed;lp_amount=none,False
2022-04-14T06:00:00+00:00,0.0007193826674671465,0.0007234742243710246,0.0007173663330612768,0.0007173663330612768,0.0007195894758504396,WETH,pool_swap_ratio,5,281,1672003.0152999999,,14582076,1976.9131,,5,5,0.0,0.0,0.0,0.0,,0,0,,,,1214.4886000000001,762.4245,452.06410000000017,5,-0.0014706562071159486,0.0002704093352665062,0.0,0.0,0.0002704458991665585,0.0,0.0011826819269737377,-0.0030894598431077114,2,2,price=observed;tvl=observed;lp_amount=none,False
2022-04-14T07:00:00+00:00,0.0007135909468406843,0.0007180002795926817,0.0007135909468406843,0.0007180002795926817,0.0007146889329168669,WETH,pool_swap_ratio,3,324,1672739.1877,,14582325,3768.5238,,3,3,0.0,0.0,0.0,0.0,,0,0,,,,2252.3481,1516.1756999999998,736.1724000000004,3,0.0008833235593422268,0.0004401968027475891,0.0,0.0,0.00044029370357798805,0.0,0.002253897729558718,0.004633269837130527,2,2,price=observed;tvl=observed;lp_amount=none,False
2022-04-14T08:00:00+00:00,0.0007412755239699034,0.000782375141801777,0.0006858637469324042,0.0007194493053325926,0.0007332546881208755,WETH,pool_swap_ratio,24,1708,1672842.4636,,14582480,73031.6181,,24,10,0.0,0.0,0.0,0.0,,0,0,,,,36567.447,36464.17110000001,103.27589999999327,22,0.0020161072025436893,6.17386815189933e-05,0.0,0.0,6.174058739067184e-05,0.0,0.04365989547983136,-0.01882754111489182,2,2,price=observed;tvl=observed;lp_amount=none,False
2022-04-14T09:00:00+00:00,0.0007186743132898888,0.0007264284721372443,0.0007103651450490208,0.0007159034911010651,0.0007174028171934092,WETH,pool_swap_ratio,14,161,1672324.5495,,14582864,12977.278099999998,,14,10,0.0,0.0,0.0,0.0,,0,0,,,,6229.682,6747.5961,-517.9141,14,-0.004940696744737347,-0.0003096491757272525,0.0,0.0,-0.0003096012393692085,0.0,0.007757621164202493,-0.002089936164747286,2,2,price=observed;tvl=observed;lp_amount=none,False
2022-04-14T10:00:00+00:00,0.0007191360929685155,0.0007191360929685155,0.0007062200022819601,0.0007062200022819601,0.000712253603927523,WETH,pool_swap_ratio,10,315,1675542.7666,,14583134,10433.7087,,10,8,0.0,0.0,0.0,0.0,,0,0,,,,6825.9629,3607.7458,3218.2171000000003,10,-0.013618561997238677,0.0019225481701653933,0.0,0.0,0.0019243974508191004,0.0,0.0062390453474593325,-0.008471142318258962,2,2,price=observed;tvl=observed;lp_amount=none,False
2022-04-14T11:00:00+00:00,0.0007125634261782281,0.0007258153118197035,0.0007103757299632848,0.0007187481960498829,0.0007172834775217571,WETH,pool_swap_ratio,12,234,1672614.2072,,14583400,10306.4364,,12,8,0.0,0.0,0.0,0.0,,0,0,,,,3688.9385,6617.497899999999,-2928.559399999999,12,0.01758427535120421,-0.001749356538393963,0.0,0.0,-0.001747827306098914,0.0,0.0061511031562111376,0.00204203578365747,2,2,price=observed;tvl=observed;lp_amount=none,False
2022-04-14T12:00:00+00:00,0.0007136908837194174,0.0007192330099182231,0.0006898588634198098,0.0007076069688772547,0.0007011972477229968,WETH,pool_swap_ratio,25,153,1675136.0859,,14583674,33996.5853,,25,12,0.0,0.0,0.0,0.0,,0,0,,,,18259.231999999996,15737.3533,2521.8786999999957,24,-0.01562227141647931,0.0015066112799555882,0.0,0.0,0.001507746788915351,0.0,0.020325419426462467,0.009141109973081374,2,2,price=observed;tvl=observed;lp_amount=none,False
2022-04-14T13:00:00+00:00,0.0007018595950332505,0.0007020276104905219,0.0006748045753157382,0.0007020276104905219,0.0006869360848633574,WETH,pool_swap_ratio,12,513,1679123.8742,,14583900,30010.8075,,12,8,0.0,0.0,0.0,0.0,,0,0,,,,16999.2979,13011.5096,3987.788300000002,12,-0.007916076412850007,0.002377746642324662,0.0,0.0,0.002380575723707536,0.0,0.017915444454100038,0.02196933013086122,2,2,price=observed;tvl=observed;lp_amount=none,False
2022-04-14T14:00:00+00:00,0.0007028387798887463,0.0007100698466057552,0.0006813257934431317,0.0007100698466057552,0.0006930011610552127,WETH,pool_swap_ratio,9,189,1679384.8251999998,,14584216,21223.321799999998,,9,6,0.0,0.0,0.0,0.0,,0,0,,,,10742.1364,10481.1854,260.9509999999991,9,0.011390606262432632,0.00015539694780104994,0.0,0.0,0.00015540902253225738,0.0,0.012639521196797714,0.02463009661419968,2,2,price=observed;tvl=observed;lp_amount=none,False
2022-04-14T15:00:00+00:00,0.000697543805144768,0.0007035159592550999,0.0006825409761747005,0.0007035159592550999,0.0006954371776123899,WETH,pool_swap_ratio,10,1510,1677696.6039,,14584391,13672.2785,,10,9,0.0,0.0,0.0,0.0,,0,0,,,,5992.0286,7680.2499,-1688.2213000000002,10,-0.009272778892425634,-0.0010057673476004526,0.0,0.0,-0.001005261733146212,0.0,0.008141242135120373,0.011616838878885538,2,2,price=observed;tvl=observed;lp_amount=none,False
2022-04-14T16:00:00+00:00,0.0006992446261444827,0.0007041153008783238,0.0006851218237454203,0.0007024790850731637,0.0006944079637243583,WETH,pool_swap_ratio,8,296,1677028.6291,,14584741,9023.6992,,8,7,0.0,0.0,0.0,0.0,,0,0,,,,4177.8622000000005,4845.8369999999995,-667.974799999999,8,-0.0014749331785902794,-0.0003982292214318392,0.0,0.0,-0.00039814993870000947,0.0,0.005378623988999779,0.01162302532579984,2,2,price=observed;tvl=observed;lp_amount=none,False
2022-04-14T17:00:00+00:00,0.0007062003734100703,0.0007123792206064411,0.0006997124467126698,0.0007086481379284684,0.0007057453683864326,WETH,pool_swap_ratio,8,149,1675341.8527000002,,14585033,8799.428600000001,,8,3,0.0,0.0,0.0,0.0,,0,0,,,,3556.3260999999998,5243.1025,-1686.7764000000002,8,0.008743495350443501,-0.0010063186938938265,0.0,0.0,-0.0010058125250403337,0.0,0.005247035409718875,0.00411305503665238,2,2,price=observed;tvl=observed;lp_amount=none,False
2022-04-14T18:00:00+00:00,0.0007147419272919097,0.0007147419272919097,0.0007002572924993728,0.0007066436305954881,0.0007067010734828547,WETH,pool_swap_ratio,5,25,1674434.2036,,14585291,8785.3009,,5,5,0.0,0.0,0.0,0.0,,0,0,,,,3938.8259,4846.475,-907.6491000000005,5,-0.002832643724617044,-0.0005419162994528296,0.0,0.0,-0.0005417694893356976,0.0,0.005243885530491289,-8.128314717770202e-05,2,2,price=observed;tvl=observed;lp_amount=none,False
2022-04-14T19:00:00+00:00,0.0007071283351293855,0.0007672672178571127,0.0006955511215040604,0.0007155719540603484,0.00072592365001991,WETH,pool_swap_ratio,21,103,1673611.2680000002,,14585554,47607.71039999999,,21,14,0.0,0.0,0.0,0.0,,0,0,,,,23392.3875,24215.323099999998,-822.9355999999971,20,0.01255567841198571,-0.0004915916605990317,0.0,0.0,-0.000491470849216232,0.0,0.028432117725285574,-0.014260034039774938,2,2,price=observed;tvl=observed;lp_amount=none,False
2022-04-14T20:00:00+00:00,0.000710656173502618,0.0007193377802327835,0.0007105503616676934,0.0007193377802327835,0.0007146129229286097,WETH,pool_swap_ratio,7,230,1672401.6668,,14585813,4200.4298,,7,6,0.0,0.0,0.0,0.0,,0,0,,,,1495.4143,2705.0154999999995,-1209.6011999999996,7,0.005248880439478761,-0.0007230105060936556,0.0,0.0,-0.0007227491969778011,0.0,0.0025098001431476977,0.006611771425585777,2,2,price=observed;tvl=observed;lp_amount=none,False
2022-04-14T21:00:00+00:00,0.0007149014725393855,0.0007231220480862889,0.0006983323997463635,0.0007061091197278512,0.0007095124766623772,WETH,pool_swap_ratio,12,398,1694526.6574000001,,14586073,15011.825900000002,,12,7,18960.5681,0.0,18960.5681,18960.5681,0.0,1,0,,,,28048.692300000002,5923.7017,22124.990600000005,13,-0.018561253033116436,0.01314272651020328,0.011337329109626789,0.011337329109626789,0.013229471746661383,0.0,0.00897620840615632,-0.004796754174832496,2,2,price=observed;tvl=observed;lp_amount=quantified,False
2022-04-14T22:00:00+00:00,0.0007065494698378364,0.0007150083035222914,0.0007065494698378364,0.0007135914440533587,0.0007142423517504714,WETH,pool_swap_ratio,3,584,1692499.8868,,14586331,4039.3005999999996,,3,3,0.0,0.0,0.0,0.0,,0,0,,,,1006.265,3033.0355999999997,-2026.7705999999998,3,0.010540805287350036,-0.0011967847405163024,0.0,0.0,-0.0011960688792643597,0.0,0.0023837338777530402,-0.000911326100331955,2,2,price=observed;tvl=observed;lp_amount=none,False
2022-04-14T23:00:00+00:00,0.0007128037970834985,0.0007386330911880041,0.0007125627967976783,0.0007189310300988714,0.000730944403556139,WETH,pool_swap_ratio,20,51,1689687.3454,,14586625,49009.262200000005,,20,13,0.0,0.0,0.0,0.0,,0,0,,,,23098.360399999998,25910.901800000003,-2812.5414000000055,20,0.007454837003415779,-0.0016631498230079349,0.0,0.0,-0.0016617675557530829,0.0,0.02895672997217243,-0.016435413416972522,2,2,price=observed;tvl=observed;lp_amount=none,False
2022-04-15T00:00:00+00:00,0.0007197309933439279,0.0007400349062688803,0.0006995316400789373,0.0007134374550165539,0.0007130532355330436,WETH,pool_swap_ratio,20,202,1693314.0698,,14586872,28415.204999999998,,20,8,0.0,0.0,0.0,0.0,,0,0,,,,16020.9647,12394.2403,3626.724400000001,19,-0.007670654689382608,0.002144087657236047,0.0,0.0,0.0021463878568265217,0.0,0.016816841930761613,0.0005388370241712348,2,2,price=observed;tvl=observed;lp_amount=none,False
2022-04-15T01:00:00+00:00,0.0007065277655165297,0.0007163280084023263,0.0007064744955313642,0.0007094740974477425,0.0007084083936925815,WETH,pool_swap_ratio,8,195,1693637.8927000002,,14587156,3962.6003,,8,5,0.0,0.0,0.0,0.0,,0,0,,,,2143.2116,1819.3887,323.8229000000001,8,-0.005570785916709455,0.00019121788827970604,0.0,0.0,0.0001912361715852555,0.0,0.0023401449091296034,0.0015043635347204987,2,2,price=observed;tvl=observed;lp_amount=none,False
2022-04-15T02:00:00+00:00,0.0007114129609955987,0.0007231294312790877,0.0006994773168681133,0.0007049359727227842,0.0007117769259778731,WETH,pool_swap_ratio,26,2,1696168.2407,,14587432,36151.3108,,26,11,0.0,0.0,0.0,0.0,,0,0,,,,19340.8294,16810.4814,2530.347999999998,26,-0.006417007900646181,0.0014929163323164358,0.0,0.0,0.0014940312866796534,0.0,0.02134536015981995,-0.00961109162915108,2,2,price=observed;tvl=observed;lp_amount=none,False
2022-04-15T03:00:00+00:00,0.0007002287990007792,0.0007078545022059223,0.0006806825980027214,0.000692289173447481,0.0006908721408677461,WETH,pool_swap_ratio,19,33,1699400.8883,,14587706,25151.0798,,19,13,0.0,0.0,0.0,0.0,,0,0,,,,14191.8637,10959.216100000001,3232.6475999999984,19,-0.018103230820761877,0.0019040393252600712,0.0,0.0,0.0019058531591570782,0.0,0.01482817517537074,0.002051077899819509,2,2,price=observed;tvl=observed;lp_amount=none,False
2022-04-15T04:00:00+00:00,0.000692949362150453,0.0007081017750016998,0.000692949362150453,0.0007081017750016998,0.000705456580925296,WETH,pool_swap_ratio,4,1268,1695180.2381000002,,14587888,7410.474399999999,,4,4,0.0,0.0,0.0,0.0,,0,0,,,,1594.9121,5815.5623,-4220.6502,4,0.02258408433078229,-0.002486699959593363,0.0,0.0,-0.0024836106824812467,0.0,0.004360639358858454,0.003749619959508177,2,2,price=observed;tvl=observed;lp_amount=none,False
2022-04-15T05:00:00+00:00,0.0007075426506202444,0.0007109697327132362,0.0007075426506202444,0.0007109697327132362,0.0007091390739725092,WETH,pool_swap_ratio,2,666,1693687.943,,14588176,1492.2950999999998,,2,2,0.0,0.0,0.0,0.0,,0,0,,,,0.0,1492.2950999999998,-1492.2950999999998,2,0.004042025508454966,-0.0008807041860050858,0.0,0.0,-0.0008803164798998606,0.0,0.0008803164798998606,0.0025815228745920127,2,2,price=observed;tvl=observed;lp_amount=none,False
2022-04-15T06:00:00+00:00,0.0007065536944686634,0.0007091308147605512,0.0007028304488722108,0.0007068932829487807,0.0007068533369806779,WETH,pool_swap_ratio,5,964,1694873.7110000001,,14588419,5693.2668,,5,4,0.0,0.0,0.0,0.0,,0,0,,,,3439.518,2253.75,1185.768,5,-0.005750147865436693,0.0006998651165166878,0.0,0.0,0.000700110079250886,0.0,0.0033614614920831377,5.6512385261608955e-05,2,2,price=observed;tvl=observed;lp_amount=none,False
2022-04-15T07:00:00+00:00,0.0007165654438120953,0.0007213928124703361,0.0007081932701254606,0.0007213928124703361,0.0007147630471453044,WETH,pool_swap_ratio,9,1013,1689582.4553,,14588662,18536.5305,,9,5,0.0,0.0,0.0,0.0,,0,0,,,,6622.6374000000005,11913.893100000001,-5291.255700000001,8,0.0203040941047154,-0.003126800733119239,0.0,0.0,-0.00312191738278723,0.0,0.01093682106206201,0.009275472971791654,2,2,price=observed;tvl=observed;lp_amount=none,False
2022-04-15T08:00:00+00:00,0.0007063645744755379,0.0007154497456735015,0.0006914476245183085,0.0007154497456735015,0.0007032165262033207,WETH,pool_swap_ratio,17,478,1690614.7342,,14588960,39963.7303,,17,8,0.0,0.0,0.0,0.0,,0,0,,,,20498.004599999997,19465.7257,1032.2788999999975,17,-0.008272445237801173,0.0006107803031716323,0.0,0.0,0.000610966867442233,0.0,0.02365302159396778,0.01739609212005888,2,2,price=observed;tvl=observed;lp_amount=none,False
2022-04-15T09:00:00+00:00,0.0007162750566970447,0.000721452178735707,0.0007076938821426285,0.0007189325554926432,0.0007143066346180868,WETH,pool_swap_ratio,19,179,1691326.2766999998,,14589256,29751.991900000005,,19,10,0.0,0.0,0.0,0.0,,0,0,,,,15231.767199999998,14520.2247,711.5424999999977,19,0.004856190237119691,0.000420789427258106,0.0,0.0,0.000420877971548438,0.0,0.017598327577618485,0.006476099549362013,2,2,price=observed;tvl=observed;lp_amount=none,False
2022-04-15T10:00:00+00:00,0.000713276681297777,0.000726263301916369,0.0006815980970941717,0.000717511451834247,0.000705353935853751,WETH,pool_swap_ratio,23,572,1689909.2137000002,,14589502,41685.7163,,23,11,0.0,0.0,0.0,0.0,,0,0,,,,20134.3267,21551.3897,-1417.0629999999983,23,-0.0019786418611312676,-0.0008381924814098302,0.0,0.0,-0.0008378412962192456,0.0,0.024646762055476557,0.01723605038905851,2,2,price=observed;tvl=observed;lp_amount=none,False
2022-04-15T11:00:00+00:00,0.0007152064162555065,0.00073689296931626,0.0007152064162555065,0.0007316364046505494,0.0007277526983941824,WETH,pool_swap_ratio,12,691,1684838.0444,,14589763,10014.385900000001,,12,8,20543.6508,20116.4588,427.1919999999991,40660.109599999996,0.9894935846410017,1,1,,,1.0,23015.2591,28086.428399999997,-5071.169299999998,14,0.019494767348304916,-0.0030053646860929875,0.00025278991116018377,0.02406052897420213,-0.003000853098431744,0.011903869531520974,0.005925990472632453,0.0053365741754536344,2,2,price=observed;tvl=observed;lp_amount=quantified,False
2022-04-15T12:00:00+00:00,0.0007289450804921465,0.0007289450804921465,0.0007289450804921465,0.0007289450804921465,0.0007289450804921465,WETH,pool_swap_ratio,1,1592,1685609.5749,,14589968,771.5305,,1,1,0.0,0.0,0.0,0.0,,0,0,,,,771.5305,0.0,771.5305,1,-0.00368528183022003,0.00045782080045266124,0.0,0.0,0.00045792561639047943,0.0,0.00045792561639047943,0.0,2,2,price=observed;tvl=observed;lp_amount=none,False
2022-04-15T13:00:00+00:00,0.000733617157175554,0.0007405286392672506,0.00073024833370226,0.0007405286392672506,0.0007376140658291001,WETH,pool_swap_ratio,7,189,1676482.5519,,14590352,12754.91,,7,6,0.0,0.0,0.0,0.0,,0,0,,,,1813.9435,10940.9665,-9127.023000000001,7,0.015765914771239703,-0.005429384488266274,0.0,0.0,-0.0054146720188994356,0.0,0.007566942066496446,0.003951352845846801,2,2,price=observed;tvl=observed;lp_amount=none,False
2022-04-15T14:00:00+00:00,0.0007749724759311949,0.0008248708529201074,0.0007403710971818115,0.0007429036405787279,0.000756128898314376,WETH,pool_swap_ratio,11,471,1675576.356,,14590588,46656.6931,,11,8,0.0,0.0,0.0,0.0,,0,0,,,,22875.2486,23781.4445,-906.1959000000024,11,0.0032020381017645195,-0.0005406801890864815,0.0,0.0,-0.0005405340478927071,0.0,0.027830109563098518,-0.017490744984262507,2,2,price=observed;tvl=observed;lp_amount=none,False
2022-04-15T15:00:00+00:00,0.0007489390030789715,0.0007650767555604248,0.0007489390030789715,0.0007650767555604248,0.0007548453863687238,WETH,pool_swap_ratio,6,1030,1630752.9555,,14590806,53032.1669,,6,5,0.0,0.0,0.0,0.0,,0,0,,,,4104.3832,48927.78369999999,-44823.40049999999,6,0.029409816217235877,-0.027115355176188426,0.0,0.0,-0.026751034257253503,0.0,0.03165010458049218,0.01355425809902644,2,2,price=observed;tvl=observed;lp_amount=none,False
2022-04-15T16:00:00+00:00,0.0007672944865199054,0.0007716089429413088,0.0007626178441914075,0.0007626178441914075,0.0007656063698700822,WETH,pool_swap_ratio,8,336,1634619.9099,,14591126,26679.357800000005,,8,5,0.0,0.0,0.0,0.0,,0,0,,,,15273.1561,11406.201700000003,3866.954399999997,8,-0.003219116560118934,0.0023684622657651534,0.0,0.0,0.0023712692881886345,0.0,0.01636014683279843,-0.0039034754624388546,2,2,price=observed;tvl=observed;lp_amount=none,False
2022-04-15T17:00:00+00:00,0.0007593160524251222,0.000767126203360091,0.0007582478699510602,0.0007582478699510602,0.0007599928732427279,WETH,pool_swap_ratio,8,387,1636985.4448000002,,14591408,4210.1553,,8,5,0.0,0.0,0.0,0.0,,0,0,,,,3287.8450999999995,922.3102000000001,2365.5348999999997,8,-0.005746708898905374,0.0014461006483176065,0.0,0.0,0.0014471467560582413,0.0,0.002575617288460387,-0.002296078493765563,2,2,price=observed;tvl=observed;lp_amount=none,False
2022-04-15T18:00:00+00:00,0.000758547859556934,0.0007610579474906675,0.0007553631156232307,0.0007563069443682287,0.0007572602269706202,WETH,pool_swap_ratio,8,830,1641142.8586000002,,14591669,4313.207399999999,,8,6,0.0,0.0,0.0,0.0,,0,0,,,,4235.3106,77.8968,4157.413799999999,8,-0.0025630325518732375,0.0025364571756518683,0.0,0.0,0.002539676704644087,0.0,0.0026348477402173653,-0.0012588573497449573,2,2,price=observed;tvl=observed;lp_amount=none,False
2022-04-15T19:00:00+00:00,0.0007607325608046372,0.0007610791521997616,0.0007607325608046372,0.0007610791521997616,0.0007609991695701175,WETH,pool_swap_ratio,2,1478,1639842.8586000002,,14591870,1300.0,,2,1,0.0,0.0,0.0,0.0,,0,0,,,,0.0,1300.0,-1300.0,2,0.00629005837949542,-0.0007924448199910668,0.0,0.0,-0.000792130918516736,0.0,0.000792130918516736,0.00010510212473580083,2,2,price=observed;tvl=observed;lp_amount=none,False
2022-04-15T20:00:00+00:00,0.0007564231188059144,0.0007564231188059144,0.0007479138092761207,0.0007479138092761207,0.0007522034474674739,WETH,pool_swap_ratio,4,754,1656280.2082,,14592197,18892.6972,,4,4,0.0,0.0,0.0,0.0,,0,0,,,,17665.023400000002,1227.6738,16437.3496,4,-0.017449620133209425,0.009973830180828763,0.0,0.0,0.010023734599809904,0.0,0.011521041239359639,-0.005702763269426092,2,2,price=observed;tvl=observed;lp_amount=none,False
2022-04-15T21:00:00+00:00,0.0007498933970021761,0.0007498933970021761,0.0007406350832261177,0.0007406350832261177,0.0007433159933799202,WETH,pool_swap_ratio,7,352,1674584.8017,,14592477,37021.6649,,7,5,0.0,0.0,0.0,0.0,,0,0,,,,27663.1292,9358.5357,18304.5935,7,-0.009779704381371634,0.010991005468442734,0.0,0.0,0.011051628468043417,0.0,0.02235229565426863,-0.003606689722377876,2,2,price=observed;tvl=observed;lp_amount=none,False
2022-04-15T22:00:00+00:00,0.000744264455930322,0.0007489474942460029,0.0007399407025466041,0.0007473049878502472,0.0007448952257627402,WETH,pool_swap_ratio,10,1225,1664216.1675,,14592689,16280.9986,,10,4,0.0,0.0,0.0,0.0,,0,0,,,,2956.1821999999997,13324.8164,-10368.6342,10,0.008965346695807385,-0.006211012652695845,0.0,0.0,-0.006191764185052916,0.0,0.009722409150896333,0.0032350349474177253,2,2,price=observed;tvl=observed;lp_amount=none,False
2022-04-15T23:00:00+00:00,0.0007523556008544135,0.0007523556008544135,0.0007440935189852359,0.0007481272868156228,0.0007492730004582707,WETH,pool_swap_ratio,6,679,1658040.452,,14592990,11564.4063,,6,5,0.0,0.0,0.0,0.0,,0,0,,,,2694.3453999999997,8870.0609,-6175.7155,6,0.0010997476277371072,-0.0037177878295837504,0.0,0.0,-0.003710885412967243,0.0,0.006948860686392774,-0.0015291003972479622,2,2,price=observed;tvl=observed;lp_amount=none,False
2022-04-16T00:00:00+00:00,,,,0.0007481272868156228,,WETH,pool_swap_ratio,0,4279,1658040.452,,14592990,0.0,,0,0,0.0,0.0,0.0,0.0,,0,0,,,,0.0,0.0,0.0,0,0.0,0.0,0.0,0.0,0.0,0.0,0.0,,2,2,price=carried;tvl=carried;lp_amount=none,True
2022-04-16T01:00:00+00:00,0.0007468230709140191,0.0007490847682301764,0.0007454965611655706,0.0007454965611655706,0.000746918561102102,WETH,pool_swap_ratio,3,124,1662495.4083,,14593558,5789.9187,,3,3,0.0,0.0,0.0,0.0,,0,0,,,,5122.4375,667.4812,4454.9563,3,-0.0035226116320404293,0.0026832771338071125,0.0,0.0,0.0026868803439784833,0.0,0.0034920249943334917,-0.0019038219299748471,2,2,price=observed;tvl=observed;lp_amount=none,False
2022-04-16T02:00:00+00:00,0.0007442516851491204,0.0007443433083436696,0.0007442516851491204,0.0007443433083436696,0.0007442653166512157,WETH,pool_swap_ratio,2,246,1667313.5448,,14593820,4818.1365000000005,,2,2,0.0,0.0,0.0,0.0,,0,0,,,,4818.1365000000005,0.0,4818.1365000000005,2,-0.0015481570547887828,0.00289394372499091,0.0,0.0,0.0028981352224766925,0.0,0.0028981352224766925,0.00010479017456410666,2,2,price=observed;tvl=observed;lp_amount=none,False
2022-04-16T03:00:00+00:00,0.0007449721827386966,0.0007449721827386966,0.0007423758263168911,0.0007423758263168911,0.0007427307764921817,WETH,pool_swap_ratio,4,40,1669233.7148,,14594094,1987.286,,4,4,0.0,0.0,0.0,0.0,,0,0,,,,1953.7283000000002,33.5583,1920.1700000000003,4,-0.0026467449425646014,0.0011509923658112643,0.0,0.0,0.0011516550117334596,0.0,0.0011919089880832114,-0.00047789883834759017,2,2,price=observed;tvl=observed;lp_amount=none,False
2022-04-16T04:00:00+00:00,0.0007478048836393227,0.0007537818223365265,0.0007442595720666385,0.0007537818223365265,0.0007502111358823933,WETH,pool_swap_ratio,6,85,1652951.299,,14594337,20640.584600000002,,6,4,0.0,0.0,0.0,0.0,,0,0,,,,2179.0843999999997,18461.500200000002,-16282.415800000002,6,0.015247346431311332,-0.009802311495137567,0.0,0.0,-0.009754425432241457,0.0,0.012365305359575165,0.004759575382646597,2,2,price=observed;tvl=observed;lp_amount=none,False
2022-04-16T05:00:00+00:00,0.0007486523735320192,0.0007554345028909336,0.0007478739816938208,0.0007537450157739882,0.0007516914769709777,WETH,pool_swap_ratio,6,577,1647037.4407,,14594554,32130.126699999997,,6,6,0.0,0.0,0.0,0.0,,0,0,,,,13108.134199999999,19021.9925,-5913.858300000002,6,-4.883039109494695e-05,-0.003584172612338316,0.0,0.0,-0.003577757132698198,0.0,0.01943803590549705,0.002731890497529088,2,2,price=observed;tvl=observed;lp_amount=none,False
2022-04-16T06:00:00+00:00,0.000747376485532753,0.0007538748346485438,0.0007463617183274643,0.0007538748346485438,0.0007498904536042549,WETH,pool_swap_ratio,4,344,1660731.1981,,14594842,14494.0184,,4,4,0.0,0.0,0.0,0.0,,0,0,,,,14093.887900000002,400.1305,13693.757400000002,4,0.00017221698804252203,0.008279802565830304,0.0,0.0,0.00831417493106901,0.0,0.008800053988960908,0.005313284127219653,2,2,price=observed;tvl=observed;lp_amount=none,False
2022-04-16T07:00:00+00:00,0.0007539331589644475,0.0007539331589644475,0.0007481305240063536,0.0007505958475073321,0.0007505053111975247,WETH,pool_swap_ratio,5,260,1657133.4642,,14595117,39129.38250000001,,5,3,0.0,0.0,0.0,0.0,,0,0,,,,17765.8243,21363.5582,-3597.7338999999993,5,-0.0043589979812394385,-0.0021687052826334413,0.0,0.0,-0.0021663553404163627,0.0,0.023561538763628292,0.00012063380292781645,2,2,price=observed;tvl=observed;lp_amount=none,False
2022-04-16T08:00:00+00:00,0.0007477195574413636,0.0007529635551206683,0.0007477195574413636,0.0007491892747968935,0.0007510815160195746,WETH,pool_swap_ratio,3,477,1655887.8348,,14595384,7512.2978,,3,3,0.0,0.0,0.0,0.0,,0,0,,,,3133.3342000000002,4378.9636,-1245.6293999999998,3,-0.0018756995277655418,-0.0007519598253535826,0.0,0.0,-0.0007516771744159674,0.0,0.004533308850670424,-0.002519355332706419,2,2,price=observed;tvl=observed;lp_amount=none,False
2022-04-16T09:00:00+00:00,0.000754578796118079,0.000754578796118079,0.0007487291995292214,0.0007487291995292214,0.0007499943103879555,WETH,pool_swap_ratio,2,1481,1656122.9818,,14595567,414.3898,,2,2,0.0,0.0,0.0,0.0,,0,0,,,,324.7684,89.6214,235.147,2,-0.0006142861444397264,0.0001419965171711136,0.0,0.0,0.00014200659915374118,0.0,0.000250252336717028,-0.0016868272748358226,2,2,price=observed;tvl=observed;lp_amount=none,False
2022-04-16T10:00:00+00:00,0.0007517689122505255,0.0007517689122505255,0.0007517689122505255,0.0007517689122505255,0.0007517689122505255,WETH,pool_swap_ratio,1,2251,1656056.472,,14595772,66.5098,,1,1,0.0,0.0,0.0,0.0,,0,0,,,,0.0,66.5098,-66.5098,1,0.004051610402774467,-4.016074668451802e-05,0.0,0.0,-4.015994025257237e-05,0.0,4.015994025257237e-05,0.0,2,2,price=observed;tvl=observed;lp_amount=none,False
2022-04-16T11:00:00+00:00,0.0007544423639142063,0.0007588501206667171,0.0007509701999214398,0.0007554354929153686,0.000756456817131664,WETH,pool_swap_ratio,5,140,1643419.3113,,14596208,13442.307900000002,,5,3,0.0,0.0,0.0,0.0,,0,0,,,,402.5736,13039.7343,-12637.1607,5,0.004865415580390736,-0.0076601395635244,0.0,0.0,-0.007630875464493218,0.0,0.008117058884933968,-0.0013501421273034442,2,2,price=observed;tvl=observed;lp_amount=none,False
2022-04-16T12:00:00+00:00,0.00075534637500276,0.00075534637500276,0.0007475534246302659,0.0007475534246302659,0.000755069163996685,WETH,pool_swap_ratio,4,802,1644194.4005,,14596407,775.0892,,4,4,0.0,0.0,0.0,0.0,,0,0,,,,775.0892,0.0,775.0892,4,-0.010488620977287215,0.0004715208551287715,0.0,0.0,0.00047163203856164887,0.0,0.00047163203856164887,-0.009953709838496416,2,2,price=observed;tvl=observed;lp_amount=none,False
2022-04-16T13:00:00+00:00,0.0007526078047455884,0.0007542168162851373,0.000746017777595977,0.0007489622734270552,0.0007520208780780567,WETH,pool_swap_ratio,6,77,1652925.1169,,14596745,10393.4954,,6,5,0.0,0.0,0.0,0.0,,0,0,,,,9562.1059,831.3895,8730.716400000001,6,0.0018828392041932026,0.005295978359330818,0.0,0.0,0.005310026841926349,0.0,0.006321330006256763,-0.004067180500119005,2,2,price=observed;tvl=observed;lp_amount=none,False
2022-04-16T14:00:00+00:00,0.0007458609314686639,0.0007469193491874511,0.0007409535434257187,0.0007432851204559821,0.0007443832651523377,WETH,pool_swap_ratio,4,1133,1674459.5247,,14596936,34230.5458,,4,3,0.0,0.0,0.0,0.0,,0,0,,,,27882.4768,6348.069,21534.4078,4,-0.007608899682966261,0.012943924904543588,0.0,0.0,0.01302806012191707,0.0,0.02070907232881676,-0.0014752409783566067,2,2,price=observed;tvl=observed;lp_amount=none,False
2022-04-16T15:00:00+00:00,0.0007431494080723486,0.0007439732984925745,0.0007381259937130916,0.000739641076942538,0.000742724837682358,WETH,pool_swap_ratio,4,1278,1674871.3539,,14597187,1871.8816000000002,,4,4,0.0,0.0,0.0,0.0,,0,0,,,,1141.8554000000001,730.0262,411.8292000000001,4,-0.004914675935590149,0.00024591729930710114,0.0,0.0,0.00024594753944487516,0.0,0.0011179019691953263,-0.004151955856818712,2,2,price=observed;tvl=observed;lp_amount=none,False
2022-04-16T16:00:00+00:00,0.0007450690526162588,0.0007526309119096085,0.0007370266283344227,0.0007370266283344227,0.0007509805872698041,WETH,pool_swap_ratio,4,412,1663593.1933000002,,14597543,46721.8394,,4,4,0.0,0.0,0.0,0.0,,0,0,,,,17721.8394,29000.0,-11278.1606,4,-0.003541015125619166,-0.0067565213558878874,0.0,0.0,-0.0067337473852773135,0.0,0.02789577796002449,-0.018580984877533457,2,2,price=observed;tvl=observed;lp_amount=none,False
2022-04-16T17:00:00+00:00,0.0007436126943982091,0.0007452084429141109,0.0007174075224742172,0.0007433676081606229,0.000735662419346527,WETH,pool_swap_ratio,9,282,1669066.0169000002,,14597834,62963.03360000001,,9,7,0.0,0.0,0.0,0.0,,0,0,,,,34217.9286,28745.105,5472.8236,9,0.008566662107960994,0.003284361330960437,0.0,0.0,0.0032897607552383576,0.0,0.03784761434080099,0.010473810556940188,2,2,price=observed;tvl=observed;lp_amount=none,False
2022-04-16T18:00:00+00:00,0.0007416441419208867,0.0007431583214096488,0.0006802724550884509,0.0007283100166285738,0.000719070581204606,WETH,pool_swap_ratio,30,183,1688768.8309,,14598117,124575.4568,,30,11,0.0,0.0,0.0,0.0,,0,0,,,,72139.1354,52436.321399999986,19702.814000000013,28,-0.02046387978931308,0.011735562361347358,0.0,0.0,0.011804694242468949,0.0,0.0746378247107189,0.012849135627951425,2,2,price=observed;tvl=observed;lp_amount=none,False
2022-04-16T19:00:00+00:00,0.0007346057124378426,0.0007346057124378426,0.0007186006787968637,0.0007186006787968637,0.0007229938005678861,WETH,pool_swap_ratio,7,293,1691771.6291,,14598387,3422.4826000000003,,7,5,0.0,0.0,0.0,0.0,,0,0,,,,3212.6403999999998,209.8422,3002.7981999999997,7,-0.013420985277714194,0.0017765200714337586,0.0,0.0,0.0017780990180874612,0.0,0.0020266140263709436,-0.006076292448941811,2,2,price=observed;tvl=observed;lp_amount=none,False
2022-04-16T20:00:00+00:00,0.0007172600101623632,0.0007172600101623632,0.0007009493641275035,0.0007169670755699572,0.0007062118266177366,WETH,pool_swap_ratio,7,111,1692407.7751000002,,14598669,21480.698599999996,,7,5,0.0,0.0,0.0,0.0,,0,0,,,,11058.4223,10422.2763,636.1460000000006,7,-0.0022758994510303364,0.00037595288636491726,0.0,0.0,0.0003760235655083197,0.0,0.012697162093578459,0.015229494249240805,2,2,price=observed;tvl=observed;lp_amount=none,False
2022-04-16T21:00:00+00:00,0.0007195302170079752,0.0007195302170079752,0.0007066120987258013,0.0007066120987258013,0.0007113364353405915,WETH,pool_swap_ratio,7,338,1696756.0932,,14598886,7795.9971,,7,5,0.0,0.0,0.0,0.0,,0,0,,,,6072.1576000000005,1723.8395,4348.3181,7,-0.014548062605924473,0.002566013716009662,0.0,0.0,0.0025693087469673605,0.0,0.004606453134227272,-0.006641493926187181,2,2,price=observed;tvl=observed;lp_amount=none,False
2022-04-16T22:00:00+00:00,0.0007048873947602438,0.0007239886364717343,0.0006632665072086794,0.0007000179809208794,0.0006833079073406829,WETH,pool_swap_ratio,35,197,1699899.2784,,14599148,81015.5748,,35,16,0.0,0.0,0.0,0.0,,0,0,,,,42079.37999999999,38936.194800000005,3143.1851999999853,32,-0.009375835488854923,0.0018507536110220393,0.0,0.0,0.0018524673125364117,0.0,0.04774733099511583,0.024454676143335075,2,2,price=observed;tvl=observed;lp_amount=none,False
2022-04-16T23:00:00+00:00,0.0007025262845191309,0.0007025262845191309,0.0006958186639455296,0.0006958186639455296,0.0006976195382609781,WETH,pool_swap_ratio,3,514,1700807.9063,,14599414,1307.1895,,3,2,0.0,0.0,0.0,0.0,,0,0,,,,1107.9087,199.2808,908.6279,3,-0.006016935663576237,0.0005343758649436715,0.0,0.0,0.0005345186691621105,0.0,0.000768980560560252,-0.0025814562475382496,2,2,price=observed;tvl=observed;lp_amount=none,False
2022-04-17T00:00:00+00:00,0.0006983311234099426,0.0006983311234099426,0.0006983311234099426,0.0006983311234099426,0.0006983311234099426,WETH,pool_swap_ratio,1,1999,1700656.1665,,14599598,151.7398,,1,1,0.0,0.0,0.0,0.0,,0,0,,,,0.0,151.7398,-151.7398,1,0.0036042930352699052,-8.922028682522345e-05,0.0,0.0,-8.9216306813919e-05,0.0,8.9216306813919e-05,0.0,2,2,price=observed;tvl=observed;lp_amount=none,False
2022-04-17T01:00:00+00:00,0.000701826193866011,0.0007019389661594743,0.0006984340239520388,0.0007019389661594743,0.0007011838232978064,WETH,pool_swap_ratio,3,1171,1699708.9463,,14599935,1583.8663999999999,,3,3,0.0,0.0,0.0,0.0,,0,0,,,,318.3233,1265.5435,-947.2202,3,0.005153078338275988,-0.0005571285394825535,0.0,0.0,-0.0005569733721951609,0.0,0.0009313266439151208,0.0010769541974260388,2,2,price=observed;tvl=observed;lp_amount=none,False
2022-04-17T02:00:00+00:00,0.0007107550711048296,0.0007114206518975629,0.000703476002003831,0.000703476002003831,0.0007091776015361783,WETH,pool_swap_ratio,4,687,1188558.5921999998,,14600250,8729.124600000001,,4,4,0.0,509999.9999,-509999.9999,509999.9999,0.0,0,1,,,1.0,4125.1476,515275.5017,-511150.3541,5,0.002187306229091623,-0.35771572245781974,-0.30005137115397906,0.30005137115397906,-0.3007281659678819,0.30005137115397906,0.005135658442583325,-0.008039734362727757,2,2,price=observed;tvl=observed;lp_amount=quantified,False
2022-04-17T03:00:00+00:00,0.0007048308695482712,0.0007052187792334997,0.0007048308695482712,0.0007052187792334997,0.0007052147968911306,WETH,pool_swap_ratio,2,80,1187978.9304,,14600555,579.6618000000001,,2,2,0.0,0.0,0.0,0.0,,0,0,,,,0.0,579.6618000000001,-579.6618000000001,2,0.00247431614289032,-0.0004878204581099077,0.0,0.0,-0.00048770149305559846,0.0,0.00048770149305559846,5.646992074836987e-06,2,2,price=observed;tvl=observed;lp_amount=none,False
2022-04-17T04:00:00+00:00,0.0006951276756123083,0.0007009375232087157,0.0006326612439728551,0.000677197495708269,0.0006679789959553657,WETH,pool_swap_ratio,39,229,1197496.6655,,14600827,97489.2766,,39,13,0.0,0.0,0.0,0.0,,0,0,,,,53503.506199999996,43985.77109999998,9517.735100000013,37,-0.04054512758218865,0.00797978031826344,0.0,0.0,0.008011703622382706,0.0,0.08206313605846086,0.013800583264925503,2,2,price=observed;tvl=observed;lp_amount=none,False
2022-04-17T05:00:00+00:00,0.0006787927855434416,0.0006787927855434416,0.0006741080529130993,0.0006776106287945608,0.000675695562776437,WETH,pool_swap_ratio,3,377,1197661.9824,,14601081,890.4671000000001,,3,1,0.0,0.0,0.0,0.0,,0,0,,,,527.892,362.5751,165.31690000000003,3,0.000609876914118612,0.00013804254712531614,0.0,0.0,0.0001380520754360297,0.0,0.0007436071645579043,0.0028342142876516263,2,2,price=observed;tvl=observed;lp_amount=none,False
2022-04-17T06:00:00+00:00,0.0006751796481475623,0.0006875860399532728,0.0006735872443723765,0.0006875860399532728,0.0006853611428008888,WETH,pool_swap_ratio,7,709,1195407.5449,,14601300,7600.8003,,7,5,0.0,0.0,0.0,0.0,,0,0,,,,2673.1813999999995,4927.6188999999995,-2254.4375,7,0.014614141575975232,-0.0018841392957584973,0.0,0.0,-0.0018823654195671492,0.0,0.006346365177901634,0.0032463135322953196,2,2,price=observed;tvl=observed;lp_amount=none,False
2022-04-17T07:00:00+00:00,0.0006823813805801496,0.000701141974786953,0.0006809815660306571,0.0006899484866488568,0.0006926123596568552,WETH,pool_swap_ratio,11,665,1192357.1614,,14601566,12643.351799999999,,11,9,0.0,0.0,0.0,0.0,,0,0,,,,4796.4845000000005,7846.868,-3050.3835,10,0.0034299670405048065,-0.0025550131898538185,0.0,0.0,-0.002551751921772566,0.0,0.010576603647802522,-0.003846123983866301,2,2,price=observed;tvl=observed;lp_amount=none,False
2022-04-17T08:00:00+00:00,0.000687650068800687,0.0006946437789803621,0.0006846088243780999,0.0006946437789803621,0.0006905758058082934,WETH,pool_swap_ratio,5,2103,1190822.4807,,14601704,5857.9943,,5,5,0.0,0.0,0.0,0.0,,0,0,,,,2161.6567999999997,3696.3375,-1534.6807000000003,5,0.006782228163665088,-0.0012879271751300165,0.0,0.0,-0.0012870981528706237,0.0,0.004912952670256843,0.005890697498889708,2,2,price=observed;tvl=observed;lp_amount=none,False
2022-04-17T09:00:00+00:00,0.000689974105507188,0.0007056470081742478,0.000689974105507188,0.0007013068255509461,0.0006980345071119925,WETH,pool_swap_ratio,7,1205,1187669.8367,,14602041,9953.3344,,7,4,0.0,0.0,0.0,0.0,,0,0,,,,3400.3451999999997,6552.989200000001,-3152.644000000001,7,0.009546322270178476,-0.0026509615551238096,0.0,0.0,-0.002647450859465456,0.0,0.008358369581794544,0.0046879035428955,2,2,price=observed;tvl=observed;lp_amount=none,False
2022-04-17T10:00:00+00:00,0.0006977442597093787,0.0007030405110205545,0.0006977442597093787,0.0007030405110205545,0.0006994213540569817,WETH,pool_swap_ratio,4,682,1188330.3751,,14602338,4749.499,,4,3,0.0,0.0,0.0,0.0,,0,0,,,,2705.0187,2044.4803000000002,660.5383999999999,4,0.0024690278611090135,0.0005560087189692098,0.0,0.0,0.0005561633204690445,0.0,0.0039990061658859,0.0051745016685291745,2,2,price=observed;tvl=observed;lp_amount=none,False
2022-04-17T11:00:00+00:00,0.0007040872220151157,0.0007040872220151157,0.0007040872220151157,0.0007040872220151157,0.0007040872220151157,WETH,pool_swap_ratio,1,2306,1188178.7728000002,,14602504,151.6023,,1,1,0.0,0.0,0.0,0.0,,0,0,,,,0.0,151.6023,-151.6023,1,0.0014877273228963153,-0.00012758402410489574,0.0,0.0,-0.0001275758856094564,0.0,0.0001275758856094564,0.0,2,2,price=observed;tvl=observed;lp_amount=none,False
2022-04-17T12:00:00+00:00,0.0007058793965521744,0.0007058793965521744,0.000702107595992069,0.000702107595992069,0.0007042626203244637,WETH,pool_swap_ratio,3,8,1188291.5046,,14602951,1529.4044,,3,3,0.0,0.0,0.0,0.0,,0,0,,,,821.0681,708.3363,112.73179999999991,3,-0.002815580466498052,9.48733095098703e-05,0.0,0.0,9.487781012476937e-05,0.0,0.0012871837428940808,-0.003059972615615858,2,2,price=observed;tvl=observed;lp_amount=none,False
2022-04-17T13:00:00+00:00,0.0006984797272150297,0.0007035252571429516,0.000693255312000674,0.0007035252571429516,0.0006990568661611026,WETH,pool_swap_ratio,11,1213,1188809.3843,,14603136,13186.0752,,11,6,0.0,0.0,0.0,0.0,,0,0,,,,6851.977500000001,6334.0978,517.8797000000013,11,0.0020171151071162303,0.0004357237933077239,0.0,0.0,0.000435818734708811,0.0,0.01109666706271595,0.00639202788520965,2,2,price=observed;tvl=observed;lp_amount=none,False
2022-04-17T14:00:00+00:00,0.000703715406230274,0.0007134530126980367,0.000703715406230274,0.0007127845565032431,0.0007107095819601773,WETH,pool_swap_ratio,5,78,1185367.4978999998,,14603467,6407.8387999999995,,5,4,0.0,0.0,0.0,0.0,,0,0,,,,1482.9762,4924.8626,-3441.8864000000003,5,0.01307543192907635,-0.0028994375583875328,0.0,0.0,-0.00289523824883555,0.0,0.0053901314076294,0.002919581493952661,2,2,price=observed;tvl=observed;lp_amount=none,False
2022-04-17T15:00:00+00:00,0.0007109341512763984,0.0007209978076871637,0.0007109341512763984,0.0007209978076871637,0.0007193545769378003,WETH,pool_swap_ratio,5,978,1181834.3329,,14603645,7240.7996,,5,3,0.0,0.0,0.0,0.0,,0,0,,,,1853.8173,5386.982300000001,-3533.165000000001,5,0.011456886663288667,-0.0029851004486788546,0.0,0.0,-0.0029806494663126544,0.0,0.00610848501652679,0.0022843126353047083,2,2,price=observed;tvl=observed;lp_amount=none,False
2022-04-17T16:00:00+00:00,0.000725283645059558,0.0007261949206608597,0.0007220718029424697,0.0007261949206608597,0.0007249683825876698,WETH,pool_swap_ratio,4,21,1178977.6776,,14603965,2856.6553,,4,4,0.0,0.0,0.0,0.0,,0,0,,,,0.0,2856.6553,-2856.6553,4,0.007182367923184693,-0.0024200628271204153,0.0,0.0,-0.0024171368359136285,0.0,0.0024171368359136285,0.0016918504346521424,2,2,price=observed;tvl=observed;lp_amount=none,False
2022-04-17T17:00:00+00:00,0.0007224081555001823,0.0007277504781900266,0.0007215432092420982,0.0007277504781900266,0.0007243602970936854,WETH,pool_swap_ratio,4,1284,1179278.9604,,14604134,1995.5952,,4,4,0.0,0.0,0.0,0.0,,0,0,,,,1148.4389999999999,847.1562,301.28279999999984,4,0.0021397751578898067,0.00025551315898722087,0.0,0.0,0.0002555458052550323,0.0,0.0016926488413778597,0.004680241462630574,2,2,price=observed;tvl=observed;lp_amount=none,False
2022-04-17T18:00:00+00:00,0.0007268240264885353,0.0007268240264885353,0.0007261283818314214,0.0007261283818314214,0.0007266869059623535,WETH,pool_swap_ratio,2,748,1178924.3478,,14604445,585.3874,,2,1,0.0,0.0,0.0,0.0,,0,0,,,,115.3874,470.0,-354.6126,2,-0.00223140603562996,-0.00030074811738216815,0.0,0.0,-0.00030070289720060707,0.0,0.0004963943389623794,-0.0007685897824075694,2,2,price=observed;tvl=observed;lp_amount=none,False
2022-04-17T19:00:00+00:00,,,,0.0007261283818314214,,WETH,pool_swap_ratio,0,4348,1178924.3478,,14604445,0.0,,0,0,0.0,0.0,0.0,0.0,,0,0,,,,0.0,0.0,0.0,0,0.0,0.0,0.0,0.0,0.0,0.0,0.0,,2,2,price=carried;tvl=carried;lp_amount=none,True
2022-04-17T20:00:00+00:00,0.0007305479434263672,0.0007323000824462761,0.0007291487013155378,0.0007323000824462761,0.0007295597777328958,WETH,pool_swap_ratio,4,43,1177059.9644,,14605046,1864.3834000000002,,4,3,0.0,0.0,0.0,0.0,,0,0,,,,0.0,1864.3834000000002,-1864.3834000000002,4,0.008463544982436242,-0.0015826792899394067,0.0,0.0,-0.0015814275135458357,0.0,0.0015814275135458357,0.0037561071717737704,2,2,price=observed;tvl=observed;lp_amount=none,False
2022-04-17T21:00:00+00:00,0.0007311960183329732,0.0007317130824667382,0.0007311960183329732,0.0007317130824667382,0.0007314553812204325,WETH,pool_swap_ratio,2,1099,1176613.5502,,14605222,446.4142,,2,2,0.0,0.0,0.0,0.0,,0,0,,,,0.0,446.4142,-446.4142,2,-0.0008019053722494967,-0.0003793340092275844,0.0,0.0,-0.0003792620711788097,0.0,0.0003792620711788097,0.0003523130089981841,2,2,price=observed;tvl=observed;lp_amount=none,False
2022-04-17T22:00:00+00:00,0.0007224246777819228,0.0007253401985670673,0.0007224246777819228,0.0007253401985670673,0.0007227981980675321,WETH,pool_swap_ratio,2,2517,1181780.3171,,14605391,5166.7669,,2,2,0.0,0.0,0.0,0.0,,0,0,,,,5166.7669,0.0,5166.7669,2,-0.008747689081006052,0.004381604987870603,0.0,0.0,0.004391218254389265,0.0,0.004391218254389265,0.0035168882633236365,2,2,price=observed;tvl=observed;lp_amount=none,False
2022-04-17T23:00:00+00:00,0.0007231716679906667,0.0007231716679906667,0.0007152445623923486,0.0007206979837707318,0.0007185538932387772,WETH,pool_swap_ratio,4,181,1180755.9382,,14605871,11024.3789,,4,3,0.0,0.0,0.0,0.0,,0,0,,,,5000.0,6024.3789,-1024.3788999999997,4,-0.006420619871203846,-0.0008671858151572994,0.0,0.0,-0.0008668099182035358,0.0,0.009328619490848346,0.002983896618095505,2,2,price=observed;tvl=observed;lp_amount=none,False
2022-04-18T00:00:00+00:00,0.000718856407788719,0.0007320618321603429,0.0007176405765940261,0.0007183518792369991,0.0007272159031387771,WETH,pool_swap_ratio,14,4,1177041.9358,,14606121,31113.4142,,14,8,0.0,250.492,-250.492,250.492,0.0,0,1,,,1.0,13824.951900000002,17538.954299999998,-3714.0023999999958,15,-0.0032606328281411163,-0.003150401917614808,-0.00021214545012736654,0.00021214545012736654,-0.0031454446086985562,0.00021214545012736654,0.026350419416421276,-0.012188985229172666,2,2,price=observed;tvl=observed;lp_amount=quantified,False
2022-04-18T01:00:00+00:00,0.0007231843519319429,0.0007231843519319429,0.0007137908307985351,0.000718160732747537,0.0007224539067362165,WETH,pool_swap_ratio,4,418,1182034.6611000001,,14606351,5159.5571,,4,3,0.0,0.0,0.0,0.0,,0,0,,,,5076.1412,83.4159,4992.7253,4,-0.00026612573951036845,0.0042327856254390376,0.0,0.0,0.004241756515333156,0.0,0.004383494710826258,-0.005942488439261706,2,2,price=observed;tvl=observed;lp_amount=none,False
2022-04-18T02:00:00+00:00,0.0007209524731240038,0.0007209524731240038,0.0007209524731240038,0.0007209524731240038,0.0007209524731240038,WETH,pool_swap_ratio,1,3031,1181595.2062000001,,14606439,439.4549,,1,1,0.0,0.0,0.0,0.0,,0,0,,,,0.0,439.4549,-439.4549,1,0.0038798113547516486,-0.00037184748013494284,0.0,0.0,-0.0003717783534291996,0.0,0.0003717783534291996,0.0,2,2,price=observed;tvl=observed;lp_amount=none,False
2022-04-18T03:00:00+00:00,0.0007237182100565952,0.0007848698368431456,0.0007143141538155702,0.0007216637937981355,0.0007392354036166791,WETH,pool_swap_ratio,8,1340,1181707.1040999999,,14606822,18253.4869,,8,4,0.0,0.0,0.0,0.0,,0,0,,,,9182.6924,9070.7945,111.89789999999994,8,0.0009861537653333633,9.469622197354781e-05,0.0,0.0,9.470070580250795e-05,0.0,0.015448172778817422,-0.02376997872744624,2,2,price=observed;tvl=observed;lp_amount=none,False
2022-04-18T04:00:00+00:00,0.0007145562411580089,0.0007159682438774945,0.0007099739173086705,0.0007159682438774945,0.0007106399889033534,WETH,pool_swap_ratio,5,2731,1185103.5696,,14606987,7690.565500000001,,5,4,0.0,0.0,0.0,0.0,,0,0,,,,5543.5154999999995,2147.0499999999997,3396.4655,5,-0.007923557029718408,0.0028700798667451303,0.0,0.0,0.002874202489107301,0.0,0.0065080132575298455,0.007497825984101425,2,2,price=observed;tvl=observed;lp_amount=none,False
2022-04-18T05:00:00+00:00,0.0007088785003130525,0.0007088785003130525,0.0007085386277005662,0.0007085386277005662,0.0007087589266918363,WETH,pool_swap_ratio,2,1763,1185984.2351,,14607307,880.6655,,2,2,0.0,0.0,0.0,0.0,,0,0,,,,880.6655,0.0,880.6655,2,-0.010431235810103986,0.0007428367171815231,0.0,0.0,0.0007431126887055492,0.0,0.0007431126887055492,-0.00031082358609346716,2,2,price=observed;tvl=observed;lp_amount=none,False
2022-04-18T06:00:00+00:00,0.0007078321142083572,0.0007191490895242814,0.000705590017621488,0.0007191490895242814,0.0007148463961393039,WETH,pool_swap_ratio,8,584,1182020.5158000002,,14607675,11646.1455,,8,4,0.0,0.0,0.0,0.0,,0,0,,,,3841.2131,7804.9324,-3963.7192999999997,7,0.014864114964299343,-0.0033477323053334807,0.0,0.0,-0.0033421348974894145,0.0,0.009819814762561342,0.006019046061105149,2,2,price=observed;tvl=observed;lp_amount=none,False
2022-04-18T07:00:00+00:00,0.0007107260989929994,0.0007187164695256589,0.0006993590016732459,0.0007126221795995507,0.0007088715193473221,WETH,pool_swap_ratio,19,247,1184193.2074,,14607981,46877.430799999995,,19,9,0.0,0.0,0.0,0.0,,0,0,,,,24525.061199999996,22352.369599999998,2172.6915999999983,19,-0.009117315423364728,0.0018364293886974285,0.0,0.0,0.001838116657839483,0.0,0.03965872856976006,0.005291029685720705,2,2,price=observed;tvl=observed;lp_amount=none,False
2022-04-18T08:00:00+00:00,0.0007227335509891303,0.0007302466905977598,0.0007219526003044665,0.0007275554043570675,0.0007261056931722995,WETH,pool_swap_ratio,8,2179,1176799.8639,,14608112,13695.396899999998,,8,7,0.0,0.0,0.0,0.0,,0,0,,,,3151.0267,10544.3702,-7393.343499999999,8,0.02073877575619395,-0.006262930422300605,0.0,0.0,-0.006243359152711856,0.0,0.011565170965698614,0.001996556697461349,2,2,price=observed;tvl=observed;lp_amount=none,False
2022-04-18T09:00:00+00:00,0.0007319812061672431,0.0007319812061672431,0.0007184855360514874,0.0007184855360514874,0.0007232270657319718,WETH,pool_swap_ratio,6,25,1181700.2864,,14608533,7034.725900000001,,6,6,0.0,0.0,0.0,0.0,,0,0,,,,5967.574200000001,1067.1517,4900.422500000001,6,-0.012544578777682528,0.004155547373034514,0.0,0.0,0.0041641936325176356,0.0,0.005977843910252003,-0.006556073334569645,2,2,price=observed;tvl=observed;lp_amount=none,False
2022-04-18T10:00:00+00:00,0.0007241143231699429,0.0007241143231699429,0.00071090464033135,0.0007116975667108314,0.0007164144923720908,WETH,pool_swap_ratio,8,107,1183951.4737,,14608786,4215.092100000001,,8,5,0.0,0.0,0.0,0.0,,0,0,,,,3233.1396999999997,981.9524000000001,2251.1872999999996,8,-0.009492519242167248,0.001903228545726666,0.0,0.0,0.0019050408347264995,0.0,0.003566972225115643,-0.00658407348187684,2,2,price=observed;tvl=observed;lp_amount=none,False
2022-04-18T11:00:00+00:00,0.0007061471138519503,0.0007061471138519503,0.0006889002060663963,0.0006975327797965706,0.0006995234307843978,WETH,pool_swap_ratio,13,837,1190288.5698000002,,14609003,19865.7739,,13,6,0.0,0.0,0.0,0.0,,0,0,,,,13101.435,6764.338900000001,6337.096099999999,13,-0.020103546602478557,0.00533822278514921,0.0,0.0,0.005352496483826116,0.0,0.016779212950271443,-0.002845724532193339,2,2,price=observed;tvl=observed;lp_amount=none,False
2022-04-18T12:00:00+00:00,0.0007002959384394242,0.0007002959384394242,0.0006949802400352892,0.0006949802400352892,0.0006976116570048196,WETH,pool_swap_ratio,3,92,1190323.7942000001,,14609316,1343.6722,,3,3,0.0,0.0,0.0,0.0,,0,0,,,,689.4483,654.2239,35.22440000000006,3,-0.0036660951586470836,2.959272205342907e-05,0.0,0.0,2.9593159922487273e-05,0.0,0.0011288625582834694,-0.003772036982335303,2,2,price=observed;tvl=observed;lp_amount=none,False
2022-04-18T13:00:00+00:00,0.0006850840864159039,0.0006952080508864183,0.0006821703154937189,0.0006908962444261947,0.0006857635580439682,WETH,pool_swap_ratio,12,1088,1191925.6830000002,,14609509,15960.441599999998,,12,8,0.0,0.0,0.0,0.0,,0,0,,,,8781.1652,7179.276400000001,1601.8887999999988,11,-0.005893753847182673,0.0013448541445949603,0.0,0.0,0.0013457588664575137,0.0,0.01340848740298163,0.007484629829072054,2,2,price=observed;tvl=observed;lp_amount=none,False
2022-04-18T14:00:00+00:00,0.0006971881958886409,0.0006971881958886409,0.0006782943911147142,0.0006782943911147142,0.0006858414872143759,WETH,pool_swap_ratio,5,550,1196382.3513,,14609813,8047.3683,,5,5,0.0,0.0,0.0,0.0,,0,0,,,,6252.018300000001,1795.35,4456.668300000001,5,-0.01840826082497582,0.003732075937312096,0.0,0.0,0.0037390488044379195,0.0,0.0067515688392126025,-0.011004140519867311,2,2,price=observed;tvl=observed;lp_amount=none,False
2022-04-18T15:00:00+00:00,0.0006839371348440396,0.0006918488102794898,0.0006839371348440396,0.0006918488102794898,0.0006876861099749099,WETH,pool_swap_ratio,4,1613,1192776.0359999998,,14609996,3606.3152999999998,,4,3,0.0,0.0,0.0,0.0,,0,0,,,,0.0,3606.3152999999998,-3606.3152999999998,4,0.01978605060732477,-0.003018902437023595,0.0,0.0,-0.003014350133200598,0.0,0.003014350133200598,0.006053198173119556,2,2,price=observed;tvl=observed;lp_amount=none,False
2022-04-18T16:00:00+00:00,0.0006846303084587931,0.0006846303084587931,0.0006846303084587931,0.0006846303084587931,0.0006846303084587931,WETH,pool_swap_ratio,1,2671,1193812.3991999999,,14610171,1036.3632,,1,1,0.0,0.0,0.0,0.0,,0,0,,,,1036.3632,0.0,1036.3632,1,-0.010488452598375239,0.0008684893045289838,0.0,0.0,0.0008688665505684255,0.0,0.0008688665505684255,0.0,2,2,price=observed;tvl=observed;lp_amount=none,False
2022-04-18T17:00:00+00:00,0.0006840865455870094,0.0006996800346813045,0.0006821792530136604,0.0006868792345138753,0.0006910253316937514,WETH,pool_swap_ratio,7,443,1193297.3587,,14610611,5798.621100000001,,7,5,0.0,0.0,0.0,0.0,,0,0,,,,2641.7903,3156.8308000000006,-515.0405000000005,7,0.0032794931427475777,-0.0004315180785361266,0.0,0.0,-0.000431424988000745,0.0,0.004857229748900066,-0.00599992068266697,2,2,price=observed;tvl=observed;lp_amount=none,False
2022-04-18T18:00:00+00:00,0.0006927967825025125,0.0006959558681240061,0.0006927967825025125,0.0006935566745006717,0.0006942771018231264,WETH,pool_swap_ratio,4,45,1192055.4796,,14610893,2241.8791,,4,3,0.0,0.0,0.0,0.0,,0,0,,,,500.0,1741.8791,-1241.8791,4,0.009674468803009569,-0.0010412541006637132,0.0,0.0,-0.0010407121837200126,0.0,0.0018787262735939887,-0.001037665394066578,2,2,price=observed;tvl=observed;lp_amount=none,False
2022-04-18T19:00:00+00:00,0.0006951868918486776,0.0006951868918486776,0.0006951868918486776,0.0006951868918486776,0.0006951868918486776,WETH,pool_swap_ratio,1,1131,1191918.8257,,14611072,136.6539,,1,1,0.0,0.0,0.0,0.0,,0,0,,,,0.0,136.6539,-136.6539,1,0.0023477597107450423,-0.00011464376931069244,0.0,0.0,-0.00011463719796485888,0.0,0.00011463719796485888,0.0,2,2,price=observed;tvl=observed;lp_amount=none,False
2022-04-18T20:00:00+00:00,0.0006757026571407182,0.0007057120951168671,0.0006694471471290342,0.000700043981524796,0.0006879466359953439,WETH,pool_swap_ratio,17,194,1189454.5388,,14611440,39428.402500000004,,17,7,0.0,0.0,0.0,0.0,,0,0,,,,18482.057800000002,20946.3447,-2464.286899999999,15,0.00696244526934528,-0.002069635796185124,0.0,0.0,-0.002067495576766943,0.0,0.03307977158330742,0.01758471500038561,2,2,price=observed;tvl=observed;lp_amount=none,False
2022-04-18T21:00:00+00:00,0.0006970834135298805,0.0007023780977156838,0.0006811269974313859,0.0006811269974313859,0.0006890350993669335,WETH,pool_swap_ratio,12,1157,1194733.9016,,14611627,22978.5158,,12,6,0.0,0.0,0.0,0.0,,0,0,,,,14128.9393,8849.5765,5279.362800000001,12,-0.027394388372926022,0.004428652818881196,0.0,0.0,0.004438473794321025,0.0,0.019318532193069136,-0.011477066905319244,2,2,price=observed;tvl=observed;lp_amount=none,False
2022-04-18T22:00:00+00:00,0.0006855304457734465,0.0006861661815621983,0.0006855304457734465,0.0006861661815621983,0.0006859227470539639,WETH,pool_swap_ratio,2,347,1195198.6593,,14611919,1984.7485,,2,2,0.0,0.0,0.0,0.0,,0,0,,,,1224.7531,759.9954,464.7576999999999,2,0.007371070117573911,0.0003889295568100582,0.0,0.0,0.0003890051997165156,0.0,0.0016612473265737284,0.00035490076583699626,2,2,price=observed;tvl=observed;lp_amount=none,False
2022-04-18T23:00:00+00:00,0.0006809536991942772,0.0007212932352100952,0.0006809536991942772,0.0006964439436205865,0.0007045430780310561,WETH,pool_swap_ratio,15,67,1190148.7051,,14612230,43371.05,,15,11,0.0,0.0,0.0,0.0,,0,0,,,,19160.5479,24210.5021,-5049.9542,14,0.014867461460137957,-0.00423415207362725,0.0,0.0,-0.004225200690032267,0.0,0.03628773314170334,-0.011495584390813551,2,2,price=observed;tvl=observed;lp_amount=none,False
2022-04-19T00:00:00+00:00,0.0007092126496329007,0.0007092126496329007,0.0006692650418224733,0.0006813647324490761,0.0006845224705450554,WETH,pool_swap_ratio,9,1084,1195473.0992,,14612431,15586.589899999999,,9,6,0.0,0.0,0.0,0.0,,0,0,,,,10455.492,5131.0979,5324.3941,8,-0.021889560622675382,0.004463744363099808,0.0,0.0,0.004473721709887193,0.0,0.01309633815775178,-0.004613052502812631,2,2,price=observed;tvl=observed;lp_amount=none,False
2022-04-19T01:00:00+00:00,0.0006803200699685402,0.0006902981718645822,0.0006803200699685402,0.0006902981718645822,0.0006853300111101512,WETH,pool_swap_ratio,5,6,1193850.2585,,14612789,3162.8824999999997,,5,4,0.0,0.0,0.0,0.0,,0,0,,,,770.0209,2392.8616,-1622.8407000000002,5,0.013025890984291922,-0.0013584104841394993,0.0,0.0,-0.0013574882622503098,0.0,0.002645716162175939,0.007249296942918537,2,2,price=observed;tvl=observed;lp_amount=none,False
2022-04-19T02:00:00+00:00,0.0006901358274583015,0.0006957253324919268,0.0006901358274583015,0.0006948221265972087,0.0006951413716289211,WETH,pool_swap_ratio,3,924,1192011.0331000001,,14613000,3658.9938,,3,3,0.0,0.0,0.0,0.0,,0,0,,,,909.8842,2749.1096000000002,-1839.2254000000003,3,0.006532242468961536,-0.0015417709074739573,0.0,0.0,-0.001540582989286173,0.0,0.003064868289761316,-0.00045925195182139333,2,2,price=observed;tvl=observed;lp_amount=none,False
2022-04-19T03:00:00+00:00,0.0006917737382205591,0.0006917737382205591,0.0006917737382205591,0.0006917737382205591,0.0006917737382205591,WETH,pool_swap_ratio,1,3527,1192601.3071,,14613069,590.274,,1,1,0.0,0.0,0.0,0.0,,0,0,,,,590.274,0.0,590.274,1,-0.004396945592059069,0.0004950691582905241,0.0,0.0,0.0004951917252518256,0.0,0.0004951917252518256,0.0,2,2,price=observed;tvl=observed;lp_amount=none,False
2022-04-19T04:00:00+00:00,0.0006942433939803143,0.0006953580216335814,0.0006942433939803143,0.0006953580216335814,0.0006947039363018303,WETH,pool_swap_ratio,2,159,1191870.385,,14613577,730.9221,,2,1,0.0,0.0,0.0,0.0,,0,0,,,,0.0,730.9221,-730.9221,2,0.005167917704700977,-0.0006130684002791829,0.0,0.0,-0.0006128805122454154,0.0,0.0006128805122454154,0.0009415310574358848,2,2,price=observed;tvl=observed;lp_amount=none,False
2022-04-19T05:00:00+00:00,0.000686014585897991,0.0006867995979195593,0.0006801531122639773,0.0006801531122639773,0.0006826476517907891,WETH,pool_swap_ratio,4,2111,1195625.0624000002,,14613689,8394.2124,,4,4,0.0,0.0,0.0,0.0,,0,0,,,,6074.4448999999995,2319.7675,3754.6773999999996,4,-0.022108914048968805,0.00314528808794693,0.0,0.0,0.0031502396965757307,0.0,0.007042890322339875,-0.0036542124187608493,2,2,price=observed;tvl=observed;lp_amount=none,False
2022-04-19T06:00:00+00:00,0.000684042974522288,0.000684042974522288,0.000684042974522288,0.000684042974522288,0.000684042974522288,WETH,pool_swap_ratio,1,896,1195399.2829,,14614033,225.7795,,1,1,0.0,0.0,0.0,0.0,,0,0,,,,0.0,225.7795,-225.7795,1,0.005702805979516467,-0.00018885587770371397,0.0,0.0,-0.0001888380455548403,0.0,0.0001888380455548403,0.0,2,2,price=observed;tvl=observed;lp_amount=none,False
2022-04-19T07:00:00+00:00,0.0006845995826761396,0.0006845995826761396,0.0006845995826761396,0.0006845995826761396,0.0006845995826761396,WETH,pool_swap_ratio,1,1447,1195595.4187999999,,14614242,196.1359,,1,1,0.0,0.0,0.0,0.0,,0,0,,,,196.1359,0.0,196.1359,1,0.0008133726101245994,0.0001640621790590425,0.0,0.0,0.0001640756379945123,0.0,0.0001640756379945123,0.0,2,2,price=observed;tvl=observed;lp_amount=none,False
2022-04-19T08:00:00+00:00,0.0006866911075383027,0.0007606938529519449,0.0006866911075383027,0.0007453254550924151,0.000725203585129853,WETH,pool_swap_ratio,26,294,1168551.7274,,14614586,61707.882000000005,,26,13,0.0,0.0,0.0,0.0,,0,0,,,,17332.0953,44375.7867,-27043.691399999996,25,0.08498685895231632,-0.022879177479940935,0.0,0.0,-0.02261943377730848,0.0,0.051612678527938174,0.027746511979748645,2,2,price=observed;tvl=observed;lp_amount=none,False
2022-04-19T09:00:00+00:00,0.0007530916018328924,0.0007678364613673599,0.0007516258036252495,0.0007629405979072293,0.0007601947010651856,WETH,pool_swap_ratio,10,571,1159512.6415000001,,14614848,21486.5795,,10,7,0.0,0.0,0.0,0.0,,0,0,,,,6223.7468,15262.832699999999,-9039.085899999998,9,0.023359199460794202,-0.007765362025853361,0.0,0.0,-0.0077352894938692626,0.0,0.018387358467910644,0.0036120967933559456,2,2,price=observed;tvl=observed;lp_amount=none,False
2022-04-19T10:00:00+00:00,0.0007682666831525771,0.0007683357397877124,0.0007682666831525771,0.0007683357397877124,0.0007682784357993576,WETH,pool_swap_ratio,2,2369,1158148.1388,,14614957,1364.5027,,2,2,0.0,0.0,0.0,0.0,,0,0,,,,0.0,1364.5027,-1364.5027,2,0.007046623881346185,-0.0011774828044304635,0.0,0.0,-0.0011767898435629085,0.0,0.0011767898435629085,7.458752671518631e-05,2,2,price=observed;tvl=observed;lp_amount=none,False
2022-04-19T11:00:00+00:00,0.0007607562999150351,0.0007607562999150351,0.000745477516240142,0.000745477516240142,0.000754828105965726,WETH,pool_swap_ratio,8,417,1167078.5675000001,,14615365,10796.365899999999,,8,5,0.0,0.0,0.0,0.0,,0,0,,,,9863.3973,932.9686,8930.4287,8,-0.030201824354778237,0.007681377980354899,0.0,0.0,0.007710955447593385,0.0,0.009322094072686169,-0.012387707415347005,2,2,price=observed;tvl=observed;lp_amount=none,False
2022-04-19T12:00:00+00:00,0.0007498710184023833,0.0007545163107869862,0.0007456693672674405,0.0007468704117235008,0.0007478938612228802,WETH,pool_swap_ratio,9,574,1168700.9755,,14615604,9380.457,,9,6,0.0,0.0,0.0,0.0,,0,0,,,,5501.4325,3879.0245000000004,1622.4079999999994,9,0.001866717354225899,0.0013891792705991671,0.0,0.0,0.0013901446270882696,0.0,0.008037553992696383,-0.0013684421713342498,2,2,price=observed;tvl=observed;lp_amount=none,False
2022-04-19T13:00:00+00:00,0.0007401508494312755,0.0007434650666336399,0.0007251207395263188,0.0007347234674057905,0.000733284027187585,WETH,pool_swap_ratio,6,257,1176403.8746,,14615885,12459.3453,,6,6,0.0,0.0,0.0,0.0,,0,0,,,,10081.1222,2378.2231,7702.8991,6,-0.016397498205222155,0.006569366655154489,0.0,0.0,0.006590992273882978,0.0,0.01066084957674445,0.0019630050087497963,2,2,price=observed;tvl=observed;lp_amount=none,False
2022-04-19T14:00:00+00:00,0.0007232871425564063,0.0007288341970574547,0.0007218196335668521,0.0007218196335668521,0.000725578812888565,WETH,pool_swap_ratio,5,892,1177175.1431,,14616112,11176.3377,,5,4,0.0,0.0,0.0,0.0,,0,0,,,,5973.803100000001,5202.534600000001,771.2685000000001,5,-0.01771890091720447,0.0006554005808241768,0.0,0.0,0.0006556154027138395,0.0,0.009500425781749632,-0.005180938658816858,2,2,price=observed;tvl=observed;lp_amount=none,False
2022-04-19T15:00:00+00:00,0.0007299746066166845,0.0007356772008953861,0.0007299746066166845,0.0007316002931296579,0.0007326381916530725,WETH,pool_swap_ratio,3,372,1175660.9981,,14616465,3942.1362,,3,2,0.0,0.0,0.0,0.0,,0,0,,,,1213.9956,2728.1405999999997,-1514.1449999999998,3,0.013459024506427384,-0.0012870808829488582,0.0,0.0,-0.0012862529495930534,0.0,0.003348810262522778,-0.0014166590484080421,2,2,price=observed;tvl=observed;lp_amount=none,False
2022-04-19T16:00:00+00:00,0.0007264963173320397,0.0007279514565787997,0.0007191349225616064,0.0007251014619607019,0.0007240857026666335,WETH,pool_swap_ratio,5,1094,1178418.7305,,14616694,11662.5992,,5,4,0.0,0.0,0.0,0.0,,0,0,,,,7210.1658,4452.4334,2757.7324,5,-0.008922724590992562,0.0023429398996246817,0.0,0.0,0.002345686728110233,0.0,0.009920035808662589,0.0014028163935948523,2,2,price=observed;tvl=observed;lp_amount=none,False
2022-04-19T17:00:00+00:00,0.0007354408304163524,0.0007542283945261202,0.0007313673148649714,0.0007489724445781012,0.0007447232792921743,WETH,pool_swap_ratio,8,20,1165865.4071,,14617073,24169.930200000003,,8,6,0.0,0.0,0.0,0.0,,0,0,,,,5808.3034,18361.6268,-12553.323399999997,8,0.032390600630177645,-0.010709830935402558,0.0,0.0,-0.010652684886189525,0.0,0.02051047694204993,0.005705696873025801,2,2,price=observed;tvl=observed;lp_amount=none,False
2022-04-19T18:00:00+00:00,0.0007483355050480856,0.0007483355050480856,0.0007297877343586208,0.0007314710656659919,0.0007367647915839762,WETH,pool_swap_ratio,6,1273,1176241.9096,,14617240,14535.7757,,6,5,0.0,0.0,0.0,0.0,,0,0,,,,12456.1391,2079.6366,10376.5025,6,-0.023644528344248957,0.008860883802155595,0.0,0.0,0.00890025764278464,0.0,0.012467799122847824,-0.007185096218568332,2,2,price=observed;tvl=observed;lp_amount=none,False
2022-04-19T19:00:00+00:00,0.0007273521428757775,0.0007282200720176619,0.0007273521428757775,0.0007282200720176619,0.0007274911508399467,WETH,pool_swap_ratio,2,779,1178452.0713,,14617545,2210.1617,,2,2,0.0,0.0,0.0,0.0,,0,0,,,,2210.1617,0.0,2210.1617,2,-0.004454365639069806,0.0018772395623241022,0.0,0.0,0.001879002679603213,0.0,0.001879002679603213,0.0010019656965911672,2,2,price=observed;tvl=observed;lp_amount=none,False
2022-04-19T20:00:00+00:00,,,,0.0007282200720176619,,WETH,pool_swap_ratio,0,4379,1178452.0713,,14617545,0.0,,0,0,0.0,0.0,0.0,0.0,,0,0,,,,0.0,0.0,0.0,0,0.0,0.0,0.0,0.0,0.0,0.0,0.0,,2,2,price=carried;tvl=carried;lp_amount=none,True
2022-04-19T21:00:00+00:00,0.0007298499705467891,0.0007298499705467891,0.0007255695320313656,0.0007255695320313656,0.0007281828387104748,WETH,pool_swap_ratio,2,2769,1178371.9721,,14617941,362.364,,2,2,0.0,0.0,0.0,0.0,,0,0,,,,141.1324,221.2316,-80.0992,2,-0.0036463913564237574,-6.797215112870232e-05,0.0,0.0,-6.796984107435036e-05,0.0,0.000307491504173149,-0.00358880564081554,2,2,price=observed;tvl=observed;lp_amount=none,False
2022-04-19T22:00:00+00:00,0.0007246806994471438,0.0007246806994471438,0.000720131180024955,0.0007208248052422007,0.0007205180978555658,WETH,pool_swap_ratio,3,1000,1181572.7218,,14618323,6353.174499999999,,3,3,0.0,0.0,0.0,0.0,,0,0,,,,4776.9621,1576.2124,3200.7497,3,-0.006560788695302851,0.0027125649773645844,0.0,0.0,0.0027162473105125547,0.0,0.005391484735229981,0.000425676173225531,2,2,price=observed;tvl=observed;lp_amount=none,False
2022-04-19T23:00:00+00:00,0.0007282313758160443,0.0007304937377843254,0.0007225554223374204,0.0007304937377843254,0.0007261010348929494,WETH,pool_swap_ratio,5,144,1181311.1108,,14618638,9346.0174,,5,4,0.0,0.0,0.0,0.0,,0,0,,,,4542.2032,4803.8142,-261.6109999999999,5,0.013324539457885635,-0.00022143365446887373,0.0,0.0,-0.0002214091398466473,0.0,0.007909811412845026,0.006049713029294468,2,2,price=observed;tvl=observed;lp_amount=none,False
2022-04-20T00:00:00+00:00,,,,0.0007304937377843254,,WETH,pool_swap_ratio,0,3744,1181311.1108,,14618638,0.0,,0,0,0.0,0.0,0.0,0.0,,0,0,,,,0.0,0.0,0.0,0,0.0,0.0,0.0,0.0,0.0,0.0,0.0,,2,2,price=carried;tvl=carried;lp_amount=none,True
2022-04-20T01:00:00+00:00,0.0007282549437789065,0.0007282549437789065,0.0007233359349673315,0.0007235975928825692,0.0007259966574961728,WETH,pool_swap_ratio,4,9,1181102.3969999999,,14619139,9182.537800000002,,4,3,0.0,0.0,0.0,0.0,,0,0,,,,4486.912,4695.6258,-208.71379999999954,4,-0.009485231718071398,-0.00017669540057566768,0.0,0.0,-0.00017667979086276073,0.0,0.007773174836035753,-0.0033045119269247136,2,2,price=observed;tvl=observed;lp_amount=none,False
2022-04-20T02:00:00+00:00,0.0007250287771218471,0.0007258493720274125,0.0007242614246943585,0.0007242614246943585,0.0007249395312071202,WETH,pool_swap_ratio,3,1679,1180181.3835999998,,14619291,1510.4008000000001,,3,3,0.0,0.0,0.0,0.0,,0,0,,,,294.69370000000004,1215.7071,-921.0134,3,0.0009169841127433175,-0.0007800955177635087,0.0,0.0,-0.0007797913223606811,0.0,0.001278805972993043,-0.0009353973449793829,2,2,price=observed;tvl=observed;lp_amount=none,False
2022-04-20T03:00:00+00:00,,,,0.0007242614246943585,,WETH,pool_swap_ratio,0,5279,1180181.3835999998,,14619291,0.0,,0,0,0.0,0.0,0.0,0.0,,0,0,,,,0.0,0.0,0.0,0,0.0,0.0,0.0,0.0,0.0,0.0,0.0,,2,2,price=carried;tvl=carried;lp_amount=none,True
2022-04-20T04:00:00+00:00,0.0007161567850395047,0.0007216499561238678,0.0007154707362211036,0.0007216499561238678,0.0007162524968292186,WETH,pool_swap_ratio,3,72,1183778.3032999998,,14619887,5929.8295,,3,3,0.0,0.0,0.0,0.0,,0,0,,,,4763.3746,1166.4549,3596.9197000000004,3,-0.0036122150287942636,0.0030431335151386045,0.0,0.0,0.0030477685464144794,0.0,0.005024506895636479,0.0075356935138699566,2,2,price=observed;tvl=observed;lp_amount=none,False
2022-04-20T05:00:00+00:00,0.0007109222402570368,0.0007115873294756425,0.0007074448192269329,0.0007115873294756425,0.0007097864755697971,WETH,pool_swap_ratio,3,2537,1185647.5995,,14619971,8625.5462,,3,2,0.0,0.0,0.0,0.0,,0,0,,,,5247.4212,3378.125,1869.2961999999998,3,-0.014042046064144179,0.0015778476850518415,0.0,0.0,0.0015790931416710314,0.0,0.007286454039539924,0.002537176979034106,2,2,price=observed;tvl=observed;lp_amount=none,False
2022-04-20T06:00:00+00:00,0.0007180439903343283,0.0007353412298084601,0.0007059720096619978,0.0007332627739318671,0.0007222727930925268,WETH,pool_swap_ratio,15,94,1175913.5060999999,,14620429,36117.1048,,15,8,0.0,0.0,0.0,0.0,,0,0,,,,13191.505699999998,22925.5991,-9734.093400000002,15,0.030005978733787405,-0.008243825243227103,0.0,0.0,-0.008209938099739729,0.0,0.030461922088174397,0.015215831115948486,2,2,price=observed;tvl=observed;lp_amount=none,False
2022-04-20T07:00:00+00:00,0.000740014093736908,0.0007613308882255826,0.000740014093736908,0.0007563333048920139,0.0007528434042124438,WETH,pool_swap_ratio,10,1041,1163370.6152000001,,14620628,27284.0653,,10,7,0.0,0.0,0.0,0.0,,0,0,,,,7370.5872,19913.4781,-12542.8909,10,0.0309780298240447,-0.010723803054289193,0.0,0.0,-0.010666508067927022,0.0,0.02320244232119548,0.0046356262936524395,2,2,price=observed;tvl=observed;lp_amount=none,False
2022-04-20T08:00:00+00:00,0.0007533214034642206,0.0007533214034642206,0.0007403552180103481,0.0007403552180103481,0.0007454510778575025,WETH,pool_swap_ratio,4,106,1173162.2754000002,,14620973,9791.660199999998,,4,3,0.0,0.0,0.0,0.0,,0,0,,,,9791.6602,0.0,9791.6602,4,-0.02135206314582131,0.008381407819852965,0.0,0.0,0.008416630153854,0.0,0.008416630153853999,-0.006835941349498609,2,2,price=observed;tvl=observed;lp_amount=none,False
2022-04-20T09:00:00+00:00,0.0007409312768021146,0.0007409312768021146,0.0007409312768021146,0.0007409312768021146,0.0007409312768021146,WETH,pool_swap_ratio,1,1348,1172092.0007,,14621136,1070.2747,,1,1,0.0,0.0,0.0,0.0,,0,0,,,,0.0,1070.2747,-1070.2747,1,0.0007777817766166878,-0.0009127153376982474,0.0,0.0,-0.0009122989397481948,0.0,0.0009122989397481948,0.0,2,2,price=observed;tvl=observed;lp_amount=none,False
2022-04-20T10:00:00+00:00,0.0007473804774192903,0.0007473804774192903,0.0007429633540546451,0.0007429633540546451,0.0007451816284509273,WETH,pool_swap_ratio,2,560,1172053.9207000001,,14621448,8658.9628,,2,2,0.0,0.0,0.0,0.0,,0,0,,,,4310.4414,4348.5214,-38.07999999999993,2,0.0027388447677319607,-3.248944500903416e-05,0.0,0.0,-3.248891723282617e-05,0.0,0.0073876135958855366,-0.0029768237857574764,2,2,price=observed;tvl=observed;lp_amount=none,False
2022-04-20T11:00:00+00:00,0.0007474108134926344,0.0007499730009719649,0.0007459075469321776,0.0007459075469321776,0.0007476190073060622,WETH,pool_swap_ratio,3,305,1167581.6645,,14621735,6603.039400000001,,3,3,0.0,130.9896,-130.9896,130.9896,0.0,0,1,,,1.0,1130.8864,5603.1426,-4472.2562,4,0.003954938891240262,-0.0038230412251931676,-0.0001117607284840338,0.0001117607284840338,-0.003815742706896095,0.0001117607284840338,0.005633733468556111,-0.0022892146362778476,2,2,price=observed;tvl=observed;lp_amount=quantified,False
2022-04-20T12:00:00+00:00,0.0007429668890696139,0.0007429668890696139,0.0007266495523955599,0.0007359478476185056,0.0007354493624199526,WETH,pool_swap_ratio,8,11,1174890.7053999999,,14622048,14652.9267,,8,5,0.0,0.0,0.0,0.0,,0,0,,,,10980.9838,3671.9429,7309.0409,8,-0.013442403793029845,0.006240470294424436,0.0,0.0,0.0062599825967034105,0.0,0.012549808844655766,0.0006777967648414762,2,2,price=observed;tvl=observed;lp_amount=none,False
2022-04-20T13:00:00+00:00,0.0007282116559719225,0.0007339592943995917,0.0007282116559719225,0.0007339592943995917,0.0007305124100861502,WETH,pool_swap_ratio,3,420,1174639.0585,,14622298,8974.9349,,3,2,0.0,0.0,0.0,0.0,,0,0,,,,4361.644,4613.2909,-251.64689999999973,3,-0.0027056871488142674,-0.00021421043889597525,0.0,0.0,-0.0002141874974781801,0.0,0.007638953018140032,0.004718447306097051,2,2,price=observed;tvl=observed;lp_amount=none,False
2022-04-20T14:00:00+00:00,0.0007301721170245205,0.000733696792951563,0.0007264232172598409,0.0007280529011961239,0.0007290234863647901,WETH,pool_swap_ratio,4,641,1180366.4146,,14622537,9567.4557,,4,3,0.0,0.0,0.0,0.0,,0,0,,,,7647.4059,1920.0498,5727.3561,4,-0.008079857820644853,0.004863994973355488,0.0,0.0,0.004875843399344957,0.0,0.008145017510500226,-0.0013313496572050498,2,2,price=observed;tvl=observed;lp_amount=none,False
2022-04-20T15:00:00+00:00,0.0007162619050810563,0.0007189332212804233,0.0007149012248270944,0.0007189332212804233,0.0007167778736167142,WETH,pool_swap_ratio,3,300,1182251.4622,,14622811,10962.664,,3,2,0.0,0.0,0.0,0.0,,0,0,,,,6423.8558,4538.8082,1885.0475999999999,3,-0.012605235844876729,0.0015957282119207579,0.0,0.0,0.001597002063667493,0.0,0.009287509255094322,0.0030069952534022004,2,2,price=observed;tvl=observed;lp_amount=none,False
2022-04-20T16:00:00+00:00,,,,0.0007189332212804233,,WETH,pool_swap_ratio,0,3900,1182251.4622,,14622811,0.0,,0,0,0.0,0.0,0.0,0.0,,0,0,,,,0.0,0.0,0.0,0,0.0,0.0,0.0,0.0,0.0,0.0,0.0,,2,2,price=carried;tvl=carried;lp_amount=none,True
2022-04-20T17:00:00+00:00,0.0007204190013413827,0.0007204190013413827,0.0007204190013413827,0.0007204190013413827,0.0007204190013413827,WETH,pool_swap_ratio,1,94,1182676.4622,,14623375,425.0,,1,1,0.0,0.0,0.0,0.0,,0,0,,,,425.0,0.0,425.0,1,0.0020645128625694886,0.00035941899132765887,0.0,0.0,0.00035948359007239976,0.0,0.00035948359007239976,0.0,2,2,price=observed;tvl=observed;lp_amount=none,False
2022-04-20T18:00:00+00:00,0.000712234254078796,0.000712234254078796,0.000712234254078796,0.000712234254078796,0.000712234254078796,WETH,pool_swap_ratio,1,2708,1182577.2137,,14623454,99.2485,,1,1,0.0,0.0,0.0,0.0,,0,0,,,,0.0,99.2485,-99.2485,1,-0.011426123214319996,-8.392207657845899e-05,0.0,0.0,-8.391855521955615e-05,0.0,8.391855521955615e-05,0.0,2,2,price=observed;tvl=observed;lp_amount=none,False
2022-04-20T19:00:00+00:00,0.0007193336333937563,0.0007193336333937563,0.0007158602667965303,0.0007158602667965303,0.000717514310787294,WETH,pool_swap_ratio,2,185,1182523.7867,,14623917,1122.7802000000001,,2,2,0.0,0.0,0.0,0.0,,0,0,,,,534.6766,588.1036,-53.42700000000002,2,0.00507812397124971,-4.51794659086172e-05,0.0,0.0,-4.51784453319879e-05,0.0,0.0009494350026304758,-0.0023052418131545016,2,2,price=observed;tvl=observed;lp_amount=none,False
2022-04-20T20:00:00+00:00,,,,0.0007158602667965303,,WETH,pool_swap_ratio,0,3785,1182523.7867,,14623917,0.0,,0,0,0.0,0.0,0.0,0.0,,0,0,,,,0.0,0.0,0.0,0,0.0,0.0,0.0,0.0,0.0,0.0,0.0,,2,2,price=carried;tvl=carried;lp_amount=none,True
2022-04-20T21:00:00+00:00,0.000720026202872501,0.000720026202872501,0.0007185912426232216,0.0007185912426232216,0.0007194711710779685,WETH,pool_swap_ratio,2,1813,1182451.7867,,14624366,318.0,,2,1,0.0,0.0,0.0,0.0,,0,0,,,,123.0,195.0,-72.0,2,0.0038076980760369675,-6.0888578158749565e-05,0.0,0.0,-6.0886724486892726e-05,0.0,0.00026891636648377617,-0.001223021144027836,2,2,price=observed;tvl=observed;lp_amount=none,False
2022-04-20T22:00:00+00:00,0.0007147481859879239,0.0007172804633232071,0.0007147481859879239,0.0007172804633232071,0.000715017138323721,WETH,pool_swap_ratio,2,1896,1182785.7083,,14624653,423.98400000000004,,2,2,0.0,0.0,0.0,0.0,,0,0,,,,378.9528,45.0312,333.9216,2,-0.0018257615338464405,0.00028235777838332514,0.0,0.0,0.0002823976450929236,0.0,0.0003585634566828804,0.00316541363580769,2,2,price=observed;tvl=observed;lp_amount=none,False
2022-04-20T23:00:00+00:00,0.0007161134864725415,0.0007161134864725415,0.0007161134864725415,0.0007161134864725415,0.0007161134864725415,WETH,pool_swap_ratio,1,3552,1184292.0056999999,,14624809,1506.2974,,1,1,0.0,0.0,0.0,0.0,,0,0,,,,1506.2974,0.0,1506.2974,1,-0.0016282712908932166,0.0012727065059281507,0.0,0.0,0.001273516740547177,0.0,0.001273516740547177,0.0,2,2,price=observed;tvl=observed;lp_amount=none,False
2022-04-21T00:00:00+00:00,,,,0.0007161134864725415,,WETH,pool_swap_ratio,0,7152,1184292.0056999999,,14624809,0.0,,0,0,0.0,0.0,0.0,0.0,,0,0,,,,0.0,0.0,0.0,0,0.0,0.0,0.0,0.0,0.0,0.0,0.0,,2,2,price=carried;tvl=carried;lp_amount=none,True
2022-04-21T01:00:00+00:00,0.0007086558699038701,0.0007112638360100054,0.0007086558699038701,0.0007112638360100054,0.0007096717776879406,WETH,pool_swap_ratio,2,263,1184608.1564,,14625546,1431.0675,,2,2,0.0,0.0,0.0,0.0,,0,0,,,,873.6091,557.4584,316.15070000000003,2,-0.006795216719747012,0.00026691770884678247,0.0,0.0,0.00026695333454787,0.0,0.0012083738580622595,0.002243372742328331,2,2,price=observed;tvl=observed;lp_amount=none,False
2022-04-21T02:00:00+00:00,,,,0.0007112638360100054,,WETH,pool_swap_ratio,0,3863,1184608.1564,,14625546,0.0,,0,0,0.0,0.0,0.0,0.0,,0,0,,,,0.0,0.0,0.0,0,0.0,0.0,0.0,0.0,0.0,0.0,0.0,,2,2,price=carried;tvl=carried;lp_amount=none,True
2022-04-21T03:00:00+00:00,0.0007081455207143369,0.0007229028945304666,0.0007081455207143369,0.0007210858448559792,0.0007205402712323357,WETH,pool_swap_ratio,4,1907,1181863.5985,,14625947,6221.6435,,4,1,0.0,0.0,0.0,0.0,,0,0,,,,1738.5428,4483.1007,-2744.5579,4,0.013714755456996807,-0.002319536774399384,0.0,0.0,-0.0023168487277182483,0.0,0.005252068767538667,0.0007571729789792592,2,2,price=observed;tvl=observed;lp_amount=none,False
2022-04-21T04:00:00+00:00,0.0007128367168286201,0.0007164456048645733,0.0007128367168286201,0.0007164456048645733,0.0007131611169225581,WETH,pool_swap_ratio,3,1710,1184638.5263,,14626210,6943.711200000001,,3,3,0.0,0.0,0.0,0.0,,0,0,,,,4859.3195000000005,2084.3917,2774.9278000000004,3,-0.006455867255926138,0.002345173530777165,0.0,0.0,0.002347925601162341,0.0,0.005875222156611671,0.004605534239146891,2,2,price=observed;tvl=observed;lp_amount=none,False
2022-04-21T05:00:00+00:00,0.0007120168623714055,0.0007120168623714055,0.0007120168623714055,0.0007120168623714055,0.0007120168623714055,WETH,pool_swap_ratio,1,2986,1185143.2343000001,,14626386,504.708,,1,1,0.0,0.0,0.0,0.0,,0,0,,,,504.708,0.0,504.708,1,-0.0062007323045989195,0.0004259531540182002,0.0,0.0,0.00042604388494468635,0.0,0.00042604388494468635,0.0,2,2,price=observed;tvl=observed;lp_amount=none,False
2022-04-21T06:00:00+00:00,0.0007105852014899635,0.0007105852014899635,0.0007105852014899635,0.0007105852014899635,0.0007105852014899635,WETH,pool_swap_ratio,1,1601,1186254.5872000002,,14626745,1111.3529,,1,1,0.0,0.0,0.0,0.0,,0,0,,,,1111.3529,0.0,1111.3529,1,-0.0020127362403420893,0.0009372978007205921,0.0,0.0,0.0009377372015766651,0.0,0.0009377372015766651,0.0,2,2,price=observed;tvl=observed;lp_amount=none,False
2022-04-21T07:00:00+00:00,,,,0.0007105852014899635,,WETH,pool_swap_ratio,0,5201,1186254.5872000002,,14626745,0.0,,0,0,0.0,0.0,0.0,0.0,,0,0,,,,0.0,0.0,0.0,0,0.0,0.0,0.0,0.0,0.0,0.0,0.0,,2,2,price=carried;tvl=carried;lp_amount=none,True
2022-04-21T08:00:00+00:00,,,,0.0007105852014899635,,WETH,pool_swap_ratio,0,8801,1186254.5872000002,,14626745,0.0,,0,0,0.0,0.0,0.0,0.0,,0,0,,,,0.0,0.0,0.0,0,0.0,0.0,0.0,0.0,0.0,0.0,0.0,,2,2,price=carried;tvl=carried;lp_amount=none,True
2022-04-21T09:00:00+00:00,0.0007077547502039558,0.0007077547502039558,0.0007048763028706697,0.0007048763028706697,0.000706071145901029,WETH,pool_swap_ratio,2,1928,1187964.2807,,14627520,1709.6934999999999,,2,2,0.0,0.0,0.0,0.0,,0,0,,,,1709.6934999999999,0.0,1709.6934999999999,2,-0.008066527500233484,0.001440215827309654,0.0,0.0,0.0014412534361915592,0.0,0.0014412534361915592,-0.0016922416916420602,2,2,price=observed;tvl=observed;lp_amount=none,False
2022-04-21T10:00:00+00:00,0.0007057599075002732,0.0007057599075002732,0.0007057599075002732,0.0007057599075002732,0.0007057599075002732,WETH,pool_swap_ratio,1,2115,1188659.1323,,14627781,694.8516,,1,1,0.0,0.0,0.0,0.0,,0,0,,,,694.8516,0.0,694.8516,1,0.0012527747957570318,0.0005847385126289868,0.0,0.0,0.0005849095055202866,0.0,0.0005849095055202866,0.0,2,2,price=observed;tvl=observed;lp_amount=none,False
2022-04-21T11:00:00+00:00,0.0007008202660117352,0.0007008202660117352,0.0007008202660117352,0.0007008202660117352,0.0007008202660117352,WETH,pool_swap_ratio,1,677,1188920.6494999998,,14628119,261.5172,,1,1,0.0,0.0,0.0,0.0,,0,0,,,,261.5172,0.0,261.5172,1,-0.007023647692829831,0.0002199860572976916,0.0,0.0,0.0002200102560049965,0.0,0.0002200102560049965,0.0,2,2,price=observed;tvl=observed;lp_amount=none,False
2022-04-21T12:00:00+00:00,0.0007137463649638681,0.0007145170403912303,0.000705815804617387,0.0007082270472403904,0.0007106950001509262,WETH,pool_swap_ratio,10,1158,1190182.5733,,14628337,26589.7118,,10,4,0.0,0.0,0.0,0.0,,0,0,,,,13925.8178,12663.893999999998,1261.9238000000023,10,0.010513272877099942,0.0010608399889943652,0.0,0.0,0.0010614028787629384,0.0,0.022364580690210314,-0.0034725907879071816,2,2,price=observed;tvl=observed;lp_amount=none,False
2022-04-21T13:00:00+00:00,0.0006973461396723837,0.0006973461396723837,0.000695767591732145,0.000695767591732145,0.0006965879699098445,WETH,pool_swap_ratio,2,372,1191600.7499,,14628678,1418.1766,,2,2,0.0,0.0,0.0,0.0,,0,0,,,,1418.1766,0.0,1418.1766,2,-0.017749045831225423,0.0011908528821935687,0.0,0.0,0.0011915622290350333,0.0,0.0011915622290350333,-0.001177709367857327,2,2,price=observed;tvl=observed;lp_amount=none,False
2022-04-21T14:00:00+00:00,0.0006981400773606115,0.000717464688680864,0.0006981400773606115,0.0007081708172266007,0.00071052677006108,WETH,pool_swap_ratio,7,208,1189362.0151,,14628956,15930.0834,,7,5,0.0,0.0,0.0,0.0,,0,0,,,,6845.6743,9084.409099999999,-2238.7347999999993,7,0.017669647216994457,-0.0018805295846392232,0.0,0.0,-0.0018787624967405196,0.0,0.013368641637173244,-0.003315783350818391,2,2,price=observed;tvl=observed;lp_amount=none,False
2022-04-21T15:00:00+00:00,0.0006935905426606703,0.0006935905426606703,0.0006929972712366199,0.0006929972712366199,0.0006934504951088777,WETH,pool_swap_ratio,3,2191,1193167.6094,,14629080,6114.4057,,3,2,0.0,0.0,0.0,0.0,,0,0,,,,4960.0,1154.4057,3805.5942999999997,3,-0.021659270290006968,0.0031945857019584963,0.0,0.0,0.0031996938288633933,0.0,0.005140912205343896,-0.0006535778335361453,2,2,price=observed;tvl=observed;lp_amount=none,False
2022-04-21T16:00:00+00:00,0.000699108721409608,0.0007083304131721296,0.000699108721409608,0.0007083304131721296,0.0006997494382045649,WETH,pool_swap_ratio,3,336,1189071.1351,,14629470,4096.4743,,3,3,0.0,0.0,0.0,0.0,,0,0,,,,0.0,4096.4743,-4096.4743,3,0.021884608528731,-0.0034391837066790735,0.0,0.0,-0.0034332764883384373,0.0,0.0034332764883384373,0.012262925125859248,2,2,price=observed;tvl=observed;lp_amount=none,False
2022-04-21T17:00:00+00:00,0.0007032652833023853,0.0007260121507129339,0.0006999209055316926,0.0007084548360083649,0.0007180643715508734,WETH,pool_swap_ratio,10,17,1183932.0983,,14629753,16550.514000000003,,10,6,0.0,0.0,0.0,0.0,,0,0,,,,5705.7386,10844.775399999999,-5139.036799999999,10,0.00017564106716555963,-0.004331258180862419,0.0,0.0,-0.004321891809750986,0.0,0.01391885944536709,-0.013382554438335137,2,2,price=observed;tvl=observed;lp_amount=none,False
2022-04-21T18:00:00+00:00,0.0007153241930339814,0.0007189946898081361,0.0006893218574627832,0.0006893218574627832,0.0007074510588290008,WETH,pool_swap_ratio,24,11,1194602.4485999998,,14630025,73249.6497,,24,6,0.0,0.0,0.0,0.0,,0,0,,,,41960.0,31289.649699999998,10670.350300000002,24,-0.02737801212818031,0.008972265629234602,0.0,0.0,0.009012637055217512,0.0,0.061869806389385565,-0.02562608556445689,2,2,price=observed;tvl=observed;lp_amount=none,False
2022-04-21T19:00:00+00:00,0.0006952273110061734,0.0007681282941044726,0.0006917883086639063,0.0007392715802557166,0.0007186283409121678,WETH,pool_swap_ratio,8,556,1185478.2947,,14630268,23592.4649,,8,5,0.0,0.0,0.0,0.0,,0,0,,,,7234.1555,16358.3094,-9124.153900000001,8,0.06995705136044103,-0.00766713366556417,0.0,0.0,-0.0076378161711395665,0.0,0.019749218602095543,0.02872589093459088,2,2,price=observed;tvl=observed;lp_amount=none,False
2022-04-21T20:00:00+00:00,0.0007171671878026792,0.0007171671878026792,0.0007081394588334568,0.0007102119802586069,0.0007097013011009212,WETH,pool_swap_ratio,3,1444,1188246.5957,,14630458,3586.7036,,3,3,0.0,0.0,0.0,0.0,,0,0,,,,3177.5023,409.2013,2768.301,3,-0.040101861182220505,0.0023324541662242695,0.0,0.0,0.002335176453568518,0.0,0.0030255329144661058,0.0007195691439392249,2,2,price=observed;tvl=observed;lp_amount=none,False
2022-04-21T21:00:00+00:00,0.0007109097814610014,0.0007109097814610014,0.0007109097814610014,0.0007109097814610014,0.0007109097814610014,WETH,pool_swap_ratio,1,2044,1164297.7253,,14630671,1125.3186,,1,1,0.0,22466.4505,-22466.4505,22466.4505,0.0,0,1,,,1.0,0.0,23948.8704,-23948.8704,2,0.0009820428865019073,-0.020360677185549448,-0.018907229005579385,0.018907229005579385,-0.02015479824361848,0.018907229005579385,0.0009470412994005433,0.0,2,2,price=observed;tvl=observed;lp_amount=quantified,False
2022-04-21T22:00:00+00:00,0.0007061100670657769,0.0007061100670657769,0.0006820369364330388,0.0006966475470115552,0.0006926622134521431,WETH,pool_swap_ratio,11,95,1167412.7510000002,,14631081,25328.0237,,11,7,0.0,0.0,0.0,0.0,,0,0,,,,14221.5247,11106.499,3115.0257,11,-0.020265920671975354,0.0026718819380281075,0.0,0.0,0.0026754545957713384,0.0,0.021753906367440363,0.005753646556738934,2,2,price=observed;tvl=observed;lp_amount=none,False
2022-04-21T23:00:00+00:00,,,,0.0006966475470115552,,WETH,pool_swap_ratio,0,3695,1167412.7510000002,,14631081,0.0,,0,0,0.0,0.0,0.0,0.0,,0,0,,,,0.0,0.0,0.0,0,0.0,0.0,0.0,0.0,0.0,0.0,0.0,,2,2,price=carried;tvl=carried;lp_amount=none,True
2022-04-22T00:00:00+00:00,0.000707993891969137,0.0007106613700919278,0.000707993891969137,0.0007106613700919278,0.0007089554805492333,WETH,pool_swap_ratio,2,1136,1163604.8741000001,,14631555,3807.8769,,2,2,0.0,0.0,0.0,0.0,,0,0,,,,0.0,3807.8769,-3807.8769,2,0.019916432190402435,-0.003267139850139025,0.0,0.0,-0.003261808556346666,0.0,0.003261808556346666,0.0024062012206647054,2,2,price=observed;tvl=observed;lp_amount=none,False
2022-04-22T01:00:00+00:00,0.0007202991720520436,0.0007202991720520436,0.0007202991720520436,0.0007202991720520436,0.0007202991720520436,WETH,pool_swap_ratio,1,24,1163153.5098,,14631893,451.3643,,1,1,0.0,0.0,0.0,0.0,,0,0,,,,0.0,451.3643,-451.3643,1,0.01347059882235491,-0.00038797694576723845,0.0,0.0,-0.00038790169244444896,0.0,0.00038790169244444896,0.0,2,2,price=observed;tvl=observed;lp_amount=none,False
2022-04-22T02:00:00+00:00,0.0007004022971930384,0.0007044074592167843,0.0006894774818549155,0.0007044074592167843,0.0006986503515594617,WETH,pool_swap_ratio,7,2806,1164424.2501,,14631952,21385.3007,,7,4,0.0,0.0,0.0,0.0,,0,0,,,,11328.0205,10057.2802,1270.7403000000013,6,-0.02230967641824606,0.0010918994399630117,0.0,0.0,0.0010924957791843832,0.0,0.018385621949141624,0.00824032743198666,2,2,price=observed;tvl=observed;lp_amount=none,False
2022-04-22T03:00:00+00:00,0.0007132802777845566,0.0007134682022844952,0.0007132802777845566,0.0007134682022844952,0.000713436725672152,WETH,pool_swap_ratio,2,758,1163506.4852,,14632368,917.7649,,2,2,0.0,0.0,0.0,0.0,,0,0,,,,0.0,917.7649,-917.7649,2,0.012780904072061847,-0.0007884813183068457,0.0,0.0,-0.0007881705485961692,0.0,0.0007881705485961692,4.4119697249378476e-05,2,2,price=observed;tvl=observed;lp_amount=none,False
2022-04-22T04:00:00+00:00,0.0007094091063225438,0.0007094091063225438,0.0006865715784868868,0.0007006325948703676,0.0006948561415593114,WETH,pool_swap_ratio,6,1531,1165375.0244,,14632572,20546.4008,,6,5,0.0,0.0,0.0,0.0,,0,0,,,,11207.470000000001,9338.9308,1868.539200000001,6,-0.018154236195903735,0.0016046669555733822,0.0,0.0,0.0016059551225267215,0.0,0.017659034187908453,0.008313164359594394,2,2,price=observed;tvl=observed;lp_amount=none,False
2022-04-22T05:00:00+00:00,0.0007008497134557029,0.0007008497134557029,0.0007008497134557029,0.0007008497134557029,0.0007008497134557029,WETH,pool_swap_ratio,1,1727,1165662.5923000001,,14632821,287.5679,,1,1,0.0,0.0,0.0,0.0,,0,0,,,,287.5679,0.0,287.5679,1,0.0003098413526627115,0.0002467295245677949,0.0,0.0,0.00024675996480022044,0.0,0.00024675996480022044,0.0,2,2,price=observed;tvl=observed;lp_amount=none,False
2022-04-22T06:00:00+00:00,0.0007037620956816351,0.0007060242594347496,0.0007034044185236794,0.0007034044185236794,0.0007036112144710418,WETH,pool_swap_ratio,3,1219,1166895.8534000001,,14633121,1299.9719,,3,2,0.0,0.0,0.0,0.0,,0,0,,,,1266.6165,33.3554,1233.2611000000002,3,0.0036385264294385693,0.0010574322089883929,0.0,0.0,0.001057991487542394,0.0,0.0011152214273557415,-0.00029390655394523346,2,2,price=observed;tvl=observed;lp_amount=none,False
2022-04-22T07:00:00+00:00,0.0007041512888176077,0.0007086558143547171,0.0007041512888176077,0.0007049514423893955,0.0007083196315088821,WETH,pool_swap_ratio,3,1566,1165088.1664,,14633365,1807.6870000000001,,3,3,0.0,0.0,0.0,0.0,,0,0,,,,0.0,1807.6870000000001,-1807.6870000000001,3,0.0021969227109050553,-0.0015503428383092032,0.0,0.0,-0.0015491416776680783,0.0,0.0015491416776680783,-0.004755182504699973,2,2,price=observed;tvl=observed;lp_amount=none,False
2022-04-22T08:00:00+00:00,,,,0.0007049514423893955,,WETH,pool_swap_ratio,0,5166,1165088.1664,,14633365,0.0,,0,0,0.0,0.0,0.0,0.0,,0,0,,,,0.0,0.0,0.0,0,0.0,0.0,0.0,0.0,0.0,0.0,0.0,,2,2,price=carried;tvl=carried;lp_amount=none,True
2022-04-22T09:00:00+00:00,0.000714111625634265,0.0007187239499327211,0.0007089441345786349,0.0007115216419862375,0.0007130108738259422,WETH,pool_swap_ratio,10,156,1164068.7126,,14633996,22771.4522,,10,6,0.0,0.0,0.0,0.0,,0,0,,,,10875.999199999998,11895.453,-1019.4538000000011,9,0.009276910079138693,-0.0008753844571759373,0.0,0.0,-0.0008750014199783749,0.0,0.01954483176184116,-0.0020886523535238455,2,2,price=observed;tvl=observed;lp_amount=none,False
2022-04-22T10:00:00+00:00,0.0007141164338162959,0.0007170821169651735,0.0007098836703403146,0.0007109486148256387,0.0007131050766360813,WETH,pool_swap_ratio,4,126,1164424.9799,,14634262,3242.5928999999996,,4,4,0.0,0.0,0.0,0.0,,0,0,,,,1799.4301,1443.1628,356.2673,4,-0.0008056789783147767,0.0003060066719764844,0.0,0.0,0.0003060534967942407,0.0,0.0027855682958418514,-0.003024044956481342,2,2,price=observed;tvl=observed;lp_amount=none,False
2022-04-22T11:00:00+00:00,0.0007088411199191598,0.0007160476404216486,0.0007081431585854622,0.0007100344914469245,0.0007118709571211755,WETH,pool_swap_ratio,15,139,1164388.1239999998,,14634524,16655.164099999998,,15,12,0.0,0.0,0.0,0.0,,0,0,,,,8309.1541,8346.01,-36.855900000000474,15,-0.0012866071394926498,-3.165208916201171e-05,0.0,0.0,-3.1651588239858644e-05,0.0,0.014303338031644025,-0.0025797732803676254,2,2,price=observed;tvl=observed;lp_amount=none,False
2022-04-22T12:00:00+00:00,0.0007074713842963688,0.0007074713842963688,0.0006979974611738746,0.0006997845858104284,0.0006999953758964172,WETH,pool_swap_ratio,4,1053,1168175.5588,,14634724,7400.5068,,4,3,0.0,0.0,0.0,0.0,,0,0,,,,5593.9708,1806.536,3787.4348,4,-0.014540995231247076,0.0032474467097495753,0.0,0.0,0.0032527253773330313,0.0,0.006355704466116662,-0.00030113068349746364,2,2,price=observed;tvl=observed;lp_amount=none,False
2022-04-22T13:00:00+00:00,0.0006979069005582575,0.0007027700983422128,0.0006979069005582575,0.0006996627167456284,0.000700613731501227,WETH,pool_swap_ratio,3,577,1168645.368,,14635053,3189.0484,,3,3,0.0,0.0,0.0,0.0,,0,0,,,,1829.4288000000001,1359.6196,469.80920000000015,3,-0.0001741674229326065,0.00040209260447963106,0.0,0.0,0.00040217345454702743,0.0,0.00272993932802012,-0.00135740239284321,2,2,price=observed;tvl=observed;lp_amount=none,False
2022-04-22T14:00:00+00:00,0.0006947690153969719,0.0006947690153969719,0.0006947690153969719,0.0006947690153969719,0.0006947690153969719,WETH,pool_swap_ratio,1,2518,1169501.1931999999,,14635166,855.8252,,1,1,0.0,0.0,0.0,0.0,,0,0,,,,855.8252,0.0,855.8252,1,-0.007018947327105289,0.0007320543993449748,0.0,0.0,0.0007323224165639272,0.0,0.0007323224165639272,0.0,2,2,price=observed;tvl=observed;lp_amount=none,False
2022-04-22T15:00:00+00:00,0.0007026678372773822,0.0007302800552974634,0.0006999635831592734,0.0007272076728301422,0.0007124453151850343,WETH,pool_swap_ratio,11,489,1158122.8058,,14635596,38944.1178,,11,7,0.0,0.0,0.0,0.0,,0,0,,,,13782.8652,25161.252599999996,-11378.387399999996,11,0.04563265562733001,-0.009776903865093474,0.0,0.0,-0.009729265319401981,0.0,0.033299767479023044,0.020720688774932494,2,2,price=observed;tvl=observed;lp_amount=none,False
2022-04-22T16:00:00+00:00,0.0007218958452396448,0.0007230213616661303,0.0007165424078393473,0.0007230213616661303,0.0007203904892984065,WETH,pool_swap_ratio,4,408,1160658.9913,,14635855,4514.9992999999995,,4,3,0.0,0.0,0.0,0.0,,0,0,,,,3525.5924,989.4069,2536.1855,4,-0.005773326408944118,0.0021875163195813306,0.0,0.0,0.002189910678987166,0.0,0.0038985496852219914,0.0036520087463760564,2,2,price=observed;tvl=observed;lp_amount=none,False
2022-04-22T17:00:00+00:00,0.0007158607519954605,0.0007158607519954605,0.0006980184896338327,0.0006980184896338327,0.0007117388183567799,WETH,pool_swap_ratio,4,281,1165084.4314000001,,14636121,4425.4401,,4,4,0.0,0.0,0.0,0.0,,0,0,,,,4425.4401,0.0,4425.4401,4,-0.035193175736941605,0.003805617935187439,0.0,0.0,0.0038128684938228672,0.0,0.0038128684938228672,-0.01927719602904876,2,2,price=observed;tvl=observed;lp_amount=none,False
2022-04-22T18:00:00+00:00,0.0007057233895460109,0.0007088467317335792,0.0006903200388767868,0.0006974417256302445,0.0006971783753985092,WETH,pool_swap_ratio,7,3072,1163495.2244,,14636197,21710.6352,,7,5,0.0,0.0,0.0,0.0,,0,0,,,,10060.714100000001,11649.9211,-1589.2069999999985,7,-0.0008266291365701499,-0.0013649584567836332,0.0,0.0,-0.0013640273246895594,0.0,0.01863438787342807,0.00037773723487166677,2,2,price=observed;tvl=observed;lp_amount=none,False
2022-04-22T19:00:00+00:00,0.0007084971414280962,0.0007084971414280962,0.0007032069838316608,0.0007032069838316608,0.0007079430016095093,WETH,pool_swap_ratio,3,1061,1166214.0129,,14636620,2718.7885,,3,3,0.0,0.0,0.0,0.0,,0,0,,,,2718.7885,0.0,2718.7885,3,0.008232315101159546,0.0023340163576787347,0.0,0.0,0.002336742294238505,0.0,0.002336742294238505,-0.006689829219416188,2,2,price=observed;tvl=observed;lp_amount=none,False
2022-04-22T20:00:00+00:00,0.0007081949107048081,0.0007094628112323501,0.0007016937166705112,0.0007056720285453935,0.0007043216933294473,WETH,pool_swap_ratio,4,1181,1165735.7753,,14636863,3978.2376000000004,,4,2,0.0,0.0,0.0,0.0,,0,0,,,,1750.0,2228.2376,-478.23759999999993,4,0.003499302931584965,-0.00041016115280392455,0.0,0.0,-0.00041007704821757073,0.0,0.0034112414668276882,0.0019172137231255881,2,2,price=observed;tvl=observed;lp_amount=none,False
2022-04-22T21:00:00+00:00,0.000711996876145751,0.000712813530014041,0.0007104266136843435,0.0007104266136843435,0.0007120193079137809,WETH,pool_swap_ratio,3,655,1164129.3181,,14637163,3406.6706000000004,,3,3,0.0,0.0,0.0,0.0,,0,0,,,,900.1067,2506.5639,-1606.4572,3,0.006715073178346415,-0.0013790132820402903,0.0,0.0,-0.0013780628801467307,0.0,0.002922335122745375,-0.0022368694384201637,2,2,price=observed;tvl=observed;lp_amount=none,False
2022-04-22T22:00:00+00:00,0.0007145607970231736,0.0007251574883153831,0.0007145607970231736,0.0007168497474918978,0.0007173188023623956,WETH,pool_swap_ratio,5,747,1162848.8099,,14637432,2798.19,,5,4,0.0,0.0,0.0,0.0,,0,0,,,,758.8409,2039.3491000000001,-1280.5082000000002,5,0.009000607512631945,-0.0011005761625733604,0.0,0.0,-0.0010999707507495342,0.0,0.002403676255286642,-0.0006539001472609662,2,2,price=observed;tvl=observed;lp_amount=none,False
2022-04-22T23:00:00+00:00,0.0007102175122399617,0.0007116017091877334,0.0007011746206366492,0.0007042439985264049,0.0007057889450438803,WETH,pool_swap_ratio,7,978,1166746.7774,,14637696,11761.1247,,7,4,0.0,0.0,0.0,0.0,,0,0,,,,7829.5461,3931.5786,3897.9674999999997,7,-0.017741376519508613,0.003346478812890699,0.0,0.0,0.003352084524500832,0.0,0.010114061776450033,-0.002188963893985818,2,2,price=observed;tvl=observed;lp_amount=none,False
2022-04-23T00:00:00+00:00,0.00070321940087142,0.000886899133106985,0.00070321940087142,0.0007196565904769547,0.0007803427378999428,WETH,pool_swap_ratio,6,1164,1161865.7312,,14637950,36642.1538,,6,5,0.0,0.0,0.0,0.0,,0,0,,,,15880.5538,20761.6,-4881.046199999999,6,0.02164925563278533,-0.0041922418011806585,0.0,0.0,-0.004183466622360862,0.0,0.03140540390576784,-0.07776858100365813,2,2,price=observed;tvl=observed;lp_amount=none,False
2022-04-23T01:00:00+00:00,0.0007209793075537886,0.0007216465485802226,0.0007189460950751041,0.0007189460950751041,0.000721238547382973,WETH,pool_swap_ratio,3,1091,1161502.9681,,14638252,478.20050000000003,,3,3,0.0,0.0,0.0,0.0,,0,0,,,,57.7187,420.4818,-362.7631,3,-0.0009877577273465729,-0.00031227338395091166,0.0,0.0,-0.0003122246316924508,0.0,0.00041157982988800627,-0.003178493878602362,2,2,price=observed;tvl=observed;lp_amount=none,False
2022-04-23T02:00:00+00:00,0.0007143920156885396,0.0007143920156885396,0.0007096551650083844,0.0007114953115622627,0.0007139464717196258,WETH,pool_swap_ratio,4,935,1163798.5569,,14638512,2295.5888,,4,4,0.0,0.0,0.0,0.0,,0,0,,,,2295.5888000000004,0.0,2295.5888000000004,4,-0.01041755483510056,0.0019744446224163616,0.0,0.0,0.001976395121706104,0.0,0.0019763951217061037,-0.003433254808948405,2,2,price=observed;tvl=observed;lp_amount=none,False
2022-04-23T03:00:00+00:00,0.0007213005419275056,0.0007237841428360188,0.0007178912659232565,0.0007178912659232565,0.0007224953638682276,WETH,pool_swap_ratio,4,539,1161299.2948,,14638799,9836.3753,,4,3,0.0,0.0,0.0,0.0,,0,0,,,,3668.5566,6167.8187,-2499.2621,4,0.008949289365423415,-0.002149813231079166,0.0,0.0,-0.0021475040376895313,0.0,0.00845195694880484,-0.0063724947940438925,2,2,price=observed;tvl=observed;lp_amount=none,False
2022-04-23T04:00:00+00:00,0.0007186023530272067,0.0008889274612523158,0.0006956156758342742,0.0007965958247200239,0.0007549907181801893,WETH,pool_swap_ratio,13,81,1162014.0326,,14639085,51875.5476,,13,9,0.0,0.0,0.0,0.0,,0,0,,,,26295.142700000004,25580.4049,714.7378000000026,13,0.10402931199629974,0.0006152745857552874,0.0,0.0,0.0006154639059891062,0.0,0.04467026530738921,0.05510677884904136,2,2,price=observed;tvl=observed;lp_amount=none,False
2022-04-23T05:00:00+00:00,0.000702530513572607,0.000781308521924545,0.0007017452865309046,0.0007149675862074749,0.0007248348991303873,WETH,pool_swap_ratio,11,2844,1164349.9871,,14639154,32694.1799,,11,8,0.0,0.0,0.0,0.0,,0,0,,,,17515.0672,15179.1127,2335.9545000000016,11,-0.10811022166715822,0.0020082457133139687,0.0,0.0,0.002010263589307365,0.0,0.02813578750580744,-0.013613186857794224,2,2,price=observed;tvl=observed;lp_amount=none,False
2022-04-23T06:00:00+00:00,0.0007109343146906115,0.0007109343146906115,0.0007100657409539669,0.0007100657409539669,0.0007101828476391345,WETH,pool_swap_ratio,2,210,1164516.4122000001,,14639608,166.42510000000001,,2,2,0.0,0.0,0.0,0.0,,0,0,,,,166.42510000000001,0.0,166.42510000000001,2,-0.0068796490490174176,0.00014292369912969553,0.0,0.0,0.0001429339132080968,0.0,0.0001429339132080968,-0.00016489652708018276,2,2,price=observed;tvl=observed;lp_amount=none,False
2022-04-23T07:00:00+00:00,0.0007087499897301924,0.0007087499897301924,0.0007087499897301924,0.0007087499897301924,0.0007087499897301924,WETH,pool_swap_ratio,1,1473,1164624.7122,,14639781,108.3,,1,1,0.0,0.0,0.0,0.0,,0,0,,,,108.3,0.0,108.3,1,-0.0018547180898815811,9.299565315574714e-05,0.0,0.0,9.299997738580605e-05,0.0,9.299997738580605e-05,0.0,2,2,price=observed;tvl=observed;lp_amount=none,False
2022-04-23T08:00:00+00:00,0.0007152511836826613,0.0007261230694136206,0.0007152511836826613,0.0007173043059409962,0.0007211913008098566,WETH,pool_swap_ratio,4,1011,1164710.6792000001,,14640047,11592.4634,,4,3,0.0,0.0,0.0,0.0,,0,0,,,,5839.2152,5753.2482,85.96699999999964,4,0.011997325547236336,7.381247059266366e-05,0.0,0.0,7.381519480005385e-05,0.0,0.009953818838432167,-0.005389686293353124,2,2,price=observed;tvl=observed;lp_amount=none,False
2022-04-23T09:00:00+00:00,0.0007079492201802659,0.000715093725147451,0.0007079492201802659,0.000715093725147451,0.0007148259342310231,WETH,pool_swap_ratio,2,885,1163587.3364,,14640331,1214.3776,,2,2,0.0,0.0,0.0,0.0,,0,0,,,,45.5174,1168.8602,-1123.3428000000001,2,-0.0030865478736258533,-0.0009649476825027351,0.0,0.0,-0.0009644822701991415,0.0,0.0010426431402123955,0.0003746239519357708,2,2,price=observed;tvl=observed;lp_amount=none,False
2022-04-23T10:00:00+00:00,0.0007121632012120381,0.0007121632012120381,0.0007121632012120381,0.0007121632012120381,0.0007121632012120381,WETH,pool_swap_ratio,1,1973,1163552.1051,,14640518,35.2313,,1,1,0.0,0.0,0.0,0.0,,0,0,,,,0.0,35.2313,-35.2313,1,-0.004106517893908368,-3.0278632534197177e-05,0.0,0.0,-3.027817414118774e-05,0.0,3.027817414118774e-05,0.0,2,2,price=observed;tvl=observed;lp_amount=none,False
2022-04-23T11:00:00+00:00,0.0007103725158364932,0.0007103725158364932,0.0007103725158364932,0.0007103725158364932,0.0007103725158364932,WETH,pool_swap_ratio,1,2453,1164939.8193,,14640742,1387.7142,,1,1,0.0,0.0,0.0,0.0,,0,0,,,,1387.7142,0.0,1387.7142,1,-0.0025175976953110916,0.0011919426043571477,0.0,0.0,0.0011926532502648298,0.0,0.0011926532502648298,0.0,2,2,price=observed;tvl=observed;lp_amount=none,False
2022-04-23T12:00:00+00:00,0.000712611130193065,0.000712611130193065,0.0006985576057197521,0.0007004967884820553,0.0007011386242413949,WETH,pool_swap_ratio,7,327,1167649.3377,,14641181,6853.7862,,7,6,0.0,0.0,0.0,0.0,,0,0,,,,4781.6523,2072.1339,2709.5184,7,-0.01399972147783021,0.0023231863275352985,0.0,0.0,0.0023258870158873275,0.0,0.005883382202626027,-0.0009154192012087448,2,2,price=observed;tvl=observed;lp_amount=none,False
2022-04-23T13:00:00+00:00,0.0006978468167278673,0.0007829086043171348,0.0006965760783368384,0.0007088799792563304,0.0007361344377278632,WETH,pool_swap_ratio,8,1534,1165268.2523,,14641365,19459.471800000003,,8,5,0.0,0.0,0.0,0.0,,0,0,,,,8539.1932,10920.278599999998,-2381.085399999998,8,0.011896449317955518,-0.0020412947607024896,0.0,0.0,-0.002039212735469184,0.0,0.016665510073709866,-0.03702375147079917,2,2,price=observed;tvl=observed;lp_amount=none,False
2022-04-23T14:00:00+00:00,,,,0.0007088799792563304,,WETH,pool_swap_ratio,0,5134,1165268.2523,,14641365,0.0,,0,0,0.0,0.0,0.0,0.0,,0,0,,,,0.0,0.0,0.0,0,0.0,0.0,0.0,0.0,0.0,0.0,0.0,,2,2,price=carried;tvl=carried;lp_amount=none,True
2022-04-23T15:00:00+00:00,0.0007112105350006132,0.0007112105350006132,0.0007112105350006132,0.0007112105350006132,0.0007112105350006132,WETH,pool_swap_ratio,1,1454,1164968.2523,,14641895,300.0,,1,1,0.0,0.0,0.0,0.0,,0,0,,,,0.0,300.0,-300.0,1,0.0032822666065219904,-0.0002574845952891658,0.0,0.0,-0.0002574514489756858,0.0,0.0002574514489756858,0.0,2,2,price=observed;tvl=observed;lp_amount=none,False
2022-04-23T16:00:00+00:00,0.0007125201228752317,0.0007125201228752317,0.0007068693803100989,0.0007068693803100989,0.0007069708259362004,WETH,pool_swap_ratio,2,1318,1174064.334,,14642212,521.4114,,2,1,10000.0001,0.0,10000.0001,10000.0001,0.0,1,1,,,1.0,10512.050799999999,1415.9691,9096.081699999999,4,-0.006122600291794096,0.0077776834806422245,0.008583924995601358,0.008583924995601358,0.0078080082285861266,0.0,0.00044757563046939346,-0.00014349336971175575,2,2,price=observed;tvl=observed;lp_amount=quantified,False
2022-04-23T17:00:00+00:00,0.0007136531232710508,0.0007169471546686967,0.0007092525803566253,0.0007092525803566253,0.0007124526924149247,WETH,pool_swap_ratio,4,777,1173252.5685,,14642495,4015.3527,,4,4,0.0,0.0,0.0,0.0,,0,0,,,,1601.7936,2413.5591,-811.7655,4,0.003365815039385486,-0.0006916539743712119,0.0,0.0,-0.0006914148368976857,0.0,0.0034200448678308967,-0.004491683577547145,2,2,price=observed;tvl=observed;lp_amount=none,False
2022-04-23T18:00:00+00:00,0.0006878082932140414,0.0007092376525813968,0.0006758332820622459,0.000705966413320615,0.0006902925229296494,WETH,pool_swap_ratio,9,1373,1175664.0727,,14642729,45000.367600000005,,9,8,0.0,0.0,0.0,0.0,,0,0,,,,23705.935900000004,21294.4317,2411.504200000003,9,-0.004644048669223682,0.0020532912960339635,0.0,0.0,0.002055400742129296,0.0,0.03835522615350661,0.02270615698464251,2,2,price=observed;tvl=observed;lp_amount=none,False
2022-04-23T19:00:00+00:00,0.0006973813374999265,0.0007028157602434085,0.0006973813374999265,0.0007028157602434085,0.0006994048413388433,WETH,pool_swap_ratio,3,2441,1176506.7416,,14642909,10517.0563,,3,3,0.0,0.0,0.0,0.0,,0,0,,,,5679.8626,4837.1937,842.6689000000006,3,-0.0044728821661265,0.000716503181595303,0.0,0.0,0.0007167599313167314,0.0,0.008945630426425126,0.004876887752214953,2,2,price=observed;tvl=observed;lp_amount=none,False
2022-04-23T20:00:00+00:00,0.0007018224902778301,0.0007068329865446515,0.0007017133988693428,0.0007017133988693428,0.0007042685546778561,WETH,pool_swap_ratio,6,166,1176605.0571,,14643360,2040.4158,,6,3,0.0,0.0,0.0,0.0,,0,0,,,,1069.366,971.0505,98.31549999999993,6,-0.001569724050608768,8.356211558801775e-05,0.0,0.0,8.356560699881324e-05,0.0,0.0017343001343325239,-0.00362809867278846,2,2,price=observed;tvl=observed;lp_amount=none,False
2022-04-23T21:00:00+00:00,0.0007009380226251709,0.0007009380226251709,0.0007009380226251709,0.0007009380226251709,0.0007009380226251709,WETH,pool_swap_ratio,1,2698,1176737.4222,,14643446,132.3651,,1,1,0.0,0.0,0.0,0.0,,0,0,,,,132.3651,0.0,132.3651,1,-0.0011055866215509153,0.00011249114933646022,0.0,0.0,0.00011249747670322163,0.0,0.00011249747670322163,0.0,2,2,price=observed;tvl=observed;lp_amount=none,False
2022-04-23T22:00:00+00:00,0.0007087605285405476,0.0007183731414649017,0.0007087605285405476,0.0007181890145808329,0.0007152353352217637,WETH,pool_swap_ratio,7,564,1170473.7473,,14643847,11553.671900000001,,7,7,0.0,0.0,0.0,0.0,,0,0,,,,2645.0298,8908.7047,-6263.6749,7,0.024313315585911686,-0.005337133573476283,0.0,0.0,-0.005322916380350669,0.0,0.009818394216102633,0.004129660845340277,2,2,price=observed;tvl=observed;lp_amount=none,False
2022-04-23T23:00:00+00:00,0.0007220642955591595,0.0007220642955591595,0.0007197650250022272,0.0007197650250022272,0.0007218568540548022,WETH,pool_swap_ratio,2,335,1167880.1836,,14644120,2593.5637,,2,2,0.0,0.0,0.0,0.0,,0,0,,,,0.0,2593.5637,-2593.5637,2,0.002192018672453422,-0.0022182824672144735,0.0,0.0,-0.002215823896932951,0.0,0.002215823896932951,-0.002897844691540752,2,2,price=observed;tvl=observed;lp_amount=none,False
2022-04-24T00:00:00+00:00,0.000719294894723277,0.0007220376728737143,0.0007175874793825402,0.000718049915980662,0.000719464949394024,WETH,pool_swap_ratio,4,222,1169107.0677,,14644412,2149.4501,,4,3,0.0,0.0,0.0,0.0,,0,0,,,,1688.1671000000001,461.283,1226.8841000000002,4,-0.002385717085225799,0.0010499708220753723,0.0,0.0,0.0010505222344111705,0.0,0.0018404714200854944,-0.0019667857545441203,2,2,price=observed;tvl=observed;lp_amount=none,False
2022-04-24T01:00:00+00:00,0.0007168526498014136,0.0007212142162123899,0.0007168526498014136,0.0007212142162123899,0.0007190393790676804,WETH,pool_swap_ratio,3,534,1169085.4978,,14644653,1358.9219,,3,2,0.0,0.0,0.0,0.0,,0,0,,,,668.676,690.2459,-21.56989999999996,3,0.00439711552497948,-1.8450062940833915e-05,0.0,0.0,-1.8449892739451756e-05,0.0,0.00116235881002193,0.00302464261071389,2,2,price=observed;tvl=observed;lp_amount=none,False
2022-04-24T02:00:00+00:00,0.0007173853010282784,0.0007209001275372066,0.0007043077826042079,0.0007182491217684724,0.0007134531551780528,WETH,pool_swap_ratio,10,391,1169180.5522,,14644908,21975.5746,,10,9,0.0,0.0,0.0,0.0,,0,0,,,,11035.3145,10940.2601,95.0544000000009,10,-0.004119727900463801,8.130332307779446e-05,0.0,0.0,8.130662828242714e-05,0.0,0.01879723479707337,0.006722188493542669,2,2,price=observed;tvl=observed;lp_amount=none,False
2022-04-24T03:00:00+00:00,,,,0.0007182491217684724,,WETH,pool_swap_ratio,0,3991,1169180.5522,,14644908,0.0,,0,0,0.0,0.0,0.0,0.0,,0,0,,,,0.0,0.0,0.0,0,0.0,0.0,0.0,0.0,0.0,0.0,0.0,,2,2,price=carried;tvl=carried;lp_amount=none,True
2022-04-24T04:00:00+00:00,0.0007542505217787367,0.0007967499227573053,0.0007233040200384166,0.0007238107297863698,0.000749345419267934,WETH,pool_swap_ratio,6,12,1167065.0225,,14645479,19434.1829,,6,4,0.0,0.0,0.0,0.0,,0,0,,,,8659.326599999999,10774.8563,-2115.529700000001,6,0.007713460141069875,-0.001811051287705516,0.0,0.0,-0.0018094123238872677,0.0,0.016622054535060028,-0.034075993293600226,2,2,price=observed;tvl=observed;lp_amount=none,False
2022-04-24T05:00:00+00:00,,,,0.0007238107297863698,,WETH,pool_swap_ratio,0,3612,1167065.0225,,14645479,0.0,,0,0,0.0,0.0,0.0,0.0,,0,0,,,,0.0,0.0,0.0,0,0.0,0.0,0.0,0.0,0.0,0.0,0.0,,2,2,price=carried;tvl=carried;lp_amount=none,True
2022-04-24T06:00:00+00:00,0.0007194536562347149,0.0007221810007399332,0.0007194536562347149,0.0007221810007399332,0.0007198164797506101,WETH,pool_swap_ratio,3,800,1168622.7281,,14645959,1827.7056,,3,1,0.0,0.0,0.0,0.0,,0,0,,,,1692.7056,135.0,1557.7056,3,-0.0022541342417141405,0.0013338305435246266,0.0,0.0,0.0013347204911198511,0.0,0.0015660700687308963,0.0032848942137895243,2,2,price=observed;tvl=observed;lp_amount=none,False
2022-04-24T07:00:00+00:00,0.0007228700401817294,0.0007234647750698832,0.0007228700401817294,0.0007234647750698832,0.0007230295072004516,WETH,pool_swap_ratio,2,994,1168060.6314,,14646231,562.0966999999999,,2,1,0.0,0.0,0.0,0.0,,0,0,,,,0.0,562.0966999999999,-562.0966999999999,2,0.0017760570243289366,-0.0004811064439318975,0.0,0.0,-0.00048099073078433305,0.0,0.00048099073078433305,0.0006020056790170258,2,2,price=observed;tvl=observed;lp_amount=none,False
2022-04-24T08:00:00+00:00,0.0007212177580734212,0.0007212177580734212,0.0007212177580734212,0.0007212177580734212,0.0007212177580734212,WETH,pool_swap_ratio,1,3137,1168109.2398,,14646337,48.6084,,1,1,0.0,0.0,0.0,0.0,,0,0,,,,48.6084,0.0,48.6084,1,-0.003110744065762111,4.1613754724079913e-05,0.0,0.0,4.1614620588436005e-05,0.0,4.1614620588436005e-05,0.0,2,2,price=observed;tvl=observed;lp_amount=none,False
2022-04-24T09:00:00+00:00,0.000718891082710107,0.0007213695957360744,0.000718891082710107,0.0007213695957360744,0.0007191329130826212,WETH,pool_swap_ratio,2,87,1168455.9194,,14646802,430.73359999999997,,2,2,0.0,0.0,0.0,0.0,,0,0,,,,388.7066,42.027,346.6796,2,0.00021050740922268162,0.00029674293582511495,0.0,0.0,0.0002967869683655249,0.0,0.0003687442794937131,0.0031102493193719827,2,2,price=observed;tvl=observed;lp_amount=none,False
2022-04-24T10:00:00+00:00,0.0007192206019092401,0.0007192206019092401,0.0007192206019092401,0.0007192206019092401,0.0007192206019092401,WETH,pool_swap_ratio,1,3322,1168517.2224,,14646835,61.303,,1,1,0.0,0.0,0.0,0.0,,0,0,,,,61.303,0.0,61.303,1,-0.00298349304945172,5.246358969017819e-05,0.0,0.0,5.246496592826452e-05,0.0,5.246496592826452e-05,0.0,2,2,price=observed;tvl=observed;lp_amount=none,False
2022-04-24T11:00:00+00:00,0.0007248975331019393,0.0007268077278252708,0.0007248975331019393,0.0007268077278252708,0.0007254001872321873,WETH,pool_swap_ratio,2,1865,1166667.7944,,14647196,1849.428,,2,2,0.0,0.0,0.0,0.0,,0,0,,,,0.0,1849.428,-1849.428,2,0.010493840798071521,-0.001583967328817227,0.0,0.0,-0.0015827135146553404,0.0,0.0015827135146553404,0.001940364253907978,2,2,price=observed;tvl=observed;lp_amount=none,False
2022-04-24T12:00:00+00:00,0.0007171444195194342,0.0007247350897568465,0.0007171444195194342,0.0007228982629559293,0.0007243392323346708,WETH,pool_swap_ratio,3,1325,1166112.4301,,14647492,711.8123,,3,3,0.0,0.0,0.0,0.0,,0,0,,,,78.22399999999999,633.5883,-555.3643,3,-0.00539347201603935,-0.0004761394191013201,0.0,0.0,-0.0004760260827167305,0.0,0.0006101242388079072,-0.0019893570780322722,2,2,price=observed;tvl=observed;lp_amount=none,False
2022-04-24T13:00:00+00:00,0.000718472023944419,0.0007235880946681007,0.0007184707904387474,0.0007234795625967116,0.0007211505620389753,WETH,pool_swap_ratio,4,485,1167229.4243,,14647831,10533.1238,,4,3,0.0,0.0,0.0,0.0,,0,0,,,,5825.0595,4708.0653,1116.9942,4,0.0008038005862792152,0.0009574201767464305,0.0,0.0,0.0009578786497492461,0.0,0.009032682894132884,0.003229562147398557,2,2,price=observed;tvl=observed;lp_amount=none,False
2022-04-24T14:00:00+00:00,0.0007241094660416798,0.0007315405603724571,0.0007241094660416798,0.0007260888814081804,0.0007266326514328697,WETH,pool_swap_ratio,5,245,1164621.7263,,14648088,3051.8104000000003,,5,3,0.0,0.0,0.0,0.0,,0,0,,,,222.0562,2829.7542,-2607.698,5,0.003600135806676502,-0.0022365913762364695,0.0,0.0,-0.0022340920694008926,0.0,0.0026145763090492714,-0.0007483424032996844,2,2,price=observed;tvl=observed;lp_amount=none,False
2022-04-24T15:00:00+00:00,0.000729364337264441,0.0007360897440615961,0.0007228112505066076,0.0007228112505066076,0.0007314309543041278,WETH,pool_swap_ratio,7,2183,1163892.8679,,14648212,5282.7746,,7,5,0.0,0.0,0.0,0.0,,0,0,,,,2276.9581,3005.8165,-728.8584000000001,7,-0.004524309744056261,-0.0006260286498693717,0.0,0.0,-0.0006258327348190397,0.0,0.004536043318359996,-0.011784712892990545,2,2,price=observed;tvl=observed;lp_amount=none,False
2022-04-24T16:00:00+00:00,0.0007275037837962604,0.0007275037837962604,0.0007275037837962604,0.0007275037837962604,0.0007275037837962604,WETH,pool_swap_ratio,1,1208,1163780.6826,,14648556,112.1853,,1,1,0.0,0.0,0.0,0.0,,0,0,,,,0.0,112.1853,-112.1853,1,0.006471076357304932,-9.639264068005272e-05,0.0,0.0,-9.638799505869882e-05,0.0,9.638799505869882e-05,0.0,2,2,price=observed;tvl=observed;lp_amount=none,False
2022-04-24T17:00:00+00:00,0.0006770014644560516,0.0007259674117993635,0.0006468907011158544,0.0007259674117993635,0.0006890464083585793,WETH,pool_swap_ratio,15,1599,1165043.4174,,14648800,119619.392,,15,9,0.0,0.0,0.0,0.0,,0,0,,,,60441.06379999999,59178.329,1262.734799999991,14,-0.0021140736380085645,0.001084439931507975,0.0,0.0,0.0010850281491001535,0.0,0.10278516716118588,0.053582752907363806,2,2,price=observed;tvl=observed;lp_amount=none,False
2022-04-24T18:00:00+00:00,0.0007248332518236725,0.0007260068831451971,0.000722904936141683,0.0007260068831451971,0.0007249355392286296,WETH,pool_swap_ratio,3,439,1166305.7593999999,,14649134,2483.9786,,3,3,0.0,0.0,0.0,0.0,,0,0,,,,1873.1603,610.8183,1262.342,3,5.436920747258738e-05,0.0010829284055154705,0.0,0.0,0.0010835149842030258,0.0,0.00213209101300571,0.0014778471444611974,2,2,price=observed;tvl=observed;lp_amount=none,False
2022-04-24T19:00:00+00:00,0.0007207553730147079,0.0007207553730147079,0.0006851263792273828,0.0007136334458056185,0.0006994687136165363,WETH,pool_swap_ratio,9,1278,1173117.8039,,14649332,36906.2653,,9,6,0.0,0.0,0.0,0.0,,0,0,,,,21859.1549,15047.110400000001,6812.0445,9,-0.01719004640640205,0.005823711327647883,0.0,0.0,0.005840702101569336,0.0,0.03164373064485786,0.020250701587273046,2,2,price=observed;tvl=observed;lp_amount=none,False
2022-04-24T20:00:00+00:00,0.0007158382837214416,0.0007158382837214416,0.0007121562977784985,0.0007121562977784985,0.0007143056557264908,WETH,pool_swap_ratio,2,2643,1172674.624,,14649485,2645.8617,,2,2,0.0,0.0,0.0,0.0,,0,0,,,,1101.3409,1544.5208,-443.1799000000001,2,-0.0020720426167477944,-0.00037785091298070617,0.0,0.0,-0.0003777795363148184,0.0,0.0022554100629995563,-0.0030090171213978945,2,2,price=observed;tvl=observed;lp_amount=none,False
2022-04-24T21:00:00+00:00,0.0007152233405968325,0.0007152233405968325,0.0007152233405968325,0.0007152233405968325,0.0007152233405968325,WETH,pool_swap_ratio,1,3198,1172545.1861,,14649724,129.4379,,1,1,0.0,0.0,0.0,0.0,,0,0,,,,0.0,129.4379,-129.4379,1,0.004297451716525436,-0.00011038445059525907,0.0,0.0,-0.00011037835845589168,0.0,0.00011037835845589168,0.0,2,2,price=observed;tvl=observed;lp_amount=none,False
2022-04-24T22:00:00+00:00,0.0007181915732812705,0.0007233645251548383,0.0007163226015448258,0.0007233645251548383,0.0007190447078880203,WETH,pool_swap_ratio,5,17,1169391.2856,,14650259,4318.0981,,5,4,0.0,0.0,0.0,0.0,,0,0,,,,582.0988,3735.9993000000004,-3153.9005000000006,5,0.011318420881054813,-0.0026934141423309885,0.0,0.0,-0.002689790156821318,0.0,0.003682670954765007,0.006007717210667174,2,2,price=observed;tvl=observed;lp_amount=none,False
2022-04-24T23:00:00+00:00,0.0007178569688237405,0.0007178569688237405,0.0007178569688237405,0.0007178569688237405,0.0007178569688237405,WETH,pool_swap_ratio,1,3438,1170391.2856,,14650266,1000.0,,1,1,0.0,0.0,0.0,0.0,,0,0,,,,1000.0,0.0,1000.0,1,-0.007642937833188811,0.0008547803314686502,0.0,0.0,0.0008551457602892196,0.0,0.0008551457602892196,0.0,2,2,price=observed;tvl=observed;lp_amount=none,False
2022-04-25T00:00:00+00:00,0.0007237037662871106,0.0007363519141679118,0.0007237037662871106,0.0007346979737015446,0.0007297022524969352,WETH,pool_swap_ratio,10,220,1160632.3632999999,,14650781,24045.880799999995,,10,6,0.0,0.0,0.0,0.0,,0,0,,,,7143.4918,16902.414099999998,-9758.922299999998,10,0.023189153190726147,-0.008373127677573212,0.0,0.0,-0.008338170678532604,0.0,0.020545163908728948,0.006846246105880471,2,2,price=observed;tvl=observed;lp_amount=none,False
2022-04-25T01:00:00+00:00,,,,0.0007346979737015446,,WETH,pool_swap_ratio,0,3820,1160632.3632999999,,14650781,0.0,,0,0,0.0,0.0,0.0,0.0,,0,0,,,,0.0,0.0,0.0,0,0.0,0.0,0.0,0.0,0.0,0.0,0.0,,2,2,price=carried;tvl=carried;lp_amount=none,True
2022-04-25T02:00:00+00:00,0.0007433528209925352,0.0007433528209925352,0.0007405891933980858,0.0007405891933980858,0.0007430531462662856,WETH,pool_swap_ratio,3,187,1157551.6192,,14651305,6339.8161,,3,3,0.0,0.0,0.0,0.0,,0,0,,,,1629.5359999999998,4710.2801,-3080.7441,3,0.007986582059978587,-0.0026578959538095144,0.0,0.0,-0.0026543668756923077,0.0,0.005462380940312696,-0.0033159847052404157,2,2,price=observed;tvl=observed;lp_amount=none,False
2022-04-25T03:00:00+00:00,0.0007398957877658189,0.0007398957877658189,0.0007398957877658189,0.0007398957877658189,0.0007398957877658189,WETH,pool_swap_ratio,1,2421,1158070.9653999999,,14651408,519.3462,,1,1,0.0,0.0,0.0,0.0,,0,0,,,,519.3462,0.0,519.3462,1,-0.0009367277504222393,0.0004485585968642389,0.0,0.0,0.00044865921431558043,0.0,0.00044865921431558043,0.0,2,2,price=observed;tvl=observed;lp_amount=none,False
2022-04-25T04:00:00+00:00,0.0007284633771715801,0.0007377900350418735,0.0007284633771715801,0.0007344602921951031,0.0007357978823901917,WETH,pool_swap_ratio,3,192,1161316.8539,,14651813,3245.8885,,3,2,0.0,0.0,0.0,0.0,,0,0,,,,3245.8885,0.0,3245.8885,3,-0.007373415785582935,0.002798920121940896,0.0,0.0,0.002802840755858916,0.0,0.002802840755858916,-0.001817877201200302,2,2,price=observed;tvl=observed;lp_amount=none,False
2022-04-25T05:00:00+00:00,0.0007305047994423759,0.000732668740264291,0.000724108868533966,0.0007252723740353255,0.0007265064782270916,WETH,pool_swap_ratio,5,2333,1166145.0007,,14651910,9790.435599999999,,5,5,0.0,0.0,0.0,0.0,,0,0,,,,7309.2912,2481.1444,4828.1467999999995,5,-0.01258866052596993,0.004148857448329053,0.0,0.0,0.004157475872141047,0.0,0.008430460271993128,-0.0016986829832237316,2,2,price=observed;tvl=observed;lp_amount=none,False
2022-04-25T06:00:00+00:00,0.0007264413899270765,0.0007289203224212189,0.0007264413899270765,0.0007289203224212189,0.0007285837568182655,WETH,pool_swap_ratio,2,491,1164620.6789,,14652307,2092.5286,,2,2,0.0,0.0,0.0,0.0,,0,0,,,,284.1034,1808.4252,-1524.3218,2,0.005017156318988067,-0.0013080010836504178,0.0,0.0,-0.0013071460230803182,0.0,0.0017943982941606073,0.00046194497173979165,2,2,price=observed;tvl=observed;lp_amount=none,False
2022-04-25T07:00:00+00:00,0.000707485585252902,0.00072183164678962,0.0007036336922798689,0.0007193865055268258,0.0007138408841774474,WETH,pool_swap_ratio,14,631,1169323.6380999999,,14652551,38339.474799999996,,14,9,0.0,0.0,0.0,0.0,,0,0,,,,21521.217,16818.2578,4702.959200000001,12,-0.0131656558149529,0.004030058070323545,0.0,0.0,0.0040381896742912125,0.0,0.032920139144542886,0.007768707946405495,2,2,price=observed;tvl=observed;lp_amount=none,False
2022-04-25T08:00:00+00:00,0.0007280148335325917,0.0007419683522662148,0.0007267471083260131,0.0007393795416384993,0.0007343166715286208,WETH,pool_swap_ratio,10,1882,1157611.2386,,14652714,21549.450800000002,,10,6,0.0,0.0,0.0,0.0,,0,0,,,,4918.5267,16630.926199999998,-11712.399499999998,9,0.027412604120954788,-0.010066889735970176,0.0,0.0,-0.010016388207999572,0.0,0.018428987576968068,0.0068946686166597715,2,2,price=observed;tvl=observed;lp_amount=none,False
2022-04-25T09:00:00+00:00,0.0007367707780421643,0.0007394327663362882,0.0007367707780421643,0.0007394327663362882,0.0007369557285648729,WETH,pool_swap_ratio,2,1004,1159287.2497,,14653067,1946.4887,,2,2,0.0,0.0,0.0,0.0,,0,0,,,,1811.2499,135.2388,1676.0111,2,7.198303330974279e-05,0.0014467715360067857,0.0,0.0,0.0014478186148459875,0.0,0.0016814701128455337,0.003361175814779349,2,2,price=observed;tvl=observed;lp_amount=none,False
2022-04-25T10:00:00+00:00,0.0007344041807204345,0.0007347170136398378,0.0007291858245798041,0.0007338229737550807,0.0007319319429105618,WETH,pool_swap_ratio,5,1773,1163825.6376,,14653268,5627.2425,,5,3,0.0,0.0,0.0,0.0,,0,0,,,,5082.8152,544.4273,4538.3879,5,-0.007615540928661461,0.0039071658535184345,0.0,0.0,0.003914808776836321,0.0,0.004854053644992831,0.002583615680167073,2,2,price=observed;tvl=observed;lp_amount=none,False
2022-04-25T11:00:00+00:00,0.0007253614819176477,0.0007316341953778713,0.0007253614819176477,0.0007316341953778713,0.0007257102081761001,WETH,pool_swap_ratio,3,1844,1166027.4284,,14653534,2296.7329999999997,,3,2,0.0,0.0,0.0,0.0,,0,0,,,,2249.2619,47.4711,2201.7907999999998,3,-0.0029871633929358177,0.0018900689383352111,0.0,0.0,0.0018918562444976334,0.0,0.0019734339284158075,0.008163020355824502,2,2,price=observed;tvl=observed;lp_amount=none,False
2022-04-25T12:00:00+00:00,0.0007274153938923586,0.0007296854388885377,0.0007223982174244839,0.0007244582331083513,0.0007245362577778956,WETH,pool_swap_ratio,4,982,1169408.4278,,14653874,7396.5816,,4,4,0.0,0.0,0.0,0.0,,0,0,,,,5388.7905,2007.7911,3380.9994,4,-0.009856545127656382,0.0028953925264251588,0.0,0.0,0.002899588223785903,0.0,0.0063434027535265135,-0.00010768911659941871,2,2,price=observed;tvl=observed;lp_amount=none,False
2022-04-25T13:00:00+00:00,0.0007242333470569266,0.0007242333470569266,0.0007242333470569266,0.0007242333470569266,0.0007242333470569266,WETH,pool_swap_ratio,1,784,1167001.9943,,14654144,2406.4335,,1,1,0.0,0.0,0.0,0.0,,0,0,,,,0.0,2406.4335,-2406.4335,1,-0.0003104678129011507,-0.002059941462496796,0.0,0.0,-0.0020578212391774934,0.0,0.0020578212391774934,0.0,2,2,price=observed;tvl=observed;lp_amount=none,False
2022-04-25T14:00:00+00:00,,,,0.0007242333470569266,,WETH,pool_swap_ratio,0,4384,1167001.9943,,14654144,0.0,,0,0,0.0,0.0,0.0,0.0,,0,0,,,,0.0,0.0,0.0,0,0.0,0.0,0.0,0.0,0.0,0.0,0.0,,2,2,price=carried;tvl=carried;lp_amount=none,True
2022-04-25T15:00:00+00:00,0.0007172537566698934,0.0007337088583888015,0.0007172537566698934,0.0007237654136457184,0.0007273459974421506,WETH,pool_swap_ratio,4,337,1168783.9848,,14654696,26439.1141,,4,2,0.0,0.0,0.0,0.0,,0,0,,,,14110.5523,12328.5618,1781.9904999999999,4,-0.0006463174419709425,0.0015258168870506933,0.0,0.0,0.0015269815379097848,0.0,0.022655586047956082,-0.0049228067646264195,2,2,price=observed;tvl=observed;lp_amount=none,False
2022-04-25T16:00:00+00:00,,,,0.0007237654136457184,,WETH,pool_swap_ratio,0,3937,1168783.9848,,14654696,0.0,,0,0,0.0,0.0,0.0,0.0,,0,0,,,,0.0,0.0,0.0,0,0.0,0.0,0.0,0.0,0.0,0.0,0.0,,2,2,price=carried;tvl=carried;lp_amount=none,True
2022-04-25T17:00:00+00:00,0.0007152381281679263,0.0007212661314215064,0.0007120560241520771,0.0007120560241520771,0.0007141256829554461,WETH,pool_swap_ratio,3,1785,1173275.098,,14655112,4491.1132,,3,3,0.0,0.0,0.0,0.0,,0,0,,,,4491.1132,0.0,4491.1132,3,-0.016310731656971264,0.0038351882220557833,0.0,0.0,0.003842551967178529,0.0,0.003842551967178529,-0.002898171642285119,2,2,price=observed;tvl=observed;lp_amount=none,False
2022-04-25T18:00:00+00:00,0.0007112834088545942,0.0007112834088545942,0.0007077485738077802,0.0007077485738077802,0.0007105312415305187,WETH,pool_swap_ratio,2,1119,1173405.0033,,14655440,226.1481,,2,2,0.0,0.0,0.0,0.0,,0,0,,,,178.0267,48.1214,129.9053,2,-0.006067685040636955,0.00011071411059444023,0.0,0.0,0.00011072023962789332,0.0,0.000192749424568457,-0.003916320015351471,2,2,price=observed;tvl=observed;lp_amount=none,False
2022-04-25T19:00:00+00:00,0.0007394898495032446,0.000793811193519777,0.0007233035461409329,0.0007259438056123363,0.0007416581552115414,WETH,pool_swap_ratio,10,1691,1169173.3733,,14655675,50870.5132,,10,5,0.0,0.0,0.0,0.0,,0,0,,,,23319.441600000002,27551.071600000003,-4231.630000000001,10,0.025383700208582046,-0.0036128008735912456,0.0,0.0,-0.003606282560666836,0.0,0.04335290292519243,-0.02118813025756172,2,2,price=observed;tvl=observed;lp_amount=none,False
2022-04-25T20:00:00+00:00,0.0007181830493516274,0.0007181830493516274,0.0007153763078689412,0.0007153763078689412,0.0007157259922640969,WETH,pool_swap_ratio,2,3149,1171846.1975,,14655825,2672.8242,,2,2,0.0,0.0,0.0,0.0,,0,0,,,,2672.8242,0.0,2672.8242,2,-0.01466390013515656,0.0022834711804500026,0.0,0.0,0.0022860802863273687,0.0,0.0022860802863273687,-0.0004885729999124511,2,2,price=observed;tvl=observed;lp_amount=none,False
2022-04-25T21:00:00+00:00,,,,0.0007153763078689412,,WETH,pool_swap_ratio,0,6749,1171846.1975,,14655825,0.0,,0,0,0.0,0.0,0.0,0.0,,0,0,,,,0.0,0.0,0.0,0,0.0,0.0,0.0,0.0,0.0,0.0,0.0,,2,2,price=carried;tvl=carried;lp_amount=none,True
2022-04-25T22:00:00+00:00,0.0007064152849654181,0.0007161983852675465,0.0007064152849654181,0.0007161983852675465,0.0007085500484052088,WETH,pool_swap_ratio,4,1506,1171849.2753,,14656476,8557.671,,4,4,0.0,0.0,0.0,0.0,,0,0,,,,4280.3744,4277.2966,3.0778000000000247,4,0.0011484940225744127,2.626450437698618e-06,0.0,0.0,2.626453886667175e-06,0.0,0.007302725407358759,0.010794349502272205,2,2,price=observed;tvl=observed;lp_amount=none,False
2022-04-25T23:00:00+00:00,0.0007158734244205212,0.0007158734244205212,0.0007101074912405071,0.0007101074912405071,0.0007104626556369033,WETH,pool_swap_ratio,2,602,1173520.7437,,14656810,1671.4684,,2,2,0.0,0.0,0.0,0.0,,0,0,,,,1671.4684,0.0,1671.4684,2,-0.008540848289122358,0.001425334739879678,0.0,0.0,0.0014263510122256076,0.0,0.0014263510122256076,-0.0004999057917798311,2,2,price=observed;tvl=observed;lp_amount=none,False
2022-04-26T00:00:00+00:00,,,,0.0007101074912405071,,WETH,pool_swap_ratio,0,4202,1173520.7437,,14656810,0.0,,0,0,0.0,0.0,0.0,0.0,,0,0,,,,0.0,0.0,0.0,0,0.0,0.0,0.0,0.0,0.0,0.0,0.0,,2,2,price=carried;tvl=carried;lp_amount=none,True
2022-04-26T01:00:00+00:00,0.000712639517001441,0.000712639517001441,0.000712639517001441,0.000712639517001441,0.000712639517001441,WETH,pool_swap_ratio,1,1959,1173240.0969,,14657233,280.6468,,1,1,0.0,0.0,0.0,0.0,,0,0,,,,0.0,280.6468,-280.6468,1,0.0035593516197161127,-0.00023917801633861665,0.0,0.0,-0.00023914941555710993,0.0,0.00023914941555710993,0.0,2,2,price=observed;tvl=observed;lp_amount=none,False
2022-04-26T02:00:00+00:00,0.0007131511636149088,0.0007145552199507913,0.0007089281709166971,0.0007145552199507913,0.000713569937226839,WETH,pool_swap_ratio,4,520,1172771.4072,,14657640,1783.5205,,4,4,0.0,0.0,0.0,0.0,,0,0,,,,657.4154,1126.1051,-468.6897,4,0.002684572820061457,-0.0003995630076122035,0.0,0.0,-0.00039948319294439214,0.0,0.0015201666774878532,0.0013807794759141956,2,2,price=observed;tvl=observed;lp_amount=none,False
2022-04-26T03:00:00+00:00,0.0007134776735734026,0.0007165978072250126,0.0007134776735734026,0.0007165978072250126,0.0007158335789561769,WETH,pool_swap_ratio,2,1150,1172179.061,,14657848,592.3462,,2,2,0.0,0.0,0.0,0.0,,0,0,,,,0.0,592.3462,-592.3462,2,0.002854465766200212,-0.000505209999641278,0.0,0.0,-0.000505082402558083,0.0,0.000505082402558083,0.0010676060627807793,2,2,price=observed;tvl=observed;lp_amount=none,False
2022-04-26T04:00:00+00:00,,,,0.0007165978072250126,,WETH,pool_swap_ratio,0,4750,1172179.061,,14657848,0.0,,0,0,0.0,0.0,0.0,0.0,,0,0,,,,0.0,0.0,0.0,0,0.0,0.0,0.0,0.0,0.0,0.0,0.0,,2,2,price=carried;tvl=carried;lp_amount=none,True
2022-04-26T05:00:00+00:00,,,,0.0007165978072250126,,WETH,pool_swap_ratio,0,8350,1172179.061,,14657848,0.0,,0,0,0.0,0.0,0.0,0.0,,0,0,,,,0.0,0.0,0.0,0,0.0,0.0,0.0,0.0,0.0,0.0,0.0,,2,2,price=carried;tvl=carried;lp_amount=none,True
2022-04-26T06:00:00+00:00,0.0007142253791793575,0.000719239790454148,0.0007142253791793575,0.0007150265586870366,0.0007166365859436914,WETH,pool_swap_ratio,4,740,1171953.8602,,14658680,791.5488,,4,3,0.0,0.0,0.0,0.0,,0,0,,,,283.174,508.37480000000005,-225.20080000000007,4,-0.002195057874511224,-0.0001921399581534769,0.0,0.0,-0.00019212150045393113,0.0,0.0006752797642748543,-0.002246643959064265,2,2,price=observed;tvl=observed;lp_amount=none,False
2022-04-26T07:00:00+00:00,0.0007130392483091218,0.0007273009749663886,0.0007102348376295942,0.0007273009749663886,0.0007210287196382022,WETH,pool_swap_ratio,8,2104,1167666.0758,,14658836,7115.752600000001,,8,7,0.0,0.0,0.0,0.0,,0,0,,,,1413.9841000000001,5701.7685,-4287.7844000000005,8,0.017020700667127877,-0.003665372426126265,0.0,0.0,-0.003658663148452165,0.0,0.006071700296106931,0.008699036747570554,2,2,price=observed;tvl=observed;lp_amount=none,False
2022-04-26T08:00:00+00:00,,,,0.0007273009749663886,,WETH,pool_swap_ratio,0,5704,1167666.0758,,14658836,0.0,,0,0,0.0,0.0,0.0,0.0,,0,0,,,,0.0,0.0,0.0,0,0.0,0.0,0.0,0.0,0.0,0.0,0.0,,2,2,price=carried;tvl=carried;lp_amount=none,True
2022-04-26T09:00:00+00:00,,,,0.0007273009749663886,,WETH,pool_swap_ratio,0,9304,1167666.0758,,14658836,0.0,,0,0,0.0,0.0,0.0,0.0,,0,0,,,,0.0,0.0,0.0,0,0.0,0.0,0.0,0.0,0.0,0.0,0.0,,2,2,price=carried;tvl=carried;lp_amount=none,True
2022-04-26T10:00:00+00:00,0.0007236515833669836,0.0007243740044054396,0.0007179081138861401,0.0007234609105087511,0.0007222636758790993,WETH,pool_swap_ratio,4,1616,1167213.4249,,14659647,8748.172499999999,,4,4,0.0,0.0,0.0,0.0,,0,0,,,,4147.7608,4600.4117,-452.65089999999964,4,-0.005293871398544574,-0.0003877295642323393,0.0,0.0,-0.0003876544068387669,0.0,0.007492015638123585,0.001657614344504399,2,2,price=observed;tvl=observed;lp_amount=none,False
2022-04-26T11:00:00+00:00,0.0007280855712145507,0.0007280855712145507,0.0007280855712145507,0.0007280855712145507,0.0007280855712145507,WETH,pool_swap_ratio,1,1841,1167111.9499,,14659898,101.475,,1,1,0.0,0.0,0.0,0.0,,0,0,,,,0.0,101.475,-101.475,1,0.006372067876626817,-8.694160733506389e-05,0.0,0.0,-8.69378280229203e-05,0.0,8.69378280229203e-05,0.0,2,2,price=observed;tvl=observed;lp_amount=none,False
2022-04-26T12:00:00+00:00,0.0007233415014337789,0.0007233415014337789,0.0007233415014337789,0.0007233415014337789,0.0007233415014337789,WETH,pool_swap_ratio,1,2290,1167285.338,,14660125,173.3881,,1,1,0.0,0.0,0.0,0.0,,0,0,,,,173.3881,0.0,173.3881,1,-0.006537134058791877,0.0001485506355047631,0.0,0.0,0.00014856166969660125,0.0,0.00014856166969660125,0.0,2,2,price=observed;tvl=observed;lp_amount=none,False
2022-04-26T13:00:00+00:00,0.0007311724629960618,0.0007311724629960618,0.0007288558797258608,0.0007288558797258608,0.0007307705875879221,WETH,pool_swap_ratio,3,1169,1164457.855,,14660448,6416.601199999999,,3,3,0.0,0.0,0.0,0.0,,0,0,,,,1794.5591,4622.0421,-2827.4829999999997,3,0.0075945665075570585,-0.002425210798807437,0.0,0.0,-0.002422272351029907,0.0,0.005497028867846534,-0.0026201216833058316,2,2,price=observed;tvl=observed;lp_amount=none,False
2022-04-26T14:00:00+00:00,0.000734385654821192,0.0007371225585951193,0.0007185927861622023,0.0007367432265669608,0.0007295288873429719,WETH,pool_swap_ratio,11,243,1161424.6116,,14660774,42477.367,,11,6,0.0,0.0,0.0,0.0,,0,0,,,,19722.0618,22755.3052,-3033.2433999999994,10,0.010763411295108046,-0.0026082531367340824,0.0,0.0,-0.0026048545999116466,0.0,0.03647823475758167,0.009889038459140798,2,2,price=observed;tvl=observed;lp_amount=none,False
2022-04-26T15:00:00+00:00,0.0007418555408456577,0.0007418555408456577,0.0007410752728373892,0.0007410752728373892,0.000741693243958355,WETH,pool_swap_ratio,2,3266,1157980.6957,,14660815,5897.209,,2,2,0.0,0.0,0.0,0.0,,0,0,,,,1226.665,4670.5809,-3443.9159,2,0.005862775003343146,-0.002969656420213489,0.0,0.0,-0.0029652513521782513,0.0,0.005077565036163557,-0.0008331896319666576,2,2,price=observed;tvl=observed;lp_amount=none,False
2022-04-26T16:00:00+00:00,0.0007356206981742449,0.0007356206981742449,0.0007162707189248319,0.0007162707189248319,0.0007296481684210511,WETH,pool_swap_ratio,4,1444,1168201.5515,,14661211,10220.855800000001,,4,3,0.0,0.0,0.0,0.0,,0,0,,,,10220.855800000001,0.0,10220.855800000001,4,-0.03404400835717236,0.008787722102929075,0.0,0.0,0.008826447485656475,0.0,0.008826447485656475,-0.018334109609523086,2,2,price=observed;tvl=observed;lp_amount=none,False
2022-04-26T17:00:00+00:00,0.0007195931551617993,0.0007195931551617993,0.0007195931551617993,0.0007195931551617993,0.0007195931551617993,WETH,pool_swap_ratio,1,2199,1170088.3103999998,,14661436,1886.7589,,1,1,0.0,0.0,0.0,0.0,,0,0,,,,1886.7589,0.0,1886.7589,1,0.004627795470731507,0.0016137942008143413,0.0,0.0,0.001615097067434429,0.0,0.001615097067434429,0.0,2,2,price=observed;tvl=observed;lp_amount=none,False
2022-04-26T18:00:00+00:00,0.000717014712451403,0.000717014712451403,0.000717014712451403,0.000717014712451403,0.000717014712451403,WETH,pool_swap_ratio,1,3093,1170408.3103999998,,14661629,320.0,,1,1,0.0,0.0,0.0,0.0,,0,0,,,,320.0,0.0,320.0,1,-0.003589630179845901,0.0002734462414089276,0.0,0.0,0.00027348363124028355,0.0,0.00027348363124028355,0.0,2,2,price=observed;tvl=observed;lp_amount=none,False
2022-04-26T19:00:00+00:00,0.000726375508438949,0.000726375508438949,0.000726375508438949,0.000726375508438949,0.000726375508438949,WETH,pool_swap_ratio,1,1553,1165517.9038,,14661982,4890.4066,,1,1,0.0,0.0,0.0,0.0,,0,0,,,,0.0,4890.4066,-4890.4066,1,0.01297075051547917,-0.0041871303255880815,0.0,0.0,-0.004178376517446848,0.0,0.004178376517446848,0.0,2,2,price=observed;tvl=observed;lp_amount=none,False
2022-04-26T20:00:00+00:00,0.0007333394900525367,0.0007378398279325317,0.0007299567078957166,0.0007309028579110698,0.0007336054099960791,WETH,pool_swap_ratio,4,537,1164527.4849999999,,14662322,3867.6158,,4,4,0.0,0.0,0.0,0.0,,0,0,,,,1438.5985,2429.0173000000004,-990.4188000000004,4,0.0062134512420672335,-0.0008501283832584164,0.0,0.0,-0.0008497671265030639,0.0,0.003318366699808048,-0.0036839315089343128,2,2,price=observed;tvl=observed;lp_amount=none,False
2022-04-26T21:00:00+00:00,,,,0.0007309028579110698,,WETH,pool_swap_ratio,0,4137,1164527.4849999999,,14662322,0.0,,0,0,0.0,0.0,0.0,0.0,,0,0,,,,0.0,0.0,0.0,0,0.0,0.0,0.0,0.0,0.0,0.0,0.0,,2,2,price=carried;tvl=carried;lp_amount=none,True
2022-04-26T22:00:00+00:00,0.0007270023706597987,0.0007270023706597987,0.0007270023706597987,0.0007270023706597987,0.0007270023706597987,WETH,pool_swap_ratio,1,1179,1164622.6878,,14662832,95.2028,,1,1,0.0,0.0,0.0,0.0,,0,0,,,,95.2028,0.0,95.2028,1,-0.005350823196413327,8.174895819514694e-05,0.0,0.0,8.17522997321098e-05,0.0,8.17522997321098e-05,0.0,2,2,price=observed;tvl=observed;lp_amount=none,False
2022-04-26T23:00:00+00:00,0.0007364216106989604,0.0007364216106989604,0.0007364216106989604,0.0007364216106989604,0.0007364216106989604,WETH,pool_swap_ratio,1,2502,1159741.1838,,14663002,4881.504,,1,1,0.0,0.0,0.0,0.0,,0,0,,,,0.0,4881.504,-4881.504,1,0.012873056933649315,-0.004200298616299629,0.0,0.0,-0.004191489699742392,0.0,0.004191489699742392,0.0,2,2,price=observed;tvl=observed;lp_amount=none,False
2022-04-27T00:00:00+00:00,0.0007319064615433641,0.0007319064615433641,0.0007265978910108385,0.0007265978910108385,0.0007318047902067112,WETH,pool_swap_ratio,2,988,1164833.935,,14663363,5092.751200000001,,2,2,0.0,0.0,0.0,0.0,,0,0,,,,5092.751200000001,0.0,5092.751200000001,2,-0.013429578103967322,0.004381668982686001,0.0,0.0,0.004391282530222068,0.0,0.004391282530222068,-0.007115147735507366,2,2,price=observed;tvl=observed;lp_amount=none,False
2022-04-27T01:00:00+00:00,0.0007253817377991946,0.0007253817377991946,0.0007253817377991946,0.0007253817377991946,0.0007253817377991946,WETH,pool_swap_ratio,1,362,1165575.2486,,14663682,257.0,,1,1,484.3136,0.0,484.3136,484.3136,0.0,1,0,,,,741.3136,0.0,741.3136,2,-0.0016751660586811449,0.0006362089801409481,0.00041577909558412717,0.00041577909558412717,0.0006364114039998327,0.0,0.0002206323084157056,0.0,2,2,price=observed;tvl=observed;lp_amount=quantified,False
2022-04-27T02:00:00+00:00,,,,0.0007253817377991946,,WETH,pool_swap_ratio,0,3962,1165575.2486,,14663682,0.0,,0,0,0.0,0.0,0.0,0.0,,0,0,,,,0.0,0.0,0.0,0,0.0,0.0,0.0,0.0,0.0,0.0,0.0,,2,2,price=carried;tvl=carried;lp_amount=none,True
2022-04-27T03:00:00+00:00,0.0007242713582980743,0.0007242713582980743,0.0007242713582980743,0.0007242713582980743,0.0007242713582980743,WETH,pool_swap_ratio,1,3314,1167738.8731,,14664017,2163.6245,,1,1,0.0,0.0,0.0,0.0,,0,0,,,,2163.6245,0.0,2163.6245,1,-0.0015319247360105692,0.001854551086800944,0.0,0.0,0.0018562718302390004,0.0,0.0018562718302390004,0.0,2,2,price=observed;tvl=observed;lp_amount=none,False
2022-04-27T04:00:00+00:00,,,,0.0007242713582980743,,WETH,pool_swap_ratio,0,6914,1167738.8731,,14664017,0.0,,0,0,0.0,0.0,0.0,0.0,,0,0,,,,0.0,0.0,0.0,0,0.0,0.0,0.0,0.0,0.0,0.0,0.0,,2,2,price=carried;tvl=carried;lp_amount=none,True
2022-04-27T05:00:00+00:00,0.0007234250196249434,0.0007246523440780682,0.0007195227593762831,0.0007246523440780682,0.0007225023432815007,WETH,pool_swap_ratio,5,1520,1167771.4341,,14664668,3399.3724,,5,3,0.0,168.2812,-168.2812,168.2812,0.0,0,1,,,1.0,1804.4151999999997,1771.8542,32.560999999999694,6,0.0005258879927900887,2.7883413660600074e-05,-0.00014410858786713453,0.00014410858786713453,2.7883802406577344e-05,0.00014410858786713453,0.00291107239667005,0.0029757699979249264,2,2,price=observed;tvl=observed;lp_amount=quantified,False
2022-04-27T06:00:00+00:00,0.0007185268585730685,0.0007218542887437988,0.0007185268585730685,0.0007218542887437988,0.0007199115870454848,WETH,pool_swap_ratio,2,2345,1168674.1511,,14664859,5383.282999999999,,2,2,0.0,0.0,0.0,0.0,,0,0,,,,3143.0,2240.283,902.7170000000001,2,-0.003868712055151779,0.0007727267869077686,0.0,0.0,0.0007730254171662651,0.0,0.0046098772780384795,0.002698528171058978,2,2,price=observed;tvl=observed;lp_amount=none,False
2022-04-27T07:00:00+00:00,0.0007184512193335613,0.0007184512193335613,0.0007184512193335613,0.0007184512193335613,0.0007184512193335613,WETH,pool_swap_ratio,1,1221,1170203.2773,,14665212,1529.1262,,1,1,0.0,0.0,0.0,0.0,,0,0,,,,1529.1262,0.0,1529.1262,1,-0.004725491534638939,0.0013075729401640817,0.0,0.0,0.0013084281863860248,0.0,0.0013084281863860248,0.0,2,2,price=observed;tvl=observed;lp_amount=none,False
2022-04-27T08:00:00+00:00,0.0007198075064088369,0.0007198075064088369,0.0007198075064088369,0.0007198075064088369,0.0007198075064088369,WETH,pool_swap_ratio,1,380,1170685.7782,,14665532,482.5009,,1,1,0.0,0.0,0.0,0.0,,0,0,,,,482.5009,0.0,482.5009,1,0.0018860132089331494,0.0004122373127419385,0.0,0.0,0.00041232229421991553,0.0,0.00041232229421991553,0.0,2,2,price=observed;tvl=observed;lp_amount=none,False
2022-04-27T09:00:00+00:00,0.0007233012727525251,0.0007303361928524963,0.0007233012727525251,0.0007303361928524963,0.0007280016239061923,WETH,pool_swap_ratio,3,1708,1163109.8718,,14665697,7575.9064,,3,2,0.0,0.0,0.0,0.0,,0,0,,,,0.0,7575.9064,-7575.9064,3,0.014521142226214605,-0.006492370496024162,0.0,0.0,-0.006471340594611487,0.0,0.006471340594611487,0.0032068183224338576,2,2,price=observed;tvl=observed;lp_amount=none,False
2022-04-27T10:00:00+00:00,0.0007362639379322701,0.0007362639379322701,0.0007309049612295842,0.0007309049612295842,0.0007327163370081715,WETH,pool_swap_ratio,2,227,1164022.9545,,14666071,2818.2917,,2,2,0.0,0.0,0.0,0.0,,0,0,,,,1865.6872,952.6045,913.0827,2,0.0007784730182594753,0.0007847276584617728,0.0,0.0,0.0007850356377656186,0.0,0.0024230657552914425,-0.0024721378343814937,2,2,price=observed;tvl=observed;lp_amount=none,False
2022-04-27T11:00:00+00:00,0.0007352504369908088,0.0007352504369908088,0.0007319117370069367,0.0007319117370069367,0.0007342378443961347,WETH,pool_swap_ratio,2,1607,1163004.702,,14666229,2588.2602,,2,2,0.0,0.0,0.0,0.0,,0,0,,,,785.0156,1803.2681,-1018.2525,2,0.0013764895321876271,-0.0008751529550110914,0.0,0.0,-0.0008747701203516086,0.0,0.0022235473879566006,-0.0031680570634589067,2,2,price=observed;tvl=observed;lp_amount=none,False
2022-04-27T12:00:00+00:00,0.0007312840363924743,0.0007367631437230918,0.0007312840363924743,0.0007367631437230918,0.000736348481321559,WETH,pool_swap_ratio,2,206,1161706.4494,,14666614,1298.2526,,2,2,0.0,0.0,0.0,0.0,,0,0,,,,0.0,1298.2526,-1298.2526,2,0.006606532766757516,-0.0011169153072477923,0.0,0.0,-0.0011162917895064539,0.0,0.0011162917895064539,0.0005631333696629603,2,2,price=observed;tvl=observed;lp_amount=none,False
2022-04-27T13:00:00+00:00,0.0007314902372000982,0.0007314902372000982,0.0007314902372000982,0.0007314902372000982,0.0007314902372000982,WETH,pool_swap_ratio,1,902,1163733.9965,,14666815,2027.5471,,1,1,0.0,0.0,0.0,0.0,,0,0,,,,2027.5471,0.0,2027.5471,1,-0.007182587502125396,0.0017437966363400403,0.0,0.0,0.0017453179338439507,0.0,0.0017453179338439507,0.0,2,2,price=observed;tvl=observed;lp_amount=none,False
2022-04-27T14:00:00+00:00,0.0007388130749303776,0.0007532936115301652,0.0007354555004419565,0.0007442011160987128,0.0007427175202807273,WETH,pool_swap_ratio,5,825,1157917.118,,14667099,9040.8377,,5,4,0.0,0.0,0.0,0.0,,0,0,,,,1611.9796000000001,7428.8580999999995,-5816.878499999999,5,0.017227441544449856,-0.005010994662820842,0.0,0.0,-0.004998460573889404,0.0,0.0077688180694135125,0.0019975236580183076,2,2,price=observed;tvl=observed;lp_amount=none,False
2022-04-27T15:00:00+00:00,0.0007549908587831335,0.0007691543984438599,0.0007426542109138206,0.0007426542109138206,0.0007558257380968954,WETH,pool_swap_ratio,4,1637,1157540.0859,,14667319,25241.943300000003,,4,3,0.0,0.0,0.0,0.0,,0,0,,,,12432.455600000001,12809.4877,-377.03209999999854,4,-0.0020807750625299565,-0.00032566536120575237,0.0,0.0,-0.00032561233799809715,0.0,0.021799438757412,-0.017426671941920824,2,2,price=observed;tvl=observed;lp_amount=none,False
2022-04-27T16:00:00+00:00,0.0007353331408913594,0.0007360771618238652,0.0007353331408913594,0.0007360771618238652,0.000735486220705704,WETH,pool_swap_ratio,2,178,1161037.4255000001,,14667730,5942.7354000000005,,2,2,0.0,0.0,0.0,0.0,,0,0,,,,4720.0375,1222.6979,3497.3396000000002,2,-0.008895587910186792,0.0030167999432999786,0.0,0.0,0.003021355063726178,0.0,0.005133934860994001,0.00080347000599712,2,2,price=observed;tvl=observed;lp_amount=none,False
2022-04-27T17:00:00+00:00,0.0007378063803571366,0.0007456650733224454,0.0007378063803571366,0.0007456650733224454,0.0007421485156510555,WETH,pool_swap_ratio,3,1319,1156382.44,,14667902,5054.9855,,3,1,0.0,0.0,0.0,0.0,,0,0,,,,200.0,4854.9855,-4654.9855,3,0.012941583346584783,-0.004017391781295621,0.0,0.0,-0.004009332858495352,0.0,0.004353852329801577,0.004738347645019569,2,2,price=observed;tvl=observed;lp_amount=none,False
2022-04-27T18:00:00+00:00,0.0007492134117744195,0.0007492134117744195,0.0007349138671086902,0.0007349138671086902,0.0007425461319035658,WETH,pool_swap_ratio,3,927,1160936.4775,,14668195,10554.0375,,3,3,0.0,0.0,0.0,0.0,,0,0,,,,7554.0375,3000.0,4554.0375,3,-0.014523231276182765,0.003930441622266533,0.0,0.0,0.003938175937711404,0.0,0.009126770811220552,-0.010278505896071155,2,2,price=observed;tvl=observed;lp_amount=none,False
2022-04-27T19:00:00+00:00,,,,0.0007349138671086902,,WETH,pool_swap_ratio,0,4527,1160936.4775,,14668195,0.0,,0,0,0.0,0.0,0.0,0.0,,0,0,,,,0.0,0.0,0.0,0,0.0,0.0,0.0,0.0,0.0,0.0,0.0,,2,2,price=carried;tvl=carried;lp_amount=none,True
2022-04-27T20:00:00+00:00,0.0007403146819056689,0.0007403146819056689,0.0007403146819056689,0.0007403146819056689,0.0007403146819056689,WETH,pool_swap_ratio,1,2240,1161911.1114999999,,14668634,974.634,,1,1,0.0,0.0,0.0,0.0,,0,0,,,,974.634,0.0,974.634,1,0.007322036886700281,0.0008391717664222391,0.0,0.0,0.0008395239695618919,0.0,0.0008395239695618919,0.0,2,2,price=observed;tvl=observed;lp_amount=none,False
2022-04-27T21:00:00+00:00,0.0007344013879492093,0.0007344013879492093,0.0007344013879492093,0.0007344013879492093,0.0007344013879492093,WETH,pool_swap_ratio,1,807,1162005.2919,,14668978,94.1804,,1,1,0.0,0.0,0.0,0.0,,0,0,,,,94.1804,0.0,94.1804,1,-0.008019612411759774,8.105317378359928e-05,0.0,0.0,8.105645868074652e-05,0.0,8.105645868074652e-05,0.0,2,2,price=observed;tvl=observed;lp_amount=none,False
2022-04-27T22:00:00+00:00,0.0007394291212821504,0.0007394291212821504,0.0007345122015251007,0.0007345122015251007,0.0007365292300882369,WETH,pool_swap_ratio,2,690,1162094.0843,,14669226,494.51079999999996,,2,2,0.0,0.0,0.0,0.0,,0,0,,,,291.6516,202.8592,88.79239999999999,2,0.00015087827751848268,7.641015780333395e-05,0.0,0.0,7.641307713393898e-05,0.0,0.00042556673661220867,-0.0027385587438185643,2,2,price=observed;tvl=observed;lp_amount=none,False
2022-04-27T23:00:00+00:00,0.0007319126532846053,0.0007319126532846053,0.0007295362180365366,0.0007295362180365366,0.0007295518225238178,WETH,pool_swap_ratio,2,1750,1164378.4611,,14669410,2284.3768,,2,2,0.0,0.0,0.0,0.0,,0,0,,,,2284.3768,0.0,2284.3768,2,-0.00679759300664479,0.001963812157310344,0.0,0.0,0.0019657416992842013,0.0,0.0019657416992842013,-2.138914166127659e-05,2,2,price=observed;tvl=observed;lp_amount=none,False
2022-04-28T00:00:00+00:00,0.0007254743250757581,0.0007254743250757581,0.0007254743250757581,0.0007254743250757581,0.0007254743250757581,WETH,pool_swap_ratio,1,2353,1166035.6138,,14669644,1657.1527,,1,1,0.0,0.0,0.0,0.0,,0,0,,,,1657.1527,0.0,1657.1527,1,-0.005583332068603427,0.0014221961643362143,0.0,0.0,0.0014232079649038436,0.0,0.0014232079649038436,0.0,2,2,price=observed;tvl=observed;lp_amount=none,False
2022-04-28T01:00:00+00:00,0.0007274707719877861,0.0007274707719877861,0.0007183142367655086,0.0007264559747404894,0.0007218982941000812,WETH,pool_swap_ratio,4,1281,1166846.4664,,14670004,12148.2278,,4,4,947.8672,0.0,947.8672,947.8672,0.0,1,0,,,,6953.4738,6142.6212,810.8526000000002,5,0.0013521996399272847,0.0006951509804414523,0.000812897298145972,0.000812897298145972,0.0006953926538808777,0.0,0.010418402024969095,0.006313466422704028,2,2,price=observed;tvl=observed;lp_amount=quantified,False
2022-04-28T02:00:00+00:00,,,,0.0007264559747404894,,WETH,pool_swap_ratio,0,4881,1166846.4664,,14670004,0.0,,0,0,0.0,0.0,0.0,0.0,,0,0,,,,0.0,0.0,0.0,0,0.0,0.0,0.0,0.0,0.0,0.0,0.0,,2,2,price=carried;tvl=carried;lp_amount=none,True
2022-04-28T03:00:00+00:00,,,,0.0007264559747404894,,WETH,pool_swap_ratio,0,8481,1170891.4519,,14670547,0.0,,0,0,4044.9855,0.0,4044.9855,4044.9855,0.0,1,0,,,,4044.9855,0.0,4044.9855,1,0.0,0.003460601383200426,0.003466596177370058,0.003466596177370058,0.003466596177370058,0.0,0.0,,2,2,price=carried;tvl=observed;lp_amount=quantified,True
2022-04-28T04:00:00+00:00,0.0007229251203411579,0.0007229251203411579,0.0007229251203411579,0.0007229251203411579,0.0007229251203411579,WETH,pool_swap_ratio,1,2742,1174180.8601,,14670698,3289.4082,,1,1,0.0,0.0,0.0,0.0,,0,0,,,,3289.4082,0.0,3289.4082,1,-0.004872233253382668,0.0028053807471225068,0.0,0.0,0.0028093195100726827,0.0,0.0028093195100726827,0.0,2,2,price=observed;tvl=observed;lp_amount=none,False
2022-04-28T05:00:00+00:00,0.00072424877693627,0.0007244723124793978,0.00072424877693627,0.0007244723124793978,0.0007242758894953874,WETH,pool_swap_ratio,2,384,1173953.2538,,14671106,227.6063,,2,1,0.0,0.0,0.0,0.0,,0,0,,,,0.0,227.6063,-227.6063,2,0.002137896188643291,-0.0001938614147849345,0.0,0.0,-0.00019384262487519662,0.0,0.00019384262487519662,0.00027119912019601955,2,2,price=observed;tvl=observed;lp_amount=none,False
2022-04-28T06:00:00+00:00,0.0007194209397650982,0.0007194209397650982,0.0007194209397650982,0.0007194209397650982,0.0007194209397650982,WETH,pool_swap_ratio,1,2999,1174446.9197,,14671190,493.6659,,1,1,0.0,0.0,0.0,0.0,,0,0,,,,493.6659,0.0,493.6659,1,-0.006996906889958246,0.0004204274150906366,0.0,0.0,0.00042051580708349324,0.0,0.00042051580708349324,0.0,2,2,price=observed;tvl=observed;lp_amount=none,False
2022-04-28T07:00:00+00:00,0.0007201038229147501,0.0007201038229147501,0.0007201038229147501,0.0007201038229147501,0.0007201038229147501,WETH,pool_swap_ratio,1,624,1174503.1145000001,,14671630,56.1948,,1,1,0.0,0.0,0.0,0.0,,0,0,,,,56.1948,0.0,56.1948,1,0.0009487620061572537,4.7846739345414165e-05,0.0,0.0,4.78478840187638e-05,0.0,4.78478840187638e-05,0.0,2,2,price=observed;tvl=observed;lp_amount=none,False
2022-04-28T08:00:00+00:00,0.0007180074664194897,0.0007180074664194897,0.0007166602807412343,0.0007166602807412343,0.0007179894147649031,WETH,pool_swap_ratio,2,540,1176443.4811,,14671921,1940.3666,,2,2,0.0,0.0,0.0,0.0,,0,0,,,,1940.3666,0.0,1940.3666,2,-0.004793478286933372,0.0016507112873017098,0.0,0.0,0.0016520744611443938,0.0,0.0016520744611443938,-0.0018511888843152358,2,2,price=observed;tvl=observed;lp_amount=none,False
2022-04-28T09:00:00+00:00,0.0007200783445238841,0.0007200783445238841,0.0007154924173071008,0.0007154924173071008,0.0007163367953879924,WETH,pool_swap_ratio,2,71,1176657.9034,,14672209,339.4087,,2,2,0.0,0.0,0.0,0.0,,0,0,,,,276.9155,62.4932,214.4223,2,-0.0016309206338009632,0.00018224654662640191,0.0,0.0,0.0001822631545371908,0.0,0.00028850404244039465,-0.0011787445323595547,2,2,price=observed;tvl=observed;lp_amount=none,False
2022-04-28T10:00:00+00:00,0.0007153139208675403,0.0007153139208675403,0.0007153139208675403,0.0007153139208675403,0.0007153139208675403,WETH,pool_swap_ratio,1,1281,1176887.3716,,14672374,229.4682,,1,1,0.0,0.0,0.0,0.0,,0,0,,,,229.4682,0.0,229.4682,1,-0.00024950468239369505,0.0001949979064898916,0.0,0.0,0.00019501691981751236,0.0,0.00019501691981751236,0.0,2,2,price=observed;tvl=observed;lp_amount=none,False
2022-04-28T11:00:00+00:00,0.0007115658138153403,0.0007115658138153403,0.0007115658138153403,0.0007115658138153403,0.0007115658138153403,WETH,pool_swap_ratio,1,259,1179703.987,,14672720,2816.6154,,1,1,0.0,0.0,0.0,0.0,,0,0,,,,2816.6154,0.0,2816.6154,1,-0.005253583160206233,0.0023904159123050955,0.0,0.0,0.0023932752342909073,0.0,0.0023932752342909073,0.0,2,2,price=observed;tvl=observed;lp_amount=none,False
2022-04-28T12:00:00+00:00,0.0007130281271344592,0.0007150602407818506,0.0007130281271344592,0.0007150602407818506,0.0007142958905398246,WETH,pool_swap_ratio,2,3239,1178112.3641,,14672759,1591.6229,,2,2,0.0,0.0,0.0,0.0,,0,0,,,,0.0,1591.6229,-1591.6229,2,0.004898878642813488,-0.0013500823683869241,0.0,0.0,-0.001349171417185352,0.0,0.001349171417185352,0.001070075093738021,2,2,price=observed;tvl=observed;lp_amount=none,False
2022-04-28T13:00:00+00:00,0.0007213073266369145,0.0007213073266369145,0.0007213073266369145,0.0007213073266369145,0.0007213073266369145,WETH,pool_swap_ratio,1,769,1173308.2307,,14673204,4804.1334,,1,1,22288.2845,21926.0691,362.21540000000095,44214.3536,0.9918077418189373,1,1,,,1.0,22288.2845,27092.4179,-4804.133399999999,3,0.008698505015946373,-0.0040861597410976344,0.00030745403497798755,0.03752982732999059,-0.004077822749674679,0.0186111866475063,0.00407782274967468,0.0,2,2,price=observed;tvl=observed;lp_amount=quantified,False
2022-04-28T14:00:00+00:00,0.0007193810728978782,0.0007278098704464023,0.0007193810728978782,0.0007278098704464023,0.0007238650640577124,WETH,pool_swap_ratio,8,209,1170118.7519999999,,14673494,19079.1609,,8,4,0.0,0.0,0.0,0.0,,0,0,,,,7944.8411,11134.319800000001,-3189.4787000000015,8,0.008974550114794477,-0.002722065328216353,0.0,0.0,-0.002718363867691567,0.0,0.016260996386786873,0.005449643289284767,2,2,price=observed;tvl=observed;lp_amount=none,False
2022-04-28T15:00:00+00:00,0.0007237953258365362,0.0007237953258365362,0.0007233256625197788,0.0007233256625197788,0.0007237257365436602,WETH,pool_swap_ratio,2,2284,1173057.1485000001,,14673601,2938.3965,,2,2,0.0,0.0,0.0,0.0,,0,0,,,,2938.3965,0.0,2938.3965,2,-0.006180294118628024,0.0025080473383635627,0.0,0.0,0.0025111951201342683,0.0,0.0025111951201342683,-0.0005527978399553213,2,2,price=observed;tvl=observed;lp_amount=none,False
2022-04-28T16:00:00+00:00,,,,0.0007233256625197788,,WETH,pool_swap_ratio,0,5884,1173057.1485000001,,14673601,0.0,,0,0,0.0,0.0,0.0,0.0,,0,0,,,,0.0,0.0,0.0,0,0.0,0.0,0.0,0.0,0.0,0.0,0.0,,2,2,price=carried;tvl=carried;lp_amount=none,True
2022-04-28T17:00:00+00:00,0.0007186370521800979,0.0007186370521800979,0.0007063844649885361,0.0007063844649885361,0.0007119616333483433,WETH,pool_swap_ratio,4,479,1183744.6074,,14674267,10687.4589,,4,3,0.0,0.0,0.0,0.0,,0,0,,,,10687.4589,0.0,10687.4589,4,-0.023699895756454533,0.009069521551661942,0.0,0.0,0.009110774282110774,0.0,0.009110774282110774,-0.007833523744218973,2,2,price=observed;tvl=observed;lp_amount=none,False
2022-04-28T18:00:00+00:00,,,,0.0007063844649885361,,WETH,pool_swap_ratio,0,4079,1183744.6074,,14674267,0.0,,0,0,0.0,0.0,0.0,0.0,,0,0,,,,0.0,0.0,0.0,0,0.0,0.0,0.0,0.0,0.0,0.0,0.0,,2,2,price=carried;tvl=carried;lp_amount=none,True
2022-04-28T19:00:00+00:00,0.0007095642456454531,0.0007158072090111923,0.0007095642456454531,0.0007158072090111923,0.0007129415991305485,WETH,pool_swap_ratio,2,1159,1177676.5993,,14674738,6068.0081,,2,2,0.0,0.0,0.0,0.0,,0,0,,,,0.0,6068.0081,-6068.0081,2,0.013251212303455039,-0.005139296148140026,0.0,0.0,-0.00512611256014749,0.0,0.00512611256014749,0.004019417416712079,2,2,price=observed;tvl=observed;lp_amount=none,False
2022-04-28T20:00:00+00:00,0.0007145418345775488,0.0007449341731702538,0.0007145418345775488,0.0007310782928311573,0.0007338321480379617,WETH,pool_swap_ratio,15,1089,1169392.498,,14675015,37847.454399999995,,15,9,0.0,0.0,0.0,0.0,,0,0,,,,14781.6773,23065.7786,-8284.101300000002,14,0.021109688204977304,-0.007059132353762855,0.0,0.0,-0.007034275203331709,0.0,0.03213739189731389,-0.003752704503567017,2,2,price=observed;tvl=observed;lp_amount=none,False
2022-04-28T21:00:00+00:00,0.0007003743553780898,0.0007222009487230353,0.0006785830325514092,0.0007201316862293229,0.0007023267908095411,WETH,pool_swap_ratio,13,999,1174842.3410999998,,14675269,61293.139800000004,,13,8,0.0,0.0,0.0,0.0,,0,0,,,,33371.4918,27921.648699999998,5449.8431000000055,12,-0.015086464923665105,0.004649579323075024,0.0,0.0,0.00466040538939733,0.0,0.05241451429253141,0.025351297505337822,2,2,price=observed;tvl=observed;lp_amount=none,False
2022-04-28T22:00:00+00:00,0.0007188721184011134,0.0007188721184011134,0.0006918090658065813,0.0007123244335518349,0.0007066636834658421,WETH,pool_swap_ratio,12,589,1175813.1457,,14675560,57420.9048,,12,7,0.0,0.0,0.0,0.0,,0,0,,,,29195.854700000004,28225.0501,970.8046000000031,12,-0.010900620098059803,0.0008259863349999472,0.0,0.0,0.0008263275556540147,0.0,0.04887541314372195,0.008010529221240681,2,2,price=observed;tvl=observed;lp_amount=none,False
2022-04-28T23:00:00+00:00,,,,0.0007123244335518349,,WETH,pool_swap_ratio,0,4189,1175793.0273,,14675766,0.0,,0,0,0.0,19.3485,-19.3485,19.3485,0.0,0,1,,,1.0,0.0,20.1184,-20.1184,1,0.0,-1.7110348009370606e-05,-1.6455420719489582e-05,1.6455420719489582e-05,-1.7110201628187156e-05,1.6455420719489582e-05,0.0,,2,2,price=carried;tvl=observed;lp_amount=quantified,True
2022-04-29T00:00:00+00:00,0.0007181237753992684,0.0007181237753992684,0.0007148166667334309,0.0007148166667334309,0.00071549877649265,WETH,pool_swap_ratio,3,418,1178096.9599000001,,14676147,3196.0674,,3,2,0.0,0.0,0.0,0.0,,0,0,,,,2750.0,446.0674,2303.9326,3,0.003492626923216328,0.00195755396238073,0.0,0.0,0.00195947122198077,0.0,0.0027182227873380075,-0.0009533346270175214,2,2,price=observed;tvl=observed;lp_amount=none,False
2022-04-29T01:00:00+00:00,,,,0.0007148166667334309,,WETH,pool_swap_ratio,0,4018,1178096.9599000001,,14676147,0.0,,0,0,0.0,0.0,0.0,0.0,,0,0,,,,0.0,0.0,0.0,0,0.0,0.0,0.0,0.0,0.0,0.0,0.0,,2,2,price=carried;tvl=carried;lp_amount=none,True
2022-04-29T02:00:00+00:00,0.0007136342606753122,0.0007214747798616124,0.0007136342606753122,0.0007214747798616124,0.0007207502077049261,WETH,pool_swap_ratio,2,280,1173823.2363,,14676681,5242.7236,,2,2,0.0,0.0,0.0,0.0,,0,0,,,,484.5,4758.2236,-4273.7236,2,0.009271322803952148,-0.0036342460180053787,0.0,0.0,-0.0036276501387141895,0.0,0.004450163083728708,0.00100530273725985,2,2,price=observed;tvl=observed;lp_amount=none,False
2022-04-29T03:00:00+00:00,0.0007169189050005734,0.0007295125783526071,0.0007166072501292531,0.0007176375549433662,0.000720010732445722,WETH,pool_swap_ratio,7,1242,1174262.8827,,14676873,29165.098400000003,,7,4,0.0,0.0,0.0,0.0,,0,0,,,,14802.400099999999,14362.7537,439.64639999999963,7,-0.005332778990481546,0.0003744721299445306,0.0,0.0,0.00037454225338544664,0.0,0.024846243879045285,-0.003296030733173416,2,2,price=observed;tvl=observed;lp_amount=none,False
2022-04-29T04:00:00+00:00,0.0007234770942471206,0.0007234770942471206,0.0007234770942471206,0.0007234770942471206,0.0007234770942471206,WETH,pool_swap_ratio,1,2493,1174840.9227,,14677046,578.04,,1,1,0.0,0.0,0.0,0.0,,0,0,,,,578.04,0.0,578.04,1,0.008104242460007518,0.0004921366270303116,0.0,0.0,0.000492257746128281,0.0,0.000492257746128281,0.0,2,2,price=observed;tvl=observed;lp_amount=none,False
2022-04-29T05:00:00+00:00,,,,0.0007234770942471206,,WETH,pool_swap_ratio,0,6093,1174840.9227,,14677046,0.0,,0,0,0.0,0.0,0.0,0.0,,0,0,,,,0.0,0.0,0.0,0,0.0,0.0,0.0,0.0,0.0,0.0,0.0,,2,2,price=carried;tvl=carried;lp_amount=none,True
2022-04-29T06:00:00+00:00,0.0007171594761243313,0.0007171594761243313,0.0007171594761243313,0.0007171594761243313,0.0007171594761243313,WETH,pool_swap_ratio,1,783,1175889.9365,,14677699,1049.0138,,1,1,0.0,0.0,0.0,0.0,,0,0,,,,1049.0138,0.0,1049.0138,1,-0.008770648685244652,0.0008925001903367824,0.0,0.0,0.0008928985871458867,0.0,0.0008928985871458867,0.0,2,2,price=observed;tvl=observed;lp_amount=none,False
2022-04-29T07:00:00+00:00,0.0007160772387920473,0.0007225380562888561,0.0007133026037409232,0.0007225380562888561,0.0007164146156533851,WETH,pool_swap_ratio,5,1873,1175632.7259,,14677879,7313.767199999999,,5,4,0.0,0.0,0.0,0.0,,0,0,,,,3528.2783,3785.4889,-257.2105999999999,5,0.007471854423069602,-0.00021876089492020782,0.0,0.0,-0.00021873696850028266,0.0,0.006219771913151329,0.008547341862765068,2,2,price=observed;tvl=observed;lp_amount=none,False
2022-04-29T08:00:00+00:00,0.0007167663625752869,0.0007220098822241335,0.0007167663625752869,0.0007220098822241335,0.0007199854802905497,WETH,pool_swap_ratio,2,1,1174747.4898,,14678270,3885.2361,,2,2,0.0,0.0,0.0,0.0,,0,0,,,,1500.0,2385.2361,-885.2361000000001,2,-0.0007312655733710397,-0.0007532705865585479,0.0,0.0,-0.0007529869494933563,0.0,0.0033048043103986206,0.0028117260542073197,2,2,price=observed;tvl=observed;lp_amount=none,False
2022-04-29T09:00:00+00:00,0.0007228482873385454,0.0007269845371886866,0.0007228482873385454,0.0007269845371886866,0.0007255425610614391,WETH,pool_swap_ratio,3,777,1171116.3969999999,,14678461,3685.0548,,3,3,0.0,0.0,0.0,0.0,,0,0,,,,26.981,3658.0738,-3631.0928,3,0.006866381875564885,-0.0030957428692693556,0.0,0.0,-0.0030909559982274923,0.0,0.0031368909761427775,0.0019874452646002627,2,2,price=observed;tvl=observed;lp_amount=none,False
2022-04-29T10:00:00+00:00,0.000729480441994481,0.000729480441994481,0.000729480441994481,0.000729480441994481,0.000729480441994481,WETH,pool_swap_ratio,1,3318,1171104.613,,14678535,11.784,,1,1,0.0,0.0,0.0,0.0,,0,0,,,,0.0,11.784,-11.784,1,0.003427349486177318,-1.0062244297043247e-05,0.0,0.0,-1.0062193672795106e-05,0.0,1.0062193672795106e-05,0.0,2,2,price=observed;tvl=observed;lp_amount=none,False
2022-04-29T11:00:00+00:00,0.0007250861887454123,0.000731725951029191,0.0007235530320000531,0.000731725951029191,0.0007271860010353789,WETH,pool_swap_ratio,4,1113,1169929.9727,,14678972,4117.566699999999,,4,2,0.0,0.0,0.0,0.0,,0,0,,,,1471.4632,2646.1035,-1174.6403000000003,4,0.0030735025703401346,-0.001003522464599716,0.0,0.0,-0.0010030191043231766,0.0,0.003515968304020334,0.006243175731309503,2,2,price=observed;tvl=observed;lp_amount=none,False
2022-04-29T12:00:00+00:00,0.0007232956577185779,0.0007232956577185779,0.0007232956577185779,0.0007232956577185779,0.0007232956577185779,WETH,pool_swap_ratio,1,143,1170279.8766,,14679299,349.9039,,1,1,0.0,0.0,0.0,0.0,,0,0,,,,349.9039,0.0,349.9039,1,-0.01158798961576328,0.0002990363472848889,0.0,0.0,0.0002990810631105391,0.0,0.0002990810631105391,0.0,2,2,price=observed;tvl=observed;lp_amount=none,False
2022-04-29T13:00:00+00:00,0.0007255015516600037,0.0007255015516600037,0.0007201535001038304,0.0007248594430812578,0.0007239042251741912,WETH,pool_swap_ratio,4,46,1173403.9824,,14679597,4218.111,,4,4,0.0,0.0,0.0,0.0,,0,0,,,,3671.1084,547.0026,3124.1058000000003,4,0.002159694040567447,0.0026659804293757677,0.0,0.0,0.0026695373153612,0.0,0.003604360874985586,0.0013195363058375875,2,2,price=observed;tvl=observed;lp_amount=none,False
2022-04-29T14:00:00+00:00,0.0007207265520348903,0.0007395020532404997,0.0007207265520348903,0.0007373621415566912,0.0007341277985180181,WETH,pool_swap_ratio,8,155,1164938.8605,,14679865,18165.947799999998,,8,5,0.0,0.0,0.0,0.0,,0,0,,,,4850.4134,13315.5353,-8465.121899999998,7,0.01710137959112347,-0.007240306018921031,0.0,0.0,-0.007214158147551211,0.0,0.01548140970413669,0.004405694819351824,2,2,price=observed;tvl=observed;lp_amount=none,False
2022-04-29T15:00:00+00:00,0.0007461254789265852,0.000747446081496685,0.0007396087261725054,0.0007414659965615944,0.0007452574395840818,WETH,pool_swap_ratio,5,2064,1159053.3329,,14679976,14093.099,,5,4,0.0,0.0,0.0,0.0,,0,0,,,,4103.7857,9989.3133,-5885.527599999999,5,0.005550158850514755,-0.0050650257769579805,0.0,0.0,-0.005052220163274397,0.0,0.012097715577924101,-0.005087427271579403,2,2,price=observed;tvl=observed;lp_amount=none,False
2022-04-29T16:00:00+00:00,0.0007577419533842558,0.0007577419533842558,0.0007550278899565981,0.0007563036663307804,0.0007568926800471373,WETH,pool_swap_ratio,4,481,1154781.6057,,14680381,8600.9242,,4,3,0.0,0.0,0.0,0.0,,0,0,,,,2164.6191,6436.346299999999,-4271.727199999999,4,0.019813667681700432,-0.0036923394853340223,0.0,0.0,-0.0036855311819965686,0.0,0.007420645759656397,-0.0007781997790230477,2,2,price=observed;tvl=observed;lp_amount=none,False
2022-04-29T17:00:00+00:00,0.0007574221344477557,0.0007574221344477557,0.0007522618807734214,0.0007522618807734214,0.0007525920555801985,WETH,pool_swap_ratio,2,487,1157332.1952,,14680658,2924.8821,,2,2,0.0,0.0,0.0,0.0,,0,0,,,,2737.7358,187.1463,2550.5895,2,-0.005358461534710773,0.002206284598648035,0.0,0.0,0.002208720235419663,0.0,0.0025328443798920824,-0.0004387168377993911,2,2,price=observed;tvl=observed;lp_amount=none,False
2022-04-29T18:00:00+00:00,,,,0.0007522618807734214,,WETH,pool_swap_ratio,0,4087,1157332.1952,,14680658,0.0,,0,0,0.0,0.0,0.0,0.0,,0,0,,,,0.0,0.0,0.0,0,0.0,0.0,0.0,0.0,0.0,0.0,0.0,,2,2,price=carried;tvl=carried;lp_amount=none,True
2022-04-29T19:00:00+00:00,0.0007458548904770418,0.0007458548904770418,0.0007458548904770418,0.0007458548904770418,0.0007458548904770418,WETH,pool_swap_ratio,1,21,1160439.4415,,14681237,3107.2463,,1,1,0.0,0.0,0.0,0.0,,0,0,,,,3107.2463,0.0,3107.2463,1,-0.008553444539604063,0.0026812375406683256,0.0,0.0,0.002684835272782706,0.0,0.002684835272782706,0.0,2,2,price=observed;tvl=observed;lp_amount=none,False
2022-04-29T20:00:00+00:00,0.000747750056026219,0.000747750056026219,0.0007382380736731419,0.0007382380736731419,0.0007407246232983585,WETH,pool_swap_ratio,6,1283,1163117.5955,,14681416,8084.0516,,6,5,0.0,0.0,0.0,0.0,,0,0,,,,5381.1028,2702.9487999999997,2678.154,6,-0.010264698864550831,0.0023052200943106393,0.0,0.0,0.0023078791570012316,0.0,0.006966370937504885,-0.0033569150356366206,2,2,price=observed;tvl=observed;lp_amount=none,False
2022-04-29T21:00:00+00:00,0.000737847094659605,0.0007410442605092506,0.0006978957357012187,0.0007310045935643971,0.0007227700797078989,WETH,pool_swap_ratio,23,1812,1168390.1851,,14681619,104044.8158,,23,10,0.0,0.0,0.0,0.0,,0,0,,,,54658.702699999994,49386.1131,5272.589599999992,23,-0.009846621955700689,0.004522908850818614,0.0,0.0,0.004533152641142373,0.0,0.08945339336498756,0.011392992166784355,2,2,price=observed;tvl=observed;lp_amount=none,False
2022-04-29T22:00:00+00:00,0.0007345939311157814,0.0007345939311157814,0.0007294930750465268,0.0007294930750465268,0.0007309337634580801,WETH,pool_swap_ratio,2,1620,1169055.6235,,14681895,1529.2498,,2,2,0.0,0.0,0.0,0.0,,0,0,,,,1097.3605,431.9221,665.4384,2,-0.0020698684975851657,0.0005693722742396851,0.0,0.0,0.0005695343974008534,0.0,0.0013088519738541924,-0.001971024576477798,2,2,price=observed;tvl=observed;lp_amount=none,False
2022-04-29T23:00:00+00:00,0.0007333016216600099,0.0007333016216600099,0.0007333016216600099,0.0007333016216600099,0.0007333016216600099,WETH,pool_swap_ratio,1,2412,1168514.9183,,14682110,540.7052,,1,1,0.0,0.0,0.0,0.0,,0,0,,,,0.0,540.7052,-540.7052,1,0.005207231374115168,-0.00046262151235620925,0.0,0.0,-0.00046251451952405753,0.0,0.00046251451952405753,0.0,2,2,price=observed;tvl=observed;lp_amount=none,False
2022-04-30T00:00:00+00:00,0.0007329572786539466,0.0007329572786539466,0.0007252890891355831,0.0007277711055441765,0.000725900460547256,WETH,pool_swap_ratio,4,2552,1173279.6806,,14682350,5442.5573,,4,2,0.0,0.0,0.0,0.0,,0,0,,,,5103.6598,338.8975,4764.7623,4,-0.007570523255902698,0.004069331167978927,0.0,0.0,0.004077622138476382,0.0,0.004657670359842765,0.002576999325100582,2,2,price=observed;tvl=observed;lp_amount=none,False
2022-04-30T01:00:00+00:00,,,,0.0007277711055441765,,WETH,pool_swap_ratio,0,6152,1173279.6806,,14682350,0.0,,0,0,0.0,0.0,0.0,0.0,,0,0,,,,0.0,0.0,0.0,0,0.0,0.0,0.0,0.0,0.0,0.0,0.0,,2,2,price=carried;tvl=carried;lp_amount=none,True
2022-04-30T02:00:00+00:00,0.0007301657768379734,0.0007311228427210426,0.0007301657768379734,0.0007311228427210426,0.0007305643054254853,WETH,pool_swap_ratio,2,1880,1173103.6738,,14682932,176.0068,,2,1,0.0,0.0,0.0,0.0,,0,0,,,,0.0,176.0068,-176.0068,2,0.004594909832900097,-0.0001500239080712975,0.0,0.0,-0.00015001265504742433,0.0,0.00015001265504742433,0.0007645285862030171,2,2,price=observed;tvl=observed;lp_amount=none,False
2022-04-30T03:00:00+00:00,0.0007230493688867228,0.0007305880990592685,0.0007230493688867228,0.0007305880990592685,0.0007295659337787338,WETH,pool_swap_ratio,2,2528,1169002.2549,,14683154,5627.4556999999995,,2,2,0.0,0.0,0.0,0.0,,0,0,,,,763.0184,4864.4373,-4101.4189,2,-0.0007316681709703506,-0.0035023378252885336,0.0,0.0,-0.003496211794064539,0.0,0.0047970659590308405,0.0014010594974473989,2,2,price=observed;tvl=observed;lp_amount=none,False
2022-04-30T04:00:00+00:00,0.0007250440462116325,0.0007282437637203507,0.0007237655141058707,0.0007237872237347884,0.0007256385999515549,WETH,pool_swap_ratio,5,1312,1172282.0493,,14683517,18720.2056,,5,3,0.0,0.0,0.0,0.0,,0,0,,,,11000.0,7720.2056,3279.7943999999998,5,-0.009352365635866394,0.002801707199359813,0.0,0.0,0.0028056356489069077,0.0,0.016013831899410136,-0.0025513750466004126,2,2,price=observed;tvl=observed;lp_amount=none,False
2022-04-30T05:00:00+00:00,0.0007196464578926249,0.0007196464578926249,0.0007196464578926249,0.0007196464578926249,0.0007196464578926249,WETH,pool_swap_ratio,1,1367,1172336.0422,,14683790,53.9929,,1,1,0.0,0.0,0.0,0.0,,0,0,,,,53.9929,0.0,53.9929,1,-0.005737398612190979,4.6056882530425964e-05,0.0,0.0,4.605794316499221e-05,0.0,4.605794316499221e-05,0.0,2,2,price=observed;tvl=observed;lp_amount=none,False
2022-04-30T06:00:00+00:00,,,,0.0007196464578926249,,WETH,pool_swap_ratio,0,4967,1173336.0422,,14683978,0.0,,0,0,1000.0,0.0,1000.0,1000.0,0.0,1,0,,,,1000.0,0.0,1000.0,1,0.0,0.0008526341488503305,0.0008529977446768632,0.0008529977446768632,0.0008529977446768632,0.0,0.0,,2,2,price=carried;tvl=observed;lp_amount=quantified,True
2022-04-30T07:00:00+00:00,,,,0.0007196464578926249,,WETH,pool_swap_ratio,0,8567,1173336.0422,,14683978,0.0,,0,0,0.0,0.0,0.0,0.0,,0,0,,,,0.0,0.0,0.0,0,0.0,0.0,0.0,0.0,0.0,0.0,0.0,,2,2,price=carried;tvl=carried;lp_amount=none,True
2022-04-30T08:00:00+00:00,0.0007225428362085286,0.0007225428362085286,0.0007225428362085286,0.0007225428362085286,0.0007225428362085286,WETH,pool_swap_ratio,1,1226,1175041.6304000001,,14684596,1705.5882,,1,1,0.0,0.0,0.0,0.0,,0,0,,,,1705.5882,0.0,1705.5882,1,0.004016646388649351,0.0014525674637369337,0.0,0.0,0.0014536229508487861,0.0,0.0014536229508487861,0.0,2,2,price=observed;tvl=observed;lp_amount=none,False
2022-04-30T09:00:00+00:00,0.0007205791703471221,0.0007281419324870333,0.0007205682528088469,0.0007251548966600093,0.0007265483558321288,WETH,pool_swap_ratio,10,268,1173720.6647,,14684921,5306.5987000000005,,10,3,0.0,0.0,0.0,0.0,,0,0,,,,1992.8165000000001,3313.7822,-1320.9657,10,0.003608575501165632,-0.0011248186689913685,0.0,0.0,-0.0011241862975955373,0.0,0.004516094206971682,-0.0019179166272058623,2,2,price=observed;tvl=observed;lp_amount=none,False
2022-04-30T10:00:00+00:00,,,,0.0007251548966600093,,WETH,pool_swap_ratio,0,3868,1173720.6647,,14684921,0.0,,0,0,0.0,0.0,0.0,0.0,,0,0,,,,0.0,0.0,0.0,0,0.0,0.0,0.0,0.0,0.0,0.0,0.0,,2,2,price=carried;tvl=carried;lp_amount=none,True
2022-04-30T11:00:00+00:00,0.0007189015262263099,0.0007189015262263099,0.0007189015262263099,0.0007189015262263099,0.0007189015262263099,WETH,pool_swap_ratio,1,2373,1173920.6647,,14685305,200.0,,1,1,0.0,0.0,0.0,0.0,,0,0,,,,200.0,0.0,200.0,1,-0.00866089361036133,0.00017038377879901228,0.0,0.0,0.00017039829493938362,0.0,0.00017039829493938362,0.0,2,2,price=observed;tvl=observed;lp_amount=none,False
2022-04-30T12:00:00+00:00,0.0007204443491287719,0.0007204443491287719,0.000717392372701163,0.000717392372701163,0.0007203488920238236,WETH,pool_swap_ratio,2,1153,1176895.2393999998,,14685639,2974.5747,,2,2,0.0,0.0,0.0,0.0,,0,0,,,,2974.5747,0.0,2974.5747,2,-0.0021014558115953308,0.002530675653778012,0.0,0.0,0.0025338805163295803,0.0,0.0025338805163295803,-0.004104288012929835,2,2,price=observed;tvl=observed;lp_amount=none,False
2022-04-30T13:00:00+00:00,0.0007121792651321253,0.0007121792651321253,0.0007041364373093182,0.0007093288542528837,0.0007092662817346039,WETH,pool_swap_ratio,3,479,1181003.634,,14685944,11750.0202,,3,3,0.0,0.0,0.0,0.0,,0,0,,,,7929.2074,3820.8128,4108.3946,3,-0.011303685897842603,0.003484796404100416,0.0,0.0,0.00349087536635336,0.0,0.009983913441599398,8.822147603959607e-05,2,2,price=observed;tvl=observed;lp_amount=none,False
2022-04-30T14:00:00+00:00,0.0007137426109069693,0.0007176709190374684,0.0007137426109069693,0.000715557577256338,0.0007150919308274422,WETH,pool_swap_ratio,3,1654,1179264.0021000002,,14686136,1803.2665,,3,3,0.0,0.0,0.0,0.0,,0,0,,,,31.8173,1771.4492,-1739.6319,3,0.00874281983605129,-0.0014740974187888074,0.0,0.0,-0.0014730114708520871,0.0,0.001526893269491836,0.0006511700227926909,2,2,price=observed;tvl=observed;lp_amount=none,False
2022-04-30T15:00:00+00:00,0.000707603899108974,0.000707603899108974,0.000707603899108974,0.000707603899108974,0.000707603899108974,WETH,pool_swap_ratio,1,253,1184159.0923,,14686516,4895.0902,,1,1,0.0,0.0,0.0,0.0,,0,0,,,,4895.0902,0.0,4895.0902,1,-0.011177594516731199,0.0041423790867507445,0.0,0.0,0.004150970598002619,0.0,0.004150970598002619,0.0,2,2,price=observed;tvl=observed;lp_amount=none,False
2022-04-30T16:00:00+00:00,0.0007159934765104263,0.0007159934765104263,0.0007159934765104263,0.0007159934765104263,0.0007159934765104263,WETH,pool_swap_ratio,1,1554,1184445.2023,,14686686,286.11,,1,1,0.0,0.0,0.0,0.0,,0,0,,,,286.11,0.0,286.11,1,0.01178658330048863,0.00024158531000200337,0.0,0.0,0.00024161449408312754,0.0,0.00024161449408312754,0.0,2,2,price=observed;tvl=observed;lp_amount=none,False
2022-04-30T17:00:00+00:00,0.0007120109437290876,0.0007180448457400899,0.0007120109437290876,0.0007180448457400899,0.0007129161975722511,WETH,pool_swap_ratio,3,535,1178633.5058,,14686996,5964.1541,,3,3,0.0,0.0,0.0,0.0,,0,0,,,,76.2288,5887.9253,-5811.6965,3,0.002860970445580119,-0.004918759749744052,0.0,0.0,-0.004906682460880951,0.0,0.005035398926365341,0.007193900468671854,2,2,price=observed;tvl=observed;lp_amount=none,False
2022-04-30T18:00:00+00:00,0.0007189847934716181,0.0007214031734325269,0.0007146295481186034,0.000715610277120743,0.0007189542007828926,WETH,pool_swap_ratio,6,493,1178776.9312,,14687285,5463.366,,6,4,204.0385,0.0,204.0385,204.0385,0.0,1,1,,,1.0,3007.4342,2864.0088,143.42540000000008,8,-0.003396313270524831,0.00012168046592650047,0.00017311445754421214,0.00017311445754421214,0.00012168786929457753,0.0,0.004635339122055358,-0.004651094128817035,2,2,price=observed;tvl=observed;lp_amount=quantified,False
2022-04-30T19:00:00+00:00,0.0007209586730215942,0.0007209586730215942,0.0007180331219529256,0.0007180331219529256,0.0007200468571645422,WETH,pool_swap_ratio,2,1604,1177416.3032,,14687477,3612.4120000000003,,2,2,0.0,0.0,0.0,0.0,,0,0,,,,1125.892,2486.52,-1360.628,2,0.0033799857626481407,-0.0011549376607809954,0.0,0.0,-0.0011542709769649757,0.0,0.003064542496876444,-0.002796672454826621,2,2,price=observed;tvl=observed;lp_amount=none,False
2022-04-30T20:00:00+00:00,,,,0.0007180331219529256,,WETH,pool_swap_ratio,0,5204,1177416.3032,,14687477,0.0,,0,0,0.0,0.0,0.0,0.0,,0,0,,,,0.0,0.0,0.0,0,0.0,0.0,0.0,0.0,0.0,0.0,0.0,,2,2,price=carried;tvl=carried;lp_amount=none,True
2022-04-30T21:00:00+00:00,,,,0.0007180331219529256,,WETH,pool_swap_ratio,0,8804,1177416.3032,,14687477,0.0,,0,0,0.0,0.0,0.0,0.0,,0,0,,,,0.0,0.0,0.0,0,0.0,0.0,0.0,0.0,0.0,0.0,0.0,,2,2,price=carried;tvl=carried;lp_amount=none,True
2022-04-30T22:00:00+00:00,,,,0.0007180331219529256,,WETH,pool_swap_ratio,0,12404,1177416.3032,,14687477,0.0,,0,0,0.0,0.0,0.0,0.0,,0,0,,,,0.0,0.0,0.0,0,0.0,0.0,0.0,0.0,0.0,0.0,0.0,,2,2,price=carried;tvl=carried;lp_amount=none,True
2022-04-30T23:00:00+00:00,0.0007263758431819966,0.0007340979033803628,0.0007258369878203915,0.0007304025122632744,0.0007299141023293877,WETH,pool_swap_ratio,6,28,1170297.2055,,14688628,16024.2141,,6,4,0.0,0.0,0.0,0.0,,0,0,,,,4452.5958,11571.693500000001,-7119.097700000001,6,0.017080070008801,-0.0060647259507379874,0.0,0.0,-0.006046372621690059,0.0,0.013609641769397236,0.0006691334395760862,2,2,price=observed;tvl=observed;lp_amount=none,False
2022-05-01T00:00:00+00:00,0.0007293171730990339,0.0007328382208946878,0.0007293171730990339,0.0007328382208946878,0.0007307400321902696,WETH,pool_swap_ratio,2,2801,1170457.1738,,14688690,834.0461,,2,2,0.0,0.0,0.0,0.0,,0,0,,,,497.0072,337.0389,159.9683,2,0.0033292004875411477,0.00013668097914390677,0.0,0.0,0.00013669032041450945,0.0,0.000712678878562015,0.002871320321851334,2,2,price=observed;tvl=observed;lp_amount=none,False
2022-05-01T01:00:00+00:00,,,,0.0007328382208946878,,WETH,pool_swap_ratio,0,6401,1170457.1738,,14688690,0.0,,0,0,0.0,0.0,0.0,0.0,,0,0,,,,0.0,0.0,0.0,0,0.0,0.0,0.0,0.0,0.0,0.0,0.0,,2,2,price=carried;tvl=carried;lp_amount=none,True
2022-05-01T02:00:00+00:00,,,,0.0007328382208946878,,WETH,pool_swap_ratio,0,10001,1170457.1738,,14688690,0.0,,0,0,0.0,0.0,0.0,0.0,,0,0,,,,0.0,0.0,0.0,0,0.0,0.0,0.0,0.0,0.0,0.0,0.0,,2,2,price=carried;tvl=carried;lp_amount=none,True
2022-05-01T03:00:00+00:00,,,,0.0007328382208946878,,WETH,pool_swap_ratio,0,13601,1170457.1738,,14688690,0.0,,0,0,0.0,0.0,0.0,0.0,,0,0,,,,0.0,0.0,0.0,0,0.0,0.0,0.0,0.0,0.0,0.0,0.0,,2,2,price=carried;tvl=carried;lp_amount=none,True
2022-05-01T04:00:00+00:00,,,,0.0007328382208946878,,WETH,pool_swap_ratio,0,17201,1170457.1738,,14688690,0.0,,0,0,0.0,0.0,0.0,0.0,,0,0,,,,0.0,0.0,0.0,0,0.0,0.0,0.0,0.0,0.0,0.0,0.0,,2,2,price=carried;tvl=carried;lp_amount=none,True
2022-05-01T05:00:00+00:00,,,,0.0007328382208946878,,WETH,pool_swap_ratio,0,20801,1170457.1738,,14688690,0.0,,0,0,0.0,0.0,0.0,0.0,,0,0,,,,0.0,0.0,0.0,0,0.0,0.0,0.0,0.0,0.0,0.0,0.0,,2,2,price=carried;tvl=carried;lp_amount=none,True
2022-05-01T06:00:00+00:00,0.0007280759609151852,0.0007280759609151852,0.0007177635754756497,0.0007200375806239365,0.0007197021448047371,WETH,pool_swap_ratio,4,2251,1176040.8531,,14690389,15558.5089,,4,3,0.0,0.0,0.0,0.0,,0,0,,,,10571.0941,4987.4148,5583.679300000001,4,-0.017621563375231845,0.004759168578054288,0.0,0.0,0.0047705114078390905,0.0,0.013292676783284458,0.0004660758921184449,2,2,price=observed;tvl=observed;lp_amount=none,False
2022-05-01T07:00:00+00:00,0.0007094910493788315,0.0007303379925562825,0.0007094910493788315,0.0007303379925562825,0.0007282066848574336,WETH,pool_swap_ratio,3,562,1170062.1431,,14690763,6068.647,,3,2,0.0,0.0,0.0,0.0,,0,0,,,,44.9685,6023.6785,-5978.71,3,0.014204024532149731,-0.00509672674379858,0.0,0.0,-0.005083760469919343,0.0,0.005160234854089696,0.0029267895271603006,2,2,price=observed;tvl=observed;lp_amount=none,False
2022-05-01T08:00:00+00:00,,,,0.0007303379925562825,,WETH,pool_swap_ratio,0,4162,1170062.1431,,14690763,0.0,,0,0,0.0,0.0,0.0,0.0,,0,0,,,,0.0,0.0,0.0,0,0.0,0.0,0.0,0.0,0.0,0.0,0.0,,2,2,price=carried;tvl=carried;lp_amount=none,True
2022-05-01T09:00:00+00:00,0.0007297055209836408,0.0007297055209836408,0.0007297055209836408,0.0007297055209836408,0.0007297055209836408,WETH,pool_swap_ratio,1,3570,1171420.9229,,14691055,1358.7798,,1,1,0.0,0.0,0.0,0.0,,0,0,,,,1358.7798,0.0,1358.7798,1,-0.0008663736475490656,0.001160614802008481,0.0,0.0,0.0011612885760067457,0.0,0.0011612885760067457,0.0,2,2,price=observed;tvl=observed;lp_amount=none,False
2022-05-01T10:00:00+00:00,,,,0.0007297055209836408,,WETH,pool_swap_ratio,0,7170,1171420.9229,,14691055,0.0,,0,0,0.0,0.0,0.0,0.0,,0,0,,,,0.0,0.0,0.0,0,0.0,0.0,0.0,0.0,0.0,0.0,0.0,,2,2,price=carried;tvl=carried;lp_amount=none,True
2022-05-01T11:00:00+00:00,0.0007264162136127009,0.0007337164978792539,0.0007264162136127009,0.0007337164978792539,0.0007321962306545242,WETH,pool_swap_ratio,2,99,1170172.6996,,14691827,1248.2232999999999,,2,1,0.0,0.0,0.0,0.0,,0,0,,,,0.0,1248.2232999999999,-1248.2232999999999,2,0.005481654488689494,-0.0010661315492469362,0.0,0.0,-0.0010655634329203084,0.0,0.0010655634329203084,0.002076311186921531,2,2,price=observed;tvl=observed;lp_amount=none,False
2022-05-01T12:00:00+00:00,,,,0.0007337164978792539,,WETH,pool_swap_ratio,0,3699,1170172.6996,,14691827,0.0,,0,0,0.0,0.0,0.0,0.0,,0,0,,,,0.0,0.0,0.0,0,0.0,0.0,0.0,0.0,0.0,0.0,0.0,,2,2,price=carried;tvl=carried;lp_amount=none,True
2022-05-01T13:00:00+00:00,0.0007272276665045015,0.0007305156912969391,0.0007210202953401976,0.0007305156912969391,0.0007266879492800005,WETH,pool_swap_ratio,5,2260,1169744.9412,,14692211,19421.7584,,5,3,0.0,0.0,0.0,0.0,,0,0,,,,9497.0,9924.758399999999,-427.7583999999988,5,-0.004372000157390623,-0.00036561834254882883,0.0,0.0,-0.0003655515123077298,0.0,0.016597343628542125,0.005267380614651929,2,2,price=observed;tvl=observed;lp_amount=none,False
2022-05-01T14:00:00+00:00,,,,0.0007305156912969391,,WETH,pool_swap_ratio,0,5860,1169744.9412,,14692211,0.0,,0,0,0.0,0.0,0.0,0.0,,0,0,,,,0.0,0.0,0.0,0,0.0,0.0,0.0,0.0,0.0,0.0,0.0,,2,2,price=carried;tvl=carried;lp_amount=none,True
2022-05-01T15:00:00+00:00,0.0007303722339582468,0.0007303722339582468,0.0007289397716710133,0.0007289397716710133,0.0007298837907070746,WETH,pool_swap_ratio,2,1059,1171113.6169,,14692823,1368.6757,,2,2,0.0,0.0,0.0,0.0,,0,0,,,,1368.6757,0.0,1368.6757,2,-0.002159600314506036,0.0011693793725641025,0.0,0.0,0.0011700633632114057,0.0,0.0011700633632114057,-0.0012933826563634732,2,2,price=observed;tvl=observed;lp_amount=none,False
2022-05-01T16:00:00+00:00,0.0007354288735281217,0.0007354288735281217,0.0007255510582205173,0.0007255510582205173,0.0007307508798165331,WETH,pool_swap_ratio,3,2899,1173602.94,,14692959,7382.4415,,3,2,0.0,0.0,0.0,0.0,,0,0,,,,4935.882299999999,2446.5592,2489.323099999999,3,-0.00465966441629896,0.00212334751333197,0.0,0.0,0.0021256034120663457,0.0,0.006303779064188251,-0.007115724030768544,2,2,price=observed;tvl=observed;lp_amount=none,False
2022-05-01T17:00:00+00:00,,,,0.0007255510582205173,,WETH,pool_swap_ratio,0,6499,1173602.94,,14692959,0.0,,0,0,0.0,0.0,0.0,0.0,,0,0,,,,0.0,0.0,0.0,0,0.0,0.0,0.0,0.0,0.0,0.0,0.0,,2,2,price=carried;tvl=carried;lp_amount=none,True
2022-05-01T18:00:00+00:00,0.0007299247859450296,0.0007299247859450296,0.0007299247859450296,0.0007299247859450296,0.0007299247859450296,WETH,pool_swap_ratio,1,1809,1171434.2097,,14693551,2168.7303,,1,1,0.0,0.0,0.0,0.0,,0,0,,,,0.0,2168.7303,-2168.7303,1,0.006010049438072858,-0.0018496345941240032,0.0,0.0,-0.0018479250742163276,0.0,0.0018479250742163276,0.0,2,2,price=observed;tvl=observed;lp_amount=none,False
2022-05-01T19:00:00+00:00,0.0007276734300181067,0.0007276734300181067,0.0007223624659577004,0.0007264539210326643,0.000724750118963653,WETH,pool_swap_ratio,4,2108,1172619.2762,,14693801,11150.841699999999,,4,3,0.0,0.0,0.0,0.0,,0,0,,,,6167.9541,4982.8876,1185.0665,4,-0.0047664408535176,0.0010111259048427488,0.0,0.0,0.0010116372649758036,0.0,0.009518965391027541,0.0023508820825688392,2,2,price=observed;tvl=observed;lp_amount=none,False
2022-05-01T20:00:00+00:00,0.0007251354005631335,0.0009321969957349746,0.0006587914512945083,0.0007345339658941832,0.0007945407593875834,WETH,pool_swap_ratio,10,1093,1168159.4553,,14694128,141560.8775,,10,4,0.0,0.0,0.0,0.0,,0,0,,,,68550.5283,73010.3492,-4459.8208999999915,9,0.011061183075218911,-0.003810549230024906,0.0,0.0,-0.003803298300239891,0.0,0.12072194306641743,-0.07552387059369015,2,2,price=observed;tvl=observed;lp_amount=none,False
2022-05-01T21:00:00+00:00,0.0007276507319098211,0.0007345705630711484,0.0007275492825395142,0.0007316658958090842,0.0007281176251097549,WETH,pool_swap_ratio,4,659,1172984.3784999999,,14694439,6001.4758,,4,4,0.0,0.0,0.0,0.0,,0,0,,,,5413.1995,588.2763,4824.923199999999,4,-0.003912254827151624,0.0041218569841861225,0.0,0.0,0.004130363520244666,0.0,0.005137548450916519,0.0048732108342994795,2,2,price=observed;tvl=observed;lp_amount=none,False
2022-05-01T22:00:00+00:00,0.0007295886507513329,0.0007410594873677886,0.0007295886507513329,0.0007368157611107583,0.0007341624986637078,WETH,pool_swap_ratio,6,25,1169337.7456999999,,14694748,5578.6194000000005,,6,6,0.0,0.0,0.0,0.0,,0,0,,,,965.9933,4612.6261,-3646.6328000000003,6,0.0070138927368397766,-0.0031136927824951086,0.0,0.0,-0.003108850268460758,0.0,0.004755919603237922,0.0036139988788312927,2,2,price=observed;tvl=observed;lp_amount=none,False
2022-05-01T23:00:00+00:00,0.0007299080988357372,0.0007355462359175368,0.0007299080988357372,0.0007355462359175368,0.0007337085475164672,WETH,pool_swap_ratio,2,47,1168171.254,,14695010,3350.8117,,2,2,0.0,0.0,0.0,0.0,,0,0,,,,1092.16,2258.6517,-1166.4916999999998,2,-0.0017244747017305818,-0.0009980640048712194,0.0,0.0,-0.0009975661046515724,0.0,0.002865563616946365,0.0025046572065843264,2,2,price=observed;tvl=observed;lp_amount=none,False
2022-05-02T00:00:00+00:00,0.0007240070562258217,0.0007307281312254266,0.0007229113735650831,0.0007307281312254266,0.0007251833258337086,WETH,pool_swap_ratio,7,1084,1171345.1578000002,,14695212,22625.718599999997,,7,5,0.0,0.0,0.0,0.0,,0,0,,,,12899.8112,9725.9074,3173.9038,7,-0.006571924247333435,0.0027133006899900626,0.0,0.0,0.002716985021786883,0.0,0.01936849457862109,0.007646074025962291,2,2,price=observed;tvl=observed;lp_amount=none,False
2022-05-02T01:00:00+00:00,0.0007261364585895113,0.0007261364585895113,0.0007261364585895113,0.0007261364585895113,0.0007261364585895113,WETH,pool_swap_ratio,1,964,1171631.5161000001,,14695505,286.3583,,1,1,0.0,0.0,0.0,0.0,,0,0,,,,286.3583,0.0,286.3583,1,-0.006303520412179683,0.0002444397373783026,0.0,0.0,0.0002444696152053363,0.0,0.0002444696152053363,0.0,2,2,price=observed;tvl=observed;lp_amount=none,False
2022-05-02T02:00:00+00:00,0.0007441610459804874,0.0007704102365370061,0.000738795336194429,0.000738795336194429,0.0007464573867451333,WETH,pool_swap_ratio,6,2129,1166674.2944,,14695669,19463.6671,,6,4,0.0,0.0,0.0,0.0,,0,0,,,,7253.2227,12210.4444,-4957.2217,6,0.017282978976116622,-0.004240017797825476,0.0,0.0,-0.004231041613237805,0.0,0.01661244754220042,-0.010264551850861947,2,2,price=observed;tvl=observed;lp_amount=none,False
2022-05-02T03:00:00+00:00,0.00079890274261685,0.00079890274261685,0.0007080907157719283,0.0007305870048446574,0.0007498287171800588,WETH,pool_swap_ratio,6,3419,1170786.2058,,14695846,52350.027,,6,3,0.0,0.0,0.0,0.0,,0,0,,,,28230.969200000003,24119.057800000002,4111.911400000001,5,-0.01117260838867284,0.0035182760446007062,0.0,0.0,0.003524472442512059,0.0,0.0448711583440884,-0.02566147694071419,2,2,price=observed;tvl=observed;lp_amount=none,False
2022-05-02T04:00:00+00:00,,,,0.0007305870048446574,,WETH,pool_swap_ratio,0,7019,1170786.2058,,14695846,0.0,,0,0,0.0,0.0,0.0,0.0,,0,0,,,,0.0,0.0,0.0,0,0.0,0.0,0.0,0.0,0.0,0.0,0.0,,2,2,price=carried;tvl=carried;lp_amount=none,True
2022-05-02T05:00:00+00:00,0.000751265313507444,0.0007658903451436992,0.0007390493164687141,0.0007390493164687141,0.0007542604635702923,WETH,pool_swap_ratio,6,692,1166131.6624,,14696556,41679.011,,6,3,0.0,0.0,0.0,0.0,,0,0,,,,18512.2338,23166.7772,-4654.543399999999,6,0.011516325539630359,-0.003983494343795296,0.0,0.0,-0.00397557075488393,0.0,0.03559916472668096,-0.020166968621921688,2,2,price=observed;tvl=observed;lp_amount=none,False
2022-05-02T06:00:00+00:00,0.000741998348103478,0.0007464236937690895,0.0007386496482703353,0.0007402117821211348,0.0007421353139083327,WETH,pool_swap_ratio,4,859,1167577.9829,,14696817,10265.7359,,4,3,0.0,0.0,0.0,0.0,,0,0,,,,5856.028200000001,4409.7077,1446.3205000000007,4,0.0015716845292853131,0.001239503541570609,0.0,0.0,0.0012402720435729768,0.0,0.008803239146146006,-0.002591888232710393,2,2,price=observed;tvl=observed;lp_amount=none,False
2022-05-02T07:00:00+00:00,0.0007375599451845449,0.0007401176321818371,0.000731121136000883,0.000731121136000883,0.0007320675836819145,WETH,pool_swap_ratio,3,69,1171778.5555,,14697134,5417.5326000000005,,3,3,0.0,0.0,0.0,0.0,,0,0,,,,4809.0526,608.48,4200.5725999999995,3,-0.012357178564220708,0.0035912243777938484,0.0,0.0,0.0035976805502675943,0.0,0.004639974956143035,-0.0012928419481045283,2,2,price=observed;tvl=observed;lp_amount=none,False
2022-05-02T08:00:00+00:00,0.0007325711455356823,0.0007371415684580327,0.0007325711455356823,0.000734121475243027,0.0007348546555481246,WETH,pool_swap_ratio,3,32,1168458.5801000001,,14697392,5321.6272,,3,2,0.0,0.0,0.0,0.0,,0,0,,,,1000.8259,4320.8013,-3319.9754000000003,3,0.004095353783153251,-0.0028373001835763573,0.0,0.0,-0.002833278851551743,0.0,0.004541495639275675,-0.0009977215216127044,2,2,price=observed;tvl=observed;lp_amount=none,False
2022-05-02T09:00:00+00:00,0.0007395223614413756,0.0007395223614413756,0.0007395223614413756,0.0007395223614413756,0.0007395223614413756,WETH,pool_swap_ratio,1,2256,1166546.5161000001,,14697490,1912.064,,1,1,0.0,0.0,0.0,0.0,,0,0,,,,0.0,1912.064,-1912.064,1,0.007330007761580634,-0.0016377389758062103,0.0,0.0,-0.001636398613150977,0.0,0.001636398613150977,0.0,2,2,price=observed;tvl=observed;lp_amount=none,False
2022-05-02T10:00:00+00:00,0.000735217030226365,0.0007402943494476065,0.000735217030226365,0.0007381608822573757,0.0007381198441429484,WETH,pool_swap_ratio,3,1352,1166184.2441,,14697819,4432.9490000000005,,3,3,0.0,0.0,0.0,0.0,,0,0,,,,2035.3385,2397.6105,-362.2719999999997,3,-0.0018427218080213617,-0.00031059907049153465,0.0,0.0,-0.00031055083959373344,0.0,0.0038000619253660294,5.559817250944121e-05,2,2,price=observed;tvl=observed;lp_amount=none,False
2022-05-02T11:00:00+00:00,0.0007337617393586023,0.0007475250200535206,0.0007337617393586023,0.0007469981933447197,0.0007473726584218607,WETH,pool_swap_ratio,3,5,1162553.2861000001,,14698155,5926.681699999999,,3,3,0.0,0.0,0.0,0.0,,0,0,,,,1147.8787,4778.8367,-3630.9579999999996,3,0.01190096810083345,-0.003118394319079647,0.0,0.0,-0.0031135371776542763,0.0,0.005082114365705483,-0.000501041980759287,2,2,price=observed;tvl=observed;lp_amount=none,False
2022-05-02T12:00:00+00:00,0.0007387251146640665,0.0007387251146640665,0.0007387251146640665,0.0007387251146640665,0.0007387251146640665,WETH,pool_swap_ratio,1,3532,1162432.6729000001,,14698161,120.6132,,1,1,0.0,0.0,0.0,0.0,,0,0,,,,0.0,120.6132,-120.6132,1,-0.01113688416298316,-0.00010375391700009495,0.0,0.0,-0.00010374853474856132,0.0,0.00010374853474856132,0.0,2,2,price=observed;tvl=observed;lp_amount=none,False
2022-05-02T13:00:00+00:00,0.0007450176481216428,0.0007452413377074196,0.0007436557816634673,0.0007436557816634673,0.0007447577377463966,WETH,pool_swap_ratio,3,1651,1162376.5397,,14698539,1966.235,,3,2,0.0,0.0,0.0,0.0,,0,0,,,,955.0509,1011.1841,-56.13319999999999,3,0.006652386299878732,-4.829058634719867e-05,0.0,0.0,-4.828942037559962e-05,0.0,0.001691482909797003,-0.001479616829848207,2,2,price=observed;tvl=observed;lp_amount=none,False
2022-05-02T14:00:00+00:00,,,,0.0007436557816634673,,WETH,pool_swap_ratio,0,5251,1162376.5397,,14698539,0.0,,0,0,0.0,0.0,0.0,0.0,,0,0,,,,0.0,0.0,0.0,0,0.0,0.0,0.0,0.0,0.0,0.0,0.0,,2,2,price=carried;tvl=carried;lp_amount=none,True
2022-05-02T15:00:00+00:00,0.000754854123281264,0.000754854123281264,0.0007529563783193077,0.0007529563783193077,0.000754191162531162,WETH,pool_swap_ratio,2,3170,1159986.2691,,14699014,7932.735000000001,,2,2,0.0,0.0,0.0,0.0,,0,0,,,,2771.2322,5161.5028,-2390.2706000000003,2,0.012429026884119121,-0.002058482365440158,0.0,0.0,-0.00205636514361939,0.0,0.00682458285165268,-0.0016372297544700043,2,2,price=observed;tvl=observed;lp_amount=none,False
2022-05-02T16:00:00+00:00,0.0007493568167693767,0.0007493568167693767,0.0007474322262765576,0.0007474322262765576,0.0007486067996473072,WETH,pool_swap_ratio,2,1640,1160173.948,,14699412,850.7825,,2,2,0.0,0.0,0.0,0.0,,0,0,,,,519.2307,331.5518,187.67889999999994,2,-0.0073636616372367595,0.0001617809830772485,0.0,0.0,0.00016179407032603464,0.0,0.0007334418713939587,-0.0015690124258862514,2,2,price=observed;tvl=observed;lp_amount=none,False
2022-05-02T17:00:00+00:00,0.0007307087697973923,0.0007518605399398553,0.0007307087697973923,0.0007518605399398553,0.0007408807371699207,WETH,pool_swap_ratio,4,776,1159847.5823000001,,14699734,9711.6561,,4,3,0.0,0.0,0.0,0.0,,0,0,,,,4692.6452,5019.010899999999,-326.3656999999994,4,0.005907220578041839,-0.0002813471322488812,0.0,0.0,-0.0002813075578559702,0.0,0.008370862073520719,0.014819932843545436,2,2,price=observed;tvl=observed;lp_amount=none,False
2022-05-02T18:00:00+00:00,0.0007471148290258469,0.0007534328490984239,0.0007471148290258469,0.0007534328490984239,0.0007509296782445206,WETH,pool_swap_ratio,2,2775,1158205.6984,,14699832,7908.5359,,2,2,0.0,0.0,0.0,0.0,,0,0,,,,3133.326,4775.2099,-1641.8838999999998,2,0.002089040903024829,-0.0014166060704852816,0.0,0.0,-0.0014156031577391508,0.0,0.006818599288983489,0.0033334291164988095,2,2,price=observed;tvl=observed;lp_amount=none,False
2022-05-02T19:00:00+00:00,0.0007472431398409492,0.0007501410771149101,0.0007472431398409492,0.0007501410771149101,0.0007497717059520079,WETH,pool_swap_ratio,2,2341,1161334.8523,,14700097,4199.7559,,2,2,0.0,0.0,0.0,0.0,,0,0,,,,3664.4549,535.301,3129.1539000000002,2,-0.004378603785719471,0.002698082426122759,0.0,0.0,0.002701725526236627,0.0,0.00362608809972334,0.0004926448410496054,2,2,price=observed;tvl=observed;lp_amount=none,False
2022-05-02T20:00:00+00:00,0.0007511942975614825,0.0007511942975614825,0.0007511942975614825,0.0007511942975614825,0.0007511942975614825,WETH,pool_swap_ratio,1,1866,1161169.6455,,14700412,165.2068,,1,1,0.0,0.0,0.0,0.0,,0,0,,,,0.0,165.2068,-165.2068,1,0.0014030450985336462,-0.00014226607563938313,0.0,0.0,-0.00014225595630132972,0.0,0.00014225595630132972,0.0,2,2,price=observed;tvl=observed;lp_amount=none,False
2022-05-02T21:00:00+00:00,0.0007407826820534549,0.0007425274347530429,0.0007407826820534549,0.0007425274347530429,0.0007413590854676255,WETH,pool_swap_ratio,2,1857,1163702.9028,,14700665,7466.7427,,2,2,0.0,0.0,0.0,0.0,,0,0,,,,5000.0,2466.7427,2533.2573,2,-0.01160451760305419,0.0021792663898341992,0.0,0.0,0.002181642716736002,0.0,0.006430363322824218,0.0015759559818173674,2,2,price=observed;tvl=observed;lp_amount=none,False
2022-05-02T22:00:00+00:00,0.0007427767637206548,0.0007427767637206548,0.0007356979941302149,0.0007356979941302149,0.0007384031728034162,WETH,pool_swap_ratio,4,1155,1169314.999,,14700982,11000.6764,,4,3,0.0,0.0,0.0,0.0,,0,0,,,,8306.3863,2694.2901,5612.0962,4,-0.009240118699988588,0.0048110278283410215,0.0,0.0,0.004822619404400097,0.0,0.009453165729441024,-0.0036635523421857386,2,2,price=observed;tvl=observed;lp_amount=none,False
2022-05-02T23:00:00+00:00,0.0007372326617770472,0.0007372326617770472,0.0007372326617770472,0.0007372326617770472,0.0007372326617770472,WETH,pool_swap_ratio,1,1757,1169444.5572,,14701227,129.5582,,1,1,0.0,0.0,0.0,0.0,,0,0,,,,129.5582,0.0,129.5582,1,0.0020838295353763536,0.00011079223581493833,0.0,0.0,0.00011079837350140754,0.0,0.00011079837350140754,0.0,2,2,price=observed;tvl=observed;lp_amount=none,False
2022-05-03T00:00:00+00:00,,,,0.0007372326617770472,,WETH,pool_swap_ratio,0,5357,1169444.5572,,14701227,0.0,,0,0,0.0,0.0,0.0,0.0,,0,0,,,,0.0,0.0,0.0,0,0.0,0.0,0.0,0.0,0.0,0.0,0.0,,2,2,price=carried;tvl=carried;lp_amount=none,True
2022-05-03T01:00:00+00:00,0.0007356190210318099,0.0007356190210318099,0.0007280010590507524,0.0007301740272434535,0.0007299609426254552,WETH,pool_swap_ratio,3,830,1169350.3674,,14701830,3234.2961999999998,,3,3,0.0,0.0,0.0,0.0,,0,0,,,,1570.0532,1664.243,-94.18979999999988,3,-0.009620630776577965,-8.054558273579376e-05,0.0,0.0,-8.054233902761362e-05,0.0,0.002765668692959564,0.00029191235524450576,2,2,price=observed;tvl=observed;lp_amount=none,False
2022-05-03T02:00:00+00:00,,,,0.0007301740272434535,,WETH,pool_swap_ratio,0,4430,1169350.3674,,14701830,0.0,,0,0,0.0,0.0,0.0,0.0,,0,0,,,,0.0,0.0,0.0,0,0.0,0.0,0.0,0.0,0.0,0.0,0.0,,2,2,price=carried;tvl=carried;lp_amount=none,True
2022-05-03T03:00:00+00:00,,,,0.0007301740272434535,,WETH,pool_swap_ratio,0,8030,1169350.3674,,14701830,0.0,,0,0,0.0,0.0,0.0,0.0,,0,0,,,,0.0,0.0,0.0,0,0.0,0.0,0.0,0.0,0.0,0.0,0.0,,2,2,price=carried;tvl=carried;lp_amount=none,True
2022-05-03T04:00:00+00:00,,,,0.0007301740272434535,,WETH,pool_swap_ratio,0,11630,1169350.3674,,14701830,0.0,,0,0,0.0,0.0,0.0,0.0,,0,0,,,,0.0,0.0,0.0,0,0.0,0.0,0.0,0.0,0.0,0.0,0.0,,2,2,price=carried;tvl=carried;lp_amount=none,True
2022-05-03T05:00:00+00:00,0.0007313821529600609,0.0007366305306632067,0.0007302606407967662,0.0007366305306632067,0.0007344470442790965,WETH,pool_swap_ratio,3,772,1168564.3673999999,,14702874,1810.2538,,3,1,0.0,336.2538,-336.2538,336.2538,0.0,0,1,,,1.0,680.2538,1466.2538,-786.0,4,0.008803552026761372,-0.0006723940936887715,-0.0002875560733329616,0.0002875560733329616,-0.0006721680874378455,0.0002875560733329616,0.0015480850311998626,0.002972966398487431,2,2,price=observed;tvl=observed;lp_amount=quantified,False
2022-05-03T06:00:00+00:00,,,,0.0007366305306632067,,WETH,pool_swap_ratio,0,4372,1168564.3673999999,,14702874,0.0,,0,0,0.0,0.0,0.0,0.0,,0,0,,,,0.0,0.0,0.0,0,0.0,0.0,0.0,0.0,0.0,0.0,0.0,,2,2,price=carried;tvl=carried;lp_amount=none,True
2022-05-03T07:00:00+00:00,,,,0.0007366305306632067,,WETH,pool_swap_ratio,0,7972,1168564.3673999999,,14702874,0.0,,0,0,0.0,0.0,0.0,0.0,,0,0,,,,0.0,0.0,0.0,0,0.0,0.0,0.0,0.0,0.0,0.0,0.0,,2,2,price=carried;tvl=carried;lp_amount=none,True
2022-05-03T08:00:00+00:00,0.0007283700768263849,0.0007283700768263849,0.0007283700768263849,0.0007283700768263849,0.0007283700768263849,WETH,pool_swap_ratio,1,275,1168570.831,,14703723,6.4636,,1,1,0.0,0.0,0.0,0.0,,0,0,,,,6.4636,0.0,6.4636,1,-0.011277184921204657,5.5312161698664336e-06,0.0,0.0,5.531231466847823e-06,0.0,5.531231466847823e-06,0.0,2,2,price=observed;tvl=observed;lp_amount=none,False
2022-05-03T09:00:00+00:00,0.0007357052470498219,0.0007357052470498219,0.0007357052470498219,0.0007357052470498219,0.0007357052470498219,WETH,pool_swap_ratio,1,2473,1168027.135,,14703818,543.696,,1,1,0.0,0.0,0.0,0.0,,0,0,,,,0.0,543.696,-543.696,1,0.010020292642686687,-0.00046537403329443633,0.0,0.0,-0.0004652657635949498,0.0,0.0004652657635949498,0.0,2,2,price=observed;tvl=observed;lp_amount=none,False
2022-05-03T10:00:00+00:00,,,,0.0007357052470498219,,WETH,pool_swap_ratio,0,6073,1168027.135,,14703818,0.0,,0,0,0.0,0.0,0.0,0.0,,0,0,,,,0.0,0.0,0.0,0,0.0,0.0,0.0,0.0,0.0,0.0,0.0,,2,2,price=carried;tvl=carried;lp_amount=none,True
2022-05-03T11:00:00+00:00,0.0007326902979294033,0.0007387400077316169,0.0007326902979294033,0.0007387400077316169,0.0007372009016944433,WETH,pool_swap_ratio,2,454,1167465.099,,14704493,1144.2562,,2,1,0.0,0.0,0.0,0.0,,0,0,,,,291.1101,853.1461,-562.0360000000001,2,0.004116483751971381,-0.0004812998327869643,0.0,0.0,-0.00048118402660225876,0.0,0.000979648644892141,0.002087770150085211,2,2,price=observed;tvl=observed;lp_amount=none,False
2022-05-03T12:00:00+00:00,,,,0.0007387400077316169,,WETH,pool_swap_ratio,0,4054,1167465.099,,14704493,0.0,,0,0,0.0,0.0,0.0,0.0,,0,0,,,,0.0,0.0,0.0,0,0.0,0.0,0.0,0.0,0.0,0.0,0.0,,2,2,price=carried;tvl=carried;lp_amount=none,True
2022-05-03T13:00:00+00:00,,,,0.0007387400077316169,,WETH,pool_swap_ratio,0,7654,1167465.099,,14704493,0.0,,0,0,0.0,0.0,0.0,0.0,,0,0,,,,0.0,0.0,0.0,0,0.0,0.0,0.0,0.0,0.0,0.0,0.0,,2,2,price=carried;tvl=carried;lp_amount=none,True
2022-05-03T14:00:00+00:00,0.0007447594544311718,0.0007525444957781972,0.0007426521317321963,0.0007525444957781972,0.0007466603377655103,WETH,pool_swap_ratio,3,866,1159011.5620000002,,14705226,8453.537,,3,2,0.0,0.0,0.0,0.0,,0,0,,,,0.0,8453.537,-8453.537,3,0.018514082761517982,-0.007267276174838268,0.0,0.0,-0.0072409333754310376,0.0,0.0072409333754310376,0.007880635564888827,2,2,price=observed;tvl=observed;lp_amount=none,False
2022-05-03T15:00:00+00:00,0.0007495120366021137,0.0007530429568362262,0.0007495120366021137,0.0007530429568362262,0.0007499755054959089,WETH,pool_swap_ratio,2,1055,1159912.9193,,14705512,1222.1697,,2,2,0.0,0.0,0.0,0.0,,0,0,,,,1061.7794,160.4221,901.3572999999999,2,0.0006621482868703556,0.0007773925823477716,0.0,0.0,0.0007776948302781468,0.0,0.001054493104357832,0.00409006869936257,2,2,price=observed;tvl=observed;lp_amount=none,False
2022-05-03T16:00:00+00:00,0.0007584137349787138,0.0007587200130556461,0.0007533502072954479,0.0007581280950948631,0.0007566724527883556,WETH,pool_swap_ratio,6,51,1154292.8292,,14705847,15307.7131,,6,6,0.0,0.0,0.0,0.0,,0,0,,,,4843.8115,10463.901600000001,-5620.090100000001,6,0.0067300884913289545,-0.004857045361861541,0.0,0.0,-0.004845268990875358,0.0,0.01319729511180728,0.0019237416416355568,2,2,price=observed;tvl=observed;lp_amount=none,False
2022-05-03T17:00:00+00:00,0.0007572770057434411,0.0007572770057434411,0.0007459881579540301,0.000752821445246791,0.0007504156667227951,WETH,pool_swap_ratio,6,176,1158449.8953,,14706093,13611.5909,,6,5,0.0,0.0,0.0,0.0,,0,0,,,,8884.3285,4727.2624,4157.0661,6,-0.007024287080161297,0.0035949269522700996,0.0,0.0,0.0036013964523032836,0.0,0.011792147153364642,0.0032059279019351905,2,2,price=observed;tvl=observed;lp_amount=none,False
2022-05-03T18:00:00+00:00,,,,0.000752821445246791,,WETH,pool_swap_ratio,0,3776,1158449.8953,,14706093,0.0,,0,0,0.0,0.0,0.0,0.0,,0,0,,,,0.0,0.0,0.0,0,0.0,0.0,0.0,0.0,0.0,0.0,0.0,,2,2,price=carried;tvl=carried;lp_amount=none,True
2022-05-03T19:00:00+00:00,0.0007461796270856506,0.0007461796270856506,0.0007461796270856506,0.0007461796270856506,0.0007461796270856506,WETH,pool_swap_ratio,1,2787,1158800.809,,14706456,350.9137,,1,1,0.0,0.0,0.0,0.0,,0,0,,,,350.9137,0.0,350.9137,1,-0.00886171697786608,0.00030287072696209193,0.0,0.0,0.00030291659693156177,0.0,0.00030291659693156177,0.0,2,2,price=observed;tvl=observed;lp_amount=none,False
2022-05-03T20:00:00+00:00,0.000743649104511868,0.0007524764677783407,0.000743649104511868,0.0007524764677783407,0.0007515633269673666,WETH,pool_swap_ratio,2,737,1158034.1056,,14706885,966.7034,,2,2,0.0,0.0,0.0,0.0,,0,0,,,,100.0,866.7034,-766.7034,2,0.008403365881375626,-0.0006618541728254852,0.0,0.0,-0.0006616351956654529,0.0,0.0008342274120728545,0.0012149885155501305,2,2,price=observed;tvl=observed;lp_amount=none,False
2022-05-03T21:00:00+00:00,0.0007518072841968744,0.0007518072841968744,0.0007500946171765469,0.0007500946171765469,0.0007511801786226426,WETH,pool_swap_ratio,2,279,1158335.9133000001,,14707158,301.8077,,2,2,0.0,0.0,0.0,0.0,,0,0,,,,301.8077,0.0,301.8077,2,-0.0031703692699652066,0.00026058677952625744,0.0,0.0,0.000260620735210236,0.0,0.000260620735210236,-0.0014451412284148812,2,2,price=observed;tvl=observed;lp_amount=none,False
2022-05-03T22:00:00+00:00,0.0007506981389393462,0.0007506981389393462,0.0007485988323200449,0.0007485988323200449,0.0007503195973131795,WETH,pool_swap_ratio,2,191,1159190.5172000001,,14707417,854.6039000000001,,2,2,0.0,0.0,0.0,0.0,,0,0,,,,854.6039000000001,0.0,854.6039000000001,2,-0.001996119157878872,0.0007375138660683562,0.0,0.0,0.0007377858962909184,0.0,0.0007377858962909184,-0.0022933760484152854,2,2,price=observed;tvl=observed;lp_amount=none,False
2022-05-03T23:00:00+00:00,0.000749294388932342,0.000749294388932342,0.000749294388932342,0.000749294388932342,0.000749294388932342,WETH,pool_swap_ratio,1,510,1159777.1886999998,,14707671,586.6715,,1,1,0.0,0.0,0.0,0.0,,0,0,,,,586.6715,0.0,586.6715,1,0.0009287132786530424,0.0005059764403129981,0.0,0.0,0.0005061044679843418,0.0,0.0005061044679843418,0.0,2,2,price=observed;tvl=observed;lp_amount=none,False
2022-05-04T00:00:00+00:00,,,,0.000749294388932342,,WETH,pool_swap_ratio,0,4110,1159777.1886999998,,14707671,0.0,,0,0,0.0,0.0,0.0,0.0,,0,0,,,,0.0,0.0,0.0,0,0.0,0.0,0.0,0.0,0.0,0.0,0.0,,2,2,price=carried;tvl=carried;lp_amount=none,True
2022-05-04T01:00:00+00:00,0.0007466455885310567,0.0007466455885310567,0.0007466455885310567,0.0007466455885310567,0.0007466455885310567,WETH,pool_swap_ratio,1,3528,1159969.7892999998,,14707953,192.6006,,1,1,0.0,0.0,0.0,0.0,,0,0,,,,192.6006,0.0,192.6006,1,-0.003541322792891922,0.0001660531103342237,0.0,0.0,0.00016606689791500985,0.0,0.00016606689791500985,0.0,2,2,price=observed;tvl=observed;lp_amount=none,False
2022-05-04T02:00:00+00:00,0.0007469067210303741,0.0007553844980352939,0.0007469067210303741,0.0007553844980352939,0.0007533840273374375,WETH,pool_swap_ratio,2,1246,1156362.2193,,14708365,6831.65,,2,1,0.0,0.0,0.0,0.0,,0,0,,,,1612.04,5219.61,-3607.5699999999997,2,0.011636262399931608,-0.0031149014074918963,0.0,0.0,-0.0031100551352954103,0.0,0.005889506832865583,0.002655313392993408,2,2,price=observed;tvl=observed;lp_amount=none,False
2022-05-04T03:00:00+00:00,0.0007534794271481416,0.0007534794271481416,0.0007534794271481416,0.0007534794271481416,0.0007534794271481416,WETH,pool_swap_ratio,1,3179,1159197.9335,,14708495,2835.7142,,1,1,0.0,0.0,0.0,0.0,,0,0,,,,2835.7142,0.0,2835.7142,1,-0.002525173897610683,0.002449269663043136,0.0,0.0,0.002452271574313964,0.0,0.002452271574313964,0.0,2,2,price=observed;tvl=observed;lp_amount=none,False
2022-05-04T04:00:00+00:00,,,,0.0007534794271481416,,WETH,pool_swap_ratio,0,6779,1159197.9335,,14708495,0.0,,0,0,0.0,0.0,0.0,0.0,,0,0,,,,0.0,0.0,0.0,0,0.0,0.0,0.0,0.0,0.0,0.0,0.0,,2,2,price=carried;tvl=carried;lp_amount=none,True
2022-05-04T05:00:00+00:00,,,,0.0007534794271481416,,WETH,pool_swap_ratio,0,10379,1159197.9335,,14708495,0.0,,0,0,0.0,0.0,0.0,0.0,,0,0,,,,0.0,0.0,0.0,0,0.0,0.0,0.0,0.0,0.0,0.0,0.0,,2,2,price=carried;tvl=carried;lp_amount=none,True
2022-05-04T06:00:00+00:00,,,,0.0007534794271481416,,WETH,pool_swap_ratio,0,13979,1159197.9335,,14708495,0.0,,0,0,0.0,0.0,0.0,0.0,,0,0,,,,0.0,0.0,0.0,0,0.0,0.0,0.0,0.0,0.0,0.0,0.0,,2,2,price=carried;tvl=carried;lp_amount=none,True
2022-05-04T07:00:00+00:00,0.0007476534878645234,0.0007476534878645234,0.0007447224295692689,0.0007447224295692689,0.0007474303335085825,WETH,pool_swap_ratio,2,602,1161903.9548,,14709697,2706.0213,,2,2,0.0,0.0,0.0,0.0,,0,0,,,,2706.0213,0.0,2706.0213,2,-0.011690143443075455,0.002331670608363021,0.0,0.0,0.0023343910662690977,0.0,0.0023343910662690977,-0.0036229516222631153,2,2,price=observed;tvl=observed;lp_amount=none,False
2022-05-04T08:00:00+00:00,,,,0.0007447224295692689,,WETH,pool_swap_ratio,0,4202,1161903.9548,,14709697,0.0,,0,0,0.0,0.0,0.0,0.0,,0,0,,,,0.0,0.0,0.0,0,0.0,0.0,0.0,0.0,0.0,0.0,0.0,,2,2,price=carried;tvl=carried;lp_amount=none,True
2022-05-04T09:00:00+00:00,0.0007434233058372562,0.0007434233058372562,0.0007434233058372562,0.0007434233058372562,0.0007434233058372562,WETH,pool_swap_ratio,1,304,1162903.9548,,14710232,1000.0,,1,1,0.0,0.0,0.0,0.0,,0,0,,,,1000.0,0.0,1000.0,1,-0.0017459634915087787,0.0008602861832540837,0.0,0.0,0.0008606563355506706,0.0,0.0008606563355506706,0.0,2,2,price=observed;tvl=observed;lp_amount=none,False
2022-05-04T10:00:00+00:00,0.0007434955860772986,0.0007434955860772986,0.0007410223352813357,0.0007410223352813357,0.0007430865914521041,WETH,pool_swap_ratio,2,1847,1163346.9277,,14710395,442.9729,,2,2,0.0,0.0,0.0,0.0,,0,0,,,,442.9729,0.0,442.9729,2,-0.003234840782443562,0.00038084706055265704,0.0,0.0,0.0003809195920020617,0.0,0.0003809195920020617,-0.0027779483501841895,2,2,price=observed;tvl=observed;lp_amount=none,False
2022-05-04T11:00:00+00:00,0.0007518837197166177,0.0007518837197166177,0.0007518837197166177,0.0007518837197166177,0.0007518837197166177,WETH,pool_swap_ratio,1,3468,1158707.2402,,14710547,4639.6875,,1,1,0.0,0.0,0.0,0.0,,0,0,,,,0.0,4639.6875,-4639.6875,1,0.014550917035381162,-0.003996197624182675,0.0,0.0,-0.003988223452115797,0.0,0.003988223452115797,0.0,2,2,price=observed;tvl=observed;lp_amount=none,False
2022-05-04T12:00:00+00:00,0.0007480085710274416,0.0007495064073539307,0.0007420049332373112,0.0007434902867345397,0.0007446589498143564,WETH,pool_swap_ratio,5,763,1164351.4668999999,,14711065,9689.4139,,5,3,0.0,49.6524,-49.6524,49.6524,0.0,0,1,,,1.0,7691.6465,2047.4198000000001,5644.226699999999,6,-0.011225982386470327,0.0048593156850905515,-4.2851548930884126e-05,4.2851548930884126e-05,0.004871141306604567,4.2851548930884126e-05,0.0083622623246296,-0.0015693937205858433,2,2,price=observed;tvl=observed;lp_amount=quantified,False
2022-05-04T13:00:00+00:00,0.0007479542461013569,0.0007479542461013569,0.0007398449779120512,0.0007440044114114505,0.000743284238546495,WETH,pool_swap_ratio,5,794,1162288.6509,,14711300,13111.212,,5,3,0.0,0.0,0.0,0.0,,0,0,,,,5524.198,7587.014,-2062.816,5,0.0006912625611697264,-0.0017732149675629976,0.0,0.0,-0.0017716437507414283,0.0,0.011260527746752994,0.0009689064123892255,2,2,price=observed;tvl=observed;lp_amount=none,False
2022-05-04T14:00:00+00:00,0.0007532761343241299,0.0007532761343241299,0.0007233417729476548,0.0007362300405720787,0.0007380207514595608,WETH,pool_swap_ratio,14,1475,1163375.2088,,14711522,69690.4869,,14,6,0.0,0.0,0.0,0.0,,0,0,,,,35388.5224,34301.9645,1086.5578999999998,14,-0.010504339113173692,0.0009344067282342883,0.0,0.0,0.0009348434222072466,0.0,0.0599597069506239,-0.0024263692910269086,2,2,price=observed;tvl=observed;lp_amount=none,False
2022-05-04T15:00:00+00:00,0.0007469490295013498,0.0007492550326569199,0.0007412548398995375,0.0007492550326569199,0.0007471686663739817,WETH,pool_swap_ratio,4,2030,1159551.9341,,14711728,7040.4174,,4,4,0.0,0.0,0.0,0.0,,0,0,,,,1608.5954,5431.8701,-3823.2747,4,0.01753679808156116,-0.0032917762091983598,0.0,0.0,-0.003286364253836591,0.0,0.006051716889568294,0.0027923631929900328,2,2,price=observed;tvl=observed;lp_amount=none,False
2022-05-04T16:00:00+00:00,0.0007495745850568321,0.0007495745850568321,0.0007495745850568321,0.0007495745850568321,0.0007495745850568321,WETH,pool_swap_ratio,1,3189,1159687.9141,,14711898,135.98,,1,1,0.0,0.0,0.0,0.0,,0,0,,,,135.98,0.0,135.98,1,0.00042640257568622855,0.00011726255933502542,0.0,0.0,0.00011726943485764825,0.0,0.00011726943485764825,0.0,2,2,price=observed;tvl=observed;lp_amount=none,False
2022-05-04T17:00:00+00:00,,,,0.0007495745850568321,,WETH,pool_swap_ratio,0,6789,1159687.9141,,14711898,0.0,,0,0,0.0,0.0,0.0,0.0,,0,0,,,,0.0,0.0,0.0,0,0.0,0.0,0.0,0.0,0.0,0.0,0.0,,2,2,price=carried;tvl=carried;lp_amount=none,True
2022-05-04T18:00:00+00:00,0.0007539436672403,0.0007539436672403,0.0007368145853804766,0.0007368145853804766,0.0007418814169673476,WETH,pool_swap_ratio,4,14,1166685.4018,,14712669,6997.5277,,4,2,0.0,0.0,0.0,0.0,,0,0,,,,6997.507699999999,0.02,6997.487699999999,4,-0.01716954535477738,0.006015809032363151,0.0,0.0,0.006033940351469943,0.0,0.006033974843508288,-0.006829705490647098,2,2,price=observed;tvl=observed;lp_amount=none,False
2022-05-04T19:00:00+00:00,,,,0.0007368145853804766,,WETH,pool_swap_ratio,0,3614,1166685.4018,,14712669,0.0,,0,0,0.0,0.0,0.0,0.0,,0,0,,,,0.0,0.0,0.0,0,0.0,0.0,0.0,0.0,0.0,0.0,0.0,,2,2,price=carried;tvl=carried;lp_amount=none,True
2022-05-04T20:00:00+00:00,0.000739903009170682,0.000739903009170682,0.0007336788381771131,0.0007336788381771131,0.0007353587871329683,WETH,pool_swap_ratio,2,1486,1168385.3153000001,,14713061,3693.9747,,2,2,0.0,0.0,0.0,0.0,,0,0,,,,2696.9441,997.0306,1699.9135,2,-0.004264897627187547,0.0014559848554941853,0.0,0.0,0.0014570453160529123,0.0,0.003166213183349013,-0.0022845296544357074,2,2,price=observed;tvl=observed;lp_amount=none,False
2022-05-04T21:00:00+00:00,0.000737419764915835,0.000737419764915835,0.000737419764915835,0.000737419764915835,0.000737419764915835,WETH,pool_swap_ratio,1,55,1166335.5059,,14713428,2049.8094,,1,1,0.0,0.0,0.0,0.0,,0,0,,,,0.0,2049.8094,-2049.8094,1,0.005085906267001804,-0.0017559357916119925,0.0,0.0,-0.0017543950383129229,0.0,0.0017543950383129229,0.0,2,2,price=observed;tvl=observed;lp_amount=none,False
2022-05-04T22:00:00+00:00,0.0007460757152767612,0.000759707722393352,0.0007460757152767612,0.0007524473864055789,0.0007521955963357832,WETH,pool_swap_ratio,4,1367,1161867.8426,,14713609,18464.8789,,4,3,0.0,0.0,0.0,0.0,,0,0,,,,6998.6078,11466.2711,-4467.6633,4,0.020173786819634127,-0.003837868188487754,0.0,0.0,-0.003830512984814381,0.0,0.01583153287076828,0.0003347401540534367,2,2,price=observed;tvl=observed;lp_amount=none,False
2022-05-04T23:00:00+00:00,0.0007425824122175497,0.0007513594910791714,0.0007425824122175497,0.0007464236988151309,0.0007435105247512694,WETH,pool_swap_ratio,3,337,1164043.8279,,14713947,2495.4063,,3,3,0.0,0.0,0.0,0.0,,0,0,,,,2335.6958,159.7105,2175.9853,3,-0.008037675927506193,0.0018710821760195573,0.0,0.0,0.0018728337425456512,0.0,0.00214775399447827,0.003918134265599171,2,2,price=observed;tvl=observed;lp_amount=none,False
2022-05-05T00:00:00+00:00,0.0007354455225802502,0.0007397269924196733,0.0007323150731112531,0.0007375764438355714,0.0007354400202073914,WETH,pool_swap_ratio,7,440,1167895.7436000002,,14714193,15346.8735,,7,5,0.0,0.0,0.0,0.0,,0,0,,,,9599.3946,5747.4789,3851.9156999999996,7,-0.011923664352406601,0.003303618370183859,0.0,0.0,0.0033090813315415028,0.0,0.013184102807955794,0.0029049597104839897,2,2,price=observed;tvl=observed;lp_amount=none,False
2022-05-05T01:00:00+00:00,0.000733303249097473,0.0007343987155905713,0.000733303249097473,0.0007343987155905713,0.0007340285710163027,WETH,pool_swap_ratio,2,3206,1167695.7126,,14714244,200.031,,2,2,0.0,0.0,0.0,0.0,,0,0,,,,0.0,200.031,-200.031,2,-0.004317645119573785,-0.0001712893750816128,0.0,0.0,-0.00017127470589404755,0.0,0.00017127470589404755,0.0005042645325865625,2,2,price=observed;tvl=observed;lp_amount=none,False
2022-05-05T02:00:00+00:00,,,,0.0007343987155905713,,WETH,pool_swap_ratio,0,6806,1167695.7126,,14714244,0.0,,0,0,0.0,0.0,0.0,0.0,,0,0,,,,0.0,0.0,0.0,0,0.0,0.0,0.0,0.0,0.0,0.0,0.0,,2,2,price=carried;tvl=carried;lp_amount=none,True
2022-05-05T03:00:00+00:00,,,,0.0007343987155905713,,WETH,pool_swap_ratio,0,10406,1167695.7126,,14714244,0.0,,0,0,0.0,0.0,0.0,0.0,,0,0,,,,0.0,0.0,0.0,0,0.0,0.0,0.0,0.0,0.0,0.0,0.0,,2,2,price=carried;tvl=carried;lp_amount=none,True
2022-05-05T04:00:00+00:00,,,,0.0007343987155905713,,WETH,pool_swap_ratio,0,14006,1167695.7126,,14714244,0.0,,0,0,0.0,0.0,0.0,0.0,,0,0,,,,0.0,0.0,0.0,0,0.0,0.0,0.0,0.0,0.0,0.0,0.0,,2,2,price=carried;tvl=carried;lp_amount=none,True
2022-05-05T05:00:00+00:00,0.0007350960555193769,0.0007371652908489377,0.0007327044833739282,0.0007371652908489377,0.0007349579049590911,WETH,pool_swap_ratio,4,212,1168043.6585,,14715540,3921.4541,,4,2,0.0,0.0,0.0,0.0,,0,0,,,,2134.7,1786.7541,347.9458999999997,4,0.003760051898175936,0.00029793212965355107,0.0,0.0,0.000297976515838412,0.0,0.0033582842325150454,0.0030034181208915545,2,2,price=observed;tvl=observed;lp_amount=none,False
2022-05-05T06:00:00+00:00,,,,0.0007371652908489377,,WETH,pool_swap_ratio,0,3812,1168043.6585,,14715540,0.0,,0,0,0.0,0.0,0.0,0.0,,0,0,,,,0.0,0.0,0.0,0,0.0,0.0,0.0,0.0,0.0,0.0,0.0,,2,2,price=carried;tvl=carried;lp_amount=none,True
2022-05-05T07:00:00+00:00,0.0007345505318658829,0.0007345505318658829,0.0007345505318658829,0.0007345505318658829,0.0007345505318658829,WETH,pool_swap_ratio,1,2845,1168126.6783,,14715876,83.0198,,1,1,0.0,0.0,0.0,0.0,,0,0,,,,83.0198,0.0,83.0198,1,-0.0035533513928795004,7.107341337868148e-05,0.0,0.0,7.107593915334802e-05,0.0,7.107593915334802e-05,0.0,2,2,price=observed;tvl=observed;lp_amount=none,False
2022-05-05T08:00:00+00:00,0.0007301792070220692,0.0007301792070220692,0.0007301792070220692,0.0007301792070220692,0.0007301792070220692,WETH,pool_swap_ratio,1,3209,1168226.6783,,14716103,100.0,,1,1,0.0,0.0,0.0,0.0,,0,0,,,,100.0,0.0,100.0,1,-0.005968797800280979,8.56034895393395e-05,0.0,0.0,8.560715362269797e-05,0.0,8.560715362269797e-05,0.0,2,2,price=observed;tvl=observed;lp_amount=none,False
2022-05-05T09:00:00+00:00,0.000731347777570329,0.000731347777570329,0.000731347777570329,0.000731347777570329,0.000731347777570329,WETH,pool_swap_ratio,1,3248,1171187.1263,,14716356,2960.448,,1,1,0.0,0.0,0.0,0.0,,0,0,,,,2960.448,0.0,2960.448,1,0.0015991094377273709,0.002530932812716389,0.0,0.0,0.0025341383269110365,0.0,0.0025341383269110365,0.0,2,2,price=observed;tvl=observed;lp_amount=none,False
2022-05-05T10:00:00+00:00,,,,0.000731347777570329,,WETH,pool_swap_ratio,0,6848,1171187.1263,,14716356,0.0,,0,0,0.0,0.0,0.0,0.0,,0,0,,,,0.0,0.0,0.0,0,0.0,0.0,0.0,0.0,0.0,0.0,0.0,,2,2,price=carried;tvl=carried;lp_amount=none,True
2022-05-05T11:00:00+00:00,,,,0.000731347777570329,,WETH,pool_swap_ratio,0,10448,1171187.1263,,14716356,0.0,,0,0,0.0,0.0,0.0,0.0,,0,0,,,,0.0,0.0,0.0,0,0.0,0.0,0.0,0.0,0.0,0.0,0.0,,2,2,price=carried;tvl=carried;lp_amount=none,True
2022-05-05T12:00:00+00:00,0.0007205060797518958,0.0007601808493903057,0.000716003796586264,0.0007446273937455145,0.000726780479915715,WETH,pool_swap_ratio,8,465,1172646.9463,,14717356,27362.564799999996,,8,4,0.0,0.0,0.0,0.0,,0,0,,,,14411.1924,12951.372400000002,1459.819999999998,8,0.017994848119068953,0.0012456685444002284,0.0,0.0,0.0012464447117104536,0.0,0.023363102433036024,0.024556127087878243,2,2,price=observed;tvl=observed;lp_amount=none,False
2022-05-05T13:00:00+00:00,0.0007225720683003542,0.0007287151579486469,0.0007225720683003542,0.0007287151579486469,0.000726100524248684,WETH,pool_swap_ratio,3,1397,1171455.6574000001,,14717535,8215.814900000001,,3,3,0.0,0.0,0.0,0.0,,0,0,,,,3512.263,4703.5519,-1191.2889000000005,3,-0.021601024826430934,-0.0010164137019251834,0.0,0.0,-0.0010158973284830704,0.0,0.007006213529078801,0.0036009252336903774,2,2,price=observed;tvl=observed;lp_amount=none,False
2022-05-05T14:00:00+00:00,0.0007311587006372065,0.0007379328933963599,0.0007311587006372065,0.0007370429594076828,0.0007375905989387969,WETH,pool_swap_ratio,4,473,1167994.4715,,14717856,6368.5885,,4,3,0.0,0.0,0.0,0.0,,0,0,,,,1453.7013,4914.8872,-3461.1859000000004,4,0.011363254236610998,-0.0029589760282739764,0.0,0.0,-0.0029546025734187554,0.0,0.005436474235938927,-0.0007424708664969248,2,2,price=observed;tvl=observed;lp_amount=none,False
2022-05-05T15:00:00+00:00,0.000739833386869867,0.0007451374842243735,0.0007375214549092914,0.0007437109898107393,0.0007432725786776465,WETH,pool_swap_ratio,6,1314,1163802.5241,,14718056,10565.4486,,6,4,0.0,0.0,0.0,0.0,,0,0,,,,3186.7842,7378.731599999999,-4191.947399999999,6,0.009006324756389255,-0.003595469008514225,0.0,0.0,-0.0035890130495365097,0.0,0.009045803604216803,0.0005898389711520569,2,2,price=observed;tvl=observed;lp_amount=none,False
2022-05-05T16:00:00+00:00,0.000742099477294191,0.0007508124439255185,0.000742099477294191,0.0007461886917230833,0.0007481180989824639,WETH,pool_swap_ratio,3,797,1164510.4332,,14718345,10445.6273,,3,2,0.0,0.0,0.0,0.0,,0,0,,,,5576.7682,4868.8591,707.9091000000008,3,0.003326001377327555,0.0006080876023081358,0.0,0.0,0.0006082725250552675,0.0,0.008975429322150582,-0.002579014278634495,2,2,price=observed;tvl=observed;lp_amount=none,False
2022-05-05T17:00:00+00:00,0.0007505143437153138,0.0007505143437153138,0.00074934976998378,0.00074934976998378,0.0007502024623810033,WETH,pool_swap_ratio,2,1836,1161448.1955,,14718533,6594.2869,,2,2,0.0,0.0,0.0,0.0,,0,0,,,,1766.0511,4828.2888,-3062.2377000000006,2,0.004227350949691578,-0.0026330988277059393,0.0,0.0,-0.00262963526362333,0.0,0.005662711738768473,-0.0011366163668897755,2,2,price=observed;tvl=observed;lp_amount=none,False
2022-05-05T18:00:00+00:00,0.0007438683855576292,0.0007438683855576292,0.0007360714997123441,0.0007383138483845078,0.0007395986229989596,WETH,pool_swap_ratio,4,550,1166039.9039,,14718889,11370.6562,,4,3,0.0,0.0,0.0,0.0,,0,0,,,,7981.1823,3389.4739,4591.7084,4,-0.014836854123621956,0.00394563938538337,0.0,0.0,0.0039534336682345815,0.0,0.00979006747270804,-0.0017371241298992368,2,2,price=observed;tvl=observed;lp_amount=none,False
2022-05-05T19:00:00+00:00,,,,0.0007383138483845078,,WETH,pool_swap_ratio,0,4150,1166039.9039,,14718889,0.0,,0,0,0.0,0.0,0.0,0.0,,0,0,,,,0.0,0.0,0.0,0,0.0,0.0,0.0,0.0,0.0,0.0,0.0,,2,2,price=carried;tvl=carried;lp_amount=none,True
2022-05-05T20:00:00+00:00,0.0007424535546262524,0.0007434813442673171,0.000737234455832326,0.0007434813442673171,0.0007390095095525213,WETH,pool_swap_ratio,5,557,1166691.641,,14719415,2177.4679,,5,2,0.0,0.0,0.0,0.0,,0,0,,,,1414.6025,762.8654,651.7370999999999,5,0.006974670800120098,0.000558775928059653,0.0,0.0,0.0005589320724103565,0.0,0.0018674042738307012,0.006051119311716979,2,2,price=observed;tvl=observed;lp_amount=none,False
2022-05-05T21:00:00+00:00,,,,0.0007434813442673171,,WETH,pool_swap_ratio,0,4157,1166691.641,,14719415,0.0,,0,0,0.0,0.0,0.0,0.0,,0,0,,,,0.0,0.0,0.0,0,0.0,0.0,0.0,0.0,0.0,0.0,0.0,,2,2,price=carried;tvl=carried;lp_amount=none,True
2022-05-05T22:00:00+00:00,0.0007360306070191366,0.0007451598757986949,0.0007329133983414849,0.0007451598757986949,0.0007371892355464542,WETH,pool_swap_ratio,4,1777,1164543.9661,,14719870,8055.5499,,4,4,0.0,0.0,0.0,0.0,,0,0,,,,2953.9375,5101.6124,-2147.6749,4,0.0022551199309935204,-0.0018425211943840392,0.0,0.0,-0.0018408247942525542,0.0,0.0069046092531316935,0.010812203797756714,2,2,price=observed;tvl=observed;lp_amount=none,False
2022-05-05T23:00:00+00:00,0.0007465225032890074,0.0007465225032890074,0.0007449995901794192,0.000745797380536238,0.0007456232254806421,WETH,pool_swap_ratio,3,2310,1163737.172,,14720097,806.7941000000001,,3,2,0.0,0.0,0.0,0.0,,0,0,,,,0.0,806.7941,-806.7941,3,0.000855161707265752,-0.0006930384128357339,0.0,0.0,-0.0006927983171832605,0.0,0.0006927983171832606,0.0002335697838322659,2,2,price=observed;tvl=observed;lp_amount=none,False
2022-05-06T00:00:00+00:00,0.0007415224240672884,0.0007475566910506607,0.0007401771790776366,0.0007401771790776366,0.0007464109995961546,WETH,pool_swap_ratio,3,1127,1162855.3403,,14720427,1365.4895,,3,3,0.0,0.0,0.0,0.0,,0,0,,,,241.82890000000003,1123.6606,-881.8317,3,-0.007564366726256006,-0.000758045714980565,0.0,0.0,-0.0007577584709135681,0.0,0.001173365887808901,-0.008351726491022893,2,2,price=observed;tvl=observed;lp_amount=none,False
2022-05-06T01:00:00+00:00,,,,0.0007401771790776366,,WETH,pool_swap_ratio,0,4727,1162855.3403,,14720427,0.0,,0,0,0.0,0.0,0.0,0.0,,0,0,,,,0.0,0.0,0.0,0,0.0,0.0,0.0,0.0,0.0,0.0,0.0,,2,2,price=carried;tvl=carried;lp_amount=none,True
2022-05-06T02:00:00+00:00,0.0007423133055940276,0.0007423133055940276,0.0007423133055940276,0.0007423133055940276,0.0007423133055940276,WETH,pool_swap_ratio,1,2935,1164694.7491000001,,14720824,1839.4088,,1,1,0.0,0.0,0.0,0.0,,0,0,,,,1839.4088,0.0,1839.4088,1,0.0028818100579054047,0.0015805538976829524,0.0,0.0,0.0015818036313317001,0.0,0.0015818036313317001,0.0,2,2,price=observed;tvl=observed;lp_amount=none,False
2022-05-06T03:00:00+00:00,,,,0.0007423133055940276,,WETH,pool_swap_ratio,0,6535,1164694.7491000001,,14720824,0.0,,0,0,0.0,0.0,0.0,0.0,,0,0,,,,0.0,0.0,0.0,0,0.0,0.0,0.0,0.0,0.0,0.0,0.0,,2,2,price=carried;tvl=carried;lp_amount=none,True
2022-05-06T04:00:00+00:00,,,,0.0007423133055940276,,WETH,pool_swap_ratio,0,10135,1164694.7491000001,,14720824,0.0,,0,0,0.0,0.0,0.0,0.0,,0,0,,,,0.0,0.0,0.0,0,0.0,0.0,0.0,0.0,0.0,0.0,0.0,,2,2,price=carried;tvl=carried;lp_amount=none,True
2022-05-06T05:00:00+00:00,0.0007390954529115373,0.0007390954529115373,0.0007390954529115373,0.0007390954529115373,0.0007390954529115373,WETH,pool_swap_ratio,1,2200,1164811.7138,,14721680,116.9647,,1,1,0.0,0.0,0.0,0.0,,0,0,,,,116.9647,0.0,116.9647,1,-0.004344321207668104,0.0001004201550507887,0.0,0.0,0.00010042519732348982,0.0,0.00010042519732348982,0.0,2,2,price=observed;tvl=observed;lp_amount=none,False
2022-05-06T06:00:00+00:00,0.000738108948966575,0.000738108948966575,0.000738108948966575,0.000738108948966575,0.000738108948966575,WETH,pool_swap_ratio,1,1718,1166904.7831,,14721975,2093.0693,,1,1,0.0,0.0,0.0,0.0,,0,0,,,,2093.0693,0.0,2093.0693,1,-0.0013356365447626396,0.0017953039016247578,0.0,0.0,0.0017969164245195627,0.0,0.0017969164245195627,0.0,2,2,price=observed;tvl=observed;lp_amount=none,False
2022-05-06T07:00:00+00:00,0.0007443082008828088,0.0007514588667399447,0.0007443082008828088,0.0007510098800006933,0.0007478677259230594,WETH,pool_swap_ratio,3,871,1159209.1139,,14722294,7695.6692,,3,3,0.0,0.0,0.0,0.0,,0,0,,,,0.0,7695.6692,-7695.6692,3,0.01732736644018456,-0.006616784575725075,0.0,0.0,-0.006594941859399772,0.0,0.006594941859399772,0.004201483723282218,2,2,price=observed;tvl=observed;lp_amount=none,False
2022-05-06T08:00:00+00:00,0.0007538273226597666,0.0007547710962169424,0.0007505330576153198,0.0007505330576153198,0.0007531936176961876,WETH,pool_swap_ratio,5,506,1159311.1588,,14722586,1036.2615,,5,3,0.0,0.0,0.0,0.0,,0,0,,,,569.1532,467.1083,102.04489999999998,5,-0.0006351099118860262,8.802588553355748e-05,0.0,0.0,8.802975992544082e-05,0.0,0.0008939383650234085,-0.0035323720466534647,2,2,price=observed;tvl=observed;lp_amount=none,False
2022-05-06T09:00:00+00:00,0.0007614470378655611,0.0007625444344795241,0.0007608196983753839,0.0007625444344795241,0.0007612701301020717,WETH,pool_swap_ratio,4,3200,1154553.3058,,14722657,9824.3418,,4,4,0.0,0.0,0.0,0.0,,0,0,,,,2533.2443999999996,7291.097400000001,-4757.853000000001,4,0.015877083951993342,-0.004112479169270475,0.0,0.0,-0.004104034506943625,0.0,0.008474292449810584,0.001673918793164253,2,2,price=observed;tvl=observed;lp_amount=none,False
2022-05-06T10:00:00+00:00,0.0007634899123895326,0.0007634899123895326,0.0007634899123895326,0.0007634899123895326,0.0007634899123895326,WETH,pool_swap_ratio,1,1342,1154029.3958,,14723044,523.91,,1,1,0.0,0.0,0.0,0.0,,0,0,,,,0.0,523.91,-523.91,1,0.0012391307350662149,-0.00045388021718341425,0.0,0.0,-0.00045377722913969587,0.0,0.00045377722913969587,0.0,2,2,price=observed;tvl=observed;lp_amount=none,False
2022-05-06T11:00:00+00:00,,,,0.0007634899123895326,,WETH,pool_swap_ratio,0,4942,1154029.3958,,14723044,0.0,,0,0,0.0,0.0,0.0,0.0,,0,0,,,,0.0,0.0,0.0,0,0.0,0.0,0.0,0.0,0.0,0.0,0.0,,2,2,price=carried;tvl=carried;lp_amount=none,True
2022-05-06T12:00:00+00:00,0.0007570457823574719,0.0007646052791149693,0.0007570457823574719,0.0007614089067062456,0.0007620561143762245,WETH,pool_swap_ratio,5,290,1154809.5054,,14723652,10537.8534,,5,5,0.0,0.0,0.0,0.0,,0,0,,,,5658.9815,4878.8719,780.1095999999998,5,-0.002729370564252375,0.0006757592565517352,0.0,0.0,0.0006759876332779284,0.0,0.009131356132132938,-0.0008492913550188774,2,2,price=observed;tvl=observed;lp_amount=none,False
2022-05-06T13:00:00+00:00,0.0007679557695198256,0.0007679557695198256,0.000766564894774388,0.000766564894774388,0.000767545641184557,WETH,pool_swap_ratio,2,672,1151957.3078,,14723885,6952.1976,,2,2,0.0,0.0,0.0,0.0,,0,0,,,,2050.0,4902.1976,-2852.1976000000004,2,0.00674881680943875,-0.0024728975960324967,0.0,0.0,-0.0024698425036015475,0.0,0.006020211617146255,-0.00127776950000702,2,2,price=observed;tvl=observed;lp_amount=none,False
2022-05-06T14:00:00+00:00,0.0007360552761256146,0.0007591361387039728,0.0007168680618094871,0.0007524791731837815,0.000738837778524514,WETH,pool_swap_ratio,9,574,1158686.1376,,14724146,60960.90819999999,,9,7,0.0,0.0,0.0,0.0,,0,0,,,,33844.869,27116.0392,6728.8297999999995,8,-0.018546039083321933,0.005824220811230599,0.0,0.0,0.00584121456102455,0.0,0.05291941618602403,0.018463315027704486,2,2,price=observed;tvl=observed;lp_amount=none,False
2022-05-06T15:00:00+00:00,0.0007456504776569561,0.0007474069163650344,0.0007456504776569561,0.0007474069163650344,0.000746232070947326,WETH,pool_swap_ratio,2,1342,1161210.9469,,14724364,7475.1907,,2,2,0.0,0.0,0.0,0.0,,0,0,,,,5000.0,2475.1907,2524.8093,2,-0.006763548499036356,0.002176657157521031,0.0,0.0,0.0021790277954215165,0.0,0.006451437069475474,0.0015743700431112284,2,2,price=observed;tvl=observed;lp_amount=none,False
2022-05-06T16:00:00+00:00,,,,0.0007474069163650344,,WETH,pool_swap_ratio,0,4942,1161210.9469,,14724364,0.0,,0,0,0.0,0.0,0.0,0.0,,0,0,,,,0.0,0.0,0.0,0,0.0,0.0,0.0,0.0,0.0,0.0,0.0,,2,2,price=carried;tvl=carried;lp_amount=none,True
2022-05-06T17:00:00+00:00,0.0007530396114449132,0.0007530396114449132,0.0007340953552791788,0.0007397755955177843,0.0007390446881259615,WETH,pool_swap_ratio,10,492,1148934.8832999999,,14724948,34178.3782,,10,6,0.0,14325.0526,-14325.0526,14325.0526,0.0,0,1,,,1.0,18704.180599999996,30980.244199999997,-12276.063600000001,11,-0.010262880000242546,-0.010628055591505366,-0.01233630516336635,0.01233630516336635,-0.010571777361187052,0.01233630516336635,0.029433393037883008,0.0009889894394292664,2,2,price=observed;tvl=observed;lp_amount=quantified,False
2022-05-06T18:00:00+00:00,0.0007383039331151801,0.00074546509049965,0.0007383039331151801,0.0007426696903145768,0.0007448538200331321,WETH,pool_swap_ratio,3,168,1147761.277,,14725243,1485.8073,,3,3,0.0,0.0,0.0,0.0,,0,0,,,,156.1005,1329.7068,-1173.6063,3,0.0039044928014167553,-0.0010219953535314564,0.0,0.0,-0.0010214732941427787,0.0,0.0012932040985059368,-0.0029322931020989706,2,2,price=observed;tvl=observed;lp_amount=none,False
2022-05-06T19:00:00+00:00,0.0007421998312736546,0.0007524975707518523,0.0007404551150119525,0.0007475510689057589,0.0007448545468633709,WETH,pool_swap_ratio,7,281,1146049.215,,14725487,5073.517400000001,,7,6,0.0,0.0,0.0,0.0,,0,0,,,,1680.7277000000001,3392.7897000000003,-1712.0620000000001,7,0.006551238827555964,-0.0014927670127016053,0.0,0.0,-0.0014916533902197505,0.0,0.004420359443787021,0.003620199478868935,2,2,price=observed;tvl=observed;lp_amount=none,False
2022-05-06T20:00:00+00:00,,,,0.0007475510689057589,,WETH,pool_swap_ratio,0,3881,1146049.215,,14725487,0.0,,0,0,0.0,0.0,0.0,0.0,,0,0,,,,0.0,0.0,0.0,0,0.0,0.0,0.0,0.0,0.0,0.0,0.0,,2,2,price=carried;tvl=carried;lp_amount=none,True
2022-05-06T21:00:00+00:00,0.0007519235496181532,0.0007519235496181532,0.0007504450602408071,0.0007504450602408071,0.0007505971247832497,WETH,pool_swap_ratio,2,1410,1145199.0565,,14725934,850.1585,,2,2,0.0,0.0,0.0,0.0,,0,0,,,,0.0,850.1585,-850.1585,2,0.00386382164697691,-0.0007420920286903849,0.0,0.0,-0.0007418167464998438,0.0,0.0007418167464998438,-0.0002025914267743678,2,2,price=observed;tvl=observed;lp_amount=none,False
2022-05-06T22:00:00+00:00,0.0007474354836216333,0.0007474354836216333,0.0007430309372647156,0.0007430309372647156,0.0007431521174071734,WETH,pool_swap_ratio,2,1056,1148283.9291,,14726234,3084.8726,,2,2,0.0,0.0,0.0,0.0,,0,0,,,,3084.8726,0.0,3084.8726,2,-0.009928762023079152,0.002690121949664617,0.0,0.0,0.002693743574525902,0.0,0.002693743574525902,-0.0001630623658592789,2,2,price=observed;tvl=observed;lp_amount=none,False
2022-05-06T23:00:00+00:00,0.0007445671857540898,0.0007452752552186371,0.000740208072931511,0.000740208072931511,0.0007430964907874794,WETH,pool_swap_ratio,3,1662,1148441.0616000001,,14726446,1661.3620999999998,,3,3,0.0,0.0,0.0,0.0,,0,0,,,,909.2473,752.1148,157.13250000000005,3,-0.0038063558496208272,0.00013683179386427748,0.0,0.0,0.0001368411557611514,0.0,0.0014468216944411468,-0.003887002417287011,2,2,price=observed;tvl=observed;lp_amount=none,False
2022-05-07T00:00:00+00:00,0.0007400939532361642,0.0007400939532361642,0.0007400939532361642,0.0007400939532361642,0.0007400939532361642,WETH,pool_swap_ratio,1,762,1149205.0816000002,,14726771,764.02,,1,1,0.0,0.0,0.0,0.0,,0,0,,,,764.02,0.0,764.02,1,-0.00015418434016238464,0.0006650458604522277,0.0,0.0,0.00066526705248206,0.0,0.00066526705248206,0.0,2,2,price=observed;tvl=observed;lp_amount=none,False
2022-05-07T01:00:00+00:00,0.0007364093114221252,0.0007389749284291503,0.0007364093114221252,0.0007389749284291503,0.0007378644687608345,WETH,pool_swap_ratio,2,383,1149381.3936,,14727063,176.312,,2,2,0.0,0.0,0.0,0.0,,0,0,,,,176.312,0.0,176.312,2,-0.001513147946518226,0.00015340906443842524,0.0,0.0,0.00015342083221084148,0.0,0.00015342083221084148,0.0015049642791185036,2,2,price=observed;tvl=observed;lp_amount=none,False
2022-05-07T02:00:00+00:00,,,,0.0007389749284291503,,WETH,pool_swap_ratio,0,3983,1149381.3936,,14727063,0.0,,0,0,0.0,0.0,0.0,0.0,,0,0,,,,0.0,0.0,0.0,0,0.0,0.0,0.0,0.0,0.0,0.0,0.0,,2,2,price=carried;tvl=carried;lp_amount=none,True
2022-05-07T03:00:00+00:00,0.0007356074137057016,0.0007434411625737293,0.0007356074137057016,0.0007434411625737293,0.0007427159193963732,WETH,pool_swap_ratio,2,783,1148770.6762,,14727544,749.4924000000001,,2,2,0.0,0.0,0.0,0.0,,0,0,,,,69.3875,680.1049,-610.7174,2,0.006025632998869107,-0.0005314856422266617,0.0,0.0,-0.0005313444287515044,0.0,0.0006520832894749586,0.0009764745287075272,2,2,price=observed;tvl=observed;lp_amount=none,False
2022-05-07T04:00:00+00:00,0.000746595688407488,0.000746595688407488,0.000746595688407488,0.000746595688407488,0.000746595688407488,WETH,pool_swap_ratio,1,2845,1146254.854,,14727653,2515.8222,,1,1,0.0,0.0,0.0,0.0,,0,0,,,,0.0,2515.8222,-2515.8222,1,0.004234164469933329,-0.0021924141362470824,0.0,0.0,-0.002190012551784528,0.0,0.002190012551784528,0.0,2,2,price=observed;tvl=observed;lp_amount=none,False
2022-05-07T05:00:00+00:00,,,,0.000746595688407488,,WETH,pool_swap_ratio,0,6445,1146254.854,,14727653,0.0,,0,0,0.0,0.0,0.0,0.0,,0,0,,,,0.0,0.0,0.0,0,0.0,0.0,0.0,0.0,0.0,0.0,0.0,,2,2,price=carried;tvl=carried;lp_amount=none,True
2022-05-07T06:00:00+00:00,0.0007420969276909575,0.0007502601527079514,0.0007420969276909575,0.000745787851298215,0.0007470703834444723,WETH,pool_swap_ratio,4,2699,1146095.6069,,14728137,904.4269,,4,3,0.0,0.0,0.0,0.0,,0,0,,,,372.5899,531.837,-159.2471,4,-0.0010826133720753103,-0.00013893783081818034,0.0,0.0,-0.00013892817940468235,0.0,0.0007890277601389333,-0.0017167487490857836,2,2,price=observed;tvl=observed;lp_amount=none,False
2022-05-07T07:00:00+00:00,0.0007406390772529784,0.0007468648169313375,0.0007406390772529784,0.0007468648169313375,0.0007442249023958877,WETH,pool_swap_ratio,2,1839,1144768.781,,14728472,8732.8259,,2,2,0.0,0.0,0.0,0.0,,0,0,,,,3703.0,5029.8259,-1326.8258999999998,2,0.0014430226708825134,-0.001158362804337017,0.0,0.0,-0.0011576921611180812,0.0,0.007619631248409421,0.003547199948498392,2,2,price=observed;tvl=observed;lp_amount=none,False
2022-05-07T08:00:00+00:00,0.0007465822816102204,0.0007465822816102204,0.0007465822816102204,0.0007465822816102204,0.0007465822816102204,WETH,pool_swap_ratio,1,2644,1146598.781,,14728662,1830.0,,1,1,0.0,0.0,0.0,0.0,,0,0,,,,1830.0,0.0,1830.0,1,-0.00037836669911345245,0.0015972997256589766,0.0,0.0,0.001598576088353339,0.0,0.001598576088353339,0.0,2,2,price=observed;tvl=observed;lp_amount=none,False
2022-05-07T09:00:00+00:00,0.0007428103330796573,0.0007428103330796573,0.0007428103330796573,0.0007428103330796573,0.0007428103330796573,WETH,pool_swap_ratio,1,2330,1146880.7234,,14728959,281.9424,,1,1,0.0,0.0,0.0,0.0,,0,0,,,,281.9424,0.0,281.9424,1,-0.005065093726829664,0.00024586433048944727,0.0,0.0,0.0002458945576011388,0.0,0.0002458945576011388,0.0,2,2,price=observed;tvl=observed;lp_amount=none,False
2022-05-07T10:00:00+00:00,0.0007512997563750395,0.0007512997563750395,0.0007137311852752814,0.0007457761166511708,0.0007356676899357486,WETH,pool_swap_ratio,5,3147,1147995.0112,,14729175,10641.5594,,5,2,0.0,0.0,0.0,0.0,,0,0,,,,5877.9236,4763.6358,1114.2878,4,0.003984703066778155,0.0009711095644695897,0.0,0.0,0.0009715812440343612,0.0,0.009278697586312576,0.013740479368211878,2,2,price=observed;tvl=observed;lp_amount=none,False
2022-05-07T11:00:00+00:00,0.0007407880766937197,0.0007407880766937197,0.0007407880766937197,0.0007407880766937197,0.0007407880766937197,WETH,pool_swap_ratio,1,3573,1149040.1787,,14729411,1045.1675,,1,1,0.0,0.0,0.0,0.0,,0,0,,,,1045.1675,0.0,1045.1675,1,-0.0067108554069946055,0.000910014419215777,0.0,0.0,0.0009104286079671074,0.0,0.0009104286079671074,0.0,2,2,price=observed;tvl=observed;lp_amount=none,False
2022-05-07T12:00:00+00:00,0.000744767339151853,0.000744767339151853,0.000744767339151853,0.000744767339151853,0.000744767339151853,WETH,pool_swap_ratio,1,2765,1148368.8281,,14729747,671.3506,,1,1,0.0,0.0,0.0,0.0,,0,0,,,,0.0,671.3506,-671.3506,1,0.0053572851378287534,-0.0005844415314142375,0.0,0.0,-0.0005842707787290362,0.0,0.0005842707787290362,0.0,2,2,price=observed;tvl=observed;lp_amount=none,False
2022-05-07T13:00:00+00:00,0.0007427824965459245,0.0007736725652207353,0.0007143173794333124,0.0007376513074610778,0.000741249491295227,WETH,pool_swap_ratio,12,1381,1150236.9467,,14730110,45673.783,,12,7,0.0,0.0,0.0,0.0,,0,0,,,,23770.9508,21902.832199999997,1868.1186000000016,11,-0.00960064333432206,0.0016254366292686895,0.0,0.0,0.0016267583674235066,0.0,0.03977274711955411,-0.004854214237451693,2,2,price=observed;tvl=observed;lp_amount=none,False
2022-05-07T14:00:00+00:00,,,,0.0007376513074610778,,WETH,pool_swap_ratio,0,4981,1150236.9467,,14730110,0.0,,0,0,0.0,0.0,0.0,0.0,,0,0,,,,0.0,0.0,0.0,0,0.0,0.0,0.0,0.0,0.0,0.0,0.0,,2,2,price=carried;tvl=carried;lp_amount=none,True
2022-05-07T15:00:00+00:00,0.0007411397466151825,0.0007411397466151825,0.0007352575905363275,0.0007389864416679575,0.0007368137175637626,WETH,pool_swap_ratio,3,281,1150683.0422,,14730678,1999.3002999999999,,3,2,0.0,0.0,0.0,0.0,,0,0,,,,1222.6979,776.6024,446.0954999999999,3,0.0018083440864264514,0.00038775403555231454,0.0,0.0,0.00038782922186583936,0.0,0.0017381638676586947,0.002948810604909591,2,2,price=observed;tvl=observed;lp_amount=none,False
2022-05-07T16:00:00+00:00,,,,0.0007389864416679575,,WETH,pool_swap_ratio,0,3881,1150683.0422,,14730678,0.0,,0,0,0.0,0.0,0.0,0.0,,0,0,,,,0.0,0.0,0.0,0,0.0,0.0,0.0,0.0,0.0,0.0,0.0,,2,2,price=carried;tvl=carried;lp_amount=none,True
2022-05-07T17:00:00+00:00,0.000743624689009704,0.0007665183939335135,0.0007390089369255662,0.0007390089369255662,0.0007543722090249533,WETH,pool_swap_ratio,9,1413,1150631.1617,,14731153,29185.186000000005,,9,6,0.0,0.0,0.0,0.0,,0,0,,,,14566.668899999999,14618.5494,-51.88050000000112,9,3.0440227264922173e-05,-4.5087715463463116e-05,0.0,0.0,-4.5086699027744754e-05,0.0,0.0253633580487991,-0.020365639024858218,2,2,price=observed;tvl=observed;lp_amount=none,False
2022-05-07T18:00:00+00:00,0.0007358880427636547,0.0007358880427636547,0.0007300766030332239,0.0007327111340989921,0.0007312710153368564,WETH,pool_swap_ratio,4,1679,1153573.2806,,14731404,7436.1989,,4,2,0.0,0.0,0.0,0.0,,0,0,,,,5189.1589,2247.04,2942.1189000000004,4,-0.008558477107246094,0.0025536974453103448,0.0,0.0,0.002556960908005626,0.0,0.0064627129418374065,0.0019693365823783004,2,2,price=observed;tvl=observed;lp_amount=none,False
2022-05-07T19:00:00+00:00,0.0007304121031505937,0.0007327490658243223,0.0007304121031505937,0.0007327490658243223,0.0007316547525291282,WETH,pool_swap_ratio,2,705,1153491.5237,,14731739,1288.0401000000002,,2,2,0.0,0.0,0.0,0.0,,0,0,,,,603.1416,684.8985,-81.75689999999997,2,5.176766361932201e-05,-7.087525229607649e-05,0.0,0.0,-7.087274070484393e-05,0.0,0.0011165654767333558,0.0014956689496123943,2,2,price=observed;tvl=observed;lp_amount=none,False
2022-05-07T20:00:00+00:00,0.0007302982504527164,0.0007365107755859325,0.0007282449576439602,0.0007356258859040515,0.0007348326093782119,WETH,pool_swap_ratio,8,58,1151459.4767,,14732037,3542.6218,,8,8,0.0,0.0,0.0,0.0,,0,0,,,,755.2873999999999,2787.3344,-2032.0470000000003,8,0.0039183776012486566,-0.001763202364038981,0.0,0.0,-0.001761648835946275,0.0,0.003071216153055464,0.0010795336457793958,2,2,price=observed;tvl=observed;lp_amount=none,False
2022-05-07T21:00:00+00:00,0.0007331920495824086,0.0007331920495824086,0.0007331920495824086,0.0007331920495824086,0.0007331920495824086,WETH,pool_swap_ratio,1,379,1152860.4314000001,,14732277,1400.9547,,1,1,0.0,0.0,0.0,0.0,,0,0,,,,1400.9547,0.0,1400.9547,1,-0.00331400984470734,0.001215937828498003,0.0,0.0,0.0012166773806187563,0.0,0.0012166773806187563,0.0,2,2,price=observed;tvl=observed;lp_amount=none,False
2022-05-07T22:00:00+00:00,0.0007312064968622269,0.0007450043796657789,0.0007312064968622269,0.0007397226330256479,0.00073546731953923,WETH,pool_swap_ratio,8,105,1149134.2017,,14732576,13846.5443,,8,4,0.0,0.0,0.0,0.0,,0,0,,,,5060.1573,8786.386999999999,-3726.229699999999,8,0.008867623243252873,-0.0032373949972660052,0.0,0.0,-0.0032321602845497735,0.0,0.012010598961389594,0.0057858634549308174,2,2,price=observed;tvl=observed;lp_amount=none,False
2022-05-07T23:00:00+00:00,,,,0.0007397226330256479,,WETH,pool_swap_ratio,0,3705,1149134.2017,,14732576,0.0,,0,0,0.0,0.0,0.0,0.0,,0,0,,,,0.0,0.0,0.0,0,0.0,0.0,0.0,0.0,0.0,0.0,0.0,,2,2,price=carried;tvl=carried;lp_amount=none,True
2022-05-08T00:00:00+00:00,0.0007368886227386613,0.0007467191585059834,0.0007368886227386613,0.0007467191585059834,0.000744674430160097,WETH,pool_swap_ratio,3,619,1146710.8794,,14733046,7783.933599999999,,3,3,0.0,0.0,0.0,0.0,,0,0,,,,2680.3253,5103.6476,-2423.3223000000003,3,0.00941385958050753,-0.0021110511505487073,0.0,0.0,-0.0021088244492375205,0.0,0.00677373764394502,0.0027458017397572476,2,2,price=observed;tvl=observed;lp_amount=none,False
2022-05-08T01:00:00+00:00,,,,0.0007467191585059834,,WETH,pool_swap_ratio,0,4219,1146710.8794,,14733046,0.0,,0,0,0.0,0.0,0.0,0.0,,0,0,,,,0.0,0.0,0.0,0,0.0,0.0,0.0,0.0,0.0,0.0,0.0,,2,2,price=carried;tvl=carried;lp_amount=none,True
2022-05-08T02:00:00+00:00,0.000742978830425164,0.0007541230278554393,0.000742978830425164,0.0007541230278554393,0.0007483618322225406,WETH,pool_swap_ratio,5,293,1143660.1926,,14733591,10181.077000000001,,5,4,0.0,0.0,0.0,0.0,,0,0,,,,3565.1951,6615.8819,-3050.6868000000004,5,0.009866366334261035,-0.0026639251965710066,0.0,0.0,-0.002660380096503688,0.0,0.008878503886984227,0.00769840922510534,2,2,price=observed;tvl=observed;lp_amount=none,False
2022-05-08T03:00:00+00:00,0.000757418160552772,0.000757418160552772,0.0007518576766235105,0.0007550411296464343,0.0007556985174588893,WETH,pool_swap_ratio,3,2860,1143044.4006,,14733663,4615.7919999999995,,3,2,0.0,0.0,0.0,0.0,,0,0,,,,2000.0,2615.792,-615.7919999999999,3,0.0012167025034244174,-0.0005385846660880504,0.0,0.0,-0.0005384396554015374,0.0,0.004035982042451304,-0.0008699075057940764,2,2,price=observed;tvl=observed;lp_amount=none,False
2022-05-08T04:00:00+00:00,,,,0.0007550411296464343,,WETH,pool_swap_ratio,0,6460,1143044.4006,,14733663,0.0,,0,0,0.0,0.0,0.0,0.0,,0,0,,,,0.0,0.0,0.0,0,0.0,0.0,0.0,0.0,0.0,0.0,0.0,,2,2,price=carried;tvl=carried;lp_amount=none,True
2022-05-08T05:00:00+00:00,0.0007478754182178712,0.0007556773375643242,0.0007478136325810828,0.0007528672468167201,0.0007510570460545522,WETH,pool_swap_ratio,12,695,1142510.2495,,14734330,41283.4967,,12,4,0.0,0.0,0.0,0.0,,0,0,,,,20374.6728,20908.8239,-534.1510999999991,12,-0.0028833109089260686,-0.0004674148655353021,0.0,0.0,-0.0004673056442248575,0.0,0.0361171417998546,0.0024102040872624464,2,2,price=observed;tvl=observed;lp_amount=none,False
2022-05-08T06:00:00+00:00,0.0007520055368453361,0.0007520055368453361,0.0007509193807667745,0.0007509193807667745,0.0007519878983024089,WETH,pool_swap_ratio,2,2771,1144945.2193,,14734445,2516.7096,,2,2,0.0,0.0,0.0,0.0,,0,0,,,,2475.8397,40.8699,2434.9698,2,-0.0025906163861388735,0.002128977593601055,0.0,0.0,0.002131245475535666,0.0,0.0022027895164191263,-0.0014209238447141503,2,2,price=observed;tvl=observed;lp_amount=none,False
2022-05-08T07:00:00+00:00,0.0007566812671643855,0.0007860405378067353,0.0007566812671643855,0.0007860405378067353,0.0007750341437890611,WETH,pool_swap_ratio,14,1144,1129266.0212,,14734793,28798.0194,,14,6,0.0,0.0,0.0,0.0,,0,0,,,,6559.455899999999,22238.654,-15679.1981,14,0.04571006909393045,-0.013788909534062348,0.0,0.0,-0.013694277975662446,0.0,0.02515231201856681,0.014201173078472573,2,2,price=observed;tvl=observed;lp_amount=none,False
2022-05-08T08:00:00+00:00,0.0007805498129342738,0.0007805498129342738,0.0007639848806291582,0.000767288119867551,0.000773870512145468,WETH,pool_swap_ratio,8,604,1136674.6121999999,,14735083,9068.0338,,8,6,0.0,0.0,0.0,0.0,,0,0,,,,8238.312399999999,829.7214,7408.5909999999985,8,-0.024145989887845203,0.006539109886667911,0.0,0.0,0.00656053654401764,0.0,0.008030024484721473,-0.008505805783538767,2,2,price=observed;tvl=observed;lp_amount=none,False
2022-05-08T09:00:00+00:00,0.0007650877888014923,0.0007650877888014923,0.0007650877888014923,0.0007650877888014923,0.0007650877888014923,WETH,pool_swap_ratio,1,3321,1137901.8602999998,,14735197,1749.0602,,1,1,0.0,356.6758,-356.6758,356.6758,0.0,0,2,,,1.0,1749.0602,521.8121,1227.2480999999998,2,-0.0028717921833969953,0.0010791004250044227,-0.0003137888329446055,0.0003137888329446055,0.001079682863352334,0.0003137888329446055,0.001538751883104652,0.0,2,2,price=observed;tvl=observed;lp_amount=quantified,False
2022-05-08T10:00:00+00:00,0.0007619755085566594,0.0007650703871039073,0.0007600241519860975,0.0007610661256066957,0.0007626336751656002,WETH,pool_swap_ratio,4,853,1138303.9067,,14735615,2885.7258,,4,4,0.0,0.0,0.0,0.0,,0,0,,,,1643.8861000000002,1241.8397,402.0464000000002,4,-0.005270336714776351,0.0003532601577677817,0.0,0.0,0.0003533225614852264,0.0,0.0025360058724565216,-0.002055442357123849,2,2,price=observed;tvl=observed;lp_amount=none,False
2022-05-08T11:00:00+00:00,0.0007620485652843951,0.0007620485652843951,0.0007605497483634362,0.0007605497483634362,0.0007606714131082844,WETH,pool_swap_ratio,2,3030,1139412.6381,,14735730,1108.7314000000001,,2,2,0.0,0.0,0.0,0.0,,0,0,,,,1108.7314000000001,0.0,1108.7314000000001,2,-0.0006787222345876803,0.0009735465021774778,0.0,0.0,0.000974020552397354,0.0,0.000974020552397354,-0.00015994389003137766,2,2,price=observed;tvl=observed;lp_amount=none,False
2022-05-08T12:00:00+00:00,0.000758794405140148,0.000758794405140148,0.000758794405140148,0.000758794405140148,0.000758794405140148,WETH,pool_swap_ratio,1,389,1139606.4097,,14736194,193.7716,,1,1,0.0,0.0,0.0,0.0,,0,0,,,,193.7716,0.0,193.7716,1,-0.0023106601624705435,0.00017004825006068912,0.0,0.0,0.0001700627090841463,0.0,0.0001700627090841463,0.0,2,2,price=observed;tvl=observed;lp_amount=none,False
2022-05-08T13:00:00+00:00,0.0007633320624914707,0.0007633320624914707,0.0007633320624914707,0.0007633320624914707,0.0007633320624914707,WETH,pool_swap_ratio,1,2808,1139418.8453,,14736296,187.5644,,1,1,0.0,0.0,0.0,0.0,,0,0,,,,0.0,187.5644,-187.5644,1,0.005962278286530306,-0.00016460054579215086,0.0,0.0,-0.00016458699986548523,0.0,0.00016458699986548523,0.0,2,2,price=observed;tvl=observed;lp_amount=none,False
2022-05-08T14:00:00+00:00,0.0007598202240307908,0.0007598202240307908,0.0007598202240307908,0.0007598202240307908,0.0007598202240307908,WETH,pool_swap_ratio,1,3285,1139423.0029,,14736533,4.1576,,1,1,0.0,0.0,0.0,0.0,,0,0,,,,4.1576,0.0,4.1576,1,-0.004611285049716371,3.648871029308292e-06,0.0,0.0,3.648877686330822e-06,0.0,3.648877686330822e-06,0.0,2,2,price=observed;tvl=observed;lp_amount=none,False
2022-05-08T15:00:00+00:00,0.0007638851401932935,0.0007638851401932935,0.0007524639213144944,0.0007550785940803964,0.0007529773607561607,WETH,pool_swap_ratio,4,1415,1143207.1496000001,,14736873,8315.4241,,4,4,0.0,0.0,0.0,0.0,,0,0,,,,6049.785400000001,2265.6387,3784.1467000000007,4,-0.006260016019816216,0.003315605169347031,0.0,0.0,0.0033211078680777796,0.0,0.007297925422635858,0.0027905664017913168,2,2,price=observed;tvl=observed;lp_amount=none,False
2022-05-08T16:00:00+00:00,0.0007556765374572338,0.0008319891511219274,0.0007431500012329654,0.0007547923346178525,0.0007827414385254671,WETH,pool_swap_ratio,24,241,1142086.3763,,14737250,106705.11269999998,,24,11,0.0,0.0,0.0,0.0,,0,0,,,,52792.1697,53912.943,-1120.7733000000007,24,-0.00037918402233297875,-0.000980857274703975,0.0,0.0,-0.0009803763914458996,0.0,0.09333838818042323,-0.035706687460249076,2,2,price=observed;tvl=observed;lp_amount=none,False
2022-05-08T17:00:00+00:00,,,,0.0007547923346178525,,WETH,pool_swap_ratio,0,3841,1142086.3763,,14737250,0.0,,0,0,0.0,0.0,0.0,0.0,,0,0,,,,0.0,0.0,0.0,0,0.0,0.0,0.0,0.0,0.0,0.0,0.0,,2,2,price=carried;tvl=carried;lp_amount=none,True
2022-05-08T18:00:00+00:00,0.000750250748857184,0.0007513242089182184,0.0007434715588019181,0.0007482373075102794,0.0007472305363240904,WETH,pool_swap_ratio,5,793,1148176.5839,,14737751,6381.6264,,5,5,0.0,0.0,0.0,0.0,,0,0,,,,6235.9169999999995,145.7094,6090.2076,5,-0.008722474239378898,0.0053183604336567315,0.0,0.0,0.0053325280174782875,0.0,0.005587691555059487,0.0013473367819545334,2,2,price=observed;tvl=observed;lp_amount=none,False
2022-05-08T19:00:00+00:00,0.0007406047815786491,0.000752064333848848,0.0007333620285476934,0.000752064333848848,0.000742146429651589,WETH,pool_swap_ratio,8,2272,1143884.9734,,14737915,16770.7775,,8,6,0.0,0.0,0.0,0.0,,0,0,,,,6239.5835,10531.194,-4291.6105,7,0.005101686932323921,-0.003744764621638222,0.0,0.0,-0.0037377617347174328,0.0,0.014606444457380298,0.013363810430126355,2,2,price=observed;tvl=observed;lp_amount=none,False
2022-05-08T20:00:00+00:00,0.0007508168413312128,0.0007515098466652994,0.0007475666889529849,0.0007475666889529849,0.0007508755958716829,WETH,pool_swap_ratio,4,1709,1144016.8388,,14738236,332.7638,,4,4,0.0,0.0,0.0,0.0,,0,0,,,,232.3146,100.4492,131.86540000000002,4,-0.0059983533455868505,0.00011527190497681747,0.0,0.0,0.00011527854903806713,0.0,0.0002909066975597356,-0.004406731204064096,2,2,price=observed;tvl=observed;lp_amount=none,False
2022-05-08T21:00:00+00:00,0.0007494662436720344,0.0007614617242460069,0.0007494662436720344,0.0007592516166525222,0.0007589409201623165,WETH,pool_swap_ratio,6,1030,1140098.4476,,14738549,7869.858400000001,,6,5,0.0,0.0,0.0,0.0,,0,0,,,,1975.7340000000002,5894.1252,-3918.3912,5,0.015509715923274457,-0.0034309958583827807,0.0,0.0,-0.0034251167177837523,0.0,0.0068791455974153105,0.00040938165534565307,2,2,price=observed;tvl=observed;lp_amount=none,False
2022-05-08T22:00:00+00:00,0.000764727043730698,0.0007798851222614816,0.0007617122408136966,0.0007692601986299439,0.000772281401599593,WETH,pool_swap_ratio,20,160,1135830.4013,,14738876,16069.390699999996,,20,7,0.0,0.0,0.0,0.0,,0,0,,,,5900.672199999999,10168.718499999999,-4268.0463,20,0.013096038802524598,-0.0037506016985405016,0.0,0.0,-0.0037435769770449074,0.0,0.014094739567295587,-0.00391204936878109,2,2,price=observed;tvl=observed;lp_amount=none,False
2022-05-08T23:00:00+00:00,0.0007652491373953388,0.0007652491373953388,0.000760304893618417,0.0007624140932140438,0.0007621621313123953,WETH,pool_swap_ratio,3,226,1140934.7386999999,,14739140,5104.3374,,3,1,0.0,0.0,0.0,0.0,,0,0,,,,5104.3374,0.0,5104.3374,3,-0.008939434504636022,0.0044838581390806076,0.0,0.0,0.004493925672492915,0.0,0.004493925672492915,0.000330588324054526,2,2,price=observed;tvl=observed;lp_amount=none,False
2022-05-09T00:00:00+00:00,0.0007682913336003287,0.000769757460596032,0.0007575047180411942,0.0007575047180411942,0.0007642483515694112,WETH,pool_swap_ratio,6,645,1140922.774,,14739359,14200.9465,,6,5,0.0,0.0,0.0,0.0,,0,0,,,,7094.490900000001,7106.455600000001,-11.964700000000448,6,-0.00646007169576249,-1.0486807290455497e-05,0.0,0.0,-1.0486752304196844e-05,0.0,0.012446764936074078,-0.008823877100119004,2,2,price=observed;tvl=observed;lp_amount=none,False
2022-05-09T01:00:00+00:00,0.0007556879688807695,0.0007588632228921076,0.0007556879688807695,0.0007588632228921076,0.0007585596685744441,WETH,pool_swap_ratio,2,1018,1140369.0931,,14739584,553.6809000000001,,2,2,0.0,0.0,0.0,0.0,,0,0,,,,0.0,553.6809000000001,-553.6809000000001,2,0.0017917883617804338,-0.0004854099721799871,0.0,0.0,-0.0004852921798193504,0.0,0.0004852921798193504,0.0004001719709589846,2,2,price=observed;tvl=observed;lp_amount=none,False
2022-05-09T02:00:00+00:00,0.0007532172654575101,0.0008371259812579801,0.0007532172654575101,0.0007687450544713598,0.0007834079101617188,WETH,pool_swap_ratio,7,32,1137248.0827,,14739929,22372.7098,,7,5,0.0,0.0,0.0,0.0,,0,0,,,,9625.849699999999,12746.860100000002,-3121.010400000003,7,0.012937831728919115,-0.002740594325171276,0.0,0.0,-0.002736842324896575,0.0,0.01961883212669472,-0.0187167572603808,2,2,price=observed;tvl=observed;lp_amount=none,False
2022-05-09T03:00:00+00:00,0.0007636224980222736,0.0007714504768145805,0.0007636224980222736,0.000763681477331936,0.0007695621804993429,WETH,pool_swap_ratio,4,689,1136212.4832000001,,14740144,5264.5257,,4,4,0.0,0.0,0.0,0.0,,0,0,,,,2114.4631,3150.0626,-1035.5995000000003,4,-0.006608598145529404,-0.000911033678930114,0.0,0.0,-0.000910618813743198,0.0,0.004629179666323302,-0.0076416218421636595,2,2,price=observed;tvl=observed;lp_amount=none,False
2022-05-09T04:00:00+00:00,0.0007623009032135795,0.0007628964640198054,0.000759290031075093,0.0007607698440678725,0.0007620727630641631,WETH,pool_swap_ratio,5,777,1140062.4975,,14740399,6566.036300000001,,5,3,0.0,0.0,0.0,0.0,,0,0,,,,5208.0253,1358.011,3850.0143000000003,5,-0.0038199144356720434,0.0033827353935000338,0.0,0.0,0.0033884632997139034,0.0,0.005778880620557505,-0.0017097041902558452,2,2,price=observed;tvl=observed;lp_amount=none,False
2022-05-09T05:00:00+00:00,,,,0.0007607698440678725,,WETH,pool_swap_ratio,0,4377,1140062.4975,,14740399,0.0,,0,0,0.0,0.0,0.0,0.0,,0,0,,,,0.0,0.0,0.0,0,0.0,0.0,0.0,0.0,0.0,0.0,0.0,,2,2,price=carried;tvl=carried;lp_amount=none,True
2022-05-09T06:00:00+00:00,0.0007581698814665164,0.0007581698814665164,0.0007581698814665164,0.0007581698814665164,0.0007581698814665164,WETH,pool_swap_ratio,1,3530,1140275.6371,,14740740,213.1396,,1,1,0.0,0.0,0.0,0.0,,0,0,,,,213.1396,0.0,213.1396,1,-0.00342339474946303,0.0001869368383455411,0.0,0.0,0.00018695431212533152,0.0,0.00018695431212533152,0.0,2,2,price=observed;tvl=observed;lp_amount=none,False
2022-05-09T07:00:00+00:00,,,,0.0007581698814665164,,WETH,pool_swap_ratio,0,7130,1140275.6371,,14740740,0.0,,0,0,0.0,0.0,0.0,0.0,,0,0,,,,0.0,0.0,0.0,0,0.0,0.0,0.0,0.0,0.0,0.0,0.0,,2,2,price=carried;tvl=carried;lp_amount=none,True
2022-05-09T08:00:00+00:00,0.0007668876727025634,0.0007760786082778925,0.0007637083912370506,0.0007643790827921986,0.0007690561476620041,WETH,pool_swap_ratio,6,25,1138602.2012999998,,14741522,17116.981399999997,,6,3,0.0,0.0,0.0,0.0,,0,0,,,,7721.7728,9395.2086,-1673.4358000000002,6,0.008156369212900787,-0.001468649238315876,0.0,0.0,-0.0014675713007917604,0.0,0.015011266436887724,-0.006081564894870439,2,2,price=observed;tvl=observed;lp_amount=none,False
2022-05-09T09:00:00+00:00,0.0007681059117403929,0.0007840095509872083,0.0007681059117403929,0.0007706184604324185,0.0007775191486848907,WETH,pool_swap_ratio,14,1129,1135148.8569,,14741687,21096.2414,,14,9,0.0,0.0,0.0,0.0,,0,0,,,,8821.4485,12274.7929,-3453.3444,14,0.00812954005144031,-0.0030375770846533643,0.0,0.0,-0.0030329683150595896,0.0,0.01852819305628722,-0.008875264698167462,2,2,price=observed;tvl=observed;lp_amount=none,False
2022-05-09T10:00:00+00:00,0.0007384696568920383,0.0007613330268378352,0.0007297190471008745,0.0007612706405720878,0.0007438935834879743,WETH,pool_swap_ratio,12,728,1139056.5622,,14741985,50543.7453,,12,7,0.0,0.0,0.0,0.0,,0,0,,,,27225.725300000006,23318.019999999997,3907.7053000000087,11,-0.012204455117192925,0.0034365489704411686,0.0,0.0,0.0034424606748683488,0.0,0.044526094522995774,0.023359600714171647,2,2,price=observed;tvl=observed;lp_amount=none,False
2022-05-09T11:00:00+00:00,0.000740788447828939,0.0007677190178807645,0.0007271745312790287,0.0007372540012028762,0.0007411555165494292,WETH,pool_swap_ratio,22,904,1146168.3484,,14742216,75496.4751,,22,10,0.0,0.0,0.0,0.0,,0,0,,,,41304.1312,34192.345,7111.786200000002,19,-0.03205645782831184,0.006224165618320069,0.0,0.0,0.006243575987362853,0.0,0.06627982982178196,-0.0052640981001086384,2,2,price=observed;tvl=observed;lp_amount=none,False
2022-05-09T12:00:00+00:00,0.0007489436856378776,0.0007489436856378776,0.0007375131417884798,0.0007457737748751951,0.000741526972850845,WETH,pool_swap_ratio,5,3533,1151168.3484,,14742307,10237.996000000001,,5,2,0.0,0.0,0.0,0.0,,0,0,,,,7618.998,2618.998,5000.0,4,0.011489828496168353,0.004352873396186596,0.0,0.0,0.004362360910576337,0.0,0.008932366710607379,0.005727103908335307,2,2,price=observed;tvl=observed;lp_amount=none,False
2022-05-09T13:00:00+00:00,0.0007376548461669368,0.0007376548461669368,0.0007376548461669368,0.0007376548461669368,0.0007376548461669368,WETH,pool_swap_ratio,1,389,1151429.6046,,14742797,261.2562,,1,1,0.0,0.0,0.0,0.0,,0,0,,,,261.2562,0.0,261.2562,1,-0.010946276296797515,0.00022692298564813487,0.0,0.0,0.0002269487346165467,0.0,0.0002269487346165467,0.0,2,2,price=observed;tvl=observed;lp_amount=none,False
2022-05-09T14:00:00+00:00,0.0007273450945593931,0.0007284317746400555,0.0007180413915386412,0.0007180413915386412,0.0007238118940736535,WETH,pool_swap_ratio,4,451,1162364.6789000002,,14743019,15043.7323,,4,3,0.0,0.0,0.0,0.0,,0,0,,,,12989.403300000002,2054.329,10935.074300000002,4,-0.026948811310461392,0.009452141698339684,0.0,0.0,0.009496954269990986,0.0,0.013065264467666789,-0.007972378710904504,2,2,price=observed;tvl=observed;lp_amount=none,False
2022-05-09T15:00:00+00:00,0.0007064669809253494,0.000717740910484251,0.0007034654224863,0.0007078158916308949,0.0007062844491669722,WETH,pool_swap_ratio,5,1707,1163003.8155,,14743168,8826.943000000001,,5,5,0.0,0.0,0.0,0.0,,0,0,,,,4733.0398000000005,4093.9031999999997,639.1366000000007,5,-0.014343195961047847,0.0005497078141665768,0.0,0.0,0.0005498589311960559,0.0,0.007593953223314862,0.002168308343371894,2,2,price=observed;tvl=observed;lp_amount=none,False
2022-05-09T16:00:00+00:00,0.0007046102478401893,0.0007253875961236076,0.0007046102478401893,0.0007253875961236076,0.0007123877096846721,WETH,pool_swap_ratio,5,928,1157239.0229,,14743475,16353.697400000001,,5,5,0.0,0.0,0.0,0.0,,0,0,,,,5294.4524,11059.245,-5764.792600000001,5,0.0245221075336315,-0.004969138890786116,0.0,0.0,-0.004956813144694279,0.0,0.014061602534785493,0.018248330596115636,2,2,price=observed;tvl=observed;lp_amount=none,False
2022-05-09T17:00:00+00:00,0.0007198468348500149,0.0007332357347405071,0.0007198468348500149,0.0007292512515241896,0.0007295588069861168,WETH,pool_swap_ratio,5,415,1154054.5567,,14743770,12672.152,,5,5,0.0,0.0,0.0,0.0,,0,0,,,,4743.879,7928.3452,-3184.4662,5,0.005312197584542324,-0.002755572241557559,0.0,0.0,-0.0027517791372259817,0.0,0.01095033242851078,-0.0004215636340512141,2,2,price=observed;tvl=observed;lp_amount=none,False
2022-05-09T18:00:00+00:00,0.0007352051440359032,0.0007352051440359032,0.0007352051440359032,0.0007352051440359032,0.0007352051440359032,WETH,pool_swap_ratio,1,3599,1153556.2681,,14743796,498.2886,,1,1,0.0,0.0,0.0,0.0,,0,0,,,,0.0,498.2886,-498.2886,1,0.008131242875161915,-0.0004318653755559542,0.0,0.0,-0.0004317721351275177,0.0,0.0004317721351275177,0.0,2,2,price=observed;tvl=observed;lp_amount=none,False
2022-05-09T19:00:00+00:00,0.0007237513816926484,0.0007237513816926484,0.0007237513816926484,0.0007237513816926484,0.0007237513816926484,WETH,pool_swap_ratio,1,1256,1159654.4948,,14744228,6098.2267,,1,1,0.0,0.0,0.0,0.0,,0,0,,,,6098.2267,0.0,6098.2267,1,-0.015701629841562856,0.005272533679299794,0.0,0.0,0.005286457946298771,0.0,0.005286457946298771,0.0,2,2,price=observed;tvl=observed;lp_amount=none,False
2022-05-09T20:00:00+00:00,0.0007250199989510902,0.0007250199989510902,0.0007085064808263832,0.0007121538331929044,0.0007115801386765579,WETH,pool_swap_ratio,5,614,1168102.7433,,14744558,11341.0921,,5,4,0.0,0.0,0.0,0.0,,0,0,,,,9894.6703,1446.4218,8448.2485,5,-0.016153992029812166,0.007258734249424789,0.0,0.0,0.007285142719562371,0.0,0.009779716416272713,0.000806226151018663,2,2,price=observed;tvl=observed;lp_amount=none,False
2022-05-09T21:00:00+00:00,0.0007064304406479678,0.0007064304406479678,0.0007064304406479678,0.0007064304406479678,0.0007064304406479678,WETH,pool_swap_ratio,1,3130,1167022.577,,14744625,1080.1663,,1,1,0.0,0.0,0.0,0.0,,0,0,,,,0.0,1080.1663,-1080.1663,1,-0.008069204918741782,-0.0009251463873499257,0.0,0.0,-0.000924718571371923,0.0,0.000924718571371923,0.0,2,2,price=observed;tvl=observed;lp_amount=none,False
2022-05-09T22:00:00+00:00,0.000702219227732043,0.000702219227732043,0.0006999086380814702,0.0007017124744235443,0.0007005052028596529,WETH,pool_swap_ratio,3,2175,1169266.4286,,14744953,4243.8516,,3,2,0.0,0.0,0.0,0.0,,0,0,,,,3243.8516,1000.0,2243.8516,3,-0.006701001479771786,0.0019208687662842544,0.0,0.0,0.0019227148165103579,0.0,0.0036364777200021555,0.00172342983173146,2,2,price=observed;tvl=observed;lp_amount=none,False
2022-05-09T23:00:00+00:00,0.0007105773458171428,0.0007128741948882789,0.0007105773458171428,0.000712597368300679,0.0007111876832827721,WETH,pool_swap_ratio,3,1594,1162413.2132,,14745249,8425.2154,,3,3,0.0,0.0,0.0,0.0,,0,0,,,,786.0,7639.215399999999,-6853.215399999999,3,0.015392820538635265,-0.005878367689671869,0.0,0.0,-0.005861123891332083,0.0,0.0072055565728401,0.00198215611862107,2,2,price=observed;tvl=observed;lp_amount=none,False
2022-05-10T00:00:00+00:00,0.0007059090801220959,0.0007097288478589974,0.0006883377668595773,0.0006885397559096426,0.0006995567649629686,WETH,pool_swap_ratio,6,141,1172215.5442,,14745608,22197.669,,6,3,0.0,0.0,0.0,0.0,,0,0,,,,16000.0,6197.669,9802.331,6,-0.034343500780352434,0.008397385297933371,0.0,0.0,0.008432742237173323,0.0,0.01909619466462548,-0.01574855623604643,2,2,price=observed;tvl=observed;lp_amount=none,False
2022-05-10T01:00:00+00:00,0.0006915774430081385,0.0006915774430081385,0.0006915774430081385,0.0006915774430081385,0.0006915774430081385,WETH,pool_swap_ratio,1,3550,1174548.291,,14745622,2332.7468,,1,1,0.0,0.0,0.0,0.0,,0,0,,,,2332.7468,0.0,2332.7468,1,0.004402078325390034,0.0019880548126162897,0.0,0.0,0.0019900323038217565,0.0,0.0019900323038217565,0.0,2,2,price=observed;tvl=observed;lp_amount=none,False
2022-05-10T02:00:00+00:00,0.0006887407100478211,0.0006887407100478211,0.0006608091642869431,0.0006807732153432683,0.0006724789154481204,WETH,pool_swap_ratio,19,372,1179008.6916,,14746120,75539.5994,,19,8,0.0,0.0,0.0,0.0,,0,0,,,,40000.0,35539.5994,4460.400600000001,19,-0.015745904045282675,0.003790353046989012,0.0,0.0,0.00379754551956519,0.0,0.06431374510424451,0.012333918141687494,2,2,price=observed;tvl=observed;lp_amount=none,False
2022-05-10T03:00:00+00:00,0.0006805563015826661,0.0006817080550025636,0.0006778769967174143,0.0006817080550025636,0.000680093869179601,WETH,pool_swap_ratio,3,746,1178432.1217999998,,14746345,1262.5698,,3,2,0.0,0.0,0.0,0.0,,0,0,,,,343.0,919.5698,-576.5698,3,0.0013722607808880369,-0.000489148917944383,0.0,0.0,-0.0004890293041161156,0.0,0.0010708740393479215,0.0023734750394233117,2,2,price=observed;tvl=observed;lp_amount=none,False
2022-05-10T04:00:00+00:00,0.0006642128666308464,0.0006674029380230776,0.0006627060295696372,0.0006674029380230776,0.000664528016392943,WETH,pool_swap_ratio,5,2630,1183997.1302,,14746480,22502.033199999998,,5,4,0.0,0.0,0.0,0.0,,0,0,,,,14033.5208,8468.5124,5565.008400000001,5,-0.021207525851017324,0.00471126802101445,0.0,0.0,0.004722383493331555,0.0,0.019094891240429866,0.0043262609840584165,2,2,price=observed;tvl=observed;lp_amount=none,False
2022-05-10T05:00:00+00:00,,,,0.0006674029380230776,,WETH,pool_swap_ratio,0,6230,1183997.1302,,14746480,0.0,,0,0,0.0,0.0,0.0,0.0,,0,0,,,,0.0,0.0,0.0,0,0.0,0.0,0.0,0.0,0.0,0.0,0.0,,2,2,price=carried;tvl=carried;lp_amount=none,True
2022-05-10T06:00:00+00:00,0.0006728678391007471,0.0006728678391007471,0.0006696115824154046,0.0006696115824154046,0.0006721005154822497,WETH,pool_swap_ratio,3,1410,1182730.2924,,14747084,4677.866,,3,2,0.0,0.0,0.0,0.0,,0,0,,,,1705.5140999999999,2972.3519,-1266.8378000000002,3,0.0033038480399214965,-0.001070539774789281,0.0,0.0,-0.001069966951512802,0.0,0.003950909914122696,-0.003703215530282966,2,2,price=observed;tvl=observed;lp_amount=none,False
2022-05-10T07:00:00+00:00,0.0006634410618811399,0.0006634410618811399,0.0006613459706401991,0.0006613459706401991,0.0006627953197521051,WETH,pool_swap_ratio,2,2300,1187303.6765,,14747261,4573.3841,,2,2,0.0,0.0,0.0,0.0,,0,0,,,,4573.3841,0.0,4573.3841,2,-0.012420708714627192,0.003859345339815146,0.0,0.0,0.0038668022028248514,0.0,0.0038668022028248514,-0.0021867220071017934,2,2,price=observed;tvl=observed;lp_amount=none,False
2022-05-10T08:00:00+00:00,0.0006504060919052242,0.0006504060919052242,0.0006341548187555832,0.0006383269109523478,0.0006441706738199506,WETH,pool_swap_ratio,7,1881,1195743.6071,,14747541,20010.004,,7,6,0.0,0.0,0.0,0.0,,0,0,,,,14224.9673,5785.0367,8439.9306,7,-0.035426556100317294,0.00708333900598037,0.0,0.0,0.007108485189635475,0.0,0.01685331595955856,-0.00907176173194768,2,2,price=observed;tvl=observed;lp_amount=none,False
2022-05-10T09:00:00+00:00,0.0006476823323674207,0.0006600642456128777,0.000644350639635276,0.0006600642456128777,0.0006513293641619494,WETH,pool_swap_ratio,8,606,1188853.2768,,14747878,17649.4886,,8,5,0.0,0.0,0.0,0.0,,0,0,,,,5379.6118,12269.9421,-6890.3303000000005,8,0.033486620395989514,-0.005779047622764768,0.0,0.0,-0.005762381048150369,0.0,0.014760261727683213,0.013410851608336882,2,2,price=observed;tvl=observed;lp_amount=none,False
2022-05-10T10:00:00+00:00,0.0006646736956172488,0.0006646736956172488,0.000656925215339876,0.000656925215339876,0.0006576323389959003,WETH,pool_swap_ratio,2,1479,1188505.4243,,14748074,347.85249999999996,,2,2,0.0,0.0,0.0,0.0,,0,0,,,,0.0,347.85249999999996,-347.85249999999996,2,-0.004766987603758523,-0.00029263779363329184,0.0,0.0,-0.00029259497937062835,0.0,0.00029259497937062835,-0.0010752568176679578,2,2,price=observed;tvl=observed;lp_amount=none,False
2022-05-10T11:00:00+00:00,0.0006600665650075469,0.0006600665650075469,0.0006600665650075469,0.0006600665650075469,0.0006600665650075469,WETH,pool_swap_ratio,1,1236,1188671.0676,,14748340,165.6433,,1,1,0.0,0.0,0.0,0.0,,0,0,,,,165.6433,0.0,165.6433,1,0.0047705014898832285,0.0001393613817337538,0.0,0.0,0.00013937109298223,0.0,0.00013937109298223,0.0,2,2,price=observed;tvl=observed;lp_amount=none,False
2022-05-10T12:00:00+00:00,0.0006652932392813599,0.0006652932392813599,0.0006506935725930411,0.0006506935725930411,0.0006543773896730694,WETH,pool_swap_ratio,3,1523,1191765.9608999998,,14748586,3956.0131,,3,2,0.0,0.0,0.0,0.0,,0,0,,,,3525.4532,430.5599,3094.8932999999997,3,-0.014301857235622419,0.002600274661140562,0.0,0.0,0.002603658307464974,0.0,0.003328097408804131,-0.005629499335037758,2,2,price=observed;tvl=observed;lp_amount=none,False
2022-05-10T13:00:00+00:00,0.0006536208990543103,0.0006667267606782092,0.0006536208990543103,0.0006667267606782092,0.0006629908845818664,WETH,pool_swap_ratio,4,2756,1184824.6787,,14748764,10933.053600000001,,4,4,0.0,0.0,0.0,0.0,,0,0,,,,1995.8857,8937.1679,-6941.282200000001,4,0.024341479057571152,-0.005841394661581278,0.0,0.0,-0.005824366887235201,0.0,0.009173826035225539,0.005634883047749506,2,2,price=observed;tvl=observed;lp_amount=none,False
2022-05-10T14:00:00+00:00,0.000667605419006324,0.0006718204250876558,0.000667605419006324,0.0006686733584263798,0.000669189585235982,WETH,pool_swap_ratio,4,1051,1183616.6038000002,,14749154,1208.0749,,4,2,0.0,0.0,0.0,0.0,,0,0,,,,0.0,1208.0749,-1208.0749,4,0.002915379591585696,-0.0010201435126939702,0.0,0.0,-0.001019623343198346,0.0,0.001019623343198346,-0.000771420866360617,2,2,price=observed;tvl=observed;lp_amount=none,False
2022-05-10T15:00:00+00:00,0.0006618987247030089,0.0006669843615696875,0.0006618987247030089,0.0006669843615696875,0.0006647633292543906,WETH,pool_swap_ratio,2,2203,1182896.878,,14749346,5687.4176,,2,2,0.0,0.0,0.0,0.0,,0,0,,,,2483.8459,3203.5717,-719.7258000000002,2,-0.002529087702158433,-0.0006082583747994906,0.0,0.0,-0.0006080734231754785,0.0,0.0048051181284045445,0.0033410872976222805,2,2,price=observed;tvl=observed;lp_amount=none,False
2022-05-10T16:00:00+00:00,0.0006566623952889483,0.0006566623952889483,0.0006440965927375241,0.0006440965927375241,0.0006544998452873703,WETH,pool_swap_ratio,4,1878,1191782.5614,,14749604,13530.3166,,4,3,0.0,0.0,0.0,0.0,,0,0,,,,11208.0,2322.3166,8885.6834,4,-0.03491789613822301,0.0074837257809281296,0.0,0.0,0.0075117988433815105,0.0,0.01143828921323774,-0.015894965636360725,2,2,price=observed;tvl=observed;lp_amount=none,False
2022-05-10T17:00:00+00:00,0.0006483658785537918,0.0006483658785537918,0.0006483658785537918,0.0006483658785537918,0.0006483658785537918,WETH,pool_swap_ratio,1,1976,1191497.1750999999,,14749825,285.3863,,1,1,0.0,0.0,0.0,0.0,,0,0,,,,0.0,285.3863,-285.3863,1,0.006606460827995464,-0.00023949039384128687,0.0,0.0,-0.00023946171830602523,0.0,0.00023946171830602523,0.0,2,2,price=observed;tvl=observed;lp_amount=none,False
2022-05-10T18:00:00+00:00,0.0006646053922155066,0.0006692051209276225,0.0006482512651459569,0.0006482512651459569,0.0006599666988742394,WETH,pool_swap_ratio,7,465,1192999.4907000002,,14750222,20116.6612,,7,6,0.0,0.0,0.0,0.0,,0,0,,,,10809.488399999998,9307.1728,1502.315599999998,7,-0.0001767883583682443,0.0012600695319275065,0.0,0.0,0.0012608637530961094,0.0,0.01688351564770739,-0.01775155284087282,2,2,price=observed;tvl=observed;lp_amount=none,False
2022-05-10T19:00:00+00:00,0.0006494416781572963,0.0006494416781572963,0.0006420599939995916,0.0006439727061218317,0.0006435366917416233,WETH,pool_swap_ratio,4,1088,1194770.0116,,14750450,6455.4791,,4,3,0.0,0.0,0.0,0.0,,0,0,,,,4113.0,2342.4791,1770.5209,4,-0.006622032641838647,0.0014829917400162275,0.0,0.0,0.0014840919160503039,0.0,0.005411133156655587,0.0006775283924036479,2,2,price=observed;tvl=observed;lp_amount=none,False
2022-05-10T20:00:00+00:00,0.0006504852352097329,0.0006573590508199956,0.0006504852352097329,0.0006573590508199956,0.0006519849239448326,WETH,pool_swap_ratio,3,894,1188836.1733,,14750728,5933.838299999999,,3,3,0.0,0.0,0.0,0.0,,1,0,,,,0.0,5933.8383,-5933.8383,3,0.020574026286837438,-0.004978885015115803,0.0,0.0,-0.00496651091204874,0.0,0.00496651091204874,0.008242716476704492,2,2,price=observed;tvl=observed;lp_amount=quantified,False
2022-05-10T21:00:00+00:00,0.0006588222892756908,0.0006645846141405516,0.0006528168123721994,0.0006645846141405516,0.0006626402590013831,WETH,pool_swap_ratio,7,292,1181759.4115,,14751037,11821.520100000002,,7,5,0.0,2191.0089,-2191.0089,2191.0089,0.0,0,1,,,1.0,3467.8835999999997,10544.6454,-7076.7618,8,0.01093183540196058,-0.005970468237748775,-0.0018429864006561517,0.0018429864006561517,-0.005952680410418666,0.0018429864006561517,0.009943775572697745,0.0029342544657620095,2,2,price=observed;tvl=observed;lp_amount=quantified,False
2022-05-10T22:00:00+00:00,0.0006711330489458273,0.0006711330489458273,0.0006615101520238607,0.0006615101520238607,0.0006649851585173753,WETH,pool_swap_ratio,3,527,1184740.6761,,14751275,4924.223400000001,,3,3,0.0,0.0,0.0,0.0,,0,0,,,,3952.744,971.4794,2981.2646,3,-0.004636874684527075,0.0025195572083448674,0.0,0.0,0.0025227339600502096,0.0,0.004166857781779554,-0.005225690301513541,2,2,price=observed;tvl=observed;lp_amount=none,False
2022-05-10T23:00:00+00:00,0.0006611950139552947,0.0006611950139552947,0.0006550145446587059,0.0006598487512615518,0.0006581693121308916,WETH,pool_swap_ratio,4,267,1184757.3916,,14751541,529.7199,,4,3,0.0,0.0,0.0,0.0,,0,0,,,,273.2177,256.5022,16.715499999999963,4,-0.002514686409101042,1.410889523646176e-05,0.0,0.0,1.4108994767551192e-05,0.0,0.00044711885958348586,0.002551682522575982,2,2,price=observed;tvl=observed;lp_amount=none,False
2022-05-11T00:00:00+00:00,0.0006609068276292705,0.0006612838164011611,0.0006546994050378106,0.00065653680346522,0.0006554567138438713,WETH,pool_swap_ratio,4,1120,1186114.4642,,14751743,5442.9274000000005,,4,4,0.0,0.0,0.0,0.0,,0,0,,,,3400.0,2042.9273999999998,1357.0726000000002,4,-0.005031891716873068,0.0011447879351962804,0.0,0.0,0.0011454434550244002,0.0,0.004594128248188767,0.0016478427919590644,2,2,price=observed;tvl=observed;lp_amount=none,False
2022-05-11T01:00:00+00:00,0.000709494310460703,0.0007768773208696154,0.0006605936846244112,0.0006605936846244112,0.0006961449205594545,WETH,pool_swap_ratio,9,672,1181786.8961,,14752046,51304.880699999994,,9,6,0.0,0.0,0.0,0.0,,0,0,,,,23488.6563,27816.2244,-4327.5681,9,0.006160200564944266,-0.003655196952667119,0.0,0.0,-0.0036485248520418474,0.0,0.04325457807700175,-0.05106872848612132,2,2,price=observed;tvl=observed;lp_amount=none,False
2022-05-11T02:00:00+00:00,0.0006710646327832456,0.0006772891365040447,0.0006675821354067009,0.0006675821354067009,0.00067308457941072,WETH,pool_swap_ratio,5,1309,1181873.1747,,14752247,10194.239000000001,,5,4,0.0,0.0,0.0,0.0,,0,0,,,,5140.2588,5053.9802,86.27859999999964,5,0.010523479151826045,7.300423703420678e-05,0.0,0.0,7.300690190822605e-05,0.0,0.008626122893765263,-0.00817496667185047,2,2,price=observed;tvl=observed;lp_amount=none,False
2022-05-11T03:00:00+00:00,0.0006621832420478449,0.0006621832420478449,0.0006540076734617926,0.0006572764935349805,0.0006582659246507185,WETH,pool_swap_ratio,5,166,1186669.8477999999,,14752607,8201.7215,,5,4,0.0,0.0,0.0,0.0,,0,0,,,,6499.1973,1702.5241999999998,4796.6731,5,-0.01555765952865811,0.004050320903545801,0.0,0.0,0.004058534538799021,0.0,0.006939595276017562,-0.0015030872458771105,2,2,price=observed;tvl=observed;lp_amount=none,False
2022-05-11T04:00:00+00:00,0.0006462835020263638,0.0006474479090382834,0.0006449884238258959,0.0006474479090382834,0.0006461673815401177,WETH,pool_swap_ratio,3,286,1192474.7534,,14752834,10280.528,,3,3,0.0,0.0,0.0,0.0,,0,0,,,,8042.7168,2237.8112,5804.9056,3,-0.01506643149848598,0.004879835480634159,0.0,0.0,0.004891761268529638,0.0,0.00866334306804825,0.0019817272346891457,2,2,price=observed;tvl=observed;lp_amount=none,False
2022-05-11T05:00:00+00:00,0.0006405280920947698,0.0006436198631514219,0.0006405280920947698,0.0006436198631514219,0.000640540281316402,WETH,pool_swap_ratio,2,141,1199006.2004,,14753123,6583.356400000001,,2,2,0.0,0.0,0.0,0.0,,0,0,,,,6557.4017,25.9547,6531.447,2,-0.005930063761627728,0.005462274938223198,0.0,0.0,0.005477220361586231,0.0,0.005520751178362013,0.0048077879328538575,2,2,price=observed;tvl=observed;lp_amount=none,False
2022-05-11T06:00:00+00:00,0.000644978839732681,0.000644978839732681,0.0006415621045218073,0.0006415621045218073,0.0006439356700527497,WETH,pool_swap_ratio,3,54,1193752.6990999999,,14753416,8247.0763,,3,3,0.0,0.0,0.0,0.0,,0,0,,,,1496.7875,6750.2888,-5253.5013,3,-0.003202286430775333,-0.0043911735050057655,0.0,0.0,-0.004381546399215768,0.0,0.00687825992663649,-0.00368602896427217,2,2,price=observed;tvl=observed;lp_amount=none,False
2022-05-11T07:00:00+00:00,0.0006478809797143926,0.0006521614125977387,0.0006478809797143926,0.0006521614125977387,0.0006492107325230445,WETH,pool_swap_ratio,2,1728,1188860.0409,,14753549,4892.6582,,2,2,0.0,0.0,0.0,0.0,,0,0,,,,0.0,4892.6582,-4892.6582,2,0.01638610583802544,-0.0041069746627268085,0.0,0.0,-0.004098552575997272,0.0,0.004098552575997272,0.004545026640620842,2,2,price=observed;tvl=observed;lp_amount=none,False
2022-05-11T08:00:00+00:00,0.0006462654521838807,0.000650289485549461,0.0006369418193088728,0.0006369418193088728,0.0006416325355664057,WETH,pool_swap_ratio,7,621,1222896.9053000002,,14753885,54036.8644,,7,4,0.0,0.0,0.0,0.0,,0,0,,,,44036.8644,10000.0,34036.8644,7,-0.023613780685419482,0.028227657412360642,0.0,0.0,0.02862983297363847,0.0,0.04545267108068717,-0.007310596014885928,2,2,price=observed;tvl=observed;lp_amount=none,False
2022-05-11T09:00:00+00:00,0.0006341345006653312,0.0006341345006653312,0.0006175535909820271,0.0006175535909820271,0.000629052538517855,WETH,pool_swap_ratio,5,2908,1252164.5052,,14753980,34553.293300000005,,5,4,0.0,0.0,0.0,0.0,,0,0,,,,31910.4466,2642.8467,29267.5999,5,-0.030912464184162384,0.023651101390134353,0.0,0.0,0.023933006758914067,0.0,0.028255279042940593,-0.018279788780315998,2,2,price=observed;tvl=observed;lp_amount=none,False
2022-05-11T10:00:00+00:00,0.0006150742186464437,0.0006198589756754881,0.0005560612308788081,0.0005729475779007803,0.0005843591933163912,WETH,pool_swap_ratio,20,228,1244643.4979,,14754471,51470.3661,,20,9,0.0,21117.0885,-21117.0885,21117.0885,0.0,0,2,,,1.0,33114.368500000004,40635.3758,-7521.0072999999975,22,-0.07497162630639766,-0.0060245161329447365,-0.01686446821667981,0.01686446821667981,-0.006006405123900806,0.01686446821667981,0.041105115091709915,-0.019528426259279086,2,2,price=observed;tvl=observed;lp_amount=quantified,False
2022-05-11T11:00:00+00:00,0.0005781591493948071,0.0005781591493948071,0.0005276616434885585,0.0005454377069115897,0.0005419867899042316,WETH,pool_swap_ratio,9,746,1252559.0899999999,,14754673,40597.3065,,9,6,0.0,0.0,0.0,0.0,,0,0,,,,24256.449299999997,16340.8572,7915.592099999996,8,-0.04920562117216068,0.006339588665515075,0.0,0.0,0.006359726390211672,0.0,0.03261761827261942,0.006367160734614741,2,2,price=observed;tvl=observed;lp_amount=none,False
2022-05-11T12:00:00+00:00,0.0005549255654595783,0.0005694950855805553,0.0005329581160958323,0.0005329581160958323,0.0005549335547350136,WETH,pool_swap_ratio,9,32,1264159.9014,,14755007,33575.244999999995,,9,4,0.0,0.0,0.0,0.0,,0,0,,,,22588.0282,10987.2168,11600.8114,9,-0.023145764628775805,0.009219061487063798,0.0,0.0,0.009261687925637106,0.0,0.026805318222551878,-0.03960012590998363,2,2,price=observed;tvl=observed;lp_amount=none,False
2022-05-11T13:00:00+00:00,0.0005437697418087147,0.0005486081630017498,0.00048591033732065447,0.00048591033732065447,0.0005182518998218882,WETH,pool_swap_ratio,8,167,1269724.567,,14755232,41413.2424,,8,5,0.0,0.0,0.0,0.0,,0,0,,,,23488.953999999998,17924.288399999998,5564.6656,8,-0.0924187238743004,0.004392208575637723,0.0,0.0,0.004401868461289892,0.0,0.03275949692292621,-0.06240510167420288,2,2,price=observed;tvl=observed;lp_amount=none,False
2022-05-11T14:00:00+00:00,0.00046790027563679566,0.0005113160917935824,0.0004182151393846433,0.0004508518712655352,0.000464599624355625,WETH,pool_swap_ratio,41,38,1278986.4229,,14755499,199574.96279999998,,41,20,0.0,0.0,0.0,0.0,,0,0,,,,104418.42620000002,95156.57029999999,9261.855900000024,38,-0.07488527530487894,0.007267906566238743,0.0,0.0,0.007294381900385821,0.0,0.1571797285702199,-0.02959053853983884,2,2,price=observed;tvl=observed;lp_amount=none,False
2022-05-11T15:00:00+00:00,0.00047177699491452704,0.0005057084859203177,0.0004174266710885106,0.0004713842002610894,0.0004651882014709889,WETH,pool_swap_ratio,22,323,1278468.5856,,14755757,98504.27989999998,,22,8,0.0,0.0,0.0,0.0,,0,0,,,,48993.2213,49511.058600000004,-517.8373000000065,22,0.04453463284606392,-0.0004049629849640476,0.0,0.0,-0.00040488099852213573,0.0,0.07701745549155195,0.013319337787389918,2,2,price=observed;tvl=observed;lp_amount=none,False
2022-05-11T16:00:00+00:00,0.000475454817003164,0.0005179884677961149,0.00046656651038910323,0.0004902953352599179,0.00048777015593122323,WETH,pool_swap_ratio,21,119,1271724.6247999999,,14756028,50572.8756,,21,9,0.0,0.0,0.0,0.0,,0,0,,,,21914.4574,28658.4182,-6743.960800000001,20,0.03933446124780442,-0.005288992609245151,0.0,0.0,-0.005275030513819768,0.0,0.039557386211617834,0.005176986123461624,2,2,price=observed;tvl=observed;lp_amount=none,False
2022-05-11T17:00:00+00:00,0.0004850622333478979,0.0005123016736548008,0.0004850622333478979,0.0004900122942166533,0.0005011518947535514,WETH,pool_swap_ratio,7,914,1272188.7030999998,,14756249,22164.0356,,7,4,0.0,0.0,0.0,0.0,,0,0,,,,11314.078300000001,10850.0,464.07830000000104,7,-0.0005774535311549656,0.0003648538651519934,0.0,0.0,0.00036492043241907437,0.0,0.017428329347232437,-0.02222799245800766,2,2,price=observed;tvl=observed;lp_amount=none,False
2022-05-11T18:00:00+00:00,0.0004935052719934437,0.0004935052719934437,0.0004533249971903294,0.00046603285075460713,0.0004760025380020914,WETH,pool_swap_ratio,17,430,1280125.0583,,14756556,56745.198800000006,,17,8,0.0,0.0,0.0,0.0,,0,0,,,,32340.777000000002,24404.4218,7936.355200000002,17,-0.05017435420544775,0.006218969547244627,0.0,0.0,0.006238347487806743,0.0,0.044604388218293725,-0.020944609432818728,2,2,price=observed;tvl=observed;lp_amount=none,False
2022-05-11T19:00:00+00:00,0.0004542556145997989,0.0005011751037648389,0.0004542556145997989,0.00048650908132532244,0.00047808418172387253,WETH,pool_swap_ratio,12,273,1274022.3077,,14756851,39123.7236,,12,9,0.0,0.0,0.0,0.0,,0,0,,,,16510.4865,22613.237100000002,-6102.750600000003,12,0.042999441279502504,-0.004778707990614346,0.0,0.0,-0.004767308131679281,0.0,0.030562423058850298,0.01762220948426174,2,2,price=observed;tvl=observed;lp_amount=none,False
2022-05-11T20:00:00+00:00,0.00045916272384784694,0.0005070459878728701,0.0004544315151678551,0.0004892994132712875,0.00047342543872249944,WETH,pool_swap_ratio,17,525,1273406.1905999999,,14757084,53831.5209,,17,8,0.0,0.0,0.0,0.0,,0,0,,,,26607.7019,27223.818999999996,-616.1170999999958,17,0.005719031073756373,-0.0004837169030845507,0.0,0.0,-0.00048359993092450293,0.0,0.04225320119957897,0.03353004137594029,2,2,price=observed;tvl=observed;lp_amount=none,False
2022-05-11T21:00:00+00:00,0.0004617033591840086,0.0004988010700161639,0.00045374437579042516,0.0004939613474432043,0.00047939401850045313,WETH,pool_swap_ratio,10,67,1273466.8834000002,,14757376,38707.7615,,10,5,0.0,0.0,0.0,0.0,,0,0,,,,19384.2288,19323.536,60.692800000000716,9,0.00948267090880441,4.766063973218104e-05,0.0,0.0,4.766177551830784e-05,0.0,0.030397026326502926,0.03038696433534538,2,2,price=observed;tvl=observed;lp_amount=none,False
2022-05-11T22:00:00+00:00,0.00045422885828756953,0.0004933925644512302,0.00042707767953724726,0.00046728327489070523,0.000456142005623699,WETH,pool_swap_ratio,23,899,1275867.4365,,14757576,116905.7607,,23,8,0.0,0.0,0.0,0.0,,0,0,,,,59653.1569,57252.603800000004,2400.5530999999974,20,-0.055521611965221894,0.0018832789334631372,0.0,0.0,0.0018850534170082346,0.0,0.09180117851818492,0.024425001709220906,2,2,price=observed;tvl=observed;lp_amount=none,False
2022-05-11T23:00:00+00:00,0.00047649337771711896,0.0005107189223125019,0.00047032714087857393,0.0004943378542177895,0.0004962296549638207,WETH,pool_swap_ratio,28,58,1271832.084,,14757893,60740.719900000004,,28,11,0.0,0.0,0.0,0.0,,0,0,,,,28352.6981,32388.050600000002,-4035.352500000001,27,0.0562835407255952,-0.0031678428654316948,0.0,0.0,-0.0031628305453659886,0.0,0.04760739098932242,-0.0038123492360996325,2,2,price=observed;tvl=observed;lp_amount=none,False
2022-05-12T00:00:00+00:00,0.0004958227719001406,0.0006150297511529132,0.0004958227719001406,0.0005227573325636539,0.0005438007962297607,WETH,pool_swap_ratio,18,332,1261217.8186,,14758132,63808.18840000001,,18,10,0.0,0.0,0.0,0.0,,0,0,,,,26596.9628,37211.2282,-10614.265399999997,16,0.05589816626860389,-0.008380669890473556,0.0,0.0,-0.008345649974969492,0.0,0.05017029307777709,-0.03869700782345997,2,2,price=observed;tvl=observed;lp_amount=none,False
2022-05-12T01:00:00+00:00,0.0005241292047064098,0.0005725467234867725,0.0004894564486291183,0.0005304016106922573,0.0005374559350082986,WETH,pool_swap_ratio,29,162,1265650.27,,14758408,100245.51119999998,,29,14,0.0,0.0,0.0,0.0,,0,0,,,,52338.98129999999,47906.529899999994,4432.451399999998,25,0.014517110503571204,0.0035082606537113017,0.0,0.0,0.003514421802984189,0.0,0.0794831072964671,-0.013125400347346439,2,2,price=observed;tvl=observed;lp_amount=none,False
2022-05-12T02:00:00+00:00,0.0005220119416086977,0.0005700779672729525,0.0005220119416086977,0.0005700779672729525,0.0005505680530119157,WETH,pool_swap_ratio,14,250,1250961.003,,14758637,27873.0802,,14,8,0.0,0.0,0.0,0.0,,0,0,,,,6591.9068,21281.173799999997,-14689.266999999996,14,0.0721386605466636,-0.011673979196167611,0.0,0.0,-0.011606102687435128,0.0,0.02202273476384594,0.03543597227319428,2,2,price=observed;tvl=observed;lp_amount=none,False
2022-05-12T03:00:00+00:00,0.000561103075653585,0.000561103075653585,0.0005494337713487723,0.000557185419045055,0.0005526204413114346,WETH,pool_swap_ratio,6,118,1252014.4989999998,,14758895,13208.3478,,6,4,0.0,0.0,0.0,0.0,,0,0,,,,7130.9219,6077.4259,1053.496,6,-0.022875062861406666,0.000841794944751713,0.0,0.0,0.0008421493535558279,0.0,0.010558560793121702,0.008260602381604087,2,2,price=observed;tvl=observed;lp_amount=none,False
2022-05-12T04:00:00+00:00,0.0005732842792901864,0.0005880287428800858,0.0005732842792901864,0.0005880287428800858,0.0005791782792474074,WETH,pool_swap_ratio,4,2740,1241376.8849,,14758976,15463.8309,,4,3,0.0,0.0,0.0,0.0,,0,0,,,,2413.1084,13050.7225,-10637.614099999999,4,0.053877755850637456,-0.00853269864460605,0.0,0.0,-0.008496398490989042,0.0,0.012351159601067849,0.01528106966334919,2,2,price=observed;tvl=observed;lp_amount=none,False
2022-05-12T05:00:00+00:00,0.0005958160265966593,0.0006005951852360885,0.000569982497077739,0.0005996911869283582,0.0005870159446526466,WETH,pool_swap_ratio,10,1782,1239168.9818,,14759278,37390.5723,,10,6,0.0,0.0,0.0,0.0,,0,0,,,,17591.334600000002,19799.2377,-2207.9030999999995,9,0.019639005112798705,-0.0017801756562658303,0.0,0.0,-0.0017785920834008915,0.0,0.03012024209151601,0.02159267118921604,2,2,price=observed;tvl=observed;lp_amount=none,False
2022-05-12T06:00:00+00:00,0.0005661848944601587,0.0005782392731912124,0.0005661848944601587,0.000570054770299803,0.0005718754569109077,WETH,pool_swap_ratio,5,414,1248865.5455,,14759659,30639.9866,,5,4,0.0,0.0,0.0,0.0,,0,0,,,,20168.3377,10471.774,9696.5637,5,-0.05068238980815858,0.007794596648111915,0.0,0.0,0.00782505359835178,0.0,0.024726237543077276,-0.003183711748952267,2,2,price=observed;tvl=observed;lp_amount=none,False
2022-05-12T07:00:00+00:00,0.0005623147781564394,0.0005623147781564394,0.0005316832972774288,0.0005316832972774288,0.0005481243889631362,WETH,pool_swap_ratio,3,369,1263014.2455,,14759914,14148.699999999999,,3,3,0.0,0.0,0.0,0.0,,0,0,,,,14148.7,0.0,14148.7,3,-0.06968443825042855,0.011265546773114704,0.0,0.0,0.011329242007661746,0.0,0.011329242007661744,-0.029995183605692644,2,2,price=observed;tvl=observed;lp_amount=none,False
2022-05-12T08:00:00+00:00,0.0005442862041011412,0.0005708905719537644,0.0005056987378971085,0.0005452097499664771,0.0005366186806344434,WETH,pool_swap_ratio,15,379,1258826.2467,,14760151,76796.774,,15,10,0.0,0.0,0.0,0.0,,0,0,,,,36304.3876,40492.3864,-4187.998800000001,14,0.025122576739291507,-0.0033213858394147313,0.0,0.0,-0.0033158761391025035,0.0,0.0608043608958645,0.016009635225289642,2,2,price=observed;tvl=observed;lp_amount=none,False
2022-05-12T09:00:00+00:00,0.0005502089091909824,0.0005502089091909824,0.0004893230219482415,0.0005125842113587014,0.0005084862340916793,WETH,pool_swap_ratio,8,1331,1271431.2874,,14760347,40103.7693,,8,5,0.0,0.0,0.0,0.0,,0,0,,,,26354.405,13749.364300000001,12605.040699999998,7,-0.06170557058594328,0.009963527275084788,0.0,0.0,0.010013328474079708,0.0,0.03185806572204195,0.008059170518829317,2,2,price=observed;tvl=observed;lp_amount=none,False
2022-05-12T10:00:00+00:00,0.0005025882306786581,0.0005025882306786581,0.0004891066281141322,0.0004891066281141322,0.0004909258197809072,WETH,pool_swap_ratio,2,949,1273458.1325,,14760614,2775.9356,,2,2,0.0,0.0,0.0,0.0,,0,0,,,,2401.4266,374.5815,2026.8450999999998,2,-0.0468844932527867,0.0015928751266770897,0.0,0.0,0.0015941444261174155,0.0,0.0021833154709261717,-0.003705634524553858,2,2,price=observed;tvl=observed;lp_amount=none,False
2022-05-12T11:00:00+00:00,0.0004690986162499164,0.0004890763103510636,0.0004690986162499164,0.00047364650204942133,0.00047778263196964724,WETH,pool_swap_ratio,3,1476,1275076.6392,,14760859,5545.8675,,3,2,0.0,0.0,0.0,0.0,,0,0,,,,3582.1871,1963.6804,1618.5067000000001,2,-0.03211925190924474,0.0012701470158960565,0.0,0.0,0.001270953994241346,0.0,0.004354966495139172,-0.00865692815826058,2,2,price=observed;tvl=observed;lp_amount=none,False
2022-05-12T12:00:00+00:00,0.00046522252752329566,0.0004907407241268285,0.0004371618187681266,0.00044744604645214893,0.00045912429170049844,WETH,pool_swap_ratio,67,153,1281953.7689999999,,14761197,302182.07980000007,,67,16,0.0,0.0,0.0,0.0,,0,0,,,,154529.6048,147652.475,6877.129799999995,59,-0.056905303339774685,0.005379010245401266,0.0,0.0,0.005393503095088305,0.0,0.23699130743199334,-0.02543591236502818,2,2,price=observed;tvl=observed;lp_amount=none,False
2022-05-12T13:00:00+00:00,0.00044240753571174956,0.0005433673026260642,0.00043909568834855136,0.0005137511864547145,0.0004796868178773461,WETH,pool_swap_ratio,35,15,1266404.8588,,14761482,154906.4883,,35,13,0.0,0.0,0.0,0.0,,0,0,,,,69678.8021,85227.7123,-15548.910199999998,32,0.13818311134988367,-0.01220322994600837,0.0,0.0,-0.012129072495437236,0.0,0.12083625170105491,0.07101376837517881,2,2,price=observed;tvl=observed;lp_amount=none,False
2022-05-12T14:00:00+00:00,0.0005061103164765914,0.0005150396500503998,0.00048107639109147056,0.00048107639109147056,0.0005001421899921926,WETH,pool_swap_ratio,7,2534,1277198.4781,,14761557,25008.4003,,7,4,0.0,0.0,0.0,0.0,,0,0,,,,17901.0098,7107.3905,10793.619299999998,6,-0.06571300047505861,0.008486923987030768,0.0,0.0,0.008523040025468354,0.0,0.019747555551624357,-0.03812075702115769,2,2,price=observed;tvl=observed;lp_amount=none,False
2022-05-12T15:00:00+00:00,0.0004608107087855957,0.0004693427185204425,0.0004275392670707967,0.0004275392670707967,0.0004440392385734775,WETH,pool_swap_ratio,10,645,1292187.0115999999,,14761938,49677.0565,,10,7,0.0,0.0,0.0,0.0,,0,0,,,,32332.795,17344.2615,14988.533499999998,10,-0.11797993777783301,0.011667150439378354,0.0,0.0,0.011735477106344039,0.0,0.038895330171314586,-0.03715881406266863,2,2,price=observed;tvl=observed;lp_amount=none,False
2022-05-12T16:00:00+00:00,0.0004255062123668299,0.000451649021322757,0.00038665832888625624,0.00038755854127436716,0.0004257979956981545,WETH,pool_swap_ratio,18,283,1303538.1985,,14762243,95661.64030000001,,18,9,0.0,0.0,0.0,0.0,,0,0,,,,53506.4136,42155.2267,11351.1869,18,-0.09817922531652348,0.00874611782050476,0.0,0.0,0.00878447685830307,0.0,0.07403080161094541,-0.08980656276009125,2,2,price=observed;tvl=observed;lp_amount=none,False
2022-05-12T17:00:00+00:00,0.00038902260044411125,0.00042050392511907734,0.0002718692978458733,0.0003915122643133118,0.0003444133933274619,WETH,pool_swap_ratio,35,223,1304618.1904,,14762516,216268.72730000003,,35,17,0.0,0.0,0.0,0.0,,0,0,,,,108674.3596,107594.36770000002,1079.991899999979,34,0.010149929771711107,0.0008281650336023415,0.0,0.0,0.0008285080569504916,0.0,0.1659090063865129,0.13675098558396992,2,2,price=observed;tvl=observed;lp_amount=none,False
2022-05-12T18:00:00+00:00,0.0003769038045298772,0.000397864572818145,0.0003204717968318852,0.00034720335455968237,0.0003507714898440192,WETH,pool_swap_ratio,23,64,1311460.6927999998,,14762772,136308.76619999998,,23,9,0.0,0.0,0.0,0.0,,0,0,,,,71575.6343,64733.131900000015,6842.50239999999,23,-0.12010619692121982,0.005231125137321191,0.0,0.0,0.005244831361658432,0.0,0.10448173051933861,-0.01017224999079458,2,2,price=observed;tvl=observed;lp_amount=none,False
2022-05-12T19:00:00+00:00,0.00035077529303406576,0.00035077529303406576,0.000263621857461534,0.0003063087733671772,0.0003052520113621529,WETH,pool_swap_ratio,24,222,1327360.7607,,14763018,148272.83270000003,,24,12,0.0,0.0,0.0,0.0,,0,0,,,,82086.4503,66186.3824,15900.067899999995,24,-0.12531698800809152,0.01205103157359992,0.0,0.0,0.01212393782542805,0.0,0.11305930365586024,0.0034619329789460362,2,2,price=observed;tvl=observed;lp_amount=none,False
2022-05-12T20:00:00+00:00,0.00030050818029875276,0.0005985792708363044,0.00026256713917776,0.0005532118276474558,0.000473125606376061,WETH,pool_swap_ratio,193,354,1256390.6978,,14763269,1161122.1211999997,,193,31,0.0,0.0,0.0,0.0,,0,0,,,,545076.0292,616046.0921000004,-70970.06290000037,178,0.5911473234987732,-0.05494949546853669,0.0,0.0,-0.05346704905045817,0.0,0.8747600167023679,0.16927052814752708,2,2,price=observed;tvl=observed;lp_amount=none,False
2022-05-12T21:00:00+00:00,0.0005586220560223039,0.0006207762361408378,0.0004294932506017475,0.000497118179603467,0.0005135344855999734,WETH,pool_swap_ratio,49,174,1224654.3983,,14763571,233575.815,,49,24,0.0,50220.1224,-50220.1224,50220.1224,0.0,0,1,,,1.0,126122.48499999999,157858.7845,-31736.299500000023,47,-0.10691319622793378,-0.025584404447130112,-0.039971740070933216,0.039971740070933216,-0.025259896905932045,0.039971740070933216,0.18591017540085453,-0.031967290331683995,2,2,price=observed;tvl=observed;lp_amount=quantified,False
2022-05-12T22:00:00+00:00,0.00048504764095546964,0.0004974230840328693,0.0004715962978344846,0.000494591343372619,0.0004866089977242716,WETH,pool_swap_ratio,15,856,1223125.1085,,14763782,48676.93580000001,,15,6,0.0,0.0,0.0,0.0,,0,0,,,,23573.823,25103.1128,-1529.2897999999986,14,-0.005095931097736039,-0.0012495324801346755,0.0,0.0,-0.0012487521394794134,0.0,0.039747487836217905,0.01640402394053231,2,2,price=observed;tvl=observed;lp_amount=none,False
2022-05-12T23:00:00+00:00,0.0004798732953648778,0.0004977312035549313,0.0004746425205648119,0.0004886996956301868,0.0004850219506687748,WETH,pool_swap_ratio,8,379,1227397.1706,,14764063,28276.267300000007,,8,4,0.0,0.0,0.0,0.0,,0,0,,,,16274.1647,12002.102599999998,4272.062100000001,7,-0.011983671194105809,0.0034866578968185736,0.0,0.0,0.00349274335904944,0.0,0.023118049906339574,0.007582636118511621,2,2,price=observed;tvl=observed;lp_amount=none,False
2022-05-13T00:00:00+00:00,0.0004856599506775336,0.0004856599506775336,0.0004856599506775336,0.0004856599506775336,0.0004856599506775336,WETH,pool_swap_ratio,1,1430,1228124.7788,,14764270,727.6082,,1,1,0.0,0.0,0.0,0.0,,0,0,,,,727.6082,0.0,727.6082,1,-0.006239492421357238,0.0005926301912903652,0.0,0.0,0.0005928058312569814,0.0,0.0005928058312569814,0.0,2,2,price=observed;tvl=observed;lp_amount=none,False
2022-05-13T01:00:00+00:00,,,,0.0004856599506775336,,WETH,pool_swap_ratio,0,5030,1228124.7788,,14764270,0.0,,0,0,0.0,0.0,0.0,0.0,,0,0,,,,0.0,0.0,0.0,0,0.0,0.0,0.0,0.0,0.0,0.0,0.0,,2,2,price=carried;tvl=carried;lp_amount=none,True
2022-05-13T02:00:00+00:00,0.0004897071561311494,0.0004897071561311494,0.0004726898072427919,0.0004726898072427919,0.0004828760862455757,WETH,pool_swap_ratio,3,144,1230320.1795,,14764865,4421.9865,,3,3,0.0,0.0,0.0,0.0,,0,0,,,,3308.6936,1113.2929,2195.4007,3,-0.027069314318394343,0.001786008083009349,0.0,0.0,0.0017876039453785183,0.0,0.003600600343167671,-0.02109501649167067,2,2,price=observed;tvl=observed;lp_amount=none,False
2022-05-13T03:00:00+00:00,0.00047561385312311214,0.0005026864184728608,0.00047425108401438786,0.0004894121036616906,0.0004915910535755109,WETH,pool_swap_ratio,9,38,1227266.2315999998,,14765134,23319.0559,,9,5,0.0,0.0,0.0,0.0,,0,0,,,,10132.554,13186.5019,-3053.947899999999,8,0.034765507615859385,-0.002485324184886891,0.0,0.0,-0.002482238323719211,0.0,0.018953648236085033,-0.004432444199242491,2,2,price=observed;tvl=observed;lp_amount=none,False
2022-05-13T04:00:00+00:00,0.0004920127417918194,0.0005003581477961263,0.0004697788927881393,0.0004697788927881393,0.00048471125359808624,WETH,pool_swap_ratio,23,597,1231694.497,,14765345,42847.2339,,23,9,0.0,0.0,0.0,0.0,,0,0,,,,23637.7502,19209.4848,4428.2654,22,-0.04094273920099358,0.003601741284965224,0.0,0.0,0.0036082353494129994,0.0,0.034912745740701766,-0.03080671368593524,2,2,price=observed;tvl=observed;lp_amount=none,False
2022-05-13T05:00:00+00:00,0.0004621725924664655,0.0004631594492556437,0.00045319277648119336,0.0004587118725733886,0.0004591003196767489,WETH,pool_swap_ratio,10,756,1235667.6889,,14765580,22222.7409,,10,4,0.0,0.0,0.0,0.0,,0,0,,,,13097.966400000001,9124.7745,3973.1919000000016,9,-0.02383985877760135,0.003220601626269425,0.0,0.0,0.0032257933356667433,0.0,0.01804241307737206,-0.0008461050596387798,2,2,price=observed;tvl=observed;lp_amount=none,False
2022-05-13T06:00:00+00:00,0.0004664244586642751,0.0004723100036263793,0.0004618572883917966,0.0004618572883917966,0.0004654623861640567,WETH,pool_swap_ratio,4,355,1234604.416,,14765884,4263.2729,,4,4,0.0,0.0,0.0,0.0,,0,0,,,,1600.0,2663.2729,-1063.2729,4,0.006833659419401979,-0.000860854934607702,0.0,0.0,-0.0008604845053013671,0.0,0.0034501775342164974,-0.00774519677512564,2,2,price=observed;tvl=observed;lp_amount=none,False
2022-05-13T07:00:00+00:00,0.0004455045826646864,0.00046737283499047045,0.0004442772463117498,0.0004557356719803033,0.0004535151204918355,WETH,pool_swap_ratio,14,1899,1235808.8103,,14766049,43577.525100000006,,14,10,0.0,0.0,0.0,0.0,,0,0,,,,22390.9597,21186.5654,1204.3943,13,-0.013342969044754826,0.0009750550090967436,0.0,0.0,0.0009755305297725421,0.0,0.03529675136039689,0.0048963119158178525,2,2,price=observed;tvl=observed;lp_amount=none,False
2022-05-13T08:00:00+00:00,0.0005010156256065312,0.0005271292609278493,0.0004656811045215497,0.0004656811045215497,0.0004976685602838675,WETH,pool_swap_ratio,17,1280,1233645.0068,,14766367,69531.5301,,17,7,0.0,0.0,0.0,0.0,,0,0,,,,33683.8633,35847.6668,-2163.803500000002,16,0.02158810007449676,-0.0017524555744172572,0.0,0.0,-0.0017509209207488378,0.0,0.05626398640346382,-0.06427461631104914,2,2,price=observed;tvl=observed;lp_amount=none,False
2022-05-13T09:00:00+00:00,0.00047177628691977996,0.00047177628691977996,0.0004657960923673345,0.0004662566164470495,0.00046766214829484926,WETH,pool_swap_ratio,4,1485,1233491.1513999999,,14766599,9259.725,,4,3,0.0,0.0,0.0,0.0,,0,1,,,1.0,5131.6667,5285.5221,-153.85540000000037,5,0.0012350868211681047,-0.0001247238825375205,0.0,0.0,-0.00012471610483723506,0.0,0.00750598831021832,-0.0030054428243219133,2,2,price=observed;tvl=observed;lp_amount=quantified,False
2022-05-13T10:00:00+00:00,0.0004710608227772683,0.0004710608227772683,0.00042852424897734797,0.00044163602978788556,0.00044796531139388527,WETH,pool_swap_ratio,19,129,1242871.6815000002,,14766943,48546.8393,,19,6,0.0,0.0,0.0,0.0,,0,0,,,,28963.684699999998,19583.1546,9380.530099999996,17,-0.05425008080023926,0.007576090905022303,0.0,0.0,0.007604862093540915,0.0,0.039357265955981796,-0.014128954731574161,2,2,price=observed;tvl=observed;lp_amount=none,False
2022-05-13T11:00:00+00:00,0.0004338868542788329,0.0004588816262318373,0.00041569102096432564,0.00042631967289748554,0.00043074334241835206,WETH,pool_swap_ratio,34,246,1246897.4649,,14767214,86795.02230000003,,34,17,0.0,0.0,0.0,0.0,,0,0,,,,45410.4035,41384.6201,4025.7834000000003,31,-0.03529661010994236,0.003233863600766332,0.0,0.0,0.003239098178776873,0.0,0.06983425850949361,-0.010269850013305826,2,2,price=observed;tvl=observed;lp_amount=none,False
2022-05-13T12:00:00+00:00,0.00042689509083025504,0.00042689509083025504,0.0004230536733168581,0.0004230536733168581,0.00042476627325445214,WETH,pool_swap_ratio,2,1117,1247466.7678,,14767435,5254.2947,,2,2,0.0,0.0,0.0,0.0,,0,0,,,,2911.7988,2342.4959,569.3029000000001,2,-0.007690412447642461,0.00045647135444139297,0.0,0.0,0.00045657555334404157,0.0,0.004213894765133226,-0.004031864216696213,2,2,price=observed;tvl=observed;lp_amount=none,False
2022-05-13T13:00:00+00:00,0.0004199886865508026,0.0004238707953727548,0.00041823538438717106,0.00041823538438717106,0.0004200222743993777,WETH,pool_swap_ratio,4,884,1248358.6551,,14767718,4240.1127,,4,4,0.0,0.0,0.0,0.0,,0,0,,,,2566.0,1674.1127000000001,891.8872999999999,4,-0.011454663695312917,0.000714703303990215,0.0,0.0,0.0007149587652526481,0.0,0.0033989784813889287,-0.00425427440666537,2,2,price=observed;tvl=observed;lp_amount=none,False
2022-05-13T14:00:00+00:00,0.0004172475016809113,0.0004499069872651034,0.00041198281217277155,0.00041325958247723167,0.0004275732667214384,WETH,pool_swap_ratio,14,687,1247469.7678,,14768023,38660.0937,,14,7,0.0,0.0,0.0,0.0,,0,0,,,,18885.6032,19774.4905,-888.8872999999985,14,-0.011968470055383111,-0.000712298433199194,0.0,0.0,-0.0007120448088925166,0.0,0.03096873926580268,-0.03347656497320728,2,2,price=observed;tvl=observed;lp_amount=none,False
2022-05-13T15:00:00+00:00,0.000422311026254132,0.0004374306734055416,0.00039864585697327,0.00040853271001366453,0.00042230825791047394,WETH,pool_swap_ratio,17,60,1249639.3664000002,,14768311,48787.575000000004,,17,11,0.0,0.0,0.0,0.0,,0,0,,,,25478.5868,23308.9882,2169.598600000001,17,-0.011503939952757843,0.0017376886866673701,0.0,0.0,0.0017391993425429778,0.0,0.039109224334983525,-0.03261965078535056,2,2,price=observed;tvl=observed;lp_amount=none,False
2022-05-13T16:00:00+00:00,0.0004111810875140253,0.00044496615243086647,0.0003892243488174435,0.0004214908752882757,0.0004286612106136455,WETH,pool_swap_ratio,30,262,1250239.4867,,14768558,97232.55490000002,,30,13,0.0,0.0,0.0,0.0,,0,0,,,,48916.3376,48316.217300000004,600.120299999995,30,0.031226144451229166,0.00048011951521865706,0.0,0.0,0.00048023479104122673,0.0,0.07780849220532367,-0.01672727820440112,2,2,price=observed;tvl=observed;lp_amount=none,False
2022-05-13T17:00:00+00:00,0.0004190672488321017,0.00042453388312721735,0.0003823205414197037,0.0003823205414197037,0.00040498642863435476,WETH,pool_swap_ratio,60,2,1256991.9412,,14768841,29854.585699999992,,60,10,0.0,0.0,0.0,0.0,,0,0,,,,18303.520099999998,11551.0656,6752.454499999998,59,-0.09753875860677072,0.005386396126617526,0.0,0.0,0.005400928839500233,0.0,0.02387909357974367,-0.055967029046089745,2,2,price=observed;tvl=observed;lp_amount=none,False
2022-05-13T18:00:00+00:00,0.00038880322737782985,0.0004244822236800423,0.0003813028697416712,0.00038349859550542,0.0004005050150250497,WETH,pool_swap_ratio,73,16,1255991.4413,,14769115,70079.7427,,73,13,0.0,0.0,0.0,0.0,,0,0,,,,34539.6214,35540.1213,-1000.4998999999953,72,0.0030765880823378595,-0.0007962646787321562,0.0,0.0,-0.0007959477441397579,0.0,0.05575194271579631,-0.042462438375624356,2,2,price=observed;tvl=observed;lp_amount=none,False
2022-05-13T19:00:00+00:00,0.00038346390110791676,0.00039243581689703613,0.00037822258347385484,0.0003814221825075762,0.00038529300908869045,WETH,pool_swap_ratio,27,234,1255884.3588,,14769370,9989.3675,,27,8,0.0,1431.574,-1431.574,1431.574,0.0,0,1,,,1.0,5656.9295,5764.012000000001,-107.08250000000044,28,-0.005429106275445374,-8.526098309529307e-05,-0.0011397959834171046,0.0011397959834171046,-8.525734848094656e-05,0.0011397959834171046,0.00795337226952806,-0.010046449039575633,2,2,price=observed;tvl=observed;lp_amount=quantified,False
2022-05-13T20:00:00+00:00,0.00038087511704748415,0.0003906238932246097,0.0003762037827018286,0.0003829764650955485,0.0003841048277068582,WETH,pool_swap_ratio,26,126,1255456.0272000001,,14769641,10491.344799999997,,26,8,0.0,0.0,0.0,0.0,,0,0,,,,5031.506600000001,5459.8382,-428.3315999999995,26,0.00406668623733883,-0.0003411179197700012,0.0,0.0,-0.0003410597456674046,0.0,0.008353750666999706,-0.002937642356765302,2,2,price=observed;tvl=observed;lp_amount=none,False
2022-05-13T21:00:00+00:00,0.00038253977978679974,0.00038894164234031165,0.00038173274123823737,0.0003835075128635779,0.00038787745377507195,WETH,pool_swap_ratio,7,761,1255362.1719,,14769874,5048.3043,,7,4,0.0,0.0,0.0,0.0,,0,0,,,,2477.2245,2571.0798,-93.85530000000017,7,0.0013856724165714283,-7.47607294526342e-05,0.0,0.0,-7.475793493884638e-05,0.0,0.0040210920897477045,-0.01126629266270307,2,2,price=observed;tvl=observed;lp_amount=none,False
2022-05-13T22:00:00+00:00,0.00038308189636499456,0.0003893421981237808,0.00037725730096596367,0.0003825492707489563,0.00038255020018126073,WETH,pool_swap_ratio,15,32,1253303.4776,,14770200,16141.0026,,15,5,0.0,2238.0031,-2238.0031,2238.0031,0.0,0,1,,,1.0,8160.155699999999,10218.85,-2058.694300000001,16,-0.002501753485916524,-0.001641266752741811,-0.001782754929290856,0.001782754929290856,-0.0016399206110250654,0.001782754929290856,0.01285764615287911,-2.429569515349783e-06,2,2,price=observed;tvl=observed;lp_amount=quantified,False
2022-05-13T23:00:00+00:00,0.00038237652863018913,0.00039976425692625023,0.00038217143602524027,0.0003928780817336167,0.0003958145646873844,WETH,pool_swap_ratio,14,315,1251459.0010000002,,14770426,13471.107199999999,,14,6,0.0,0.0,0.0,0.0,,0,0,,,,5813.3153,7657.791900000001,-1844.4766000000009,14,0.02664188175670602,-0.0014727759211968267,0.0,0.0,-0.0014716919189692679,0.0,0.010748479870012288,-0.00741883501959284,2,2,price=observed;tvl=observed;lp_amount=none,False
2022-05-14T00:00:00+00:00,0.0003898063697728953,0.00041883781517725895,0.000384633366478131,0.00040424269706319246,0.0004058629751283509,WETH,pool_swap_ratio,17,10,1248211.3365,,14770694,28283.055500000002,,17,9,0.0,0.0,0.0,0.0,,0,0,,,,12517.695499999998,15765.359999999999,-3247.6645000000008,16,0.028516093753599227,-0.0025984757098979996,0.0,0.0,-0.002595102594175996,0.0,0.022600065585368704,-0.003992180032302839,2,2,price=observed;tvl=observed;lp_amount=none,False
2022-05-14T01:00:00+00:00,0.00040374543030309324,0.00040792989029024893,0.0003920822005497173,0.00039501191188600894,0.00039927074272758583,WETH,pool_swap_ratio,17,81,1246434.2202,,14770941,18532.1405,,17,8,0.0,3442.1669,-3442.1669,3442.1669,0.0,0,2,,,1.0,10327.6464,12104.762700000001,-1777.1163000000015,19,-0.0230995117770022,-0.0014247447665185087,-0.0027576795686312856,0.0027576795686312856,-0.0014237302995365013,0.0027576795686312856,0.014846957368584997,-0.010666523703898312,2,2,price=observed;tvl=observed;lp_amount=quantified,False
2022-05-14T02:00:00+00:00,0.0003936117402033365,0.0003936117402033365,0.0003936117402033365,0.0003936117402033365,0.0003936117402033365,WETH,pool_swap_ratio,1,3505,1246955.2340000002,,14770954,521.0138,,1,1,0.0,0.0,0.0,0.0,,0,0,,,,521.0138,0.0,521.0138,1,-0.0035509286342198213,0.0004179161074942035,0.0,0.0,0.0004180034465969646,0.0,0.0004180034465969646,0.0,2,2,price=observed;tvl=observed;lp_amount=none,False
