bucket_start,price_open,price_high,price_low,price_close,price_vwap,price_unit,price_source,price_trade_count,price_staleness_seconds,tvl_token_close,tvl_usd_close,tvl_snapshot_block,volume_token,volume_usd,swap_count,active_trader_count,liquidity_added_token,liquidity_removed_token,net_lp_flow_token,gross_lp_activity_token,recycling_share,lp_add_event_count,lp_remove_event_count,active_lp_count,lp_identity_coverage,withdrawal_amount_coverage,actual_transfer_in_token,actual_transfer_out_token,actual_transfer_net_token,pool_transfer_event_count,price_return,tvl_change,net_lp_flow_ratio,gross_lp_activity_ratio,actual_transfer_net_ratio,withdrawal_ratio,volume_turnover,close_vwap_gap,measured_pool_count,verified_pool_count,data_coverage,is_imputed
2022-10-09T19:00:00+00:00,0.018237972106086277,0.018237972106086277,0.018198292157739684,0.018198292157739684,0.01821813213191298,WETH,pool_swap_ratio,2,1573,5031.919198452365,,15712654,40.0,,2,1,0.0,0.0,0.0,0.0,,0,0,,,,40.0,0.0,40.0,2,,,,,,,,-0.0010890235085374567,2,3,price=observed;tvl=observed;lp_amount=none,False
2022-10-09T20:00:00+00:00,,,,0.018198292157739684,,WETH,pool_swap_ratio,0,5173,5031.919198452365,,15712654,0.0,,0,0,0.0,0.0,0.0,0.0,,0,0,,,,0.0,0.0,0.0,0,0.0,0.0,0.0,0.0,0.0,0.0,0.0,,2,3,price=carried;tvl=carried;lp_amount=none,True
2022-10-09T21:00:00+00:00,,,,0.018198292157739684,,WETH,pool_swap_ratio,0,8773,5031.919198452365,,15712654,0.0,,0,0,0.0,0.0,0.0,0.0,,0,0,,,,0.0,0.0,0.0,0,0.0,0.0,0.0,0.0,0.0,0.0,0.0,,2,3,price=carried;tvl=carried;lp_amount=none,True
2022-10-09T22:00:00+00:00,,,,0.018198292157739684,,WETH,pool_swap_ratio,0,12373,5031.919198452365,,15712654,0.0,,0,0,0.0,0.0,0.0,0.0,,0,0,,,,0.0,0.0,0.0,0,0.0,0.0,0.0,0.0,0.0,0.0,0.0,,2,3,price=carried;tvl=carried;lp_amount=none,True
2022-10-09T23:00:00+00:00,,,,0.018198292157739684,,WETH,pool_swap_ratio,0,15973,5031.919198452365,,15712654,0.0,,0,0,0.0,0.0,0.0,0.0,,0,0,,,,0.0,0.0,0.0,0,0.0,0.0,0.0,0.0,0.0,0.0,0.0,,2,3,price=carried;tvl=carried;lp_amount=none,True
2022-10-10T00:00:00+00:00,0.018200681213225885,0.01826984866352743,0.018200681213225885,0.01826984866352743,0.01826274576737174,WETH,pool_swap_ratio,3,829,5019.959262639907,,15714207,11.959935812457898,,3,1,0.0,0.0,0.0,0.0,,0,0,,,,0.0,11.959935812457898,-11.959935812457898,3,0.0039243348308695665,-0.0023796430692125336,0.0,0.0,-0.0023768139631765825,0.0,0.0023768139631765825,0.00038892816261948404,2,3,price=observed;tvl=observed;lp_amount=none,False
2022-10-10T01:00:00+00:00,,,,0.01826984866352743,,WETH,pool_swap_ratio,0,4429,5019.959262639907,,15714207,0.0,,0,0,0.0,0.0,0.0,0.0,,0,0,,,,0.0,0.0,0.0,0,0.0,0.0,0.0,0.0,0.0,0.0,0.0,,2,3,price=carried;tvl=carried;lp_amount=none,True
2022-10-10T02:00:00+00:00,,,,0.01826984866352743,,WETH,pool_swap_ratio,0,8029,5019.959262639907,,15714207,0.0,,0,0,0.0,0.0,0.0,0.0,,0,0,,,,0.0,0.0,0.0,0,0.0,0.0,0.0,0.0,0.0,0.0,0.0,,2,3,price=carried;tvl=carried;lp_amount=none,True
2022-10-10T03:00:00+00:00,,,,0.01826984866352743,,WETH,pool_swap_ratio,0,11629,5019.959262639907,,15714207,0.0,,0,0,0.0,0.0,0.0,0.0,,0,0,,,,0.0,0.0,0.0,0,0.0,0.0,0.0,0.0,0.0,0.0,0.0,,2,3,price=carried;tvl=carried;lp_amount=none,True
2022-10-10T04:00:00+00:00,,,,0.01826984866352743,,WETH,pool_swap_ratio,0,15229,5019.959262639907,,15714207,0.0,,0,0,0.0,0.0,0.0,0.0,,0,0,,,,0.0,0.0,0.0,0,0.0,0.0,0.0,0.0,0.0,0.0,0.0,,2,3,price=carried;tvl=carried;lp_amount=none,True
2022-10-10T05:00:00+00:00,,,,0.01826984866352743,,WETH,pool_swap_ratio,0,18829,5019.959262639907,,15714207,0.0,,0,0,0.0,0.0,0.0,0.0,,0,0,,,,0.0,0.0,0.0,0,0.0,0.0,0.0,0.0,0.0,0.0,0.0,,2,3,price=carried;tvl=carried;lp_amount=none,True
2022-10-10T06:00:00+00:00,,,,0.01826984866352743,,WETH,pool_swap_ratio,0,22429,5019.959262639907,,15714207,0.0,,0,0,0.0,0.0,0.0,0.0,,0,0,,,,0.0,0.0,0.0,0,0.0,0.0,0.0,0.0,0.0,0.0,0.0,,2,3,price=carried;tvl=carried;lp_amount=none,True
2022-10-10T07:00:00+00:00,,,,0.01826984866352743,,WETH,pool_swap_ratio,0,26029,5019.959262639907,,15714207,0.0,,0,0,0.0,0.0,0.0,0.0,,0,0,,,,0.0,0.0,0.0,0,0.0,0.0,0.0,0.0,0.0,0.0,0.0,,2,3,price=carried;tvl=carried;lp_amount=none,True
2022-10-10T08:00:00+00:00,,,,0.01826984866352743,,WETH,pool_swap_ratio,0,29629,5019.959262639907,,15714207,0.0,,0,0,0.0,0.0,0.0,0.0,,0,0,,,,0.0,0.0,0.0,0,0.0,0.0,0.0,0.0,0.0,0.0,0.0,,2,3,price=carried;tvl=carried;lp_amount=none,True
2022-10-10T09:00:00+00:00,,,,0.01826984866352743,,WETH,pool_swap_ratio,0,33229,5019.959262639907,,15714207,0.0,,0,0,0.0,0.0,0.0,0.0,,0,0,,,,0.0,0.0,0.0,0,0.0,0.0,0.0,0.0,0.0,0.0,0.0,,2,3,price=carried;tvl=carried;lp_amount=none,True
2022-10-10T10:00:00+00:00,,,,0.01826984866352743,,WETH,pool_swap_ratio,0,36829,5019.959262639907,,15714207,0.0,,0,0,0.0,0.0,0.0,0.0,,0,0,,,,0.0,0.0,0.0,0,0.0,0.0,0.0,0.0,0.0,0.0,0.0,,2,3,price=carried;tvl=carried;lp_amount=none,True
2022-10-10T11:00:00+00:00,,,,0.01826984866352743,,WETH,pool_swap_ratio,0,40429,5019.959262639907,,15714207,0.0,,0,0,0.0,0.0,0.0,0.0,,0,0,,,,0.0,0.0,0.0,0,0.0,0.0,0.0,0.0,0.0,0.0,0.0,,2,3,price=carried;tvl=carried;lp_amount=none,True
2022-10-10T12:00:00+00:00,,,,0.01826984866352743,,WETH,pool_swap_ratio,0,44029,5019.959262639907,,15714207,0.0,,0,0,0.0,0.0,0.0,0.0,,0,0,,,,0.0,0.0,0.0,0,0.0,0.0,0.0,0.0,0.0,0.0,0.0,,2,3,price=carried;tvl=carried;lp_amount=none,True
2022-10-10T13:00:00+00:00,,,,0.01826984866352743,,WETH,pool_swap_ratio,0,47629,5019.959262639907,,15714207,0.0,,0,0,0.0,0.0,0.0,0.0,,0,0,,,,0.0,0.0,0.0,0,0.0,0.0,0.0,0.0,0.0,0.0,0.0,,2,3,price=carried;tvl=carried;lp_amount=none,True
2022-10-10T14:00:00+00:00,,,,0.01826984866352743,,WETH,pool_swap_ratio,0,51229,5019.959262639907,,15714207,0.0,,0,0,0.0,0.0,0.0,0.0,,0,0,,,,0.0,0.0,0.0,0,0.0,0.0,0.0,0.0,0.0,0.0,0.0,,2,3,price=carried;tvl=carried;lp_amount=none,True
2022-10-10T15:00:00+00:00,,,,0.01826984866352743,,WETH,pool_swap_ratio,0,54829,5019.959262639907,,15714207,0.0,,0,0,0.0,0.0,0.0,0.0,,0,0,,,,0.0,0.0,0.0,0,0.0,0.0,0.0,0.0,0.0,0.0,0.0,,2,3,price=carried;tvl=carried;lp_amount=none,True
2022-10-10T16:00:00+00:00,,,,0.01826984866352743,,WETH,pool_swap_ratio,0,58429,5019.959262639907,,15714207,0.0,,0,0,0.0,0.0,0.0,0.0,,0,0,,,,0.0,0.0,0.0,0,0.0,0.0,0.0,0.0,0.0,0.0,0.0,,2,3,price=carried;tvl=carried;lp_amount=none,True
2022-10-10T17:00:00+00:00,,,,0.01826984866352743,,WETH,pool_swap_ratio,0,62029,5019.959262639907,,15714207,0.0,,0,0,0.0,0.0,0.0,0.0,,0,0,,,,0.0,0.0,0.0,0,0.0,0.0,0.0,0.0,0.0,0.0,0.0,,2,3,price=carried;tvl=carried;lp_amount=none,True
2022-10-10T18:00:00+00:00,,,,0.01826984866352743,,WETH,pool_swap_ratio,0,65629,5019.959262639907,,15714207,0.0,,0,0,0.0,0.0,0.0,0.0,,0,0,,,,0.0,0.0,0.0,0,0.0,0.0,0.0,0.0,0.0,0.0,0.0,,2,3,price=carried;tvl=carried;lp_amount=none,True
2022-10-10T19:00:00+00:00,0.018074703692033022,0.019972635985571478,0.017957407239919832,0.018065102899719455,0.018835903888454353,WETH,pool_swap_ratio,8,913,6321.908405821923,,15719869,601.8899792328,,8,5,0.0,0.0,0.0,0.0,,0,0,,,,359.5842873961652,242.3058483220531,117.27843907411213,8,-0.01127002635849919,0.23059930686489793,0.0,0.0,0.02336242844577139,0.0,0.11989937522247476,-0.04092190071151125,3,3,price=observed;tvl=observed;lp_amount=none,False
2022-10-10T20:00:00+00:00,,,,0.018065102899719455,,WETH,pool_swap_ratio,0,4513,6321.908405821923,,15719869,0.0,,0,0,0.0,0.0,0.0,0.0,,0,0,,,,0.0,0.0,0.0,0,0.0,0.0,0.0,0.0,0.0,0.0,0.0,,3,3,price=carried;tvl=carried;lp_amount=none,True
2022-10-10T21:00:00+00:00,0.017503464175760382,0.017815575584800614,0.017503464175760382,0.01778950414550816,0.017672263036604484,WETH,pool_swap_ratio,6,1405,6347.034887421522,,15720426,793.2172537280451,,6,4,0.0,0.0,0.0,0.0,,0,0,,,,409.17186766382184,384.0453860642231,25.12648159959872,6,-0.015373432028700292,0.003966631464573969,0.0,0.0,0.003974508959424251,0.0,0.1254711714895397,0.006634187634081412,3,3,price=observed;tvl=observed;lp_amount=none,False
2022-10-10T22:00:00+00:00,,,,0.01778950414550816,,WETH,pool_swap_ratio,0,5005,6347.034887421522,,15720426,0.0,,0,0,0.0,0.0,0.0,0.0,,0,0,,,,0.0,0.0,0.0,0,0.0,0.0,0.0,0.0,0.0,0.0,0.0,,3,3,price=carried;tvl=carried;lp_amount=none,True
2022-10-10T23:00:00+00:00,,,,0.01778950414550816,,WETH,pool_swap_ratio,0,8605,6347.034887421522,,15720426,0.0,,0,0,0.0,0.0,0.0,0.0,,0,0,,,,0.0,0.0,0.0,0,0.0,0.0,0.0,0.0,0.0,0.0,0.0,,3,3,price=carried;tvl=carried;lp_amount=none,True
2022-10-11T00:00:00+00:00,0.018214694025786408,0.018214694025786408,0.01767595251035208,0.01793834370682351,0.017892670964088603,WETH,pool_swap_ratio,7,217,6321.039733020834,,15721424,416.2708380696244,,7,4,0.0,0.0,0.0,0.0,,0,0,,,,195.13784183446816,221.13299623515624,-25.99515440068808,7,0.008331899697583071,-0.004104047642021863,0.0,0.0,-0.004095637547574375,0.0,0.06558508743895279,0.00255259501650551,3,3,price=observed;tvl=observed;lp_amount=none,False
2022-10-11T01:00:00+00:00,,,,0.01793834370682351,,WETH,pool_swap_ratio,0,3817,6321.039733020834,,15721424,0.0,,0,0,0.0,0.0,0.0,0.0,,0,0,,,,0.0,0.0,0.0,0,0.0,0.0,0.0,0.0,0.0,0.0,0.0,,3,3,price=carried;tvl=carried;lp_amount=none,True
2022-10-11T02:00:00+00:00,,,,0.01793834370682351,,WETH,pool_swap_ratio,0,7417,6321.039733020834,,15721424,0.0,,0,0,0.0,0.0,0.0,0.0,,0,0,,,,0.0,0.0,0.0,0,0.0,0.0,0.0,0.0,0.0,0.0,0.0,,3,3,price=carried;tvl=carried;lp_amount=none,True
2022-10-11T03:00:00+00:00,,,,0.01793834370682351,,WETH,pool_swap_ratio,0,11017,6321.039733020834,,15721424,0.0,,0,0,0.0,0.0,0.0,0.0,,0,0,,,,0.0,0.0,0.0,0,0.0,0.0,0.0,0.0,0.0,0.0,0.0,,3,3,price=carried;tvl=carried;lp_amount=none,True
2022-10-11T04:00:00+00:00,0.018293874124625322,0.018293874124625322,0.018216954537084055,0.018216954537084055,0.01828927543646461,WETH,pool_swap_ratio,2,2209,6310.610267720934,,15722455,10.42946529990054,,2,1,0.0,0.0,0.0,0.0,,0,0,,,,0.0,10.42946529990054,-10.42946529990054,2,0.01541220008008747,-0.0016513230922752394,0.0,0.0,-0.001649960408477971,0.0,0.001649960408477971,-0.003954279087315049,3,3,price=observed;tvl=observed;lp_amount=none,False
2022-10-11T05:00:00+00:00,0.0183713032440081,0.0183713032440081,0.0183713032440081,0.0183713032440081,0.0183713032440081,WETH,pool_swap_ratio,1,2893,6268.34079779352,,15722695,42.269469927413795,,1,1,0.0,0.0,0.0,0.0,,0,0,,,,0.0,42.269469927413795,-42.269469927413795,1,0.008437112444878178,-0.00672069217987774,0.0,0.0,-0.006698158836336972,0.0,0.006698158836336972,0.0,3,3,price=observed;tvl=observed;lp_amount=none,False
2022-10-11T06:00:00+00:00,,,,0.0183713032440081,,WETH,pool_swap_ratio,0,6493,6268.34079779352,,15722695,0.0,,0,0,0.0,0.0,0.0,0.0,,0,0,,,,0.0,0.0,0.0,0,0.0,0.0,0.0,0.0,0.0,0.0,0.0,,3,3,price=carried;tvl=carried;lp_amount=none,True
2022-10-11T07:00:00+00:00,,,,0.0183713032440081,,WETH,pool_swap_ratio,0,10093,6268.34079779352,,15722695,0.0,,0,0,0.0,0.0,0.0,0.0,,0,0,,,,0.0,0.0,0.0,0,0.0,0.0,0.0,0.0,0.0,0.0,0.0,,3,3,price=carried;tvl=carried;lp_amount=none,True
2022-10-11T08:00:00+00:00,,,,0.0183713032440081,,WETH,pool_swap_ratio,0,13693,6268.34079779352,,15722695,0.0,,0,0,0.0,0.0,0.0,0.0,,0,0,,,,0.0,0.0,0.0,0,0.0,0.0,0.0,0.0,0.0,0.0,0.0,,3,3,price=carried;tvl=carried;lp_amount=none,True
2022-10-11T09:00:00+00:00,0.01813902156767254,0.01813902156767254,0.01813902156767254,0.01813902156767254,0.01813902156767254,WETH,pool_swap_ratio,1,769,6273.853774313611,,15724067,5.512976520090837,,1,1,0.0,0.0,0.0,0.0,,0,0,,,,5.512976520090837,0.0,5.512976520090837,1,-0.012724335461863393,0.0008791088104152303,0.0,0.0,0.0008794953398244438,0.0,0.0008794953398244438,0.0,3,3,price=observed;tvl=observed;lp_amount=none,False
2022-10-11T10:00:00+00:00,,,,0.01813902156767254,,WETH,pool_swap_ratio,0,4369,6273.853774313611,,15724067,0.0,,0,0,0.0,0.0,0.0,0.0,,0,0,,,,0.0,0.0,0.0,0,0.0,0.0,0.0,0.0,0.0,0.0,0.0,,3,3,price=carried;tvl=carried;lp_amount=none,True
2022-10-11T11:00:00+00:00,,,,0.01813902156767254,,WETH,pool_swap_ratio,0,7969,6273.853774313611,,15724067,0.0,,0,0,0.0,0.0,0.0,0.0,,0,0,,,,0.0,0.0,0.0,0,0.0,0.0,0.0,0.0,0.0,0.0,0.0,,3,3,price=carried;tvl=carried;lp_amount=none,True
2022-10-11T12:00:00+00:00,0.018223016056907522,0.018223016056907522,0.018223016056907522,0.018223016056907522,0.018223016056907522,WETH,pool_swap_ratio,1,1609,6272.853774313611,,15724890,1.0,,1,1,0.0,0.0,0.0,0.0,,0,0,,,,0.0,1.0,-1.0,1,0.004619908240412536,-0.00015940436935221676,0.0,0.0,-0.00015939166515072383,0.0,0.00015939166515072383,0.0,3,3,price=observed;tvl=observed;lp_amount=none,False
2022-10-11T13:00:00+00:00,,,,0.018223016056907522,,WETH,pool_swap_ratio,0,5209,6272.853774313611,,15724890,0.0,,0,0,0.0,0.0,0.0,0.0,,0,0,,,,0.0,0.0,0.0,0,0.0,0.0,0.0,0.0,0.0,0.0,0.0,,3,3,price=carried;tvl=carried;lp_amount=none,True
2022-10-11T14:00:00+00:00,,,,0.018223016056907522,,WETH,pool_swap_ratio,0,8809,6272.853774313611,,15724890,0.0,,0,0,0.0,0.0,0.0,0.0,,0,0,,,,0.0,0.0,0.0,0,0.0,0.0,0.0,0.0,0.0,0.0,0.0,,3,3,price=carried;tvl=carried;lp_amount=none,True
2022-10-11T15:00:00+00:00,,,,0.018223016056907522,,WETH,pool_swap_ratio,0,12409,6272.853774313611,,15724890,0.0,,0,0,0.0,0.0,0.0,0.0,,0,0,,,,0.0,0.0,0.0,0,0.0,0.0,0.0,0.0,0.0,0.0,0.0,,3,3,price=carried;tvl=carried;lp_amount=none,True
2022-10-11T16:00:00+00:00,,,,0.018223016056907522,,WETH,pool_swap_ratio,0,16009,6272.853774313611,,15724890,0.0,,0,0,0.0,0.0,0.0,0.0,,0,0,,,,0.0,0.0,0.0,0,0.0,0.0,0.0,0.0,0.0,0.0,0.0,,3,3,price=carried;tvl=carried;lp_amount=none,True
2022-10-11T17:00:00+00:00,,,,0.018223016056907522,,WETH,pool_swap_ratio,0,19609,6272.853774313611,,15724890,0.0,,0,0,0.0,0.0,0.0,0.0,,0,0,,,,0.0,0.0,0.0,0,0.0,0.0,0.0,0.0,0.0,0.0,0.0,,3,3,price=carried;tvl=carried;lp_amount=none,True
2022-10-11T18:00:00+00:00,,,,0.018223016056907522,,WETH,pool_swap_ratio,0,23209,6272.853774313611,,15724890,0.0,,0,0,0.0,0.0,0.0,0.0,,0,0,,,,0.0,0.0,0.0,0,0.0,0.0,0.0,0.0,0.0,0.0,0.0,,3,3,price=carried;tvl=carried;lp_amount=none,True
2022-10-11T19:00:00+00:00,0.018108250106324438,0.018108250106324438,0.017342841489924626,0.01796536097944295,0.017746085081545127,WETH,pool_swap_ratio,7,2473,6407.004528095733,,15726907,527.1344076008381,,7,3,0.0,0.0,0.0,0.0,,0,0,,,,330.64258069148076,196.4918269093573,134.15075378212347,7,-0.014239899789903254,0.021160450883493578,0.0,0.0,0.021385920764078793,0.0,0.08403422534084469,0.012356297002422023,3,3,price=observed;tvl=observed;lp_amount=none,False
2022-10-11T20:00:00+00:00,0.017971841224077998,0.018480904007843493,0.017971841224077998,0.018480904007843493,0.018334587696634295,WETH,pool_swap_ratio,3,3097,6386.903799025541,,15727155,43.8079530783639,,3,2,0.0,0.0,0.0,0.0,,0,0,,,,11.853612004085665,31.954341074278236,-20.10072907019257,3,0.028292469342660855,-0.003142236929515381,0.0,0.0,-0.003137305269888242,0.0,0.006837509305051849,0.007980343688669844,3,3,price=observed;tvl=observed;lp_amount=none,False
2022-10-11T21:00:00+00:00,,,,0.018480904007843493,,WETH,pool_swap_ratio,0,6697,6386.903799025541,,15727155,0.0,,0,0,0.0,0.0,0.0,0.0,,0,0,,,,0.0,0.0,0.0,0,0.0,0.0,0.0,0.0,0.0,0.0,0.0,,3,3,price=carried;tvl=carried;lp_amount=none,True
2022-10-11T22:00:00+00:00,,,,0.018480904007843493,,WETH,pool_swap_ratio,0,10297,6386.903799025541,,15727155,0.0,,0,0,0.0,0.0,0.0,0.0,,0,0,,,,0.0,0.0,0.0,0,0.0,0.0,0.0,0.0,0.0,0.0,0.0,,3,3,price=carried;tvl=carried;lp_amount=none,True
2022-10-11T23:00:00+00:00,,,,0.018480904007843493,,WETH,pool_swap_ratio,0,13897,6386.903799025541,,15727155,0.0,,0,0,0.0,0.0,0.0,0.0,,0,0,,,,0.0,0.0,0.0,0,0.0,0.0,0.0,0.0,0.0,0.0,0.0,,3,3,price=carried;tvl=carried;lp_amount=none,True
2022-10-12T00:00:00+00:00,,,,0.018480904007843493,,WETH,pool_swap_ratio,0,17497,6386.903799025541,,15727155,0.0,,0,0,0.0,0.0,0.0,0.0,,0,0,,,,0.0,0.0,0.0,0,0.0,0.0,0.0,0.0,0.0,0.0,0.0,,3,3,price=carried;tvl=carried;lp_amount=none,True
2022-10-12T01:00:00+00:00,,,,0.018480904007843493,,WETH,pool_swap_ratio,0,21097,6386.903799025541,,15727155,0.0,,0,0,0.0,0.0,0.0,0.0,,0,0,,,,0.0,0.0,0.0,0,0.0,0.0,0.0,0.0,0.0,0.0,0.0,,3,3,price=carried;tvl=carried;lp_amount=none,True
2022-10-12T02:00:00+00:00,0.017948490127896146,0.017948490127896146,0.017948490127896146,0.017948490127896146,0.017948490127896146,WETH,pool_swap_ratio,1,517,6395.201440242447,,15729160,8.297641216906081,,1,1,0.0,0.0,0.0,0.0,,0,0,,,,8.297641216906081,0.0,8.297641216906081,1,-0.029231987231587004,0.0012983217126055406,0.0,0.0,0.0012991648971089973,0.0,0.0012991648971089973,0.0,3,3,price=observed;tvl=observed;lp_amount=none,False
2022-10-12T03:00:00+00:00,,,,0.017948490127896146,,WETH,pool_swap_ratio,0,4117,6395.201440242447,,15729160,0.0,,0,0,0.0,0.0,0.0,0.0,,0,0,,,,0.0,0.0,0.0,0,0.0,0.0,0.0,0.0,0.0,0.0,0.0,,3,3,price=carried;tvl=carried;lp_amount=none,True
2022-10-12T04:00:00+00:00,,,,0.017948490127896146,,WETH,pool_swap_ratio,0,7717,6395.201440242447,,15729160,0.0,,0,0,0.0,0.0,0.0,0.0,,0,0,,,,0.0,0.0,0.0,0,0.0,0.0,0.0,0.0,0.0,0.0,0.0,,3,3,price=carried;tvl=carried;lp_amount=none,True
2022-10-12T05:00:00+00:00,,,,0.017948490127896146,,WETH,pool_swap_ratio,0,11317,6395.201440242447,,15729160,0.0,,0,0,0.0,0.0,0.0,0.0,,0,0,,,,0.0,0.0,0.0,0,0.0,0.0,0.0,0.0,0.0,0.0,0.0,,3,3,price=carried;tvl=carried;lp_amount=none,True
2022-10-12T06:00:00+00:00,,,,0.017948490127896146,,WETH,pool_swap_ratio,0,14917,6395.201440242447,,15729160,0.0,,0,0,0.0,0.0,0.0,0.0,,0,0,,,,0.0,0.0,0.0,0,0.0,0.0,0.0,0.0,0.0,0.0,0.0,,3,3,price=carried;tvl=carried;lp_amount=none,True
2022-10-12T07:00:00+00:00,0.01822199869299908,0.01822199869299908,0.01822199869299908,0.01822199869299908,0.01822199869299908,WETH,pool_swap_ratio,1,1513,6400.020222742446,,15730572,4.8187825,,1,1,0.0,0.0,0.0,0.0,,0,0,,,,4.8187825,0.0,4.8187825,1,0.015123587606283878,0.0007532159824571864,0.0,0.0,0.0007534997208496558,0.0,0.0007534997208496558,0.0,3,3,price=observed;tvl=observed;lp_amount=none,False
2022-10-12T08:00:00+00:00,,,,0.01822199869299908,,WETH,pool_swap_ratio,0,5113,6400.020222742446,,15730572,0.0,,0,0,0.0,0.0,0.0,0.0,,0,0,,,,0.0,0.0,0.0,0,0.0,0.0,0.0,0.0,0.0,0.0,0.0,,3,3,price=carried;tvl=carried;lp_amount=none,True
2022-10-12T09:00:00+00:00,0.017660018912336827,0.017792424483943685,0.017512359183472433,0.017715798454874948,0.017639266401288822,WETH,pool_swap_ratio,6,1141,6469.698233649142,,15731199,450.34134053405757,,6,4,0.0,0.0,0.0,0.0,,0,0,,,,260.0096757203761,190.3316648136815,69.6780109066946,6,-0.028172774015325298,0.010828316403011438,0.0,0.0,0.010887154802901101,0.0,0.07036561211693854,0.004338732226445208,3,3,price=observed;tvl=observed;lp_amount=none,False
2022-10-12T10:00:00+00:00,0.017386848746226886,0.017886970945162825,0.01723138170454001,0.017886970945162825,0.0174229907044567,WETH,pool_swap_ratio,7,2761,6484.914831885595,,15731363,760.8416796659553,,7,5,0.0,0.0,0.0,0.0,,0,0,,,,388.02913895120383,372.81254071475144,15.216598236452398,7,0.009615758105025211,0.002349218021043201,0.0,0.0,0.002351979595788611,0.0,0.11760079870631204,0.026630344271918904,3,3,price=observed;tvl=observed;lp_amount=none,False
2022-10-12T11:00:00+00:00,,,,0.017886970945162825,,WETH,pool_swap_ratio,0,6361,6484.914831885595,,15731363,0.0,,0,0,0.0,0.0,0.0,0.0,,0,0,,,,0.0,0.0,0.0,0,0.0,0.0,0.0,0.0,0.0,0.0,0.0,,3,3,price=carried;tvl=carried;lp_amount=none,True
2022-10-12T12:00:00+00:00,0.017878888165194354,0.01799452827890685,0.017878888165194354,0.01799452827890685,0.017908751982547953,WETH,pool_swap_ratio,2,1609,6452.828639974933,,15732056,32.086191910661405,,2,2,0.0,0.0,0.0,0.0,,0,0,,,,0.0,32.086191910661405,-32.086191910661405,2,0.005995159523505418,-0.004960101081626055,0.0,0.0,-0.0049478200936267066,0.0,0.0049478200936267066,0.0047896300335437125,3,3,price=observed;tvl=observed;lp_amount=none,False
2022-10-12T13:00:00+00:00,0.01810454953333401,0.01810454953333401,0.018103096397831128,0.018103096397831128,0.018104258887570824,WETH,pool_swap_ratio,2,1945,6368.556548035026,,15732327,84.27209193990731,,2,1,0.0,0.0,0.0,0.0,,0,0,,,,0.0,84.27209193990731,-84.27209193990731,2,0.006015268165727551,-0.013145741164871683,0.0,0.0,-0.013059713288812003,0.0,0.013059713288812003,-6.42108438083655e-05,3,3,price=observed;tvl=observed;lp_amount=none,False
2022-10-12T14:00:00+00:00,,,,0.018103096397831128,,WETH,pool_swap_ratio,0,5545,6368.556548035026,,15732327,0.0,,0,0,0.0,0.0,0.0,0.0,,0,0,,,,0.0,0.0,0.0,0,0.0,0.0,0.0,0.0,0.0,0.0,0.0,,3,3,price=carried;tvl=carried;lp_amount=none,True
2022-10-12T15:00:00+00:00,,,,0.018103096397831128,,WETH,pool_swap_ratio,0,9145,6368.556548035026,,15732327,0.0,,0,0,0.0,0.0,0.0,0.0,,0,0,,,,0.0,0.0,0.0,0,0.0,0.0,0.0,0.0,0.0,0.0,0.0,,3,3,price=carried;tvl=carried;lp_amount=none,True
2022-10-12T16:00:00+00:00,,,,0.018103096397831128,,WETH,pool_swap_ratio,0,12745,6368.556548035026,,15732327,0.0,,0,0,0.0,0.0,0.0,0.0,,0,0,,,,0.0,0.0,0.0,0,0.0,0.0,0.0,0.0,0.0,0.0,0.0,,3,3,price=carried;tvl=carried;lp_amount=none,True
2022-10-12T17:00:00+00:00,,,,0.018103096397831128,,WETH,pool_swap_ratio,0,16345,6368.556548035026,,15732327,0.0,,0,0,0.0,0.0,0.0,0.0,,0,0,,,,0.0,0.0,0.0,0,0.0,0.0,0.0,0.0,0.0,0.0,0.0,,3,3,price=carried;tvl=carried;lp_amount=none,True
2022-10-12T18:00:00+00:00,,,,0.018103096397831128,,WETH,pool_swap_ratio,0,19945,6368.556548035026,,15732327,0.0,,0,0,0.0,0.0,0.0,0.0,,0,0,,,,0.0,0.0,0.0,0,0.0,0.0,0.0,0.0,0.0,0.0,0.0,,3,3,price=carried;tvl=carried;lp_amount=none,True
2022-10-12T19:00:00+00:00,,,,0.018103096397831128,,WETH,pool_swap_ratio,0,23545,6368.556548035026,,15732327,0.0,,0,0,0.0,0.0,0.0,0.0,,0,0,,,,0.0,0.0,0.0,0,0.0,0.0,0.0,0.0,0.0,0.0,0.0,,3,3,price=carried;tvl=carried;lp_amount=none,True
2022-10-12T20:00:00+00:00,0.017782295845880338,0.01785989263623092,0.017634139062048214,0.01785989263623092,0.01778871256402323,WETH,pool_swap_ratio,5,3181,6406.81020935265,,15734308,245.25997817898164,,5,4,0.0,111.43562689966619,-111.43562689966619,111.43562689966619,0.0,1,1,,,1.0,198.03743939459895,159.7837780769748,38.253661317624136,6,-0.013525431323020686,0.0059886774872744035,-0.017497784004767748,0.017497784004767748,0.006006645466534648,0.017497784004767748,0.03851107803300497,0.004001417862675938,3,3,price=observed;tvl=observed;lp_amount=quantified,False
2022-10-12T21:00:00+00:00,,,,0.01785989263623092,,WETH,pool_swap_ratio,0,6781,6406.81020935265,,15734308,0.0,,0,0,0.0,0.0,0.0,0.0,,0,0,,,,0.0,0.0,0.0,0,0.0,0.0,0.0,0.0,0.0,0.0,0.0,,3,3,price=carried;tvl=carried;lp_amount=none,True
2022-10-12T22:00:00+00:00,,,,0.01785989263623092,,WETH,pool_swap_ratio,0,10381,6406.81020935265,,15734308,0.0,,0,0,0.0,0.0,0.0,0.0,,0,0,,,,0.0,0.0,0.0,0,0.0,0.0,0.0,0.0,0.0,0.0,0.0,,3,3,price=carried;tvl=carried;lp_amount=none,True
2022-10-12T23:00:00+00:00,,,,0.01785989263623092,,WETH,pool_swap_ratio,0,13981,6406.81020935265,,15734308,0.0,,0,0,0.0,0.0,0.0,0.0,,0,0,,,,0.0,0.0,0.0,0,0.0,0.0,0.0,0.0,0.0,0.0,0.0,,3,3,price=carried;tvl=carried;lp_amount=none,True
2022-10-13T00:00:00+00:00,,,,0.01785989263623092,,WETH,pool_swap_ratio,0,17581,6406.81020935265,,15734308,0.0,,0,0,0.0,0.0,0.0,0.0,,0,0,,,,0.0,0.0,0.0,0,0.0,0.0,0.0,0.0,0.0,0.0,0.0,,3,3,price=carried;tvl=carried;lp_amount=none,True
2022-10-13T01:00:00+00:00,,,,0.01785989263623092,,WETH,pool_swap_ratio,0,21181,6406.81020935265,,15734308,0.0,,0,0,0.0,0.0,0.0,0.0,,0,0,,,,0.0,0.0,0.0,0,0.0,0.0,0.0,0.0,0.0,0.0,0.0,,3,3,price=carried;tvl=carried;lp_amount=none,True
2022-10-13T02:00:00+00:00,,,,0.01785989263623092,,WETH,pool_swap_ratio,0,24781,6406.81020935265,,15734308,0.0,,0,0,0.0,0.0,0.0,0.0,,0,0,,,,0.0,0.0,0.0,0,0.0,0.0,0.0,0.0,0.0,0.0,0.0,,3,3,price=carried;tvl=carried;lp_amount=none,True
2022-10-13T03:00:00+00:00,,,,0.01785989263623092,,WETH,pool_swap_ratio,0,28381,6406.81020935265,,15734308,0.0,,0,0,0.0,0.0,0.0,0.0,,0,0,,,,0.0,0.0,0.0,0,0.0,0.0,0.0,0.0,0.0,0.0,0.0,,3,3,price=carried;tvl=carried;lp_amount=none,True
2022-10-13T04:00:00+00:00,0.017913776042800644,0.018137159472125818,0.017913776042800644,0.018137159472125818,0.018136693079672105,WETH,pool_swap_ratio,2,2353,6385.346999733487,,15736770,21.553209619163272,,2,1,0.0,0.0,0.0,0.0,,0,0,,,,0.045,21.50820961916327,-21.46320961916327,2,0.015405279216369135,-0.0033556857391778567,0.0,0.0,-0.0033500617183620193,0.0,0.003364109270429134,2.5715407525828127e-05,3,3,price=observed;tvl=observed;lp_amount=none,False
2022-10-13T05:00:00+00:00,,,,0.018137159472125818,,WETH,pool_swap_ratio,0,5953,6385.346999733487,,15736770,0.0,,0,0,0.0,0.0,0.0,0.0,,0,0,,,,0.0,0.0,0.0,0,0.0,0.0,0.0,0.0,0.0,0.0,0.0,,3,3,price=carried;tvl=carried;lp_amount=none,True
2022-10-13T06:00:00+00:00,0.017905646227108215,0.017905646227108215,0.017698515976975835,0.01783329225337392,0.017794172585310596,WETH,pool_swap_ratio,4,517,6472.803275851883,,15737521,115.4937238816042,,4,2,0.0,0.0,0.0,0.0,,0,0,,,,101.475,14.018723881604195,87.4562761183958,4,-0.016895781555338663,0.013603453516595868,0.0,0.0,0.013696401483278211,0.0,0.018087305809132176,0.0021984538969581635,3,3,price=observed;tvl=observed;lp_amount=none,False
2022-10-13T07:00:00+00:00,,,,0.01783329225337392,,WETH,pool_swap_ratio,0,4117,6472.803275851883,,15737521,0.0,,0,0,0.0,0.0,0.0,0.0,,0,0,,,,0.0,0.0,0.0,0,0.0,0.0,0.0,0.0,0.0,0.0,0.0,,3,3,price=carried;tvl=carried;lp_amount=none,True
2022-10-13T08:00:00+00:00,,,,0.01783329225337392,,WETH,pool_swap_ratio,0,7717,6472.803275851883,,15737521,0.0,,0,0,0.0,0.0,0.0,0.0,,0,0,,,,0.0,0.0,0.0,0,0.0,0.0,0.0,0.0,0.0,0.0,0.0,,3,3,price=carried;tvl=carried;lp_amount=none,True
2022-10-13T09:00:00+00:00,,,,0.01783329225337392,,WETH,pool_swap_ratio,0,11317,6472.803275851883,,15737521,0.0,,0,0,0.0,0.0,0.0,0.0,,0,0,,,,0.0,0.0,0.0,0,0.0,0.0,0.0,0.0,0.0,0.0,0.0,,3,3,price=carried;tvl=carried;lp_amount=none,True
2022-10-13T10:00:00+00:00,0.01805440203318132,0.018209260186208425,0.01802591109735382,0.018209260186208425,0.018114735021331905,WETH,pool_swap_ratio,3,1741,6345.798707739837,,15738610,127.0045681120466,,3,2,0.0,0.0,0.0,0.0,,0,0,,,,0.0,127.0045681120466,-127.0045681120466,3,0.02086320444513767,-0.019816314497810506,0.0,0.0,-0.01962126187055045,0.0,0.01962126187055045,0.005218136769056025,3,3,price=observed;tvl=observed;lp_amount=none,False
2022-10-13T11:00:00+00:00,0.01815489031792566,0.01815489031792566,0.01815489031792566,0.01815489031792566,0.01815489031792566,WETH,pool_swap_ratio,1,157,6343.632978324471,,15739042,2.1657294153654183,,1,1,0.0,0.0,0.0,0.0,,0,0,,,,0.0,2.1657294153654183,-2.1657294153654183,1,-0.002990302704350676,-0.0003413438032488334,0.0,0.0,-0.0003412855520809262,0.0,0.0003412855520809262,0.0,3,3,price=observed;tvl=observed;lp_amount=none,False
2022-10-13T12:00:00+00:00,0.018212868967032177,0.018404875589787404,0.018212868967032177,0.018404875589787404,0.01837652474377575,WETH,pool_swap_ratio,2,1681,6251.528696340452,,15739214,92.10428198401834,,2,2,0.0,0.0,0.0,0.0,,0,0,,,,0.0,92.10428198401834,-92.10428198401834,2,0.013675643797526319,-0.014625604050152114,0.0,0.0,-0.014519169425269245,0.0,0.014519169425269245,0.001542775165976673,3,3,price=observed;tvl=observed;lp_amount=none,False
2022-10-13T13:00:00+00:00,0.018420803259816945,0.018506464238840305,0.01829363823708973,0.01829363823708973,0.018389821383562856,WETH,pool_swap_ratio,3,2617,6244.164914641478,,15739435,82.04362495978971,,3,3,0.0,0.0,0.0,0.0,,0,0,,,,37.33992683088929,44.70370852986328,-7.3637816989739875,3,-0.006062245130371078,-0.001178611252909759,0.0,0.0,-0.0011779169634596144,0.0,0.013123770032090995,-0.005230238209877114,3,3,price=observed;tvl=observed;lp_amount=none,False
2022-10-13T14:00:00+00:00,0.018503702189791263,0.018503702189791263,0.018503702189791263,0.018503702189791263,0.018503702189791263,WETH,pool_swap_ratio,1,1021,6199.9575451318615,,15739862,44.20736950961637,,1,1,0.0,0.0,0.0,0.0,,0,0,,,,0.0,44.20736950961637,-44.20736950961637,1,0.01141746834035097,-0.0071049695340452855,0.0,0.0,-0.007079788909155457,0.0,0.007079788909155457,0.0,3,3,price=observed;tvl=observed;lp_amount=none,False
2022-10-13T15:00:00+00:00,0.018424582835835788,0.018424582835835788,0.018424582835835788,0.018424582835835788,0.018424582835835788,WETH,pool_swap_ratio,1,985,6238.705112609015,,15740165,38.747567477152614,,1,1,0.0,0.0,0.0,0.0,,0,0,,,,38.747567477152614,0.0,38.747567477152614,1,-0.004285033814222914,0.006230202374136329,0.0,0.0,0.00624965045245782,0.0,0.00624965045245782,0.0,3,3,price=observed;tvl=observed;lp_amount=none,False
2022-10-13T16:00:00+00:00,0.018325598129408975,0.018325598129408975,0.018325598129408975,0.018325598129408975,0.018325598129408975,WETH,pool_swap_ratio,1,613,6236.668828562863,,15740493,2.0362840461507297,,1,1,0.0,0.0,0.0,0.0,,0,0,,,,0.0,2.0362840461507297,-2.0362840461507297,1,-0.005386909299214452,-0.00032644858163558417,0.0,0.0,-0.0003263953030950616,0.0,0.0003263953030950616,0.0,3,3,price=observed;tvl=observed;lp_amount=none,False
2022-10-13T17:00:00+00:00,0.018224087969013834,0.018224087969013834,0.018224087969013834,0.018224087969013834,0.018224087969013834,WETH,pool_swap_ratio,1,2749,6237.238828562864,,15740615,0.57,,1,1,0.0,0.0,0.0,0.0,,0,0,,,,0.57,0.0,0.57,1,-0.005554653526855597,9.139076800389222e-05,0.0,0.0,9.139494426728234e-05,0.0,9.139494426728234e-05,0.0,3,3,price=observed;tvl=observed;lp_amount=none,False
2022-10-13T18:00:00+00:00,,,,0.018224087969013834,,WETH,pool_swap_ratio,0,6349,6237.238828562864,,15740615,0.0,,0,0,0.0,0.0,0.0,0.0,,0,0,,,,0.0,0.0,0.0,0,0.0,0.0,0.0,0.0,0.0,0.0,0.0,,3,3,price=carried;tvl=carried;lp_amount=none,True
2022-10-13T19:00:00+00:00,,,,0.018224087969013834,,WETH,pool_swap_ratio,0,9949,6237.238828562864,,15740615,0.0,,0,0,0.0,0.0,0.0,0.0,,0,0,,,,0.0,0.0,0.0,0,0.0,0.0,0.0,0.0,0.0,0.0,0.0,,3,3,price=carried;tvl=carried;lp_amount=none,True
2022-10-13T20:00:00+00:00,,,,0.018224087969013834,,WETH,pool_swap_ratio,0,13549,6237.238828562864,,15740615,0.0,,0,0,0.0,0.0,0.0,0.0,,0,0,,,,0.0,0.0,0.0,0,0.0,0.0,0.0,0.0,0.0,0.0,0.0,,3,3,price=carried;tvl=carried;lp_amount=none,True
2022-10-13T21:00:00+00:00,,,,0.018224087969013834,,WETH,pool_swap_ratio,0,17149,6237.238828562864,,15740615,0.0,,0,0,0.0,0.0,0.0,0.0,,0,0,,,,0.0,0.0,0.0,0,0.0,0.0,0.0,0.0,0.0,0.0,0.0,,3,3,price=carried;tvl=carried;lp_amount=none,True
2022-10-13T22:00:00+00:00,,,,0.018224087969013834,,WETH,pool_swap_ratio,0,20749,6237.238828562864,,15740615,0.0,,0,0,0.0,0.0,0.0,0.0,,0,0,,,,0.0,0.0,0.0,0,0.0,0.0,0.0,0.0,0.0,0.0,0.0,,3,3,price=carried;tvl=carried;lp_amount=none,True
2022-10-13T23:00:00+00:00,,,,0.018224087969013834,,WETH,pool_swap_ratio,0,24349,6237.238828562864,,15740615,0.0,,0,0,0.0,0.0,0.0,0.0,,0,0,,,,0.0,0.0,0.0,0,0.0,0.0,0.0,0.0,0.0,0.0,0.0,,3,3,price=carried;tvl=carried;lp_amount=none,True
2022-10-14T00:00:00+00:00,,,,0.018224087969013834,,WETH,pool_swap_ratio,0,27949,6237.238828562864,,15740615,0.0,,0,0,0.0,0.0,0.0,0.0,,0,0,,,,0.0,0.0,0.0,0,0.0,0.0,0.0,0.0,0.0,0.0,0.0,,3,3,price=carried;tvl=carried;lp_amount=none,True
2022-10-14T01:00:00+00:00,0.018136425041971955,0.018136425041971955,0.018080201636382253,0.018080201636382253,0.018093115164480884,WETH,pool_swap_ratio,2,685,6302.926063236415,,15743168,65.68719395305192,,2,2,0.0,0.0,0.0,0.0,,0,0,,,,65.68723467355161,0.0,65.68723467355161,2,-0.007926726433459156,0.01047639102513141,0.0,0.0,0.010531460551541322,0.0,0.010531454022931338,-0.0007137260765344156,3,3,price=observed;tvl=observed;lp_amount=none,False
2022-10-14T02:00:00+00:00,0.018129128733841628,0.018129128733841628,0.01800809782710623,0.01800809782710623,0.018080716371147467,WETH,pool_swap_ratio,2,1921,6322.926839236415,,15743363,20.000776000000002,,2,1,0.0,0.0,0.0,0.0,,0,0,,,,20.000776000000002,0.0,20.000776000000002,2,-0.003995971342113317,0.0031682283778517815,0.0,0.0,0.0031732525178520088,0.0,0.0031732525178520088,-0.00401635325451577,3,3,price=observed;tvl=observed;lp_amount=none,False
2022-10-14T03:00:00+00:00,,,,0.01800809782710623,,WETH,pool_swap_ratio,0,5521,6322.926839236415,,15743363,0.0,,0,0,0.0,0.0,0.0,0.0,,0,0,,,,0.0,0.0,0.0,0,0.0,0.0,0.0,0.0,0.0,0.0,0.0,,3,3,price=carried;tvl=carried;lp_amount=none,True
2022-10-14T04:00:00+00:00,,,,0.01800809782710623,,WETH,pool_swap_ratio,0,9121,6322.926839236415,,15743363,0.0,,0,0,0.0,0.0,0.0,0.0,,0,0,,,,0.0,0.0,0.0,0,0.0,0.0,0.0,0.0,0.0,0.0,0.0,,3,3,price=carried;tvl=carried;lp_amount=none,True
2022-10-14T05:00:00+00:00,0.017970695944240833,0.017970695944240833,0.01793883618138109,0.01793883618138109,0.017965766462520627,WETH,pool_swap_ratio,2,37,6352.443838306414,,15744415,29.516999069999997,,2,1,0.0,0.0,0.0,0.0,,0,0,,,,29.516999069999997,0.0,29.516999069999997,2,-0.003853554320897901,0.004657386860856477,0.0,0.0,0.0046682493440908775,0.0,0.0046682493440908775,-0.00149897758026174,3,3,price=observed;tvl=observed;lp_amount=none,False
2022-10-14T06:00:00+00:00,,,,0.01793883618138109,,WETH,pool_swap_ratio,0,3637,6352.443838306414,,15744415,0.0,,0,0,0.0,0.0,0.0,0.0,,0,0,,,,0.0,0.0,0.0,0,0.0,0.0,0.0,0.0,0.0,0.0,0.0,,3,3,price=carried;tvl=carried;lp_amount=none,True
2022-10-14T07:00:00+00:00,,,,0.01793883618138109,,WETH,pool_swap_ratio,0,7237,6352.443838306414,,15744415,0.0,,0,0,0.0,0.0,0.0,0.0,,0,0,,,,0.0,0.0,0.0,0,0.0,0.0,0.0,0.0,0.0,0.0,0.0,,3,3,price=carried;tvl=carried;lp_amount=none,True
2022-10-14T08:00:00+00:00,,,,0.01793883618138109,,WETH,pool_swap_ratio,0,10837,6352.443838306414,,15744415,0.0,,0,0,0.0,0.0,0.0,0.0,,0,0,,,,0.0,0.0,0.0,0,0.0,0.0,0.0,0.0,0.0,0.0,0.0,,3,3,price=carried;tvl=carried;lp_amount=none,True
2022-10-14T09:00:00+00:00,,,,0.01793883618138109,,WETH,pool_swap_ratio,0,14437,6352.443838306414,,15744415,0.0,,0,0,0.0,0.0,0.0,0.0,,0,0,,,,0.0,0.0,0.0,0,0.0,0.0,0.0,0.0,0.0,0.0,0.0,,3,3,price=carried;tvl=carried;lp_amount=none,True
2022-10-14T10:00:00+00:00,,,,0.01793883618138109,,WETH,pool_swap_ratio,0,18037,6352.443838306414,,15744415,0.0,,0,0,0.0,0.0,0.0,0.0,,0,0,,,,0.0,0.0,0.0,0,0.0,0.0,0.0,0.0,0.0,0.0,0.0,,3,3,price=carried;tvl=carried;lp_amount=none,True
2022-10-14T11:00:00+00:00,0.01813671903094325,0.01813671903094325,0.01813671903094325,0.01813671903094325,0.01813671903094325,WETH,pool_swap_ratio,1,3457,6331.789782776364,,15745918,20.65405553005113,,1,1,0.0,0.0,0.0,0.0,,0,0,,,,0.0,20.65405553005113,-20.65405553005113,1,0.01097057733705942,-0.003256653007414973,0.0,0.0,-0.0032513558648883042,0.0,0.0032513558648883042,0.0,3,3,price=observed;tvl=observed;lp_amount=none,False
2022-10-14T12:00:00+00:00,,,,0.01813671903094325,,WETH,pool_swap_ratio,0,7057,6331.789782776364,,15745918,0.0,,0,0,0.0,0.0,0.0,0.0,,0,0,,,,0.0,0.0,0.0,0,0.0,0.0,0.0,0.0,0.0,0.0,0.0,,3,3,price=carried;tvl=carried;lp_amount=none,True
2022-10-14T13:00:00+00:00,,,,0.01813671903094325,,WETH,pool_swap_ratio,0,10657,6331.789782776364,,15745918,0.0,,0,0,0.0,0.0,0.0,0.0,,0,0,,,,0.0,0.0,0.0,0,0.0,0.0,0.0,0.0,0.0,0.0,0.0,,3,3,price=carried;tvl=carried;lp_amount=none,True
2022-10-14T14:00:00+00:00,0.018092300159188668,0.018092300159188668,0.018092300159188668,0.018092300159188668,0.018092300159188668,WETH,pool_swap_ratio,1,3181,6340.904410523675,,15746840,9.114627747311484,,1,1,0.0,0.0,0.0,0.0,,0,0,,,,9.114627747311484,0.0,9.114627747311484,1,-0.0024521168391873046,0.001438467492380189,0.0,0.0,0.0014395025829987208,0.0,0.0014395025829987208,0.0,3,3,price=observed;tvl=observed;lp_amount=none,False
2022-10-14T15:00:00+00:00,,,,0.018092300159188668,,WETH,pool_swap_ratio,0,6781,6340.904410523675,,15746840,0.0,,0,0,0.0,0.0,0.0,0.0,,0,0,,,,0.0,0.0,0.0,0,0.0,0.0,0.0,0.0,0.0,0.0,0.0,,3,3,price=carried;tvl=carried;lp_amount=none,True
2022-10-14T16:00:00+00:00,0.018153363489203714,0.018153363489203714,0.018153363489203714,0.018153363489203714,0.018153363489203714,WETH,pool_swap_ratio,1,3169,6340.372949713612,,15747437,0.531460810063009,,1,1,0.0,0.0,0.0,0.0,,0,0,,,,0.0,0.531460810063009,-0.531460810063009,1,0.0033694175600292955,-8.381818255009072e-05,0.0,0.0,-8.381466990433899e-05,0.0,8.381466990433899e-05,0.0,3,3,price=observed;tvl=observed;lp_amount=none,False
2022-10-14T17:00:00+00:00,,,,0.018153363489203714,,WETH,pool_swap_ratio,0,6769,6340.372949713612,,15747437,0.0,,0,0,0.0,0.0,0.0,0.0,,0,0,,,,0.0,0.0,0.0,0,0.0,0.0,0.0,0.0,0.0,0.0,0.0,,3,3,price=carried;tvl=carried;lp_amount=none,True
2022-10-14T18:00:00+00:00,0.017993643049647637,0.01808107387806226,0.017993643049647637,0.01808107387806226,0.01800661051137633,WETH,pool_swap_ratio,2,877,6348.429013525532,,15748223,11.45358106896657,,2,1,0.0,0.0,0.0,0.0,,0,0,,,,9.754822440443224,1.6987586285233451,8.056063811919879,2,-0.003990110640816675,0.0012697912565277098,0.0,0.0,0.0012705977827824407,0.0,0.0018064522638978067,0.004135335000381435,3,3,price=observed;tvl=observed;lp_amount=none,False
2022-10-14T19:00:00+00:00,0.0176622158999038,0.017859068437081158,0.017624721084359023,0.017859068437081158,0.017713588322145864,WETH,pool_swap_ratio,6,1201,6438.188432498213,,15748496,495.16538789646586,,6,3,0.0,0.0,0.0,0.0,,0,0,,,,292.462403434573,202.70298446189287,89.75941897268012,6,-0.012354334200657423,0.014039818391161517,0.0,0.0,0.014138839511546052,0.0,0.07799809792966103,0.008212910466786294,3,3,price=observed;tvl=observed;lp_amount=none,False
2022-10-14T20:00:00+00:00,,,,0.017859068437081158,,WETH,pool_swap_ratio,0,4801,6438.188432498213,,15748496,0.0,,0,0,0.0,0.0,0.0,0.0,,0,0,,,,0.0,0.0,0.0,0,0.0,0.0,0.0,0.0,0.0,0.0,0.0,,3,3,price=carried;tvl=carried;lp_amount=none,True
2022-10-14T21:00:00+00:00,,,,0.017859068437081158,,WETH,pool_swap_ratio,0,8401,6438.188432498213,,15748496,0.0,,0,0,0.0,0.0,0.0,0.0,,0,0,,,,0.0,0.0,0.0,0,0.0,0.0,0.0,0.0,0.0,0.0,0.0,,3,3,price=carried;tvl=carried;lp_amount=none,True
2022-10-14T22:00:00+00:00,,,,0.017859068437081158,,WETH,pool_swap_ratio,0,12001,6438.188432498213,,15748496,0.0,,0,0,0.0,0.0,0.0,0.0,,0,0,,,,0.0,0.0,0.0,0,0.0,0.0,0.0,0.0,0.0,0.0,0.0,,3,3,price=carried;tvl=carried;lp_amount=none,True
2022-10-14T23:00:00+00:00,,,,0.017859068437081158,,WETH,pool_swap_ratio,0,15601,6438.188432498213,,15748496,0.0,,0,0,0.0,0.0,0.0,0.0,,0,0,,,,0.0,0.0,0.0,0,0.0,0.0,0.0,0.0,0.0,0.0,0.0,,3,3,price=carried;tvl=carried;lp_amount=none,True
2022-10-15T00:00:00+00:00,0.017689221146469453,0.01798895224712467,0.01712347117002202,0.01798895224712467,0.017431141369334865,WETH,pool_swap_ratio,4,3577,6437.429779438098,,15749791,79.92824878252435,,4,3,0.0,0.0,0.0,0.0,,0,0,,,,39.584797861204706,40.34345092131965,-0.7586530601149448,4,0.007246390507247294,-0.00011784336076216385,0.0,0.0,-0.00011783641750612204,0.0,0.012414711004584524,0.03200082346708033,3,3,price=observed;tvl=observed;lp_amount=none,False
2022-10-15T01:00:00+00:00,,,,0.01798895224712467,,WETH,pool_swap_ratio,0,7177,6437.429779438098,,15749791,0.0,,0,0,0.0,0.0,0.0,0.0,,0,0,,,,0.0,0.0,0.0,0,0.0,0.0,0.0,0.0,0.0,0.0,0.0,,3,3,price=carried;tvl=carried;lp_amount=none,True
2022-10-15T02:00:00+00:00,,,,0.01798895224712467,,WETH,pool_swap_ratio,0,10777,6437.429779438098,,15749791,0.0,,0,0,0.0,0.0,0.0,0.0,,0,0,,,,0.0,0.0,0.0,0,0.0,0.0,0.0,0.0,0.0,0.0,0.0,,3,3,price=carried;tvl=carried;lp_amount=none,True
2022-10-15T03:00:00+00:00,,,,0.01798895224712467,,WETH,pool_swap_ratio,0,14377,6437.429779438098,,15749791,0.0,,0,0,0.0,0.0,0.0,0.0,,0,0,,,,0.0,0.0,0.0,0,0.0,0.0,0.0,0.0,0.0,0.0,0.0,,3,3,price=carried;tvl=carried;lp_amount=none,True
2022-10-15T04:00:00+00:00,,,,0.01798895224712467,,WETH,pool_swap_ratio,0,17977,6437.429779438098,,15749791,0.0,,0,0,0.0,0.0,0.0,0.0,,0,0,,,,0.0,0.0,0.0,0,0.0,0.0,0.0,0.0,0.0,0.0,0.0,,3,3,price=carried;tvl=carried;lp_amount=none,True
2022-10-15T05:00:00+00:00,,,,0.01798895224712467,,WETH,pool_swap_ratio,0,21577,6437.429779438098,,15749791,0.0,,0,0,0.0,0.0,0.0,0.0,,0,0,,,,0.0,0.0,0.0,0,0.0,0.0,0.0,0.0,0.0,0.0,0.0,,3,3,price=carried;tvl=carried;lp_amount=none,True
2022-10-15T06:00:00+00:00,0.018113522273027406,0.018113522273027406,0.018113522273027406,0.018113522273027406,0.018113522273027406,WETH,pool_swap_ratio,1,3157,6392.349198551764,,15751620,45.08058088633311,,1,1,0.0,0.0,0.0,0.0,,0,0,,,,0.0,45.08058088633311,-45.08058088633311,1,0.006900940831586201,-0.007027520348216278,0.0,0.0,-0.007002885069181763,0.0,0.007002885069181763,0.0,3,3,price=observed;tvl=observed;lp_amount=none,False
2022-10-15T07:00:00+00:00,,,,0.018113522273027406,,WETH,pool_swap_ratio,0,6757,6392.349198551764,,15751620,0.0,,0,0,0.0,0.0,0.0,0.0,,0,0,,,,0.0,0.0,0.0,0,0.0,0.0,0.0,0.0,0.0,0.0,0.0,,3,3,price=carried;tvl=carried;lp_amount=none,True
2022-10-15T08:00:00+00:00,,,,0.018113522273027406,,WETH,pool_swap_ratio,0,10357,6392.349198551764,,15751620,0.0,,0,0,0.0,0.0,0.0,0.0,,0,0,,,,0.0,0.0,0.0,0,0.0,0.0,0.0,0.0,0.0,0.0,0.0,,3,3,price=carried;tvl=carried;lp_amount=none,True
2022-10-15T09:00:00+00:00,0.017907097501187342,0.01811892870012662,0.017907097501187342,0.01811892870012662,0.01807767188723992,WETH,pool_swap_ratio,2,2269,6373.699198551763,,15752589,30.550000000000157,,2,2,0.0,0.0,0.0,0.0,,0,0,,,,5.95,24.600000000000158,-18.65000000000016,2,0.00029843010859766566,-0.002921814595682022,0.0,0.0,-0.0029175502496367784,0.0,0.004779150677018943,0.002282197240000894,3,3,price=observed;tvl=observed;lp_amount=none,False
2022-10-15T10:00:00+00:00,,,,0.01811892870012662,,WETH,pool_swap_ratio,0,5869,6373.699198551763,,15752589,0.0,,0,0,0.0,0.0,0.0,0.0,,0,0,,,,0.0,0.0,0.0,0,0.0,0.0,0.0,0.0,0.0,0.0,0.0,,3,3,price=carried;tvl=carried;lp_amount=none,True
2022-10-15T11:00:00+00:00,0.017615484531832877,0.01813626234706623,0.0173533000492585,0.01796915196059163,0.017597731506861804,WETH,pool_swap_ratio,16,13,6347.727510717141,,15753372,2072.6141937272555,,16,6,0.0,0.0,0.0,0.0,,0,0,,,,1023.3212529463162,1049.2929407809395,-25.971687834623253,15,-0.008300668629289196,-0.004083146413004791,0.0,0.0,-0.0040748217048781595,0.0,0.32518230452390917,0.021106155278309613,3,3,price=observed;tvl=observed;lp_amount=none,False
2022-10-15T12:00:00+00:00,0.01795409644335135,0.018092375142688265,0.01795409644335135,0.018061479416107164,0.018027447314778,WETH,pool_swap_ratio,4,3133,6346.626664816379,,15753412,90.79788221000953,,4,3,0.0,0.0,0.0,0.0,,0,0,,,,44.84851815462391,45.94936405538562,-1.100845900761712,4,0.005124953633647804,-0.00017343866230597776,0.0,0.0,-0.00017342362269065687,0.0,0.014303998093287964,0.0018877936923029637,3,3,price=observed;tvl=observed;lp_amount=none,False
2022-10-15T13:00:00+00:00,0.017780479394692007,0.0182985551800911,0.017780479394692007,0.0182985551800911,0.017992603306631313,WETH,pool_swap_ratio,3,109,6329.460913683048,,15753964,180.71389528523136,,3,2,0.0,0.0,0.0,0.0,,0,0,,,,81.77407207595051,98.93982320928086,-17.165751133330346,3,0.013040643461100218,-0.002708369048410028,0.0,0.0,-0.002704704725817835,0.0,0.028474007504971113,0.017004313841956664,3,3,price=observed;tvl=observed;lp_amount=none,False
2022-10-15T14:00:00+00:00,,,,0.0182985551800911,,WETH,pool_swap_ratio,0,3709,6329.460913683048,,15753964,0.0,,0,0,0.0,0.0,0.0,0.0,,0,0,,,,0.0,0.0,0.0,0,0.0,0.0,0.0,0.0,0.0,0.0,0.0,,3,3,price=carried;tvl=carried;lp_amount=none,True
2022-10-15T15:00:00+00:00,,,,0.0182985551800911,,WETH,pool_swap_ratio,0,7309,6329.460913683048,,15753964,0.0,,0,0,0.0,0.0,0.0,0.0,,0,0,,,,0.0,0.0,0.0,0,0.0,0.0,0.0,0.0,0.0,0.0,0.0,,3,3,price=carried;tvl=carried;lp_amount=none,True
2022-10-15T16:00:00+00:00,0.01795528913028492,0.018051833371928065,0.01795528913028492,0.018051833371928065,0.018002113816363227,WETH,pool_swap_ratio,2,2413,6331.666734930055,,15754670,73.56440091106705,,2,2,0.0,0.0,0.0,0.0,,0,0,,,,37.88511107903692,35.67928983203014,2.2058212470067744,2,-0.013574853350130185,0.0003484399384546813,0.0,0.0,0.00034850065070126643,0.0,0.011622538145710848,0.0027618731928937823,3,3,price=observed;tvl=observed;lp_amount=none,False
2022-10-15T17:00:00+00:00,0.018252725218796843,0.018252725218796843,0.018252725218796843,0.018252725218796843,0.018252725218796843,WETH,pool_swap_ratio,1,2965,6331.324265344174,,15754922,0.34246958588123394,,1,1,0.0,0.0,0.0,0.0,,0,0,,,,0.0,0.34246958588123394,-0.34246958588123394,1,0.011067144464897581,-5.408984116895112e-05,0.0,0.0,-5.408837833992808e-05,0.0,5.408837833992808e-05,0.0,3,3,price=observed;tvl=observed;lp_amount=none,False
2022-10-15T18:00:00+00:00,,,,0.018252725218796843,,WETH,pool_swap_ratio,0,6565,6331.324265344174,,15754922,0.0,,0,0,0.0,0.0,0.0,0.0,,0,0,,,,0.0,0.0,0.0,0,0.0,0.0,0.0,0.0,0.0,0.0,0.0,,3,3,price=carried;tvl=carried;lp_amount=none,True
2022-10-15T19:00:00+00:00,,,,0.018252725218796843,,WETH,pool_swap_ratio,0,10165,6331.324265344174,,15754922,0.0,,0,0,0.0,0.0,0.0,0.0,,0,0,,,,0.0,0.0,0.0,0,0.0,0.0,0.0,0.0,0.0,0.0,0.0,,3,3,price=carried;tvl=carried;lp_amount=none,True
2022-10-15T20:00:00+00:00,,,,0.018252725218796843,,WETH,pool_swap_ratio,0,13765,6331.324265344174,,15754922,0.0,,0,0,0.0,0.0,0.0,0.0,,0,0,,,,0.0,0.0,0.0,0,0.0,0.0,0.0,0.0,0.0,0.0,0.0,,3,3,price=carried;tvl=carried;lp_amount=none,True
2022-10-15T21:00:00+00:00,0.01800550932625052,0.018107971916096442,0.01800550932625052,0.018107971916096442,0.018055535421311626,WETH,pool_swap_ratio,2,793,6332.482867935442,,15756293,49.25051265803852,,2,2,0.0,0.0,0.0,0.0,,0,0,,,,25.204557624653738,24.04595503338478,1.1586025912689593,2,-0.007962117276573023,0.00018297855965534814,0.0,0.0,0.00018299530125329586,0.0,0.007778864356643599,0.0029041783343031202,3,3,price=observed;tvl=observed;lp_amount=none,False
2022-10-15T22:00:00+00:00,,,,0.018107971916096442,,WETH,pool_swap_ratio,0,4393,6332.482867935442,,15756293,0.0,,0,0,0.0,0.0,0.0,0.0,,0,0,,,,0.0,0.0,0.0,0,0.0,0.0,0.0,0.0,0.0,0.0,0.0,,3,3,price=carried;tvl=carried;lp_amount=none,True
2022-10-15T23:00:00+00:00,,,,0.018107971916096442,,WETH,pool_swap_ratio,0,7993,6332.482867935442,,15756293,0.0,,0,0,0.0,0.0,0.0,0.0,,0,0,,,,0.0,0.0,0.0,0,0.0,0.0,0.0,0.0,0.0,0.0,0.0,,3,3,price=carried;tvl=carried;lp_amount=none,True
2022-10-16T00:00:00+00:00,,,,0.018107971916096442,,WETH,pool_swap_ratio,0,11593,6332.482867935442,,15756293,0.0,,0,0,0.0,0.0,0.0,0.0,,0,0,,,,0.0,0.0,0.0,0,0.0,0.0,0.0,0.0,0.0,0.0,0.0,,3,3,price=carried;tvl=carried;lp_amount=none,True
2022-10-16T01:00:00+00:00,,,,0.018107971916096442,,WETH,pool_swap_ratio,0,15193,6332.482867935442,,15756293,0.0,,0,0,0.0,0.0,0.0,0.0,,0,0,,,,0.0,0.0,0.0,0,0.0,0.0,0.0,0.0,0.0,0.0,0.0,,3,3,price=carried;tvl=carried;lp_amount=none,True
2022-10-16T02:00:00+00:00,0.01825936481059903,0.01948613048421438,0.01825936481059903,0.018464888683850305,0.018635275543353754,WETH,pool_swap_ratio,8,1777,6201.114344706797,,15757703,261.39378033719765,,8,4,0.0,0.0,0.0,0.0,,0,0,,,,65.01262855427565,196.381151782922,-131.36852322864632,8,0.019518741130808995,-0.02096338855300501,0.0,0.0,-0.020745184151043105,0.0,0.041278245166799635,-0.009143243366971143,3,3,price=observed;tvl=observed;lp_amount=none,False
2022-10-16T03:00:00+00:00,,,,0.018464888683850305,,WETH,pool_swap_ratio,0,5377,6201.114344706797,,15757703,0.0,,0,0,0.0,0.0,0.0,0.0,,0,0,,,,0.0,0.0,0.0,0,0.0,0.0,0.0,0.0,0.0,0.0,0.0,,3,3,price=carried;tvl=carried;lp_amount=none,True
2022-10-16T04:00:00+00:00,,,,0.018464888683850305,,WETH,pool_swap_ratio,0,8977,6201.114344706797,,15757703,0.0,,0,0,0.0,0.0,0.0,0.0,,0,0,,,,0.0,0.0,0.0,0,0.0,0.0,0.0,0.0,0.0,0.0,0.0,,3,3,price=carried;tvl=carried;lp_amount=none,True
2022-10-16T05:00:00+00:00,,,,0.018464888683850305,,WETH,pool_swap_ratio,0,12577,6201.114344706797,,15757703,0.0,,0,0,0.0,0.0,0.0,0.0,,0,0,,,,0.0,0.0,0.0,0,0.0,0.0,0.0,0.0,0.0,0.0,0.0,,3,3,price=carried;tvl=carried;lp_amount=none,True
2022-10-16T06:00:00+00:00,0.018276912306726335,0.018276912306726335,0.018276912306726335,0.018276912306726335,0.018276912306726335,WETH,pool_swap_ratio,1,1957,6208.640931166798,,15758880,7.52658646,,1,1,0.0,0.0,0.0,0.0,,0,0,,,,7.52658646,0.0,7.52658646,1,-0.010232379043584405,0.0012130114116780224,0.0,0.0,0.0012137474075808023,0.0,0.0012137474075808023,0.0,3,3,price=observed;tvl=observed;lp_amount=none,False
2022-10-16T07:00:00+00:00,,,,0.018276912306726335,,WETH,pool_swap_ratio,0,5557,6208.640931166798,,15758880,0.0,,0,0,0.0,0.0,0.0,0.0,,0,0,,,,0.0,0.0,0.0,0,0.0,0.0,0.0,0.0,0.0,0.0,0.0,,3,3,price=carried;tvl=carried;lp_amount=none,True
2022-10-16T08:00:00+00:00,,,,0.018276912306726335,,WETH,pool_swap_ratio,0,9157,6208.640931166798,,15758880,0.0,,0,0,0.0,0.0,0.0,0.0,,0,0,,,,0.0,0.0,0.0,0,0.0,0.0,0.0,0.0,0.0,0.0,0.0,,3,3,price=carried;tvl=carried;lp_amount=none,True
2022-10-16T09:00:00+00:00,0.018623514985622223,0.018623514985622223,0.018337914586477738,0.018337914586477738,0.01856306615814638,WETH,pool_swap_ratio,3,3349,6210.050598444075,,15759660,84.7347169681957,,3,3,0.0,0.0,0.0,0.0,,0,0,,,,43.072192122736695,41.662524845459,1.4096672772776984,3,0.0033321111347323603,0.00022702347988450686,0.0,0.0,0.00022704925166493369,0.0,0.01364786881825221,-0.012129007662337932,3,3,price=observed;tvl=observed;lp_amount=none,False
2022-10-16T10:00:00+00:00,,,,0.018337914586477738,,WETH,pool_swap_ratio,0,6949,6210.050598444075,,15759660,0.0,,0,0,0.0,0.0,0.0,0.0,,0,0,,,,0.0,0.0,0.0,0,0.0,0.0,0.0,0.0,0.0,0.0,0.0,,3,3,price=carried;tvl=carried;lp_amount=none,True
2022-10-16T11:00:00+00:00,,,,0.018337914586477738,,WETH,pool_swap_ratio,0,10549,6210.050598444075,,15759660,0.0,,0,0,0.0,0.0,0.0,0.0,,0,0,,,,0.0,0.0,0.0,0,0.0,0.0,0.0,0.0,0.0,0.0,0.0,,3,3,price=carried;tvl=carried;lp_amount=none,True
2022-10-16T12:00:00+00:00,,,,0.018337914586477738,,WETH,pool_swap_ratio,0,14149,6210.050598444075,,15759660,0.0,,0,0,0.0,0.0,0.0,0.0,,0,0,,,,0.0,0.0,0.0,0,0.0,0.0,0.0,0.0,0.0,0.0,0.0,,3,3,price=carried;tvl=carried;lp_amount=none,True
2022-10-16T13:00:00+00:00,,,,0.018337914586477738,,WETH,pool_swap_ratio,0,17749,6210.050598444075,,15759660,0.0,,0,0,0.0,0.0,0.0,0.0,,0,0,,,,0.0,0.0,0.0,0,0.0,0.0,0.0,0.0,0.0,0.0,0.0,,3,3,price=carried;tvl=carried;lp_amount=none,True
2022-10-16T14:00:00+00:00,,,,0.018337914586477738,,WETH,pool_swap_ratio,0,21349,6210.050598444075,,15759660,0.0,,0,0,0.0,0.0,0.0,0.0,,0,0,,,,0.0,0.0,0.0,0,0.0,0.0,0.0,0.0,0.0,0.0,0.0,,3,3,price=carried;tvl=carried;lp_amount=none,True
2022-10-16T15:00:00+00:00,,,,0.018337914586477738,,WETH,pool_swap_ratio,0,24949,6210.050598444075,,15759660,0.0,,0,0,0.0,0.0,0.0,0.0,,0,0,,,,0.0,0.0,0.0,0,0.0,0.0,0.0,0.0,0.0,0.0,0.0,,3,3,price=carried;tvl=carried;lp_amount=none,True
2022-10-16T16:00:00+00:00,,,,0.018337914586477738,,WETH,pool_swap_ratio,0,28549,6210.050598444075,,15759660,0.0,,0,0,0.0,0.0,0.0,0.0,,0,0,,,,0.0,0.0,0.0,0,0.0,0.0,0.0,0.0,0.0,0.0,0.0,,3,3,price=carried;tvl=carried;lp_amount=none,True
2022-10-16T17:00:00+00:00,,,,0.018337914586477738,,WETH,pool_swap_ratio,0,32149,6210.050598444075,,15759660,0.0,,0,0,0.0,0.0,0.0,0.0,,0,0,,,,0.0,0.0,0.0,0,0.0,0.0,0.0,0.0,0.0,0.0,0.0,,3,3,price=carried;tvl=carried;lp_amount=none,True
2022-10-16T18:00:00+00:00,,,,0.018337914586477738,,WETH,pool_swap_ratio,0,35749,6210.050598444075,,15759660,0.0,,0,0,0.0,0.0,0.0,0.0,,0,0,,,,0.0,0.0,0.0,0,0.0,0.0,0.0,0.0,0.0,0.0,0.0,,3,3,price=carried;tvl=carried;lp_amount=none,True
2022-10-16T19:00:00+00:00,,,,0.018337914586477738,,WETH,pool_swap_ratio,0,39349,6210.050598444075,,15759660,0.0,,0,0,0.0,0.0,0.0,0.0,,0,0,,,,0.0,0.0,0.0,0,0.0,0.0,0.0,0.0,0.0,0.0,0.0,,3,3,price=carried;tvl=carried;lp_amount=none,True
2022-10-16T20:00:00+00:00,0.018523330332136174,0.018523330332136174,0.01827104302812809,0.01827104302812809,0.0184475373096394,WETH,pool_swap_ratio,3,1825,6215.15857553617,,15763068,59.09394948848931,,3,3,0.0,0.0,0.0,0.0,,0,0,,,,32.100963290292064,26.99298619819724,5.107977092094824,3,-0.0036532934605245913,0.000822195797000219,0.0,0.0,0.0008225338926183025,0.0,0.009515856360863672,-0.009567362762241793,3,3,price=observed;tvl=observed;lp_amount=none,False
2022-10-16T21:00:00+00:00,,,,0.01827104302812809,,WETH,pool_swap_ratio,0,5425,6215.15857553617,,15763068,0.0,,0,0,0.0,0.0,0.0,0.0,,0,0,,,,0.0,0.0,0.0,0,0.0,0.0,0.0,0.0,0.0,0.0,0.0,,3,3,price=carried;tvl=carried;lp_amount=none,True
2022-10-16T22:00:00+00:00,,,,0.01827104302812809,,WETH,pool_swap_ratio,0,9025,6215.15857553617,,15763068,0.0,,0,0,0.0,0.0,0.0,0.0,,0,0,,,,0.0,0.0,0.0,0,0.0,0.0,0.0,0.0,0.0,0.0,0.0,,3,3,price=carried;tvl=carried;lp_amount=none,True
2022-10-16T23:00:00+00:00,0.018197470536234054,0.018197470536234054,0.018197470536234054,0.018197470536234054,0.018197470536234054,WETH,pool_swap_ratio,1,697,6261.55857553617,,15764055,46.4,,1,1,0.0,0.0,0.0,0.0,,0,0,,,,46.4,0.0,46.4,1,-0.004034855524224916,0.007437888244224606,0.0,0.0,0.007465618042737897,0.0,0.007465618042737897,0.0,3,3,price=observed;tvl=observed;lp_amount=none,False
2022-10-17T00:00:00+00:00,,,,0.018197470536234054,,WETH,pool_swap_ratio,0,4297,6261.55857553617,,15764055,0.0,,0,0,0.0,0.0,0.0,0.0,,0,0,,,,0.0,0.0,0.0,0,0.0,0.0,0.0,0.0,0.0,0.0,0.0,,3,3,price=carried;tvl=carried;lp_amount=none,True
2022-10-17T01:00:00+00:00,0.018382869509936253,0.018382869509936253,0.018382869509936253,0.018382869509936253,0.018382869509936253,WETH,pool_swap_ratio,1,1813,6249.0034020295325,,15764560,12.555173506637177,,1,1,0.0,0.0,0.0,0.0,,0,0,,,,0.0,12.555173506637177,-12.555173506637177,1,0.010136623167615925,-0.002007132492387264,0.0,0.0,-0.0020051195489394734,0.0,0.0020051195489394734,0.0,3,3,price=observed;tvl=observed;lp_amount=none,False
2022-10-17T02:00:00+00:00,,,,0.018382869509936253,,WETH,pool_swap_ratio,0,5413,6247.947652555676,,15764830,0.0,,0,0,11.0,0.0,11.0,11.0,0.0,1,1,,,1.0,11.0,12.055749473856693,-1.055749473856693,2,0.0,-0.0001689611284795484,0.0017602806867455783,0.0017602806867455783,-0.0001689468553519766,0.0,0.0,,3,3,price=carried;tvl=observed;lp_amount=quantified,True
2022-10-17T03:00:00+00:00,0.018313642254721624,0.01840546531466518,0.018313642254721624,0.01840546531466518,0.01833943786252236,WETH,pool_swap_ratio,2,901,6251.2091899588795,,15765232,7.443962596795764,,2,2,0.0,0.0,0.0,0.0,,0,0,,,,5.35275,2.0912125967957635,3.261537403204237,2,0.001228422415862109,0.0005218811986000028,0.0,0.0,0.0005220174022857137,0.0,0.0011914252504581831,0.0036002985826382172,3,3,price=observed;tvl=observed;lp_amount=none,False
2022-10-17T04:00:00+00:00,0.01826963228890608,0.01826963228890608,0.018197656217565878,0.018197656217565878,0.01823494701472341,WETH,pool_swap_ratio,2,2305,6263.993403353619,,15765415,12.784213394738972,,2,2,0.0,0.0,0.0,0.0,,0,0,,,,12.784213394738972,0.0,12.784213394738972,2,-0.011354841946431623,0.0020429901547326158,0.0,0.0,0.002045078481019936,0.0,0.002045078481019936,-0.002045018125219844,3,3,price=observed;tvl=observed;lp_amount=none,False
2022-10-17T05:00:00+00:00,,,,0.018197656217565878,,WETH,pool_swap_ratio,0,5905,6263.993403353619,,15765415,0.0,,0,0,0.0,0.0,0.0,0.0,,0,0,,,,0.0,0.0,0.0,0,0.0,0.0,0.0,0.0,0.0,0.0,0.0,,3,3,price=carried;tvl=carried;lp_amount=none,True
2022-10-17T06:00:00+00:00,,,,0.018197656217565878,,WETH,pool_swap_ratio,0,9505,6263.993403353619,,15765415,0.0,,0,0,0.0,0.0,0.0,0.0,,0,0,,,,0.0,0.0,0.0,0,0.0,0.0,0.0,0.0,0.0,0.0,0.0,,3,3,price=carried;tvl=carried;lp_amount=none,True
2022-10-17T07:00:00+00:00,0.018100847272018543,0.018100847272018543,0.018100847272018543,0.018100847272018543,0.018100847272018543,WETH,pool_swap_ratio,1,1813,6284.018630358973,,15766347,20.02522700535333,,1,1,0.0,0.0,0.0,0.0,,0,0,,,,20.02522700535333,0.0,20.02522700535333,1,-0.00533405875041044,0.0031917795348075464,0.0,0.0,0.0031968786867866456,0.0,0.0031968786867866456,0.0,3,3,price=observed;tvl=observed;lp_amount=none,False
2022-10-17T08:00:00+00:00,,,,0.018100847272018543,,WETH,pool_swap_ratio,0,5413,6284.018630358973,,15766347,0.0,,0,0,0.0,0.0,0.0,0.0,,0,0,,,,0.0,0.0,0.0,0,0.0,0.0,0.0,0.0,0.0,0.0,0.0,,3,3,price=carried;tvl=carried;lp_amount=none,True
2022-10-17T09:00:00+00:00,0.018236461692748777,0.018236461692748777,0.018236461692748777,0.018236461692748777,0.018236461692748777,WETH,pool_swap_ratio,1,3361,6287.272502547829,,15766816,3.253872188857612,,1,1,0.0,0.0,0.0,0.0,,0,0,,,,3.253872188857612,0.0,3.253872188857612,1,0.007464231900323803,0.0005176671556040799,0.0,0.0,0.0005178011683698232,0.0,0.0005178011683698232,0.0,3,3,price=observed;tvl=observed;lp_amount=none,False
2022-10-17T10:00:00+00:00,,,,0.018236461692748777,,WETH,pool_swap_ratio,0,6961,6287.272502547829,,15766816,0.0,,0,0,0.0,0.0,0.0,0.0,,0,0,,,,0.0,0.0,0.0,0,0.0,0.0,0.0,0.0,0.0,0.0,0.0,,3,3,price=carried;tvl=carried;lp_amount=none,True
2022-10-17T11:00:00+00:00,0.01805338800810937,0.01806468603990523,0.01805338800810937,0.01806468603990523,0.01805580766893944,WETH,pool_swap_ratio,2,577,6312.368855791689,,15767635,25.096353243860143,,2,1,0.0,0.0,0.0,0.0,,0,0,,,,25.096353243860143,0.0,25.096353243860143,2,-0.009463994704998074,0.003983666791647797,0.0,0.0,0.003991612139236878,0.0,0.003991612139236878,0.0004917182952199894,3,3,price=observed;tvl=observed;lp_amount=none,False
2022-10-17T12:00:00+00:00,0.018214126928840467,0.018214126928840467,0.018214126928840467,0.018214126928840467,0.018214126928840467,WETH,pool_swap_ratio,1,1321,6283.482578475761,,15767872,28.886277315927913,,1,1,0.0,0.0,0.0,0.0,,0,0,,,,0.0,28.886277315927913,-28.886277315927913,1,0.008238512892597973,-0.004586641579155442,0.0,0.0,-0.004576139001988823,0.0,0.004576139001988823,0.0,3,3,price=observed;tvl=observed;lp_amount=none,False
2022-10-17T13:00:00+00:00,,,,0.018214126928840467,,WETH,pool_swap_ratio,0,4921,6283.482578475761,,15767872,0.0,,0,0,0.0,0.0,0.0,0.0,,0,0,,,,0.0,0.0,0.0,0,0.0,0.0,0.0,0.0,0.0,0.0,0.0,,3,3,price=carried;tvl=carried;lp_amount=none,True
2022-10-17T14:00:00+00:00,0.017972236179795726,0.01804406127513822,0.017972236179795726,0.01804406127513822,0.018000966217932724,WETH,pool_swap_ratio,2,2701,6383.482578475761,,15768353,100.0,,2,1,0.0,0.0,0.0,0.0,,0,0,,,,100.0,0.0,100.0,2,-0.009380882459175148,0.01578942963890973,0.0,0.0,0.015914741347824005,0.0,0.015914741347824005,0.0023940413355458823,3,3,price=observed;tvl=observed;lp_amount=none,False
2022-10-17T15:00:00+00:00,0.01788505219655496,0.017913400339911505,0.017480555042869928,0.017913400339911505,0.01773227421701968,WETH,pool_swap_ratio,8,481,6497.920906963323,,15768834,278.7240313972821,,8,4,0.0,0.0,0.0,0.0,,0,0,,,,196.58117994242178,82.14285145486032,114.43832848756146,8,-0.007267560303503305,0.017768458142845993,0.0,0.0,0.01792725633393784,0.0,0.04366331825469404,0.010214489166763485,3,3,price=observed;tvl=observed;lp_amount=none,False
2022-10-17T16:00:00+00:00,0.018041641191894813,0.01827612432125357,0.017960691051660295,0.017960691051660295,0.01818187367771061,WETH,pool_swap_ratio,3,181,6328.771168395608,,15769159,169.1497385677165,,3,2,0.0,0.0,0.0,0.0,,0,0,,,,0.0,169.1497385677165,-169.1497385677165,3,0.00263648428755679,-0.026376176172920207,0.0,0.0,-0.02603136310669028,0.0,0.02603136310669028,-0.012165007301830899,3,3,price=observed;tvl=observed;lp_amount=none,False
2022-10-17T17:00:00+00:00,0.01802203210848244,0.018162311105069613,0.018016975998251195,0.018162311105069613,0.018143710693829807,WETH,pool_swap_ratio,4,157,6845.586016663864,,15769459,58.86507381183561,,4,3,575.679922080092,0.0,575.679922080092,575.679922080092,0.0,2,0,,,,575.679922080092,58.8650738118356,516.8148482682564,6,0.011163089173099432,0.07849797834937888,0.09096235379071721,0.09096235379071721,0.08166116841909342,0.0,0.009301185371623787,0.001025171286826776,3,3,price=observed;tvl=observed;lp_amount=quantified,False
2022-10-17T18:00:00+00:00,0.018603764559599823,0.018603764559599823,0.018318581849881697,0.018318581849881697,0.018482167622063103,WETH,pool_swap_ratio,4,1477,6772.298052890531,,15769649,364.9619282862255,,4,3,0.0,0.0,0.0,0.0,,0,0,,,,145.83698225644648,219.12494602977898,-73.2879637733325,4,0.008567317737866256,-0.010763591606714848,0.0,0.0,-0.010705871432326075,0.0,0.05331346759763402,-0.008851005765477704,3,3,price=observed;tvl=observed;lp_amount=none,False
2022-10-17T19:00:00+00:00,,,,0.018318581849881697,,WETH,pool_swap_ratio,0,5077,6772.298052890531,,15769649,0.0,,0,0,0.0,0.0,0.0,0.0,,0,0,,,,0.0,0.0,0.0,0,0.0,0.0,0.0,0.0,0.0,0.0,0.0,,3,3,price=carried;tvl=carried;lp_amount=none,True
2022-10-17T20:00:00+00:00,,,,0.018318581849881697,,WETH,pool_swap_ratio,0,8677,6772.298052890531,,15769649,0.0,,0,0,0.0,0.0,0.0,0.0,,0,0,,,,0.0,0.0,0.0,0,0.0,0.0,0.0,0.0,0.0,0.0,0.0,,3,3,price=carried;tvl=carried;lp_amount=none,True
2022-10-17T21:00:00+00:00,0.018184554283413885,0.018184554283413885,0.018184554283413885,0.018184554283413885,0.018184554283413885,WETH,pool_swap_ratio,1,541,6766.8469981957005,,15770622,5.451054694830317,,1,1,0.0,0.0,0.0,0.0,,0,0,,,,0.0,5.451054694830317,-5.451054694830317,1,-0.007343378293115118,-0.0008052288336964123,0.0,0.0,-0.0008049047239590577,0.0,0.0008049047239590577,0.0,3,3,price=observed;tvl=observed;lp_amount=none,False
2022-10-17T22:00:00+00:00,0.018136301224486635,0.02322496037830605,0.01801444472751295,0.01801444472751295,0.02166779409902115,WETH,pool_swap_ratio,5,1201,6893.372186283823,,15770867,719.1868046464602,,5,4,0.0,0.0,0.0,0.0,,0,0,,,,422.85599636729114,296.3308082791692,126.52518808812192,5,-0.009398647076432707,0.018525150260145177,0.0,0.0,0.018697805362210548,0.0,0.106280931848795,-0.16860735129808346,3,3,price=observed;tvl=observed;lp_amount=none,False
2022-10-17T23:00:00+00:00,0.01810852620132816,0.01810852620132816,0.01810852620132816,0.01810852620132816,0.01810852620132816,WETH,pool_swap_ratio,1,1693,6892.267734172279,,15771126,1.104452111543628,,1,1,0.0,0.0,0.0,0.0,,0,0,,,,0.0,1.104452111543628,-1.104452111543628,1,0.005208967265132375,-0.00016023225911594241,0.0,0.0,-0.00016021942261310452,0.0,0.00016021942261310452,0.0,3,3,price=observed;tvl=observed;lp_amount=none,False
2022-10-18T00:00:00+00:00,,,,0.01810852620132816,,WETH,pool_swap_ratio,0,5293,6892.267734172279,,15771126,0.0,,0,0,0.0,0.0,0.0,0.0,,0,0,,,,0.0,0.0,0.0,0,0.0,0.0,0.0,0.0,0.0,0.0,0.0,,3,3,price=carried;tvl=carried;lp_amount=none,True
2022-10-18T01:00:00+00:00,0.018111802120176317,0.018111802120176317,0.018111802120176317,0.018111802120176317,0.018111802120176317,WETH,pool_swap_ratio,1,169,6891.865303333641,,15771850,0.40243083863752166,,1,1,0.0,0.0,0.0,0.0,,0,0,,,,0.0,0.40243083863752166,-0.40243083863752166,1,0.00018088841315924413,-5.839044612485296e-05,0.0,0.0,-5.838874143589131e-05,0.0,5.838874143589131e-05,0.0,3,3,price=observed;tvl=observed;lp_amount=none,False
2022-10-18T02:00:00+00:00,0.018130525364601687,0.018130525364601687,0.018130525364601687,0.018130525364601687,0.018130525364601687,WETH,pool_swap_ratio,1,457,6883.6653033336415,,15772125,8.2,,1,1,0.0,0.0,0.0,0.0,,0,0,,,,0.0,8.2,-8.2,1,0.0010332253688126142,-0.0011905168958850213,0.0,0.0,-0.0011898085117876005,0.0,0.0011898085117876005,0.0,3,3,price=observed;tvl=observed;lp_amount=none,False
2022-10-18T03:00:00+00:00,,,,0.018130525364601687,,WETH,pool_swap_ratio,0,4057,6883.6653033336415,,15772125,0.0,,0,0,0.0,0.0,0.0,0.0,,0,0,,,,0.0,0.0,0.0,0,0.0,0.0,0.0,0.0,0.0,0.0,0.0,,3,3,price=carried;tvl=carried;lp_amount=none,True
2022-10-18T04:00:00+00:00,,,,0.018130525364601687,,WETH,pool_swap_ratio,0,7657,6883.6653033336415,,15772125,0.0,,0,0,0.0,0.0,0.0,0.0,,0,0,,,,0.0,0.0,0.0,0,0.0,0.0,0.0,0.0,0.0,0.0,0.0,,3,3,price=carried;tvl=carried;lp_amount=none,True
2022-10-18T05:00:00+00:00,,,,0.018130525364601687,,WETH,pool_swap_ratio,0,11257,6883.6653033336415,,15772125,0.0,,0,0,0.0,0.0,0.0,0.0,,0,0,,,,0.0,0.0,0.0,0,0.0,0.0,0.0,0.0,0.0,0.0,0.0,,3,3,price=carried;tvl=carried;lp_amount=none,True
2022-10-18T06:00:00+00:00,0.018152985310420814,0.018152985310420814,0.018152985310420814,0.018152985310420814,0.018152985310420814,WETH,pool_swap_ratio,1,2197,6881.559303333642,,15773177,2.106,,1,1,0.0,0.0,0.0,0.0,,0,0,,,,0.0,2.106,-2.106,1,0.0012380251122334509,-0.00030598847118139434,0.0,0.0,-0.00030594166148375926,0.0,0.00030594166148375926,0.0,3,3,price=observed;tvl=observed;lp_amount=none,False
2022-10-18T07:00:00+00:00,0.0179857062632181,0.0179857062632181,0.0179857062632181,0.0179857062632181,0.0179857062632181,WETH,pool_swap_ratio,1,469,6923.55983076053,,15773620,42.00052742688739,,1,1,0.0,0.0,0.0,0.0,,0,0,,,,42.00052742688739,0.0,42.00052742688739,1,-0.009257681151864861,0.006084794576128537,0.0,0.0,0.006103344543807248,0.0,0.006103344543807248,0.0,3,3,price=observed;tvl=observed;lp_amount=none,False
2022-10-18T08:00:00+00:00,,,,0.0179857062632181,,WETH,pool_swap_ratio,0,4069,6923.55983076053,,15773620,0.0,,0,0,0.0,0.0,0.0,0.0,,0,0,,,,0.0,0.0,0.0,0,0.0,0.0,0.0,0.0,0.0,0.0,0.0,,3,3,price=carried;tvl=carried;lp_amount=none,True
2022-10-18T09:00:00+00:00,0.01797212373821594,0.01797212373821594,0.01797212373821594,0.01797212373821594,0.01797212373821594,WETH,pool_swap_ratio,1,673,6959.159830760529,,15774201,35.6,,1,1,0.0,0.0,0.0,0.0,,0,0,,,,35.6,0.0,35.6,1,-0.0007554697070218316,0.005128689320467791,0.0,0.0,0.005141863560105822,0.0,0.005141863560105822,0.0,3,3,price=observed;tvl=observed;lp_amount=none,False
2022-10-18T10:00:00+00:00,,,,0.01797212373821594,,WETH,pool_swap_ratio,0,4273,6959.159830760529,,15774201,0.0,,0,0,0.0,0.0,0.0,0.0,,0,0,,,,0.0,0.0,0.0,0,0.0,0.0,0.0,0.0,0.0,0.0,0.0,,3,3,price=carried;tvl=carried;lp_amount=none,True
2022-10-18T11:00:00+00:00,,,,0.01797212373821594,,WETH,pool_swap_ratio,0,7873,6959.159830760529,,15774201,0.0,,0,0,0.0,0.0,0.0,0.0,,0,0,,,,0.0,0.0,0.0,0,0.0,0.0,0.0,0.0,0.0,0.0,0.0,,3,3,price=carried;tvl=carried;lp_amount=none,True
2022-10-18T12:00:00+00:00,0.017912469420695347,0.018378146067477293,0.017912469420695347,0.01801854522414413,0.01818976712297502,WETH,pool_swap_ratio,7,757,6952.485697091628,,15775084,393.32586633799406,,7,3,0.0,0.0,0.0,0.0,,0,0,,,,193.3258663345462,200.00000000344787,-6.674133668901675,7,0.002579641502056027,-0.0009595031971713669,0.0,0.0,-0.0009590430211706022,0.0,0.056519159769751914,-0.009413089110669515,3,3,price=observed;tvl=observed;lp_amount=none,False
2022-10-18T13:00:00+00:00,,,,0.01801854522414413,,WETH,pool_swap_ratio,0,4357,6952.485697091628,,15775084,0.0,,0,0,0.0,0.0,0.0,0.0,,0,0,,,,0.0,0.0,0.0,0,0.0,0.0,0.0,0.0,0.0,0.0,0.0,,3,3,price=carried;tvl=carried;lp_amount=none,True
2022-10-18T14:00:00+00:00,,,,0.01801854522414413,,WETH,pool_swap_ratio,0,7957,6952.485697091628,,15775084,0.0,,0,0,0.0,0.0,0.0,0.0,,0,0,,,,0.0,0.0,0.0,0,0.0,0.0,0.0,0.0,0.0,0.0,0.0,,3,3,price=carried;tvl=carried;lp_amount=none,True
2022-10-18T15:00:00+00:00,,,,0.01801854522414413,,WETH,pool_swap_ratio,0,11557,6952.485697091628,,15775084,0.0,,0,0,0.0,0.0,0.0,0.0,,0,0,,,,0.0,0.0,0.0,0,0.0,0.0,0.0,0.0,0.0,0.0,0.0,,3,3,price=carried;tvl=carried;lp_amount=none,True
2022-10-18T16:00:00+00:00,,,,0.01801854522414413,,WETH,pool_swap_ratio,0,15157,6952.485697091628,,15775084,0.0,,0,0,0.0,0.0,0.0,0.0,,0,0,,,,0.0,0.0,0.0,0,0.0,0.0,0.0,0.0,0.0,0.0,0.0,,3,3,price=carried;tvl=carried;lp_amount=none,True
2022-10-18T17:00:00+00:00,,,,0.01801854522414413,,WETH,pool_swap_ratio,0,18757,6952.485697091628,,15775084,0.0,,0,0,0.0,0.0,0.0,0.0,,0,0,,,,0.0,0.0,0.0,0,0.0,0.0,0.0,0.0,0.0,0.0,0.0,,3,3,price=carried;tvl=carried;lp_amount=none,True
2022-10-18T18:00:00+00:00,,,,0.01801854522414413,,WETH,pool_swap_ratio,0,22357,6952.485697091628,,15775084,0.0,,0,0,0.0,0.0,0.0,0.0,,0,0,,,,0.0,0.0,0.0,0,0.0,0.0,0.0,0.0,0.0,0.0,0.0,,3,3,price=carried;tvl=carried;lp_amount=none,True
2022-10-18T19:00:00+00:00,,,,0.01801854522414413,,WETH,pool_swap_ratio,0,25957,6952.485697091628,,15775084,0.0,,0,0,0.0,0.0,0.0,0.0,,0,0,,,,0.0,0.0,0.0,0,0.0,0.0,0.0,0.0,0.0,0.0,0.0,,3,3,price=carried;tvl=carried;lp_amount=none,True
2022-10-18T20:00:00+00:00,,,,0.01801854522414413,,WETH,pool_swap_ratio,0,29557,6952.485697091628,,15775084,0.0,,0,0,0.0,0.0,0.0,0.0,,0,0,,,,0.0,0.0,0.0,0,0.0,0.0,0.0,0.0,0.0,0.0,0.0,,3,3,price=carried;tvl=carried;lp_amount=none,True
2022-10-18T21:00:00+00:00,0.018332565760327234,0.018815493017309948,0.018095725061548957,0.018095725061548957,0.018454327133757914,WETH,pool_swap_ratio,4,3109,6939.277459993539,,15777580,415.49505786330053,,4,3,0.0,0.0,0.0,0.0,,0,0,,,,201.14341038260582,214.35164748069468,-13.208237098088858,4,0.004274208189348754,-0.0019015931856707746,0.0,0.0,-0.0018997863028490866,0.0,0.0597620873980526,-0.01943186926349527,3,3,price=observed;tvl=observed;lp_amount=none,False
2022-10-18T22:00:00+00:00,,,,0.018095725061548957,,WETH,pool_swap_ratio,0,6709,6939.277459993539,,15777580,0.0,,0,0,0.0,0.0,0.0,0.0,,0,0,,,,0.0,0.0,0.0,0,0.0,0.0,0.0,0.0,0.0,0.0,0.0,,3,3,price=carried;tvl=carried;lp_amount=none,True
2022-10-18T23:00:00+00:00,,,,0.018095725061548957,,WETH,pool_swap_ratio,0,10309,6939.277459993539,,15777580,0.0,,0,0,0.0,0.0,0.0,0.0,,0,0,,,,0.0,0.0,0.0,0,0.0,0.0,0.0,0.0,0.0,0.0,0.0,,3,3,price=carried;tvl=carried;lp_amount=none,True
2022-10-19T00:00:00+00:00,0.01811525517688857,0.01811525517688857,0.01811525517688857,0.01811525517688857,0.01811525517688857,WETH,pool_swap_ratio,1,1165,6922.274188582796,,15778635,17.003271410742524,,1,1,0.0,0.0,0.0,0.0,,0,0,,,,0.0,17.003271410742524,-17.003271410742524,1,0.0010786848135410584,-0.0024533010978755178,0.0,0.0,-0.002450294214170009,0.0,0.002450294214170009,0.0,3,3,price=observed;tvl=observed;lp_amount=none,False
2022-10-19T01:00:00+00:00,0.017926333400022965,0.017926333400022965,0.017389946109483696,0.017623196705185792,0.017801920307652392,WETH,pool_swap_ratio,5,2593,7027.8088204091055,,15778815,156.4216844163181,,5,2,0.0,0.0,0.0,0.0,,0,0,,,,130.978158121314,25.443526295004073,105.53463182630993,5,-0.02753838188012462,0.01513061178706164,0.0,0.0,0.01524565900616487,0.0,0.022596863423051214,-0.0100395687306708,3,3,price=observed;tvl=observed;lp_amount=none,False
2022-10-19T02:00:00+00:00,0.01780249431463492,0.01780249431463492,0.01780249431463492,0.01780249431463492,0.01780249431463492,WETH,pool_swap_ratio,1,1417,7029.508820409106,,15779208,1.7,,1,1,0.0,0.0,0.0,0.0,,0,0,,,,1.7,0.0,1.7,1,0.010122548651963926,0.00024186691255412718,0.0,0.0,0.00024189616471397395,0.0,0.00024189616471397395,0.0,3,3,price=observed;tvl=observed;lp_amount=none,False
2022-10-19T03:00:00+00:00,,,,0.01780249431463492,,WETH,pool_swap_ratio,0,5017,7029.508820409106,,15779208,0.0,,0,0,0.0,0.0,0.0,0.0,,0,0,,,,0.0,0.0,0.0,0,0.0,0.0,0.0,0.0,0.0,0.0,0.0,,3,3,price=carried;tvl=carried;lp_amount=none,True
2022-10-19T04:00:00+00:00,0.0179877592858935,0.0179877592858935,0.0179877592858935,0.0179877592858935,0.0179877592858935,WETH,pool_swap_ratio,1,829,6991.508820409105,,15779855,38.00000000000081,,1,1,0.0,0.0,0.0,0.0,,0,0,,,,0.0,38.00000000000081,-38.00000000000081,1,0.010352909375307752,-0.0054204472191729585,0.0,0.0,-0.005405783102465653,0.0,0.005405783102465653,0.0,3,3,price=observed;tvl=observed;lp_amount=none,False
2022-10-19T05:00:00+00:00,0.017885772228454253,0.017885772228454253,0.017885772228454253,0.017885772228454253,0.017885772228454253,WETH,pool_swap_ratio,1,1585,7026.908820409105,,15780092,35.4,,1,1,0.0,0.0,0.0,0.0,,0,0,,,,35.4,0.0,35.4,1,-0.005685937676221206,0.0050505094304574534,0.0,0.0,0.005063284751449199,0.0,0.005063284751449199,0.0,3,3,price=observed;tvl=observed;lp_amount=none,False
2022-10-19T06:00:00+00:00,,,,0.017885772228454253,,WETH,pool_swap_ratio,0,5185,7026.908820409105,,15780092,0.0,,0,0,0.0,0.0,0.0,0.0,,0,0,,,,0.0,0.0,0.0,0,0.0,0.0,0.0,0.0,0.0,0.0,0.0,,3,3,price=carried;tvl=carried;lp_amount=none,True
2022-10-19T07:00:00+00:00,0.01773376985212621,0.017735865242203705,0.01773376985212621,0.017735865242203705,0.017734643137483182,WETH,pool_swap_ratio,2,1093,7111.608820409106,,15780730,84.69999999999999,,2,1,0.0,0.0,0.0,0.0,,0,0,,,,84.69999999999999,0.0,84.69999999999999,2,-0.00841667491165147,0.011981597425466459,0.0,0.0,0.012053664301719056,0.0,0.012053664301719056,6.89105899143172e-05,3,3,price=observed;tvl=observed;lp_amount=none,False
2022-10-19T08:00:00+00:00,0.017597032891649603,0.017597032891649603,0.017587005422468736,0.017587005422468736,0.01759285380670577,WETH,pool_swap_ratio,2,637,7197.508820409105,,15781062,85.9,,2,1,0.0,0.0,0.0,0.0,,0,0,,,,85.9,0.0,85.9,2,-0.008428573227115516,0.012006475041506648,0.0,0.0,0.012078842097372066,0.0,0.012078842097372066,-0.0003324295365203511,3,3,price=observed;tvl=observed;lp_amount=none,False
2022-10-19T09:00:00+00:00,0.01769615150099588,0.01769615150099588,0.01769615150099588,0.01769615150099588,0.01769615150099588,WETH,pool_swap_ratio,1,3085,7210.708820409105,,15781156,13.2,,1,1,0.0,0.0,0.0,0.0,,0,0,,,,13.2,0.0,13.2,1,0.006186885539602379,0.0018322882152490493,0.0,0.0,0.001833967881021605,0.0,0.001833967881021605,0.0,3,3,price=observed;tvl=observed;lp_amount=none,False
2022-10-19T10:00:00+00:00,0.01764975482819168,0.01764975482819168,0.01764975482819168,0.01764975482819168,0.01764975482819168,WETH,pool_swap_ratio,1,349,7195.624494836258,,15781682,15.08432557284669,,1,1,0.0,0.0,0.0,0.0,,0,0,,,,0.0,15.08432557284669,-15.08432557284669,1,-0.0026252940875189728,-0.0020941249595273015,0.0,0.0,-0.002091933809634941,0.0,0.002091933809634941,0.0,3,3,price=observed;tvl=observed;lp_amount=none,False
2022-10-19T11:00:00+00:00,,,,0.01764975482819168,,WETH,pool_swap_ratio,0,3949,7195.624494836258,,15781682,0.0,,0,0,0.0,0.0,0.0,0.0,,0,0,,,,0.0,0.0,0.0,0,0.0,0.0,0.0,0.0,0.0,0.0,0.0,,3,3,price=carried;tvl=carried;lp_amount=none,True
2022-10-19T12:00:00+00:00,,,,0.01764975482819168,,WETH,pool_swap_ratio,0,7549,7195.624494836258,,15781682,0.0,,0,0,0.0,0.0,0.0,0.0,,0,0,,,,0.0,0.0,0.0,0,0.0,0.0,0.0,0.0,0.0,0.0,0.0,,3,3,price=carried;tvl=carried;lp_amount=none,True
2022-10-19T13:00:00+00:00,0.017547829596029667,0.017547829596029667,0.017547829596029667,0.017547829596029667,0.017547829596029667,WETH,pool_swap_ratio,1,757,7208.912789373669,,15782546,13.288294537410092,,1,1,0.0,0.0,0.0,0.0,,0,0,,,,13.288294537410092,0.0,13.288294537410092,1,-0.005791620006573342,0.0018450156426078428,0.0,0.0,0.0018467187312159036,0.0,0.0018467187312159036,0.0,3,3,price=observed;tvl=observed;lp_amount=none,False
2022-10-19T14:00:00+00:00,,,,0.017547829596029667,,WETH,pool_swap_ratio,0,4357,7208.912789373669,,15782546,0.0,,0,0,0.0,0.0,0.0,0.0,,0,0,,,,0.0,0.0,0.0,0,0.0,0.0,0.0,0.0,0.0,0.0,0.0,,3,3,price=carried;tvl=carried;lp_amount=none,True
2022-10-19T15:00:00+00:00,,,,0.017547829596029667,,WETH,pool_swap_ratio,0,7957,7208.912789373669,,15782546,0.0,,0,0,0.0,0.0,0.0,0.0,,0,0,,,,0.0,0.0,0.0,0,0.0,0.0,0.0,0.0,0.0,0.0,0.0,,3,3,price=carried;tvl=carried;lp_amount=none,True
2022-10-19T16:00:00+00:00,,,,0.017547829596029667,,WETH,pool_swap_ratio,0,11557,7208.912789373669,,15782546,0.0,,0,0,0.0,0.0,0.0,0.0,,0,0,,,,0.0,0.0,0.0,0,0.0,0.0,0.0,0.0,0.0,0.0,0.0,,3,3,price=carried;tvl=carried;lp_amount=none,True
2022-10-19T17:00:00+00:00,,,,0.017547829596029667,,WETH,pool_swap_ratio,0,15157,7208.912789373669,,15782546,0.0,,0,0,0.0,0.0,0.0,0.0,,0,0,,,,0.0,0.0,0.0,0,0.0,0.0,0.0,0.0,0.0,0.0,0.0,,3,3,price=carried;tvl=carried;lp_amount=none,True
2022-10-19T18:00:00+00:00,0.017762803931551316,0.017762803931551316,0.017762803931551316,0.017762803931551316,0.017762803931551316,WETH,pool_swap_ratio,1,2173,7143.829634353956,,15783921,65.08315501971236,,1,1,0.0,0.0,0.0,0.0,,0,0,,,,0.0,65.08315501971236,-65.08315501971236,1,0.012176331608989574,-0.009069151969129075,0.0,0.0,-0.009028151251274463,0.0,0.009028151251274463,0.0,3,3,price=observed;tvl=observed;lp_amount=none,False
2022-10-19T19:00:00+00:00,0.018002473113819674,0.018002473113819674,0.01787551804502695,0.01787551804502695,0.01796480458887359,WETH,pool_swap_ratio,3,757,7066.898772794777,,15784334,180.22558823312949,,3,2,0.0,0.0,0.0,0.0,,0,0,,,,51.64736333697483,128.57822489615464,-76.93086155917982,3,0.006325465568851821,-0.01082725823770537,0.0,0.0,-0.010768854451571334,0.0,0.025228147570379174,-0.004970081550563443,3,3,price=observed;tvl=observed;lp_amount=none,False
2022-10-19T20:00:00+00:00,,,,0.01787551804502695,,WETH,pool_swap_ratio,0,4357,7066.898772794777,,15784334,0.0,,0,0,0.0,0.0,0.0,0.0,,0,0,,,,0.0,0.0,0.0,0,0.0,0.0,0.0,0.0,0.0,0.0,0.0,,3,3,price=carried;tvl=carried;lp_amount=none,True
2022-10-19T21:00:00+00:00,0.01764730499868411,0.01764730499868411,0.01764730499868411,0.01764730499868411,0.01764730499868411,WETH,pool_swap_ratio,1,3217,7149.125722794777,,15784725,82.22695,,1,1,0.0,0.0,0.0,0.0,,0,0,,,,82.22695,0.0,82.22695,1,-0.01284898927196529,0.011568335020059418,0.0,0.0,0.011635506980310312,0.0,0.011635506980310312,0.0,3,3,price=observed;tvl=observed;lp_amount=none,False
2022-10-19T22:00:00+00:00,0.017643695700407632,0.017643695700407632,0.017643695700407632,0.017643695700407632,0.017643695700407632,WETH,pool_swap_ratio,1,1309,7207.308029509901,,15785181,58.18230671512413,,1,1,0.0,0.0,0.0,0.0,,0,0,,,,58.18230671512413,0.0,58.18230671512413,1,-0.0002045449671340903,0.008105442654912864,0.0,0.0,0.008138380687531001,0.0,0.008138380687531001,0.0,3,3,price=observed;tvl=observed;lp_amount=none,False
2022-10-19T23:00:00+00:00,,,,0.017643695700407632,,WETH,pool_swap_ratio,0,4909,7207.308029509901,,15785181,0.0,,0,0,0.0,0.0,0.0,0.0,,0,0,,,,0.0,0.0,0.0,0,0.0,0.0,0.0,0.0,0.0,0.0,0.0,,3,3,price=carried;tvl=carried;lp_amount=none,True
2022-10-20T00:00:00+00:00,,,,0.017643695700407632,,WETH,pool_swap_ratio,0,8509,7207.308029509901,,15785181,0.0,,0,0,0.0,0.0,0.0,0.0,,0,0,,,,0.0,0.0,0.0,0,0.0,0.0,0.0,0.0,0.0,0.0,0.0,,3,3,price=carried;tvl=carried;lp_amount=none,True
2022-10-20T01:00:00+00:00,0.017682930613961426,0.017682930613961426,0.017682930613961426,0.017682930613961426,0.017682930613961426,WETH,pool_swap_ratio,1,1009,7181.122339329379,,15786102,26.1856901805218,,1,1,0.0,0.0,0.0,0.0,,0,0,,,,0.0,26.1856901805218,-26.1856901805218,1,0.0022212667202816242,-0.0036398298381476054,0.0,0.0,-0.0036332136871777957,0.0,0.0036332136871777957,0.0,3,3,price=observed;tvl=observed;lp_amount=none,False
2022-10-20T02:00:00+00:00,,,,0.017682930613961426,,WETH,pool_swap_ratio,0,4609,7181.122339329379,,15786102,0.0,,0,0,0.0,0.0,0.0,0.0,,0,0,,,,0.0,0.0,0.0,0,0.0,0.0,0.0,0.0,0.0,0.0,0.0,,3,3,price=carried;tvl=carried;lp_amount=none,True
2022-10-20T03:00:00+00:00,,,,0.017682930613961426,,WETH,pool_swap_ratio,0,8209,7181.122339329379,,15786102,0.0,,0,0,0.0,0.0,0.0,0.0,,0,0,,,,0.0,0.0,0.0,0,0.0,0.0,0.0,0.0,0.0,0.0,0.0,,3,3,price=carried;tvl=carried;lp_amount=none,True
2022-10-20T04:00:00+00:00,0.017569241467919307,0.017569241467919307,0.017569241467919307,0.017569241467919307,0.017569241467919307,WETH,pool_swap_ratio,1,1861,7211.122862181668,,15786923,30.000522852288658,,1,1,0.0,0.0,0.0,0.0,,0,0,,,,30.000522852288658,0.0,30.000522852288658,1,-0.0064500729165140325,0.004168990436750835,0.0,0.0,0.0041776927664889645,0.0,0.0041776927664889645,0.0,3,3,price=observed;tvl=observed;lp_amount=none,False
2022-10-20T05:00:00+00:00,,,,0.017569241467919307,,WETH,pool_swap_ratio,0,5461,7211.122862181668,,15786923,0.0,,0,0,0.0,0.0,0.0,0.0,,0,0,,,,0.0,0.0,0.0,0,0.0,0.0,0.0,0.0,0.0,0.0,0.0,,3,3,price=carried;tvl=carried;lp_amount=none,True
2022-10-20T06:00:00+00:00,,,,0.017569241467919307,,WETH,pool_swap_ratio,0,9061,7211.122862181668,,15786923,0.0,,0,0,0.0,0.0,0.0,0.0,,0,0,,,,0.0,0.0,0.0,0,0.0,0.0,0.0,0.0,0.0,0.0,0.0,,3,3,price=carried;tvl=carried;lp_amount=none,True
2022-10-20T07:00:00+00:00,,,,0.017569241467919307,,WETH,pool_swap_ratio,0,12661,7211.122862181668,,15786923,0.0,,0,0,0.0,0.0,0.0,0.0,,0,0,,,,0.0,0.0,0.0,0,0.0,0.0,0.0,0.0,0.0,0.0,0.0,,3,3,price=carried;tvl=carried;lp_amount=none,True
2022-10-20T08:00:00+00:00,0.017609037168926304,0.017609037168926304,0.017609037168926304,0.017609037168926304,0.017609037168926304,WETH,pool_swap_ratio,1,1429,7211.122819805276,,15788155,4.2376391897042e-05,,1,1,0.0,0.0,0.0,0.0,,0,0,,,,0.0,4.2376391897042e-05,-4.2376391897042e-05,1,0.0022625165030920576,-5.876531722962055e-09,0.0,0.0,-5.876531672935796e-09,0.0,5.876531672935796e-09,0.0,3,3,price=observed;tvl=observed;lp_amount=none,False
2022-10-20T09:00:00+00:00,,,,0.017609037168926304,,WETH,pool_swap_ratio,0,5029,7211.122819805276,,15788155,0.0,,0,0,0.0,0.0,0.0,0.0,,0,0,,,,0.0,0.0,0.0,0,0.0,0.0,0.0,0.0,0.0,0.0,0.0,,3,3,price=carried;tvl=carried;lp_amount=none,True
2022-10-20T10:00:00+00:00,,,,0.017609037168926304,,WETH,pool_swap_ratio,0,8629,7211.122819805276,,15788155,0.0,,0,0,0.0,0.0,0.0,0.0,,0,0,,,,0.0,0.0,0.0,0,0.0,0.0,0.0,0.0,0.0,0.0,0.0,,3,3,price=carried;tvl=carried;lp_amount=none,True
2022-10-20T11:00:00+00:00,,,,0.017609037168926304,,WETH,pool_swap_ratio,0,12229,7211.122819805276,,15788155,0.0,,0,0,0.0,0.0,0.0,0.0,,0,0,,,,0.0,0.0,0.0,0,0.0,0.0,0.0,0.0,0.0,0.0,0.0,,3,3,price=carried;tvl=carried;lp_amount=none,True
2022-10-20T12:00:00+00:00,,,,0.017609037168926304,,WETH,pool_swap_ratio,0,15829,7211.122819805276,,15788155,0.0,,0,0,0.0,0.0,0.0,0.0,,0,0,,,,0.0,0.0,0.0,0,0.0,0.0,0.0,0.0,0.0,0.0,0.0,,3,3,price=carried;tvl=carried;lp_amount=none,True
2022-10-20T13:00:00+00:00,,,,0.017609037168926304,,WETH,pool_swap_ratio,0,19429,7211.122819805276,,15788155,0.0,,0,0,0.0,0.0,0.0,0.0,,0,0,,,,0.0,0.0,0.0,0,0.0,0.0,0.0,0.0,0.0,0.0,0.0,,3,3,price=carried;tvl=carried;lp_amount=none,True
2022-10-20T14:00:00+00:00,,,,0.017609037168926304,,WETH,pool_swap_ratio,0,23029,7211.122819805276,,15788155,0.0,,0,0,0.0,0.0,0.0,0.0,,0,0,,,,0.0,0.0,0.0,0,0.0,0.0,0.0,0.0,0.0,0.0,0.0,,3,3,price=carried;tvl=carried;lp_amount=none,True
2022-10-20T15:00:00+00:00,,,,0.017609037168926304,,WETH,pool_swap_ratio,0,26629,7211.122819805276,,15788155,0.0,,0,0,0.0,0.0,0.0,0.0,,0,0,,,,0.0,0.0,0.0,0,0.0,0.0,0.0,0.0,0.0,0.0,0.0,,3,3,price=carried;tvl=carried;lp_amount=none,True
2022-10-20T16:00:00+00:00,,,,0.017609037168926304,,WETH,pool_swap_ratio,0,30229,7211.122819805276,,15788155,0.0,,0,0,0.0,0.0,0.0,0.0,,0,0,,,,0.0,0.0,0.0,0,0.0,0.0,0.0,0.0,0.0,0.0,0.0,,3,3,price=carried;tvl=carried;lp_amount=none,True
2022-10-20T17:00:00+00:00,,,,0.017609037168926304,,WETH,pool_swap_ratio,0,33829,7211.122819805276,,15788155,0.0,,0,0,0.0,0.0,0.0,0.0,,0,0,,,,0.0,0.0,0.0,0,0.0,0.0,0.0,0.0,0.0,0.0,0.0,,3,3,price=carried;tvl=carried;lp_amount=none,True
2022-10-20T18:00:00+00:00,,,,0.017609037168926304,,WETH,pool_swap_ratio,0,37429,7211.122819805276,,15788155,0.0,,0,0,0.0,0.0,0.0,0.0,,0,0,,,,0.0,0.0,0.0,0,0.0,0.0,0.0,0.0,0.0,0.0,0.0,,3,3,price=carried;tvl=carried;lp_amount=none,True
2022-10-20T19:00:00+00:00,,,,0.017609037168926304,,WETH,pool_swap_ratio,0,41029,7211.122819805276,,15788155,0.0,,0,0,0.0,0.0,0.0,0.0,,0,0,,,,0.0,0.0,0.0,0,0.0,0.0,0.0,0.0,0.0,0.0,0.0,,3,3,price=carried;tvl=carried;lp_amount=none,True
2022-10-20T20:00:00+00:00,,,,0.017609037168926304,,WETH,pool_swap_ratio,0,44629,7211.122819805276,,15788155,0.0,,0,0,0.0,0.0,0.0,0.0,,0,0,,,,0.0,0.0,0.0,0,0.0,0.0,0.0,0.0,0.0,0.0,0.0,,3,3,price=carried;tvl=carried;lp_amount=none,True
2022-10-20T21:00:00+00:00,0.0174672483737628,0.0174672483737628,0.0174672483737628,0.0174672483737628,0.0174672483737628,WETH,pool_swap_ratio,1,2377,7261.122819805275,,15791956,50.0,,1,1,0.0,0.0,0.0,0.0,,0,0,,,,50.0,0.0,50.0,1,-0.008084639822136188,0.006909805179396536,0.0,0.0,0.00693373296356505,0.0,0.00693373296356505,0.0,3,3,price=observed;tvl=observed;lp_amount=none,False
2022-10-20T22:00:00+00:00,,,,0.0174672483737628,,WETH,pool_swap_ratio,0,5977,7261.122819805275,,15791956,0.0,,0,0,0.0,0.0,0.0,0.0,,0,0,,,,0.0,0.0,0.0,0,0.0,0.0,0.0,0.0,0.0,0.0,0.0,,3,3,price=carried;tvl=carried;lp_amount=none,True
2022-10-20T23:00:00+00:00,,,,0.0174672483737628,,WETH,pool_swap_ratio,0,9577,7261.122819805275,,15791956,0.0,,0,0,0.0,0.0,0.0,0.0,,0,0,,,,0.0,0.0,0.0,0,0.0,0.0,0.0,0.0,0.0,0.0,0.0,,3,3,price=carried;tvl=carried;lp_amount=none,True
2022-10-21T00:00:00+00:00,,,,0.0174672483737628,,WETH,pool_swap_ratio,0,13177,7261.122819805275,,15791956,0.0,,0,0,0.0,0.0,0.0,0.0,,0,0,,,,0.0,0.0,0.0,0,0.0,0.0,0.0,0.0,0.0,0.0,0.0,,3,3,price=carried;tvl=carried;lp_amount=none,True
2022-10-21T01:00:00+00:00,0.017683577178610018,0.017683577178610018,0.017312386305277917,0.01743436790272021,0.017476803101084248,WETH,pool_swap_ratio,6,241,7361.535671906724,,15793333,168.27242530202975,,6,5,0.0,0.0,0.0,0.0,,0,0,,,,134.34263870173953,33.929786600290214,100.41285210144932,6,-0.001884180979450012,0.013734086796746672,0.0,0.0,0.0138288326190497,0.0,0.023174435893448003,-0.0024280869972955754,3,3,price=observed;tvl=observed;lp_amount=none,False
2022-10-21T02:00:00+00:00,0.017301342726361545,0.017301342726361545,0.017301342726361545,0.017301342726361545,0.017301342726361545,WETH,pool_swap_ratio,1,865,7379.109917632758,,15793581,17.57424572603426,,1,1,0.0,0.0,0.0,0.0,,0,0,,,,17.57424572603426,0.0,17.57424572603426,1,-0.007659312233802188,0.0023844619214327357,0.0,0.0,0.0023873070116472482,0.0,0.0023873070116472482,0.0,3,3,price=observed;tvl=observed;lp_amount=none,False
2022-10-21T03:00:00+00:00,0.01732270717592919,0.01732270717592919,0.01732270717592919,0.01732270717592919,0.01732270717592919,WETH,pool_swap_ratio,1,3457,7382.109917632758,,15793665,3.0,,1,1,0.0,0.0,0.0,0.0,,0,0,,,,3.0,0.0,3.0,1,0.001234081647835219,0.00040647047802064523,0.0,0.0,0.0004065530983393197,0.0,0.0004065530983393197,0.0,3,3,price=observed;tvl=observed;lp_amount=none,False
2022-10-21T04:00:00+00:00,,,,0.01732270717592919,,WETH,pool_swap_ratio,0,7057,7382.109917632758,,15793665,0.0,,0,0,0.0,0.0,0.0,0.0,,0,0,,,,0.0,0.0,0.0,0,0.0,0.0,0.0,0.0,0.0,0.0,0.0,,3,3,price=carried;tvl=carried;lp_amount=none,True
2022-10-21T05:00:00+00:00,0.017137167777866866,0.01727449487834001,0.017137167777866866,0.01727449487834001,0.01717664547066801,WETH,pool_swap_ratio,3,277,7480.78382216717,,15794525,222.40366772813718,,3,2,0.0,0.0,0.0,0.0,,0,0,,,,160.53878613127387,61.86488159686331,98.67390453441055,3,-0.002787065192260535,0.013278081106264506,0.0,0.0,0.013366626294566553,0.0,0.03012738501724396,0.005696654089944131,3,3,price=observed;tvl=observed;lp_amount=none,False
2022-10-21T06:00:00+00:00,0.016733400036022604,0.017037728143123647,0.016672804505863524,0.01682460517195111,0.016891747286413416,WETH,pool_swap_ratio,6,3337,7465.026528387588,,15794570,1016.114709692845,,6,3,0.0,0.0,0.0,0.0,,0,0,,,,500.17870795663157,515.9360017362134,-15.7572937795818,6,-0.02638872068140698,-0.0021085908690496075,0.0,0.0,-0.002106369353020141,0.0,0.13582997902998864,-0.003974847203421672,3,3,price=observed;tvl=observed;lp_amount=none,False
2022-10-21T07:00:00+00:00,,,,0.01682460517195111,,WETH,pool_swap_ratio,0,6937,7465.026528387588,,15794570,0.0,,0,0,0.0,0.0,0.0,0.0,,0,0,,,,0.0,0.0,0.0,0,0.0,0.0,0.0,0.0,0.0,0.0,0.0,,3,3,price=carried;tvl=carried;lp_amount=none,True
2022-10-21T08:00:00+00:00,,,,0.01682460517195111,,WETH,pool_swap_ratio,0,10537,7465.026528387588,,15794570,0.0,,0,0,0.0,0.0,0.0,0.0,,0,0,,,,0.0,0.0,0.0,0,0.0,0.0,0.0,0.0,0.0,0.0,0.0,,3,3,price=carried;tvl=carried;lp_amount=none,True
2022-10-21T09:00:00+00:00,0.01743205334609008,0.01743205334609008,0.01743205334609008,0.01743205334609008,0.01743205334609008,WETH,pool_swap_ratio,1,2749,7436.44983712538,,15795515,28.576691262206953,,1,1,0.0,0.0,0.0,0.0,,0,0,,,,0.0,28.576691262206953,-28.576691262206953,1,0.03546824937023274,-0.003835422154505275,0.0,0.0,-0.0038280763174165693,0.0,0.0038280763174165693,0.0,3,3,price=observed;tvl=observed;lp_amount=none,False
2022-10-21T10:00:00+00:00,,,,0.01743205334609008,,WETH,pool_swap_ratio,0,6349,7436.44983712538,,15795515,0.0,,0,0,0.0,0.0,0.0,0.0,,0,0,,,,0.0,0.0,0.0,0,0.0,0.0,0.0,0.0,0.0,0.0,0.0,,3,3,price=carried;tvl=carried;lp_amount=none,True
2022-10-21T11:00:00+00:00,,,,0.01743205334609008,,WETH,pool_swap_ratio,0,9949,7436.44983712538,,15795515,0.0,,0,0,0.0,0.0,0.0,0.0,,0,0,,,,0.0,0.0,0.0,0,0.0,0.0,0.0,0.0,0.0,0.0,0.0,,3,3,price=carried;tvl=carried;lp_amount=none,True
2022-10-21T12:00:00+00:00,0.01748819899557274,0.01748819899557274,0.01748819899557274,0.01748819899557274,0.01748819899557274,WETH,pool_swap_ratio,1,1633,7391.275999161431,,15796505,45.17383796394927,,1,1,0.0,0.0,0.0,0.0,,0,0,,,,0.0,45.17383796394927,-45.17383796394927,1,0.003215652470899674,-0.006093176826437348,0.0,0.0,-0.006074651070518292,0.0,0.006074651070518292,0.0,3,3,price=observed;tvl=observed;lp_amount=none,False
2022-10-21T13:00:00+00:00,,,,0.01748819899557274,,WETH,pool_swap_ratio,0,5233,7391.275999161431,,15796505,0.0,,0,0,0.0,0.0,0.0,0.0,,0,0,,,,0.0,0.0,0.0,0,0.0,0.0,0.0,0.0,0.0,0.0,0.0,,3,3,price=carried;tvl=carried;lp_amount=none,True
2022-10-21T14:00:00+00:00,,,,0.01748819899557274,,WETH,pool_swap_ratio,0,8833,7391.275999161431,,15796505,0.0,,0,0,0.0,0.0,0.0,0.0,,0,0,,,,0.0,0.0,0.0,0,0.0,0.0,0.0,0.0,0.0,0.0,0.0,,3,3,price=carried;tvl=carried;lp_amount=none,True
2022-10-21T15:00:00+00:00,,,,0.01748819899557274,,WETH,pool_swap_ratio,0,12433,7391.275999161431,,15796505,0.0,,0,0,0.0,0.0,0.0,0.0,,0,0,,,,0.0,0.0,0.0,0,0.0,0.0,0.0,0.0,0.0,0.0,0.0,,3,3,price=carried;tvl=carried;lp_amount=none,True
2022-10-21T16:00:00+00:00,0.01738079676103479,0.01738079676103479,0.01738079676103479,0.01738079676103479,0.01738079676103479,WETH,pool_swap_ratio,1,2269,7437.8759991614315,,15797642,46.6,,1,1,0.0,0.0,0.0,0.0,,0,0,,,,46.6,0.0,46.6,1,-0.006160348003480434,0.006284938396826204,0.0,0.0,0.006304730063562361,0.0,0.006304730063562361,0.0,3,3,price=observed;tvl=observed;lp_amount=none,False
2022-10-21T17:00:00+00:00,,,,0.01738079676103479,,WETH,pool_swap_ratio,0,5869,7437.8759991614315,,15797642,0.0,,0,0,0.0,0.0,0.0,0.0,,0,0,,,,0.0,0.0,0.0,0,0.0,0.0,0.0,0.0,0.0,0.0,0.0,,3,3,price=carried;tvl=carried;lp_amount=none,True
2022-10-21T18:00:00+00:00,,,,0.01738079676103479,,WETH,pool_swap_ratio,0,9469,7437.8759991614315,,15797642,0.0,,0,0,0.0,0.0,0.0,0.0,,0,0,,,,0.0,0.0,0.0,0,0.0,0.0,0.0,0.0,0.0,0.0,0.0,,3,3,price=carried;tvl=carried;lp_amount=none,True
2022-10-21T19:00:00+00:00,,,,0.01738079676103479,,WETH,pool_swap_ratio,0,13069,7437.8759991614315,,15797642,0.0,,0,0,0.0,0.0,0.0,0.0,,0,0,,,,0.0,0.0,0.0,0,0.0,0.0,0.0,0.0,0.0,0.0,0.0,,3,3,price=carried;tvl=carried;lp_amount=none,True
2022-10-21T20:00:00+00:00,0.017253542700688216,0.017253542700688216,0.017253542700688216,0.017253542700688216,0.017253542700688216,WETH,pool_swap_ratio,1,2725,7453.8205271614315,,15798799,15.944528,,1,1,0.0,0.0,0.0,0.0,,0,0,,,,15.944528,0.0,15.944528,1,-0.0073484660003097285,0.0021413992777437685,0.0,0.0,0.002143693710650411,0.0,0.002143693710650411,0.0,3,3,price=observed;tvl=observed;lp_amount=none,False
2022-10-21T21:00:00+00:00,,,,0.017253542700688216,,WETH,pool_swap_ratio,0,6325,7453.8205271614315,,15798799,0.0,,0,0,0.0,0.0,0.0,0.0,,0,0,,,,0.0,0.0,0.0,0,0.0,0.0,0.0,0.0,0.0,0.0,0.0,,3,3,price=carried;tvl=carried;lp_amount=none,True
2022-10-21T22:00:00+00:00,,,,0.017253542700688216,,WETH,pool_swap_ratio,0,9925,7453.8205271614315,,15798799,0.0,,0,0,0.0,0.0,0.0,0.0,,0,0,,,,0.0,0.0,0.0,0,0.0,0.0,0.0,0.0,0.0,0.0,0.0,,3,3,price=carried;tvl=carried;lp_amount=none,True
2022-10-21T23:00:00+00:00,,,,0.017253542700688216,,WETH,pool_swap_ratio,0,13525,7453.8205271614315,,15798799,0.0,,0,0,0.0,0.0,0.0,0.0,,0,0,,,,0.0,0.0,0.0,0,0.0,0.0,0.0,0.0,0.0,0.0,0.0,,3,3,price=carried;tvl=carried;lp_amount=none,True
2022-10-22T00:00:00+00:00,,,,0.017253542700688216,,WETH,pool_swap_ratio,0,17125,7453.8205271614315,,15798799,0.0,,0,0,0.0,0.0,0.0,0.0,,0,0,,,,0.0,0.0,0.0,0,0.0,0.0,0.0,0.0,0.0,0.0,0.0,,3,3,price=carried;tvl=carried;lp_amount=none,True
2022-10-22T01:00:00+00:00,0.01709327791559772,0.01733518696506328,0.01709327791559772,0.017259525797987847,0.017182616179465583,WETH,pool_swap_ratio,5,1273,7454.018981495184,,15800411,165.40201099076364,,5,4,0.0,0.0,0.0,0.0,,0,0,,,,82.80023266225814,82.6017783285055,0.1984543337526361,5,0.0003467148891613608,2.6624157531090912e-05,0.0,0.0,2.662451195725417e-05,0.0,0.022190232564366846,0.004476013298497339,3,3,price=observed;tvl=observed;lp_amount=none,False
2022-10-22T02:00:00+00:00,,,,0.017259525797987847,,WETH,pool_swap_ratio,0,4873,7454.018981495184,,15800411,0.0,,0,0,0.0,0.0,0.0,0.0,,0,0,,,,0.0,0.0,0.0,0,0.0,0.0,0.0,0.0,0.0,0.0,0.0,,3,3,price=carried;tvl=carried;lp_amount=none,True
2022-10-22T03:00:00+00:00,,,,0.017259525797987847,,WETH,pool_swap_ratio,0,8473,7454.018981495184,,15800411,0.0,,0,0,0.0,0.0,0.0,0.0,,0,0,,,,0.0,0.0,0.0,0,0.0,0.0,0.0,0.0,0.0,0.0,0.0,,3,3,price=carried;tvl=carried;lp_amount=none,True
2022-10-22T04:00:00+00:00,0.017345703609901144,0.017345703609901144,0.017345703609901144,0.017345703609901144,0.017345703609901144,WETH,pool_swap_ratio,1,1345,7444.018981495184,,15801301,10.0,,1,1,0.0,0.0,0.0,0.0,,0,0,,,,0.0,10.0,-10.0,1,0.004980633940985036,-0.001342458856216116,0.0,0.0,-0.0013415581614194018,0.0,0.0013415581614194018,0.0,3,3,price=observed;tvl=observed;lp_amount=none,False
2022-10-22T05:00:00+00:00,,,,0.017345703609901144,,WETH,pool_swap_ratio,0,4945,7444.018981495184,,15801301,0.0,,0,0,0.0,0.0,0.0,0.0,,0,0,,,,0.0,0.0,0.0,0,0.0,0.0,0.0,0.0,0.0,0.0,0.0,,3,3,price=carried;tvl=carried;lp_amount=none,True
2022-10-22T06:00:00+00:00,,,,0.017345703609901144,,WETH,pool_swap_ratio,0,8545,7444.018981495184,,15801301,0.0,,0,0,0.0,0.0,0.0,0.0,,0,0,,,,0.0,0.0,0.0,0,0.0,0.0,0.0,0.0,0.0,0.0,0.0,,3,3,price=carried;tvl=carried;lp_amount=none,True
2022-10-22T07:00:00+00:00,,,,0.017345703609901144,,WETH,pool_swap_ratio,0,12145,7444.018981495184,,15801301,0.0,,0,0,0.0,0.0,0.0,0.0,,0,0,,,,0.0,0.0,0.0,0,0.0,0.0,0.0,0.0,0.0,0.0,0.0,,3,3,price=carried;tvl=carried;lp_amount=none,True
2022-10-22T08:00:00+00:00,,,,0.017345703609901144,,WETH,pool_swap_ratio,0,15745,7444.018981495184,,15801301,0.0,,0,0,0.0,0.0,0.0,0.0,,0,0,,,,0.0,0.0,0.0,0,0.0,0.0,0.0,0.0,0.0,0.0,0.0,,3,3,price=carried;tvl=carried;lp_amount=none,True
2022-10-22T09:00:00+00:00,,,,0.017345703609901144,,WETH,pool_swap_ratio,0,19345,7444.018981495184,,15801301,0.0,,0,0,0.0,0.0,0.0,0.0,,0,0,,,,0.0,0.0,0.0,0,0.0,0.0,0.0,0.0,0.0,0.0,0.0,,3,3,price=carried;tvl=carried;lp_amount=none,True
2022-10-22T10:00:00+00:00,,,,0.017345703609901144,,WETH,pool_swap_ratio,0,22945,7444.018981495184,,15801301,0.0,,0,0,0.0,0.0,0.0,0.0,,0,0,,,,0.0,0.0,0.0,0,0.0,0.0,0.0,0.0,0.0,0.0,0.0,,3,3,price=carried;tvl=carried;lp_amount=none,True
2022-10-22T11:00:00+00:00,0.017196377849340794,0.017196377849340794,0.017196377849340794,0.017196377849340794,0.017196377849340794,WETH,pool_swap_ratio,1,1009,7448.8067189951835,,15803424,4.7877375,,1,1,0.0,0.0,0.0,0.0,,0,0,,,,4.7877375,0.0,4.7877375,1,-0.00864607368652983,0.0006429589335458797,0.0,0.0,0.0006431656759475847,0.0,0.0006431656759475847,0.0,3,3,price=observed;tvl=observed;lp_amount=none,False
2022-10-22T12:00:00+00:00,,,,0.017196377849340794,,WETH,pool_swap_ratio,0,4609,7448.8067189951835,,15803424,0.0,,0,0,0.0,0.0,0.0,0.0,,0,0,,,,0.0,0.0,0.0,0,0.0,0.0,0.0,0.0,0.0,0.0,0.0,,3,3,price=carried;tvl=carried;lp_amount=none,True
2022-10-22T13:00:00+00:00,,,,0.017196377849340794,,WETH,pool_swap_ratio,0,8209,7448.8067189951835,,15803424,0.0,,0,0,0.0,0.0,0.0,0.0,,0,0,,,,0.0,0.0,0.0,0,0.0,0.0,0.0,0.0,0.0,0.0,0.0,,3,3,price=carried;tvl=carried;lp_amount=none,True
2022-10-22T14:00:00+00:00,,,,0.017196377849340794,,WETH,pool_swap_ratio,0,11809,7448.8067189951835,,15803424,0.0,,0,0,0.0,0.0,0.0,0.0,,0,0,,,,0.0,0.0,0.0,0,0.0,0.0,0.0,0.0,0.0,0.0,0.0,,3,3,price=carried;tvl=carried;lp_amount=none,True
2022-10-22T15:00:00+00:00,0.01720268122417422,0.01720268122417422,0.01720268122417422,0.01720268122417422,0.01720268122417422,WETH,pool_swap_ratio,1,277,7478.255185284129,,15804676,29.44846628894492,,1,1,0.0,0.0,0.0,0.0,,0,0,,,,29.44846628894492,0.0,29.44846628894492,1,0.00036648530940953044,0.003945653161042945,0.0,0.0,0.003953447498355469,0.0,0.003953447498355469,0.0,3,3,price=observed;tvl=observed;lp_amount=none,False
2022-10-22T16:00:00+00:00,,,,0.01720268122417422,,WETH,pool_swap_ratio,0,3877,7478.255185284129,,15804676,0.0,,0,0,0.0,0.0,0.0,0.0,,0,0,,,,0.0,0.0,0.0,0,0.0,0.0,0.0,0.0,0.0,0.0,0.0,,3,3,price=carried;tvl=carried;lp_amount=none,True
2022-10-22T17:00:00+00:00,,,,0.01720268122417422,,WETH,pool_swap_ratio,0,7477,7478.255185284129,,15804676,0.0,,0,0,0.0,0.0,0.0,0.0,,0,0,,,,0.0,0.0,0.0,0,0.0,0.0,0.0,0.0,0.0,0.0,0.0,,3,3,price=carried;tvl=carried;lp_amount=none,True
2022-10-22T18:00:00+00:00,0.017321848145248335,0.017321848145248335,0.017171916863481067,0.0172745965310734,0.017265855103304886,WETH,pool_swap_ratio,4,49,7460.959346035803,,15805593,98.88869242496611,,4,2,0.0,0.0,0.0,0.0,,0,0,,,,40.79642658832036,58.09226583664575,-17.295839248325393,4,0.004171756929777363,-0.002315496164772801,0.0,0.0,-0.002312817471428431,0.0,0.013223497991825874,0.0005062840917067213,3,3,price=observed;tvl=observed;lp_amount=none,False
2022-10-22T19:00:00+00:00,0.017368203304650866,0.017368203304650866,0.017002947123089376,0.017002947123089376,0.017157447506369952,WETH,pool_swap_ratio,7,325,7565.311165163896,,15805868,154.14942132403795,,7,5,0.0,0.0,0.0,0.0,,0,0,,,,129.2506202260655,24.89880109797242,104.35181912809308,7,-0.0158503245139647,0.013889473991897834,0.0,0.0,0.013986380877887755,0.0,0.02066080435164701,-0.009004858282283257,3,3,price=observed;tvl=observed;lp_amount=none,False
2022-10-22T20:00:00+00:00,,,,0.017002947123089376,,WETH,pool_swap_ratio,0,3925,7565.311165163896,,15805868,0.0,,0,0,0.0,0.0,0.0,0.0,,0,0,,,,0.0,0.0,0.0,0,0.0,0.0,0.0,0.0,0.0,0.0,0.0,,3,3,price=carried;tvl=carried;lp_amount=none,True
2022-10-22T21:00:00+00:00,,,,0.017002947123089376,,WETH,pool_swap_ratio,0,7525,7565.311165163896,,15805868,0.0,,0,0,0.0,0.0,0.0,0.0,,0,0,,,,0.0,0.0,0.0,0,0.0,0.0,0.0,0.0,0.0,0.0,0.0,,3,3,price=carried;tvl=carried;lp_amount=none,True
2022-10-22T22:00:00+00:00,,,,0.017002947123089376,,WETH,pool_swap_ratio,0,11125,7565.311165163896,,15805868,0.0,,0,0,0.0,0.0,0.0,0.0,,0,0,,,,0.0,0.0,0.0,0,0.0,0.0,0.0,0.0,0.0,0.0,0.0,,3,3,price=carried;tvl=carried;lp_amount=none,True
2022-10-22T23:00:00+00:00,,,,0.017002947123089376,,WETH,pool_swap_ratio,0,14725,7565.311165163896,,15805868,0.0,,0,0,0.0,0.0,0.0,0.0,,0,0,,,,0.0,0.0,0.0,0,0.0,0.0,0.0,0.0,0.0,0.0,0.0,,3,3,price=carried;tvl=carried;lp_amount=none,True
2022-10-23T00:00:00+00:00,,,,0.017002947123089376,,WETH,pool_swap_ratio,0,18325,7565.311165163896,,15805868,0.0,,0,0,0.0,0.0,0.0,0.0,,0,0,,,,0.0,0.0,0.0,0,0.0,0.0,0.0,0.0,0.0,0.0,0.0,,3,3,price=carried;tvl=carried;lp_amount=none,True
2022-10-23T01:00:00+00:00,,,,0.017002947123089376,,WETH,pool_swap_ratio,0,21925,7565.311165163896,,15805868,0.0,,0,0,0.0,0.0,0.0,0.0,,0,0,,,,0.0,0.0,0.0,0,0.0,0.0,0.0,0.0,0.0,0.0,0.0,,3,3,price=carried;tvl=carried;lp_amount=none,True
2022-10-23T02:00:00+00:00,,,,0.017002947123089376,,WETH,pool_swap_ratio,0,25525,7565.311165163896,,15805868,0.0,,0,0,0.0,0.0,0.0,0.0,,0,0,,,,0.0,0.0,0.0,0,0.0,0.0,0.0,0.0,0.0,0.0,0.0,,3,3,price=carried;tvl=carried;lp_amount=none,True
2022-10-23T03:00:00+00:00,,,,0.017002947123089376,,WETH,pool_swap_ratio,0,29125,7565.311165163896,,15805868,0.0,,0,0,0.0,0.0,0.0,0.0,,0,0,,,,0.0,0.0,0.0,0,0.0,0.0,0.0,0.0,0.0,0.0,0.0,,3,3,price=carried;tvl=carried;lp_amount=none,True
2022-10-23T04:00:00+00:00,,,,0.017002947123089376,,WETH,pool_swap_ratio,0,32725,7565.311165163896,,15805868,0.0,,0,0,0.0,0.0,0.0,0.0,,0,0,,,,0.0,0.0,0.0,0,0.0,0.0,0.0,0.0,0.0,0.0,0.0,,3,3,price=carried;tvl=carried;lp_amount=none,True
2022-10-23T05:00:00+00:00,,,,0.017002947123089376,,WETH,pool_swap_ratio,0,36325,7565.311165163896,,15805868,0.0,,0,0,0.0,0.0,0.0,0.0,,0,0,,,,0.0,0.0,0.0,0,0.0,0.0,0.0,0.0,0.0,0.0,0.0,,3,3,price=carried;tvl=carried;lp_amount=none,True
2022-10-23T06:00:00+00:00,,,,0.017002947123089376,,WETH,pool_swap_ratio,0,39925,7565.311165163896,,15805868,0.0,,0,0,0.0,0.0,0.0,0.0,,0,0,,,,0.0,0.0,0.0,0,0.0,0.0,0.0,0.0,0.0,0.0,0.0,,3,3,price=carried;tvl=carried;lp_amount=none,True
2022-10-23T07:00:00+00:00,,,,0.017002947123089376,,WETH,pool_swap_ratio,0,43525,7565.311165163896,,15805868,0.0,,0,0,0.0,0.0,0.0,0.0,,0,0,,,,0.0,0.0,0.0,0,0.0,0.0,0.0,0.0,0.0,0.0,0.0,,3,3,price=carried;tvl=carried;lp_amount=none,True
2022-10-23T08:00:00+00:00,,,,0.017002947123089376,,WETH,pool_swap_ratio,0,47125,7565.311165163896,,15805868,0.0,,0,0,0.0,0.0,0.0,0.0,,0,0,,,,0.0,0.0,0.0,0,0.0,0.0,0.0,0.0,0.0,0.0,0.0,,3,3,price=carried;tvl=carried;lp_amount=none,True
2022-10-23T09:00:00+00:00,,,,0.017002947123089376,,WETH,pool_swap_ratio,0,50725,7565.311165163896,,15805868,0.0,,0,0,0.0,0.0,0.0,0.0,,0,0,,,,0.0,0.0,0.0,0,0.0,0.0,0.0,0.0,0.0,0.0,0.0,,3,3,price=carried;tvl=carried;lp_amount=none,True
2022-10-23T10:00:00+00:00,,,,0.017002947123089376,,WETH,pool_swap_ratio,0,54325,7565.311165163896,,15805868,0.0,,0,0,0.0,0.0,0.0,0.0,,0,0,,,,0.0,0.0,0.0,0,0.0,0.0,0.0,0.0,0.0,0.0,0.0,,3,3,price=carried;tvl=carried;lp_amount=none,True
2022-10-23T11:00:00+00:00,0.01719563050085755,0.01719563050085755,0.01719563050085755,0.01719563050085755,0.01719563050085755,WETH,pool_swap_ratio,1,3169,7530.078990881769,,15810409,35.232174282127126,,1,1,0.0,0.0,0.0,0.0,,0,0,,,,0.0,35.232174282127126,-35.232174282127126,1,0.011268621684994908,-0.004667946690062284,0.0,0.0,-0.004657068759360654,0.0,0.004657068759360654,0.0,3,3,price=observed;tvl=observed;lp_amount=none,False
2022-10-23T12:00:00+00:00,,,,0.01719563050085755,,WETH,pool_swap_ratio,0,6769,7530.078990881769,,15810409,0.0,,0,0,0.0,0.0,0.0,0.0,,0,0,,,,0.0,0.0,0.0,0,0.0,0.0,0.0,0.0,0.0,0.0,0.0,,3,3,price=carried;tvl=carried;lp_amount=none,True
2022-10-23T13:00:00+00:00,,,,0.01719563050085755,,WETH,pool_swap_ratio,0,10369,7530.078990881769,,15810409,0.0,,0,0,0.0,0.0,0.0,0.0,,0,0,,,,0.0,0.0,0.0,0,0.0,0.0,0.0,0.0,0.0,0.0,0.0,,3,3,price=carried;tvl=carried;lp_amount=none,True
2022-10-23T14:00:00+00:00,,,,0.01719563050085755,,WETH,pool_swap_ratio,0,13969,7530.078990881769,,15810409,0.0,,0,0,0.0,0.0,0.0,0.0,,0,0,,,,0.0,0.0,0.0,0,0.0,0.0,0.0,0.0,0.0,0.0,0.0,,3,3,price=carried;tvl=carried;lp_amount=none,True
2022-10-23T15:00:00+00:00,0.017293388205266262,0.017293388205266262,0.017293388205266262,0.017293388205266262,0.017293388205266262,WETH,pool_swap_ratio,1,805,7516.885278671887,,15811797,13.19371220988122,,1,1,0.0,0.0,0.0,0.0,,0,0,,,,0.0,13.19371220988122,-13.19371220988122,1,0.005668932888071125,-0.0017536714190072196,0.0,0.0,-0.001752134635753169,0.0,0.001752134635753169,0.0,3,3,price=observed;tvl=observed;lp_amount=none,False
2022-10-23T16:00:00+00:00,0.01723915350712813,0.01723915350712813,0.01712780042186193,0.01712780042186193,0.017128985820459918,WETH,pool_swap_ratio,2,445,7560.6096889630035,,15812123,44.67558970888355,,2,1,0.0,0.0,0.0,0.0,,0,0,,,,44.2,0.47558970888355,43.724410291116456,2,-0.009621344722965214,0.005799973133185301,0.0,0.0,0.005816825542778785,0.0,0.005943364578896036,-6.920424889211851e-05,3,3,price=observed;tvl=observed;lp_amount=none,False
2022-10-23T17:00:00+00:00,,,,0.01712780042186193,,WETH,pool_swap_ratio,0,4045,7560.6096889630035,,15812123,0.0,,0,0,0.0,0.0,0.0,0.0,,0,0,,,,0.0,0.0,0.0,0,0.0,0.0,0.0,0.0,0.0,0.0,0.0,,3,3,price=carried;tvl=carried;lp_amount=none,True
2022-10-23T18:00:00+00:00,,,,0.01712780042186193,,WETH,pool_swap_ratio,0,7645,7560.6096889630035,,15812123,0.0,,0,0,0.0,0.0,0.0,0.0,,0,0,,,,0.0,0.0,0.0,0,0.0,0.0,0.0,0.0,0.0,0.0,0.0,,3,3,price=carried;tvl=carried;lp_amount=none,True
2022-10-23T19:00:00+00:00,,,,0.01712780042186193,,WETH,pool_swap_ratio,0,11245,7560.6096889630035,,15812123,0.0,,0,0,0.0,0.0,0.0,0.0,,0,0,,,,0.0,0.0,0.0,0,0.0,0.0,0.0,0.0,0.0,0.0,0.0,,3,3,price=carried;tvl=carried;lp_amount=none,True
2022-10-23T20:00:00+00:00,,,,0.01712780042186193,,WETH,pool_swap_ratio,0,14845,7560.6096889630035,,15812123,0.0,,0,0,0.0,0.0,0.0,0.0,,0,0,,,,0.0,0.0,0.0,0,0.0,0.0,0.0,0.0,0.0,0.0,0.0,,3,3,price=carried;tvl=carried;lp_amount=none,True
2022-10-23T21:00:00+00:00,,,,0.01712780042186193,,WETH,pool_swap_ratio,0,18445,7560.6096889630035,,15812123,0.0,,0,0,0.0,0.0,0.0,0.0,,0,0,,,,0.0,0.0,0.0,0,0.0,0.0,0.0,0.0,0.0,0.0,0.0,,3,3,price=carried;tvl=carried;lp_amount=none,True
2022-10-23T22:00:00+00:00,0.01695338067263482,0.01699637346889822,0.016925792831044683,0.016925792831044683,0.016945566816599773,WETH,pool_swap_ratio,3,325,7659.313030993613,,15813923,98.70334203060857,,3,3,0.0,0.0,0.0,0.0,,0,0,,,,98.70334203060855,0.0,98.70334203060855,3,-0.011864237577673483,0.01297046346496187,0.0,0.0,0.013054944785034458,0.0,0.01305494478503446,-0.0011669120171134972,3,3,price=observed;tvl=observed;lp_amount=none,False
2022-10-23T23:00:00+00:00,0.01685486927676124,0.01685486927676124,0.01685486927676124,0.01685486927676124,0.01685486927676124,WETH,pool_swap_ratio,1,1237,7672.534565958644,,15814146,13.221507410142298,,1,1,0.0,0.0,0.0,0.0,,0,0,,,,13.221534965029667,0.0,13.221534965029667,1,-0.004199068583585419,0.0017247155841942044,0.0,0.0,0.001726203761555165,0.0,0.0017262001639887438,0.0,3,3,price=observed;tvl=observed;lp_amount=none,False
2022-10-24T00:00:00+00:00,,,,0.01685486927676124,,WETH,pool_swap_ratio,0,4837,7672.534565958644,,15814146,0.0,,0,0,0.0,0.0,0.0,0.0,,0,0,,,,0.0,0.0,0.0,0,0.0,0.0,0.0,0.0,0.0,0.0,0.0,,3,3,price=carried;tvl=carried;lp_amount=none,True
2022-10-24T01:00:00+00:00,,,,0.01685486927676124,,WETH,pool_swap_ratio,0,8437,7672.534565958644,,15814146,0.0,,0,0,0.0,0.0,0.0,0.0,,0,0,,,,0.0,0.0,0.0,0,0.0,0.0,0.0,0.0,0.0,0.0,0.0,,3,3,price=carried;tvl=carried;lp_amount=none,True
2022-10-24T02:00:00+00:00,0.017258778719178934,0.017258778719178934,0.016644151649779934,0.016856251266153626,0.016990523005457215,WETH,pool_swap_ratio,4,2989,7673.281530698647,,15814891,508.85043386229137,,4,3,0.0,0.0,0.0,0.0,,0,0,,,,254.79869930114756,254.05173456114377,0.74696474000379,4,8.199011904099944e-05,9.735093081883413e-05,0.0,0.0,9.735566957468123e-05,0.0,0.0663210350488285,-0.00790274315042927,3,3,price=observed;tvl=observed;lp_amount=none,False
2022-10-24T03:00:00+00:00,0.0164801976741882,0.017045001388281654,0.016327591961942407,0.016933544949658826,0.016728837744145984,WETH,pool_swap_ratio,10,1141,7805.226219330708,,15815344,844.9232998299898,,10,7,0.0,0.0,0.0,0.0,,0,0,,,,488.4339942310255,356.4893055989643,131.94468863206123,9,0.004574979844648316,0.01704917383836857,0.0,0.0,0.017195340494700676,0.0,0.11011238105231623,0.012236785880984202,3,3,price=observed;tvl=observed;lp_amount=none,False
2022-10-24T04:00:00+00:00,0.01686510399539435,0.01686510399539435,0.01686510399539435,0.01686510399539435,0.01686510399539435,WETH,pool_swap_ratio,1,3505,7803.043737110128,,15815447,2.1824822205800336,,1,1,0.0,0.0,0.0,0.0,,0,0,,,,0.0,2.1824822205800336,-2.1824822205800336,1,-0.0040499280265682185,-0.0002796571613503108,0.0,0.0,-0.00027961806093138193,0.0,0.00027961806093138193,0.0,3,3,price=observed;tvl=observed;lp_amount=none,False
2022-10-24T05:00:00+00:00,0.01692614366362147,0.01692614366362147,0.01692614366362147,0.01692614366362147,0.01692614366362147,WETH,pool_swap_ratio,1,1369,7755.643737110128,,15815922,47.40000000000001,,1,1,0.0,0.0,0.0,0.0,,0,0,,,,0.0,47.40000000000001,-47.40000000000001,1,0.003612754121056798,-0.00609307780293889,0.0,0.0,-0.006074552648548231,0.0,0.006074552648548231,0.0,3,3,price=observed;tvl=observed;lp_amount=none,False
2022-10-24T06:00:00+00:00,,,,0.01692614366362147,,WETH,pool_swap_ratio,0,4969,7755.643737110128,,15815922,0.0,,0,0,0.0,0.0,0.0,0.0,,0,0,,,,0.0,0.0,0.0,0,0.0,0.0,0.0,0.0,0.0,0.0,0.0,,3,3,price=carried;tvl=carried;lp_amount=none,True
2022-10-24T07:00:00+00:00,,,,0.01692614366362147,,WETH,pool_swap_ratio,0,8569,7755.643737110128,,15815922,0.0,,0,0,0.0,0.0,0.0,0.0,,0,0,,,,0.0,0.0,0.0,0,0.0,0.0,0.0,0.0,0.0,0.0,0.0,,3,3,price=carried;tvl=carried;lp_amount=none,True
2022-10-24T08:00:00+00:00,,,,0.01692614366362147,,WETH,pool_swap_ratio,0,12169,7755.643737110128,,15815922,0.0,,0,0,0.0,0.0,0.0,0.0,,0,0,,,,0.0,0.0,0.0,0,0.0,0.0,0.0,0.0,0.0,0.0,0.0,,3,3,price=carried;tvl=carried;lp_amount=none,True
2022-10-24T09:00:00+00:00,,,,0.01692614366362147,,WETH,pool_swap_ratio,0,15769,7755.643737110128,,15815922,0.0,,0,0,0.0,0.0,0.0,0.0,,0,0,,,,0.0,0.0,0.0,0,0.0,0.0,0.0,0.0,0.0,0.0,0.0,,3,3,price=carried;tvl=carried;lp_amount=none,True
2022-10-24T10:00:00+00:00,,,,0.01692614366362147,,WETH,pool_swap_ratio,0,19369,7755.643737110128,,15815922,0.0,,0,0,0.0,0.0,0.0,0.0,,0,0,,,,0.0,0.0,0.0,0,0.0,0.0,0.0,0.0,0.0,0.0,0.0,,3,3,price=carried;tvl=carried;lp_amount=none,True
2022-10-24T11:00:00+00:00,,,,0.01692614366362147,,WETH,pool_swap_ratio,0,22969,7755.643737110128,,15815922,0.0,,0,0,0.0,0.0,0.0,0.0,,0,0,,,,0.0,0.0,0.0,0,0.0,0.0,0.0,0.0,0.0,0.0,0.0,,3,3,price=carried;tvl=carried;lp_amount=none,True
2022-10-24T12:00:00+00:00,0.0168462859045627,0.0168462859045627,0.0168462859045627,0.0168462859045627,0.0168462859045627,WETH,pool_swap_ratio,1,3217,7764.2456779358035,,15817855,8.601940825675474,,1,1,0.0,0.0,0.0,0.0,,0,0,,,,8.601940825675474,0.0,8.601940825675474,1,-0.004729177551954711,0.0011085055410463905,0.0,0.0,0.0011091201603956977,0.0,0.0011091201603956977,0.0,3,3,price=observed;tvl=observed;lp_amount=none,False
2022-10-24T13:00:00+00:00,0.01680908745091534,0.01680908745091534,0.01680908745091534,0.01680908745091534,0.01680908745091534,WETH,pool_swap_ratio,1,313,7774.7481289260895,,15818392,10.502450990286013,,1,1,0.0,0.0,0.0,0.0,,0,0,,,,10.502450990286013,0.0,10.502450990286013,1,-0.00221055154563865,0.0013517545241387575,0.0,0.0,0.0013526685560880122,0.0,0.0013526685560880122,0.0,3,3,price=observed;tvl=observed;lp_amount=none,False
2022-10-24T14:00:00+00:00,0.016995278539698472,0.016995278539698472,0.016995278539698472,0.016995278539698472,0.016995278539698472,WETH,pool_swap_ratio,1,2521,7721.248128926089,,15818504,53.50000000000048,,1,1,0.0,0.0,0.0,0.0,,0,0,,,,0.0,53.50000000000048,-53.50000000000048,1,0.01101591266013119,-0.006905036847047204,0.0,0.0,-0.006881251857015506,0.0,0.006881251857015506,0.0,3,3,price=observed;tvl=observed;lp_amount=none,False
2022-10-24T15:00:00+00:00,,,,0.016995278539698472,,WETH,pool_swap_ratio,0,6121,7721.248128926089,,15818504,0.0,,0,0,0.0,0.0,0.0,0.0,,0,0,,,,0.0,0.0,0.0,0,0.0,0.0,0.0,0.0,0.0,0.0,0.0,,3,3,price=carried;tvl=carried;lp_amount=none,True
2022-10-24T16:00:00+00:00,,,,0.016995278539698472,,WETH,pool_swap_ratio,0,9721,7721.248128926089,,15818504,0.0,,0,0,0.0,0.0,0.0,0.0,,0,0,,,,0.0,0.0,0.0,0,0.0,0.0,0.0,0.0,0.0,0.0,0.0,,3,3,price=carried;tvl=carried;lp_amount=none,True
2022-10-24T17:00:00+00:00,0.01699556122031405,0.01699556122031405,0.01699556122031405,0.01699556122031405,0.01699556122031405,WETH,pool_swap_ratio,1,3397,7712.499521094163,,15819316,8.748607831924982,,1,1,0.0,0.0,0.0,0.0,,0,0,,,,0.0,8.748607831924982,-8.748607831924982,1,1.6632752681731472e-05,-0.0011336985633482685,0.0,0.0,-0.0011330561699150813,0.0,0.0011330561699150813,0.0,3,3,price=observed;tvl=observed;lp_amount=none,False
2022-10-24T18:00:00+00:00,0.01689163416549897,0.01689163416549897,0.01689163416549897,0.01689163416549897,0.01689163416549897,WETH,pool_swap_ratio,1,1861,7767.095610039021,,15819738,54.596088944857556,,1,1,0.0,0.0,0.0,0.0,,0,0,,,,54.596088944857556,0.0,54.596088944857556,1,-0.00613372570172274,0.00705397200213801,0.0,0.0,0.0070789098651525195,0.0,0.0070789098651525195,0.0,3,3,price=observed;tvl=observed;lp_amount=none,False
2022-10-24T19:00:00+00:00,,,,0.01689163416549897,,WETH,pool_swap_ratio,0,5461,7767.095610039021,,15819738,0.0,,0,0,0.0,0.0,0.0,0.0,,0,0,,,,0.0,0.0,0.0,0,0.0,0.0,0.0,0.0,0.0,0.0,0.0,,3,3,price=carried;tvl=carried;lp_amount=none,True
2022-10-24T20:00:00+00:00,,,,0.01689163416549897,,WETH,pool_swap_ratio,0,9061,7767.095610039021,,15819738,0.0,,0,0,0.0,0.0,0.0,0.0,,0,0,,,,0.0,0.0,0.0,0,0.0,0.0,0.0,0.0,0.0,0.0,0.0,,3,3,price=carried;tvl=carried;lp_amount=none,True
2022-10-24T21:00:00+00:00,0.016894815949165216,0.016894815949165216,0.016894815949165216,0.016894815949165216,0.016894815949165216,WETH,pool_swap_ratio,1,2245,7762.706306898252,,15820592,4.389303140770087,,1,1,0.0,0.0,0.0,0.0,,0,0,,,,0.0,4.389303140770087,-4.389303140770087,1,0.0001883467286354872,-0.0005652748542607838,0.0,0.0,-0.0005651151165304164,0.0,0.0005651151165304164,0.0,3,3,price=observed;tvl=observed;lp_amount=none,False
2022-10-24T22:00:00+00:00,0.016944872459179406,0.016998056302853826,0.016944872459179406,0.016998056302853826,0.016956470013902637,WETH,pool_swap_ratio,2,3025,7735.728041210265,,15820825,26.978265687987054,,2,1,0.0,0.0,0.0,0.0,,0,0,,,,0.0,26.978265687987054,-26.978265687987054,2,0.006092176091255467,-0.0034814217140572796,0.0,0.0,-0.003475368592009347,0.0,0.003475368592009347,0.00245253221437558,3,3,price=observed;tvl=observed;lp_amount=none,False
2022-10-24T23:00:00+00:00,,,,0.016998056302853826,,WETH,pool_swap_ratio,0,6625,7735.728041210265,,15820825,0.0,,0,0,0.0,0.0,0.0,0.0,,0,0,,,,0.0,0.0,0.0,0,0.0,0.0,0.0,0.0,0.0,0.0,0.0,,3,3,price=carried;tvl=carried;lp_amount=none,True
2022-10-25T00:00:00+00:00,,,,0.016998056302853826,,WETH,pool_swap_ratio,0,10225,7735.728041210265,,15820825,0.0,,0,0,0.0,0.0,0.0,0.0,,0,0,,,,0.0,0.0,0.0,0,0.0,0.0,0.0,0.0,0.0,0.0,0.0,,3,3,price=carried;tvl=carried;lp_amount=none,True
2022-10-25T01:00:00+00:00,0.017173118711590465,0.0171866978046174,0.017047535571530575,0.01706140243258298,0.01716078775442081,WETH,pool_swap_ratio,6,997,7570.643001094327,,15821884,324.42249688117823,,6,4,0.0,0.0,0.0,0.0,,0,0,,,,79.66872838262057,244.75376849855763,-165.08504011593706,6,0.0037197421874389292,-0.021571598029081117,0.0,0.0,-0.02134059512388304,0.0,0.041938198338009554,-0.005791419558360822,3,3,price=observed;tvl=observed;lp_amount=none,False
2022-10-25T02:00:00+00:00,,,,0.01706140243258298,,WETH,pool_swap_ratio,0,4597,7570.643001094327,,15821884,0.0,,0,0,0.0,0.0,0.0,0.0,,0,0,,,,0.0,0.0,0.0,0,0.0,0.0,0.0,0.0,0.0,0.0,0.0,,3,3,price=carried;tvl=carried;lp_amount=none,True
2022-10-25T03:00:00+00:00,,,,0.01706140243258298,,WETH,pool_swap_ratio,0,8197,7570.643001094327,,15821884,0.0,,0,0,0.0,0.0,0.0,0.0,,0,0,,,,0.0,0.0,0.0,0,0.0,0.0,0.0,0.0,0.0,0.0,0.0,,3,3,price=carried;tvl=carried;lp_amount=none,True
2022-10-25T04:00:00+00:00,,,,0.01706140243258298,,WETH,pool_swap_ratio,0,11797,7570.643001094327,,15821884,0.0,,0,0,0.0,0.0,0.0,0.0,,0,0,,,,0.0,0.0,0.0,0,0.0,0.0,0.0,0.0,0.0,0.0,0.0,,3,3,price=carried;tvl=carried;lp_amount=none,True
2022-10-25T05:00:00+00:00,,,,0.01706140243258298,,WETH,pool_swap_ratio,0,15397,7570.643001094327,,15821884,0.0,,0,0,0.0,0.0,0.0,0.0,,0,0,,,,0.0,0.0,0.0,0,0.0,0.0,0.0,0.0,0.0,0.0,0.0,,3,3,price=carried;tvl=carried;lp_amount=none,True
2022-10-25T06:00:00+00:00,0.01701084107936219,0.01701084107936219,0.01701084107936219,0.01701084107936219,0.01701084107936219,WETH,pool_swap_ratio,1,325,7583.392458542948,,15823435,12.749431471546657,,1,1,0.0,0.0,0.0,0.0,,0,0,,,,12.749457448620786,0.0,12.749457448620786,1,-0.002967893224685156,0.0016826488879103608,0.0,0.0,0.0016840653359005131,0.0,0.001684061904610182,0.0,3,3,price=observed;tvl=observed;lp_amount=none,False
2022-10-25T07:00:00+00:00,,,,0.01701084107936219,,WETH,pool_swap_ratio,0,3925,7583.392458542948,,15823435,0.0,,0,0,0.0,0.0,0.0,0.0,,0,0,,,,0.0,0.0,0.0,0,0.0,0.0,0.0,0.0,0.0,0.0,0.0,,3,3,price=carried;tvl=carried;lp_amount=none,True
2022-10-25T08:00:00+00:00,,,,0.01701084107936219,,WETH,pool_swap_ratio,0,7525,7583.392458542948,,15823435,0.0,,0,0,0.0,0.0,0.0,0.0,,0,0,,,,0.0,0.0,0.0,0,0.0,0.0,0.0,0.0,0.0,0.0,0.0,,3,3,price=carried;tvl=carried;lp_amount=none,True
2022-10-25T09:00:00+00:00,,,,0.01701084107936219,,WETH,pool_swap_ratio,0,11125,7583.392458542948,,15823435,0.0,,0,0,0.0,0.0,0.0,0.0,,0,0,,,,0.0,0.0,0.0,0,0.0,0.0,0.0,0.0,0.0,0.0,0.0,,3,3,price=carried;tvl=carried;lp_amount=none,True
2022-10-25T10:00:00+00:00,,,,0.01701084107936219,,WETH,pool_swap_ratio,0,14725,7583.392458542948,,15823435,0.0,,0,0,0.0,0.0,0.0,0.0,,0,0,,,,0.0,0.0,0.0,0,0.0,0.0,0.0,0.0,0.0,0.0,0.0,,3,3,price=carried;tvl=carried;lp_amount=none,True
2022-10-25T11:00:00+00:00,,,,0.01701084107936219,,WETH,pool_swap_ratio,0,18325,7583.392458542948,,15823435,0.0,,0,0,0.0,0.0,0.0,0.0,,0,0,,,,0.0,0.0,0.0,0,0.0,0.0,0.0,0.0,0.0,0.0,0.0,,3,3,price=carried;tvl=carried;lp_amount=none,True
2022-10-25T12:00:00+00:00,0.016844629061077407,0.016872993571705165,0.01684140453659675,0.016872993571705165,0.016847101640540683,WETH,pool_swap_ratio,3,2365,7746.792458542947,,15825062,232.60000000000025,,3,2,0.0,0.0,0.0,0.0,,0,0,,,,198.0,34.600000000000236,163.39999999999975,3,-0.008136521120981162,0.021318227948381372,0.0,0.0,0.021547084750430413,0.0,0.030672288328948145,0.0015368774829598308,3,3,price=observed;tvl=observed;lp_amount=none,False
2022-10-25T13:00:00+00:00,,,,0.016872993571705165,,WETH,pool_swap_ratio,0,5965,7746.792458542947,,15825062,0.0,,0,0,0.0,0.0,0.0,0.0,,0,0,,,,0.0,0.0,0.0,0,0.0,0.0,0.0,0.0,0.0,0.0,0.0,,3,3,price=carried;tvl=carried;lp_amount=none,True
2022-10-25T14:00:00+00:00,0.0168061800985187,0.0168061800985187,0.0168061800985187,0.0168061800985187,0.0168061800985187,WETH,pool_swap_ratio,1,1117,7763.808576426822,,15825758,17.016117883874227,,1,1,0.0,0.0,0.0,0.0,,0,0,,,,17.016117883874227,0.0,17.016117883874227,1,-0.0039676484637126115,0.002194128347714046,0.0,0.0,0.002196537208778496,0.0,0.002196537208778496,0.0,3,3,price=observed;tvl=observed;lp_amount=none,False
2022-10-25T15:00:00+00:00,0.0168273694415949,0.0168273694415949,0.01675868424595416,0.01675868424595416,0.016773193995721643,WETH,pool_swap_ratio,2,73,7773.27603062023,,15826141,9.467454193407864,,2,2,0.0,0.0,0.0,0.0,,0,0,,,,9.467454193407864,0.0,9.467454193407864,2,-0.002830095410388483,0.0012186913574346958,0.0,0.0,0.00121943426350745,0.0,0.00121943426350745,-0.0008650558606300152,3,3,price=observed;tvl=observed;lp_amount=none,False
2022-10-25T16:00:00+00:00,0.016742306484484562,0.016742306484484562,0.01669545314591679,0.01669545314591679,0.01669738027189284,WETH,pool_swap_ratio,2,1441,7797.588576426821,,15826325,24.312545806592137,,2,1,0.0,0.0,0.0,0.0,,0,0,,,,24.312545806592137,0.0,24.312545806592137,2,-0.00378017072105329,0.0031228279454295683,0.0,0.0,0.0031277090522478512,0.0,0.0031277090522478512,-0.00011541487015731544,3,3,price=observed;tvl=observed;lp_amount=none,False
2022-10-25T17:00:00+00:00,0.016359753598576755,0.016442462725097428,0.01597790416667214,0.016267983267701413,0.016264899420757064,WETH,pool_swap_ratio,12,829,8121.8810299294255,,15826673,1154.381987531025,,12,8,0.0,0.0,0.0,0.0,,0,0,,,,739.3372205168145,415.0447670142109,324.29245350260356,12,-0.025937456135987275,0.04074725224979935,0.0,0.0,0.041588813044456344,0.0,0.14804345936138255,0.00018960135347745322,3,3,price=observed;tvl=observed;lp_amount=none,False
2022-10-25T18:00:00+00:00,0.016121871992254316,0.016121871992254316,0.016121871992254316,0.016121871992254316,0.016121871992254316,WETH,pool_swap_ratio,1,1753,8178.681029929426,,15826891,56.8,,1,1,0.0,0.0,0.0,0.0,,0,0,,,,56.8,0.0,56.8,1,-0.009022100616002116,0.0069691130504954905,0.0,0.0,0.006993453830546143,0.0,0.006993453830546143,0.0,3,3,price=observed;tvl=observed;lp_amount=none,False
2022-10-25T19:00:00+00:00,,,,0.016121871992254316,,WETH,pool_swap_ratio,0,5353,8178.681029929426,,15826891,0.0,,0,0,0.0,0.0,0.0,0.0,,0,0,,,,0.0,0.0,0.0,0,0.0,0.0,0.0,0.0,0.0,0.0,0.0,,3,3,price=carried;tvl=carried;lp_amount=none,True
2022-10-25T20:00:00+00:00,0.016143759571845783,0.016375779195336,0.01606541505860481,0.01622410250803006,0.016157402358418928,WETH,pool_swap_ratio,6,637,8140.785450714341,,15827578,263.32334349857723,,6,4,0.0,0.0,0.0,0.0,,0,0,,,,112.71388214174657,150.60946135683065,-37.895579215084084,5,0.00632108679671024,-0.004644226252572605,0.0,0.0,-0.004633458509557633,0.0,0.03219630922577371,0.00412814808541162,3,3,price=observed;tvl=observed;lp_amount=none,False
2022-10-25T21:00:00+00:00,,,,0.01622410250803006,,WETH,pool_swap_ratio,0,4237,8140.785450714341,,15827578,0.0,,0,0,0.0,0.0,0.0,0.0,,0,0,,,,0.0,0.0,0.0,0,0.0,0.0,0.0,0.0,0.0,0.0,0.0,,3,3,price=carried;tvl=carried;lp_amount=none,True
2022-10-25T22:00:00+00:00,,,,0.01622410250803006,,WETH,pool_swap_ratio,0,7837,8140.785450714341,,15827578,0.0,,0,0,0.0,0.0,0.0,0.0,,0,0,,,,0.0,0.0,0.0,0,0.0,0.0,0.0,0.0,0.0,0.0,0.0,,3,3,price=carried;tvl=carried;lp_amount=none,True
2022-10-25T23:00:00+00:00,,,,0.01622410250803006,,WETH,pool_swap_ratio,0,11437,8140.785450714341,,15827578,0.0,,0,0,0.0,0.0,0.0,0.0,,0,0,,,,0.0,0.0,0.0,0,0.0,0.0,0.0,0.0,0.0,0.0,0.0,,3,3,price=carried;tvl=carried;lp_amount=none,True
2022-10-26T00:00:00+00:00,,,,0.01622410250803006,,WETH,pool_swap_ratio,0,15037,8140.785450714341,,15827578,0.0,,0,0,0.0,0.0,0.0,0.0,,0,0,,,,0.0,0.0,0.0,0,0.0,0.0,0.0,0.0,0.0,0.0,0.0,,3,3,price=carried;tvl=carried;lp_amount=none,True
2022-10-26T01:00:00+00:00,0.016388674505601854,0.016388674505601854,0.016338708664309805,0.016338708664309805,0.0163589347435928,WETH,pool_swap_ratio,2,973,8118.095882384377,,15829038,22.689568329964263,,2,2,0.0,0.0,0.0,0.0,,0,0,,,,0.0,22.689568329964263,-22.689568329964263,2,0.007039111512334214,-0.002791038644570065,0.0,0.0,-0.0027871473173357356,0.0,0.0027871473173357356,-0.001236393420477211,3,3,price=observed;tvl=observed;lp_amount=none,False
2022-10-26T02:00:00+00:00,0.01622841038028529,0.01622841038028529,0.01622841038028529,0.01622841038028529,0.01622841038028529,WETH,pool_swap_ratio,1,1213,8138.375107662029,,15829317,20.279225277652518,,1,1,0.0,0.0,0.0,0.0,,0,0,,,,20.279225277652518,0.0,20.279225277652518,1,-0.006773623764414162,0.002494912433235876,0.0,0.0,0.0024980273171762886,0.0,0.0024980273171762886,0.0,3,3,price=observed;tvl=observed;lp_amount=none,False
2022-10-26T03:00:00+00:00,0.01645124397369698,0.01673045361502629,0.0162890909523415,0.0162890909523415,0.01650727264485369,WETH,pool_swap_ratio,4,445,8146.05451045791,,15829679,300.8571998249341,,4,3,0.0,0.0,0.0,0.0,,0,0,,,,154.26830131040708,146.58889851452705,7.679402795880037,4,0.0037321835937783533,0.0009431590230956733,0.0,0.0,0.0009436039374309641,0.0,0.0369677233901011,-0.01321730713524083,3,3,price=observed;tvl=observed;lp_amount=none,False
2022-10-26T04:00:00+00:00,,,,0.0162890909523415,,WETH,pool_swap_ratio,0,4045,8146.05451045791,,15829679,0.0,,0,0,0.0,0.0,0.0,0.0,,0,0,,,,0.0,0.0,0.0,0,0.0,0.0,0.0,0.0,0.0,0.0,0.0,,3,3,price=carried;tvl=carried;lp_amount=none,True
2022-10-26T05:00:00+00:00,0.01644902233336302,0.01644902233336302,0.01600559758988183,0.016084765173582295,0.016250796606172128,WETH,pool_swap_ratio,7,445,8176.2559369415385,,15830277,459.04498229447654,,7,5,0.0,0.0,0.0,0.0,,0,0,,,,244.6232043890528,214.42177790542382,30.20142648362898,7,-0.012623055535250142,0.0037006355255378588,0.0,0.0,0.003707491331522072,0.0,0.05635181813541197,-0.010216818080584056,3,3,price=observed;tvl=observed;lp_amount=none,False
2022-10-26T06:00:00+00:00,,,,0.016084765173582295,,WETH,pool_swap_ratio,0,4045,8176.2559369415385,,15830277,0.0,,0,0,0.0,0.0,0.0,0.0,,0,0,,,,0.0,0.0,0.0,0,0.0,0.0,0.0,0.0,0.0,0.0,0.0,,3,3,price=carried;tvl=carried;lp_amount=none,True
2022-10-26T07:00:00+00:00,,,,0.016084765173582295,,WETH,pool_swap_ratio,0,7645,7717.579873978111,,15830826,0.0,,0,0,0.0,452.1401530215016,-452.1401530215016,452.1401530215016,0.0,0,1,,,1.0,0.0,458.6760629634274,-458.6760629634274,1,0.0,-0.05773350935094025,-0.05529916828785474,0.05529916828785474,-0.056098545165527515,0.05529916828785474,0.0,,3,3,price=carried;tvl=observed;lp_amount=quantified,True
2022-10-26T08:00:00+00:00,0.0159996460633059,0.0159996460633059,0.0159996460633059,0.0159996460633059,0.0159996460633059,WETH,pool_swap_ratio,1,1393,8144.572422952585,,15831092,83.76073653718939,,1,1,343.2318124372841,0.0,343.2318124372841,343.2318124372841,0.0,1,0,,,,426.9925489744735,0.0,426.9925489744735,2,-0.005305960539272974,0.053850917966309766,0.044474021395564965,0.044474021395564965,0.05532726009279065,0.0,0.010853238697225688,0.0,3,3,price=observed;tvl=observed;lp_amount=quantified,False
2022-10-26T09:00:00+00:00,0.01602782893732483,0.016088535985785947,0.01602782893732483,0.016088535985785947,0.016048217789887496,WETH,pool_swap_ratio,2,373,8124.3444815893145,,15831476,60.22794136327015,,2,2,39.92065200501741,76.97004442645849,-37.04939242144108,116.8906964314759,0.6830424186653699,1,2,,,1.0,79.92065200501742,100.14859336828756,-20.227941363270148,5,0.005540366837976323,-0.0024866992566916065,-0.004548967152287887,0.014351974586420398,-0.0024836099813250944,0.009450470869354142,0.00739485613677387,0.0025123160980440318,3,3,price=observed;tvl=observed;lp_amount=quantified,False
2022-10-26T10:00:00+00:00,,,,0.016088535985785947,,WETH,pool_swap_ratio,0,3973,8124.3444815893145,,15831476,0.0,,0,0,0.0,0.0,0.0,0.0,,0,0,,,,0.0,0.0,0.0,0,0.0,0.0,0.0,0.0,0.0,0.0,0.0,,3,3,price=carried;tvl=carried;lp_amount=none,True
2022-10-26T11:00:00+00:00,,,,0.016088535985785947,,WETH,pool_swap_ratio,0,7573,8124.3444815893145,,15831476,0.0,,0,0,0.0,0.0,0.0,0.0,,0,0,,,,0.0,0.0,0.0,0,0.0,0.0,0.0,0.0,0.0,0.0,0.0,,3,3,price=carried;tvl=carried;lp_amount=none,True
2022-10-26T12:00:00+00:00,,,,0.016088535985785947,,WETH,pool_swap_ratio,0,11173,8124.3444815893145,,15831476,0.0,,0,0,0.0,0.0,0.0,0.0,,0,0,,,,0.0,0.0,0.0,0,0.0,0.0,0.0,0.0,0.0,0.0,0.0,,3,3,price=carried;tvl=carried;lp_amount=none,True
2022-10-26T13:00:00+00:00,,,,0.016088535985785947,,WETH,pool_swap_ratio,0,14773,8124.3444815893145,,15831476,0.0,,0,0,0.0,0.0,0.0,0.0,,0,0,,,,0.0,0.0,0.0,0,0.0,0.0,0.0,0.0,0.0,0.0,0.0,,3,3,price=carried;tvl=carried;lp_amount=none,True
2022-10-26T14:00:00+00:00,0.015932706664891178,0.015932706664891178,0.01585998953696736,0.01585998953696736,0.015887587935198576,WETH,pool_swap_ratio,2,2629,8265.044481589313,,15832785,140.7,,2,1,0.0,0.0,0.0,0.0,,0,0,,,,140.7,0.0,140.7,2,-0.014307411295238302,0.017170067408934002,0.0,0.0,0.01731832030496025,0.0,0.01731832030496025,-0.0017371043574255784,3,3,price=observed;tvl=observed;lp_amount=none,False
2022-10-26T15:00:00+00:00,0.016285109545996223,0.016405998510736205,0.01571554139899511,0.01571554139899511,0.016136957298631908,WETH,pool_swap_ratio,5,241,8367.018163860468,,15833281,486.4118682524937,,5,4,0.0,0.0,0.0,0.0,,0,0,,,,294.1927752618235,192.21909299067025,101.97368227115325,5,-0.009149435740992397,0.01226245502296736,0.0,0.0,0.012337947182051268,0.0,0.05885169394260295,-0.026114954129086376,3,3,price=observed;tvl=observed;lp_amount=none,False
2022-10-26T16:00:00+00:00,,,,0.01571554139899511,,WETH,pool_swap_ratio,0,3841,8367.018163860468,,15833281,0.0,,0,0,0.0,0.0,0.0,0.0,,0,0,,,,0.0,0.0,0.0,0,0.0,0.0,0.0,0.0,0.0,0.0,0.0,,3,3,price=carried;tvl=carried;lp_amount=none,True
2022-10-26T17:00:00+00:00,,,,0.01571554139899511,,WETH,pool_swap_ratio,0,7441,8367.018163860468,,15833281,0.0,,0,0,0.0,0.0,0.0,0.0,,0,0,,,,0.0,0.0,0.0,0,0.0,0.0,0.0,0.0,0.0,0.0,0.0,,3,3,price=carried;tvl=carried;lp_amount=none,True
2022-10-26T18:00:00+00:00,,,,0.01571554139899511,,WETH,pool_swap_ratio,0,11041,8367.018163860468,,15833281,0.0,,0,0,0.0,0.0,0.0,0.0,,0,0,,,,0.0,0.0,0.0,0,0.0,0.0,0.0,0.0,0.0,0.0,0.0,,3,3,price=carried;tvl=carried;lp_amount=none,True
2022-10-26T19:00:00+00:00,0.015840778847535153,0.015840778847535153,0.015840778847535153,0.015840778847535153,0.015840778847535153,WETH,pool_swap_ratio,1,889,8351.759897393526,,15834424,15.258266466942755,,1,1,0.0,0.0,0.0,0.0,,0,0,,,,0.0,15.258266466942755,-15.258266466942755,1,0.007937434091642919,-0.001825285394342572,0.0,0.0,-0.0018236205740352698,0.0,0.0018236205740352698,0.0,3,3,price=observed;tvl=observed;lp_amount=none,False
2022-10-26T20:00:00+00:00,0.015672425656365865,0.01599328330341209,0.015672425656365865,0.01599328330341209,0.015867407579541876,WETH,pool_swap_ratio,5,1801,8263.261082290208,,15834647,173.8073411857144,,5,3,0.0,0.0,0.0,0.0,,0,0,,,,42.65426304119898,131.1530781445154,-88.49881510331642,5,0.00958128571994818,-0.01065296904002047,0.0,0.0,-0.010596427123214562,0.0,0.020810864215571784,0.00793297350176525,3,3,price=observed;tvl=observed;lp_amount=none,False
2022-10-26T21:00:00+00:00,0.015914631247907596,0.015914631247907596,0.015914631247907596,0.015914631247907596,0.015914631247907596,WETH,pool_swap_ratio,1,1681,8283.359162784911,,15834954,20.09808049470258,,1,1,0.0,0.0,0.0,0.0,,0,0,,,,20.09808049470258,0.0,20.09808049470258,1,-0.0049299501963526605,0.0024292683437262875,0.0,0.0,0.0024322214068458656,0.0,0.0024322214068458656,0.0,3,3,price=observed;tvl=observed;lp_amount=none,False
2022-10-26T22:00:00+00:00,0.015791165494977714,0.015791165494977714,0.015733615872542364,0.015733615872542364,0.015756801608837568,WETH,pool_swap_ratio,3,1657,9035.586109587211,,15835253,752.2269468023009,,3,2,0.0,0.0,0.0,0.0,,1,0,,,,752.2269468023009,0.0,752.2269468023009,3,-0.011439328605979156,0.08692221083815399,0.0,0.0,0.09081182308040812,0.0,0.09081182308040812,-0.0014714747872562883,3,3,price=observed;tvl=observed;lp_amount=quantified,False
2022-10-26T23:00:00+00:00,0.01570854580411905,0.01570854580411905,0.01570854580411905,0.01570854580411905,0.01570854580411905,WETH,pool_swap_ratio,1,2977,8336.028231753833,,15835661,403.6,,1,1,0.0,1099.8484041998786,-1099.8484041998786,1099.8484041998786,0.0,0,1,,,1.0,403.6,1103.1578778333787,-699.5578778333787,2,-0.0015946787624776357,-0.08058392121948797,-0.1217240797509399,0.1217240797509399,-0.07742252349198604,0.1217240797509399,0.04466782731136391,0.0,3,3,price=observed;tvl=observed;lp_amount=quantified,False
2022-10-27T00:00:00+00:00,0.015822590307049432,0.01591789632616218,0.01574087393675458,0.015780699327532025,0.015830011841531627,WETH,pool_swap_ratio,5,2365,7894.84319843762,,15835940,118.37862772415703,,5,5,0.0,451.62797867720957,-451.62797867720957,451.62797867720957,0.0,0,1,,,1.0,64.958241927627,506.14327524383987,-441.18503331621287,6,0.004582748769586122,-0.054377085090813675,-0.05417783698918576,0.05417783698918576,-0.05292508866940235,0.05417783698918576,0.0142008429473914,-0.0031151280550673066,3,3,price=observed;tvl=observed;lp_amount=quantified,False
2022-10-27T01:00:00+00:00,0.01571080599450972,0.01571080599450972,0.015664032454667794,0.015664032454667794,0.015680493653744295,WETH,pool_swap_ratio,2,1549,7923.2576168676205,,15836155,28.41441843,,2,1,0.0,0.0,0.0,0.0,,0,0,,,,28.41441843,0.0,28.41441843,2,-0.007420474056622818,0.0035926498792941274,0.0,0.0,0.003599111181286435,0.0,0.003599111181286435,-0.0010497883191687984,3,3,price=observed;tvl=observed;lp_amount=none,False
2022-10-27T02:00:00+00:00,,,,0.015664032454667794,,WETH,pool_swap_ratio,0,5149,7923.2576168676205,,15836155,0.0,,0,0,0.0,0.0,0.0,0.0,,0,0,,,,0.0,0.0,0.0,0,0.0,0.0,0.0,0.0,0.0,0.0,0.0,,3,3,price=carried;tvl=carried;lp_amount=none,True
2022-10-27T03:00:00+00:00,0.015787176809038746,0.015787176809038746,0.015787176809038746,0.015787176809038746,0.015787176809038746,WETH,pool_swap_ratio,1,3469,7888.660441429312,,15836593,34.597175438308064,,1,1,0.0,0.0,0.0,0.0,,0,0,,,,0.0,34.597175438308064,-34.597175438308064,1,0.00783085843405807,-0.004376095363341427,0.0,0.0,-0.0043665342099510965,0.0,0.0043665342099510965,0.0,3,3,price=observed;tvl=observed;lp_amount=none,False
2022-10-27T04:00:00+00:00,,,,0.015787176809038746,,WETH,pool_swap_ratio,0,7069,7888.660441429312,,15836593,0.0,,0,0,0.0,0.0,0.0,0.0,,0,0,,,,0.0,0.0,0.0,0,0.0,0.0,0.0,0.0,0.0,0.0,0.0,,3,3,price=carried;tvl=carried;lp_amount=none,True
2022-10-27T05:00:00+00:00,,,,0.015787176809038746,,WETH,pool_swap_ratio,0,10669,7888.660441429312,,15836593,0.0,,0,0,0.0,0.0,0.0,0.0,,0,0,,,,0.0,0.0,0.0,0,0.0,0.0,0.0,0.0,0.0,0.0,0.0,,3,3,price=carried;tvl=carried;lp_amount=none,True
2022-10-27T06:00:00+00:00,0.015771156720116666,0.015771156720116666,0.015771156720116666,0.015771156720116666,0.015771156720116666,WETH,pool_swap_ratio,1,157,7884.596033551216,,15837765,4.064407878096036,,1,1,0.0,0.0,0.0,0.0,,0,0,,,,0.0,4.064407878096036,-4.064407878096036,1,-0.0010152684572755201,-0.0005153543245173431,0.0,0.0,-0.0005152215522867179,0.0,0.0005152215522867179,0.0,3,3,price=observed;tvl=observed;lp_amount=none,False
2022-10-27T07:00:00+00:00,,,,0.015771156720116666,,WETH,pool_swap_ratio,0,3757,7884.596033551216,,15837765,0.0,,0,0,0.0,0.0,0.0,0.0,,0,0,,,,0.0,0.0,0.0,0,0.0,0.0,0.0,0.0,0.0,0.0,0.0,,3,3,price=carried;tvl=carried;lp_amount=none,True
2022-10-27T08:00:00+00:00,0.015821416145160312,0.015821416145160312,0.01559910729006604,0.015725769547367405,0.015659030148834366,WETH,pool_swap_ratio,4,97,7931.641191814286,,15838370,181.55484173693063,,4,3,0.0,0.0,0.0,0.0,,0,0,,,,114.3,67.25484173693064,47.045158263069354,4,-0.0028820084715058284,0.00594898727660874,0.0,0.0,0.005966717643222141,0.0,0.023026524246056834,0.004262039085352054,3,3,price=observed;tvl=observed;lp_amount=none,False
2022-10-27T09:00:00+00:00,0.015575011954676645,0.016220397009247135,0.015458794453735172,0.015857583927568766,0.015728074307333258,WETH,pool_swap_ratio,8,721,7902.882091840974,,15838618,318.0094643442128,,8,4,0.0,0.0,0.0,0.0,,0,0,,,,144.6251821854507,173.3842821587621,-28.75909997331138,8,0.008347127903774803,-0.0036324594154907583,0.0,0.0,-0.0036258700157782873,0.0,0.040093778406467634,0.008234296055882995,3,3,price=observed;tvl=observed;lp_amount=none,False
2022-10-27T10:00:00+00:00,,,,0.015857583927568766,,WETH,pool_swap_ratio,0,4321,7902.882091840974,,15838618,0.0,,0,0,0.0,0.0,0.0,0.0,,0,0,,,,0.0,0.0,0.0,0,0.0,0.0,0.0,0.0,0.0,0.0,0.0,,3,3,price=carried;tvl=carried;lp_amount=none,True
2022-10-27T11:00:00+00:00,,,,0.015857583927568766,,WETH,pool_swap_ratio,0,7921,7902.882091840974,,15838618,0.0,,0,0,0.0,0.0,0.0,0.0,,0,0,,,,0.0,0.0,0.0,0,0.0,0.0,0.0,0.0,0.0,0.0,0.0,,3,3,price=carried;tvl=carried;lp_amount=none,True
2022-10-27T12:00:00+00:00,0.015846411112698317,0.015865160598364063,0.01535580108007745,0.015781885806677005,0.015548975710045076,WETH,pool_swap_ratio,13,1765,8150.997767449122,,15839428,855.6682163521967,,13,6,243.72288944730983,0.0,243.72288944730983,243.72288944730983,0.0,1,0,,,,673.7533907038269,425.63771509567977,248.11567560814711,14,-0.004785052718275386,0.030912830519543688,0.030839747653445587,0.030839747653445587,0.0313955937498175,0.0,0.10827293212884935,0.014979127948695936,3,3,price=observed;tvl=observed;lp_amount=quantified,False
2022-10-27T13:00:00+00:00,0.015840378000063035,0.015840378000063035,0.015840378000063035,0.015840378000063035,0.015840378000063035,WETH,pool_swap_ratio,1,733,8135.628467963178,,15839808,15.369299485943356,,1,1,0.0,0.0,0.0,0.0,,0,0,,,,0.0,15.369299485943356,-15.369299485943356,1,0.0036994353378979866,-0.0018873527059612872,0.0,0.0,-0.0018855727758042588,0.0,0.0018855727758042588,0.0,3,3,price=observed;tvl=observed;lp_amount=none,False
2022-10-27T14:00:00+00:00,,,,0.015840378000063035,,WETH,pool_swap_ratio,0,4333,8135.628467963178,,15839808,0.0,,0,0,0.0,0.0,0.0,0.0,,0,0,,,,0.0,0.0,0.0,0,0.0,0.0,0.0,0.0,0.0,0.0,0.0,,3,3,price=carried;tvl=carried;lp_amount=none,True
2022-10-27T15:00:00+00:00,,,,0.015840378000063035,,WETH,pool_swap_ratio,0,7933,8135.628467963178,,15839808,0.0,,0,0,0.0,0.0,0.0,0.0,,0,0,,,,0.0,0.0,0.0,0,0.0,0.0,0.0,0.0,0.0,0.0,0.0,,3,3,price=carried;tvl=carried;lp_amount=none,True
2022-10-27T16:00:00+00:00,0.015824100863995674,0.015824100863995674,0.015824100863995674,0.015824100863995674,0.015824100863995674,WETH,pool_swap_ratio,1,817,8133.557150879446,,15840693,2.071317083731846,,1,1,0.0,0.0,0.0,0.0,,0,0,,,,0.0,2.071317083731846,-2.071317083731846,1,-0.0010281007668544646,-0.0002546307041360733,0.0,0.0,-0.0002545982884897419,0.0,0.0002545982884897419,0.0,3,3,price=observed;tvl=observed;lp_amount=none,False
2022-10-27T17:00:00+00:00,0.015883886273058007,0.015883886273058007,0.015883886273058007,0.015883886273058007,0.015883886273058007,WETH,pool_swap_ratio,1,481,8130.812926095961,,15841020,2.744224783484485,,1,1,0.0,0.0,0.0,0.0,,0,0,,,,0.0,2.744224783484485,-2.744224783484485,1,0.003771004425602501,-0.0003374523324959993,0.0,0.0,-0.00033739540186150457,0.0,0.00033739540186150457,0.0,3,3,price=observed;tvl=observed;lp_amount=none,False
2022-10-27T18:00:00+00:00,0.015782985245383893,0.015782985245383893,0.015782985245383893,0.015782985245383893,0.015782985245383893,WETH,pool_swap_ratio,1,1081,8134.040290124939,,15841265,3.2273640289773953,,1,1,0.0,0.0,0.0,0.0,,0,0,,,,3.2273640289773953,0.0,3.2273640289773953,1,-0.006372676826601418,0.0003968512999694606,0.0,0.0,0.0003969300558642942,0.0,0.0003969300558642942,0.0,3,3,price=observed;tvl=observed;lp_amount=none,False
2022-10-27T19:00:00+00:00,,,,0.015782985245383893,,WETH,pool_swap_ratio,0,4681,8134.040290124939,,15841265,0.0,,0,0,0.0,0.0,0.0,0.0,,0,0,,,,0.0,0.0,0.0,0,0.0,0.0,0.0,0.0,0.0,0.0,0.0,,3,3,price=carried;tvl=carried;lp_amount=none,True
2022-10-27T20:00:00+00:00,,,,0.015782985245383893,,WETH,pool_swap_ratio,0,8281,8134.040290124939,,15841265,0.0,,0,0,0.0,0.0,0.0,0.0,,0,0,,,,0.0,0.0,0.0,0,0.0,0.0,0.0,0.0,0.0,0.0,0.0,,3,3,price=carried;tvl=carried;lp_amount=none,True
2022-10-27T21:00:00+00:00,0.01592113995020307,0.01592113995020307,0.01592113995020307,0.01592113995020307,0.01592113995020307,WETH,pool_swap_ratio,1,3085,8074.170560044484,,15841996,59.86973008045473,,1,1,0.0,0.0,0.0,0.0,,0,0,,,,0.0,59.86973008045473,-59.86973008045473,1,0.008715306190943172,-0.007387613960032506,0.0,0.0,-0.007360392614865586,0.0,0.007360392614865586,0.0,3,3,price=observed;tvl=observed;lp_amount=none,False
2022-10-27T22:00:00+00:00,,,,0.01592113995020307,,WETH,pool_swap_ratio,0,6685,8074.170560044484,,15841996,0.0,,0,0,0.0,0.0,0.0,0.0,,0,0,,,,0.0,0.0,0.0,0,0.0,0.0,0.0,0.0,0.0,0.0,0.0,,3,3,price=carried;tvl=carried;lp_amount=none,True
2022-10-27T23:00:00+00:00,,,,0.01592113995020307,,WETH,pool_swap_ratio,0,10285,8074.170560044484,,15841996,0.0,,0,0,0.0,0.0,0.0,0.0,,0,0,,,,0.0,0.0,0.0,0,0.0,0.0,0.0,0.0,0.0,0.0,0.0,,3,3,price=carried;tvl=carried;lp_amount=none,True
2022-10-28T00:00:00+00:00,0.01599628376390573,0.01599628376390573,0.01599628376390573,0.01599628376390573,0.01599628376390573,WETH,pool_swap_ratio,1,2389,8042.236710206755,,15842948,31.933849837729174,,1,1,0.0,0.0,0.0,0.0,,0,0,,,,0.0,31.933849837729174,-31.933849837729174,1,0.004708647741272869,-0.003962904522654762,0.0,0.0,-0.003955062578905101,0.0,0.003955062578905101,0.0,3,3,price=observed;tvl=observed;lp_amount=none,False
2022-10-28T01:00:00+00:00,0.015973928681858804,0.016015156801572547,0.01591933690204051,0.01591933690204051,0.01596839111671501,WETH,pool_swap_ratio,3,1897,8031.317594646698,,15843287,65.07300684993211,,3,3,0.0,0.0,0.0,0.0,,0,0,,,,27.076945644937584,37.996061204994525,-10.919115560056941,3,-0.004821902839357785,-0.001358643773817262,0.0,0.0,-0.0013577212352129618,0.0,0.008091406557002372,-0.0030719572382688076,3,3,price=observed;tvl=observed;lp_amount=none,False
2022-10-28T02:00:00+00:00,0.016045026321493912,0.016147098920113255,0.016045026321493912,0.016147098920113255,0.016088503459370775,WETH,pool_swap_ratio,2,205,7936.727637766093,,15843719,94.58995688060513,,2,2,0.0,0.0,0.0,0.0,,0,0,,,,0.0,94.58995688060513,-94.58995688060513,2,0.014205872436232971,-0.01184754450810134,0.0,0.0,-0.011777638695754529,0.0,0.011777638695754529,0.0036420703075619176,3,3,price=observed;tvl=observed;lp_amount=none,False
2022-10-28T03:00:00+00:00,0.016123741511025715,0.016123741511025715,0.015956828089471117,0.01598157080955032,0.016000205726767892,WETH,pool_swap_ratio,4,1645,7955.973111899092,,15843896,173.9690105449844,,4,4,0.0,0.0,0.0,0.0,,0,0,,,,96.60725651265177,77.3617823796527,19.245474132999078,4,-0.010304166125995797,0.0024219273795617093,0.0,0.0,0.0024248626148415994,0.0,0.021919488545527374,-0.0011646673508951544,3,3,price=observed;tvl=observed;lp_amount=none,False
2022-10-28T04:00:00+00:00,,,,0.01598157080955032,,WETH,pool_swap_ratio,0,5245,7955.973111899092,,15843896,0.0,,0,0,0.0,0.0,0.0,0.0,,0,0,,,,0.0,0.0,0.0,0,0.0,0.0,0.0,0.0,0.0,0.0,0.0,,3,3,price=carried;tvl=carried;lp_amount=none,True
2022-10-28T05:00:00+00:00,0.015934232656275964,0.015934232656275964,0.015934232656275964,0.015934232656275964,0.015934232656275964,WETH,pool_swap_ratio,1,2053,7985.973111899092,,15844454,30.0,,1,1,0.0,0.0,0.0,0.0,,0,0,,,,30.0,0.0,30.0,1,-0.0029664418781626995,0.0037636603450656855,0.0,0.0,0.0037707518084910915,0.0,0.0037707518084910915,0.0,3,3,price=observed;tvl=observed;lp_amount=none,False
2022-10-28T06:00:00+00:00,0.015846139428232715,0.015937260450688617,0.01583621046932678,0.015937260450688617,0.015880467140606532,WETH,pool_swap_ratio,3,1585,8011.669580579617,,15844791,158.49646868052753,,3,2,0.0,0.0,0.0,0.0,,0,0,,,,92.09646868052654,66.40000000000099,25.696468680525555,3,0.00019000016168674316,0.003212534655793499,0.0,0.0,0.003217700375454288,0.0,0.019846857290862642,0.0035762997133039764,3,3,price=observed;tvl=observed;lp_amount=none,False
2022-10-28T07:00:00+00:00,0.015977082866897023,0.015977082866897023,0.015977082866897023,0.015977082866897023,0.015977082866897023,WETH,pool_swap_ratio,1,1933,8014.677516589157,,15845060,3.0079360095396783,,1,1,0.0,0.0,0.0,0.0,,0,0,,,,3.0079360095396783,0.0,3.0079360095396783,1,0.0024955824081813105,0.0003753738798519455,0.0,0.0,0.000375444341443006,0.0,0.000375444341443006,0.0,3,3,price=observed;tvl=observed;lp_amount=none,False
2022-10-28T08:00:00+00:00,0.016061739866635668,0.016061739866635668,0.016061739866635668,0.016061739866635668,0.016061739866635668,WETH,pool_swap_ratio,1,2173,7966.277516589156,,15845339,48.40000000000066,,1,1,0.0,0.0,0.0,0.0,,0,0,,,,0.0,48.40000000000066,-48.40000000000066,1,0.005284663388874013,-0.006057228480086877,0.0,0.0,-0.006038920455604117,0.0,0.006038920455604117,0.0,3,3,price=observed;tvl=observed;lp_amount=none,False
2022-10-28T09:00:00+00:00,,,,0.016061739866635668,,WETH,pool_swap_ratio,0,5773,7966.277516589156,,15845339,0.0,,0,0,0.0,0.0,0.0,0.0,,0,0,,,,0.0,0.0,0.0,0,0.0,0.0,0.0,0.0,0.0,0.0,0.0,,3,3,price=carried;tvl=carried;lp_amount=none,True
2022-10-28T10:00:00+00:00,,,,0.016061739866635668,,WETH,pool_swap_ratio,0,9373,7966.277516589156,,15845339,0.0,,0,0,0.0,0.0,0.0,0.0,,0,0,,,,0.0,0.0,0.0,0,0.0,0.0,0.0,0.0,0.0,0.0,0.0,,3,3,price=carried;tvl=carried;lp_amount=none,True
2022-10-28T11:00:00+00:00,,,,0.016061739866635668,,WETH,pool_swap_ratio,0,12973,7966.277516589156,,15845339,0.0,,0,0,0.0,0.0,0.0,0.0,,0,0,,,,0.0,0.0,0.0,0,0.0,0.0,0.0,0.0,0.0,0.0,0.0,,3,3,price=carried;tvl=carried;lp_amount=none,True
2022-10-28T12:00:00+00:00,,,,0.016061739866635668,,WETH,pool_swap_ratio,0,16573,7966.277516589156,,15845339,0.0,,0,0,0.0,0.0,0.0,0.0,,0,0,,,,0.0,0.0,0.0,0,0.0,0.0,0.0,0.0,0.0,0.0,0.0,,3,3,price=carried;tvl=carried;lp_amount=none,True
2022-10-28T13:00:00+00:00,0.01611036101047434,0.01611036101047434,0.01611036101047434,0.01611036101047434,0.01611036101047434,WETH,pool_swap_ratio,1,505,7963.23599567177,,15846974,3.0415209173861513,,1,1,0.0,0.0,0.0,0.0,,0,0,,,,0.0,3.0415209173861513,-3.0415209173861513,1,0.0030225679722284144,-0.0003818724221560712,0.0,0.0,-0.0003817995181629587,0.0,0.0003817995181629587,0.0,3,3,price=observed;tvl=observed;lp_amount=none,False
2022-10-28T14:00:00+00:00,0.01593163521138188,0.01593163521138188,0.01593163521138188,0.01593163521138188,0.01593163521138188,WETH,pool_swap_ratio,1,1585,8043.234332271045,,15847184,79.99833659927452,,1,1,0.0,0.0,0.0,0.0,,0,0,,,,79.99833659927452,0.0,79.99833659927452,1,-0.011155837571853228,0.00999583306706297,0.0,0.0,0.010045958281627687,0.0,0.010045958281627687,0.0,3,3,price=observed;tvl=observed;lp_amount=none,False
2022-10-28T15:00:00+00:00,,,,0.01593163521138188,,WETH,pool_swap_ratio,0,5185,8043.234332271045,,15847184,0.0,,0,0,0.0,0.0,0.0,0.0,,0,0,,,,0.0,0.0,0.0,0,0.0,0.0,0.0,0.0,0.0,0.0,0.0,,3,3,price=carried;tvl=carried;lp_amount=none,True
2022-10-28T16:00:00+00:00,0.016014323745068067,0.016014323745068067,0.01592227521881519,0.01592227521881519,0.015969495756378686,WETH,pool_swap_ratio,2,181,8039.813202139738,,15847896,131.62113013130727,,2,2,0.0,0.0,0.0,0.0,,0,0,,,,64.1,67.52113013130727,-3.4211301313072795,2,-0.0005876824986111761,-0.0004254330748680758,0.0,0.0,-0.0004253425910496017,0.0,0.016364204335464566,-0.002956921012652103,3,3,price=observed;tvl=observed;lp_amount=none,False
2022-10-28T17:00:00+00:00,0.01583203328382541,0.01583203328382541,0.01583203328382541,0.01583203328382541,0.01583203328382541,WETH,pool_swap_ratio,1,2389,8059.813202139738,,15848012,20.0,,1,1,0.0,0.0,0.0,0.0,,0,0,,,,20.0,0.0,20.0,1,-0.005683775348043113,0.0024845309805249793,0.0,0.0,0.0024876199853346276,0.0,0.0024876199853346276,0.0,3,3,price=observed;tvl=observed;lp_amount=none,False
2022-10-28T18:00:00+00:00,0.015778793433654795,0.015778793433654795,0.015778793433654795,0.015778793433654795,0.015778793433654795,WETH,pool_swap_ratio,1,469,8089.813202139738,,15848471,30.0,,1,1,0.0,0.0,0.0,0.0,,0,0,,,,30.0,0.0,30.0,1,-0.003368459862630397,0.003715260496669233,0.0,0.0,0.0037221706319490793,0.0,0.0037221706319490793,0.0,3,3,price=observed;tvl=observed;lp_amount=none,False
2022-10-28T19:00:00+00:00,0.015896986026717283,0.016009954366506835,0.015896986026717283,0.016009954366506835,0.01595444219953568,WETH,pool_swap_ratio,2,1321,7985.213202139737,,15848698,104.60000000000016,,2,1,0.0,0.0,0.0,0.0,,0,0,,,,0.0,104.60000000000016,-104.60000000000016,2,0.014543825943880265,-0.013014159192341435,0.0,0.0,-0.012929841194891089,0.0,0.012929841194891089,0.0034794175989913967,3,3,price=observed;tvl=observed;lp_amount=none,False
2022-10-28T20:00:00+00:00,0.015917648396998062,0.015917648396998062,0.015810557486453877,0.01585448340390499,0.015863914323337322,WETH,pool_swap_ratio,3,1717,8083.213202139737,,15848965,102.0,,3,2,0.0,0.0,0.0,0.0,,0,0,,,,100.0,2.0,98.0,3,-0.00975835176835813,0.012197985372872332,0.0,0.0,0.012272684212581786,0.0,0.012773610098809613,-0.0005944888027074047,3,3,price=observed;tvl=observed;lp_amount=none,False
2022-10-28T21:00:00+00:00,,,,0.01585448340390499,,WETH,pool_swap_ratio,0,5317,8083.213202139737,,15848965,0.0,,0,0,0.0,0.0,0.0,0.0,,0,0,,,,0.0,0.0,0.0,0,0.0,0.0,0.0,0.0,0.0,0.0,0.0,,3,3,price=carried;tvl=carried;lp_amount=none,True
2022-10-28T22:00:00+00:00,0.015911821027303586,0.015911821027303586,0.015911821027303586,0.015911821027303586,0.015911821027303586,WETH,pool_swap_ratio,1,1813,8031.813202139739,,15849551,51.39999999999897,,1,1,0.0,0.0,0.0,0.0,,0,0,,,,0.0,51.39999999999897,-51.39999999999897,1,0.0036099689084586536,-0.006379161040765477,0.0,0.0,-0.006358857389335306,0.0,0.006358857389335306,0.0,3,3,price=observed;tvl=observed;lp_amount=none,False
2022-10-28T23:00:00+00:00,,,,0.015911821027303586,,WETH,pool_swap_ratio,0,5413,8031.813202139739,,15849551,0.0,,0,0,0.0,0.0,0.0,0.0,,0,0,,,,0.0,0.0,0.0,0,0.0,0.0,0.0,0.0,0.0,0.0,0.0,,3,3,price=carried;tvl=carried;lp_amount=none,True
2022-10-29T00:00:00+00:00,0.01581814802745186,0.01590564139172615,0.01581814802745186,0.01590564139172615,0.015858382358096855,WETH,pool_swap_ratio,2,2317,8039.245329338324,,15850107,92.56787280141515,,2,2,0.0,0.0,0.0,0.0,,0,0,,,,50.0,42.56787280141515,7.432127198584851,2,-0.00038844302375560505,0.0009249083019452705,0.0,0.0,0.0009253361615288654,0.0,0.011525152599011433,0.002980066476021559,3,3,price=observed;tvl=observed;lp_amount=none,False
2022-10-29T01:00:00+00:00,,,,0.01590564139172615,,WETH,pool_swap_ratio,0,5917,8039.245329338324,,15850107,0.0,,0,0,0.0,0.0,0.0,0.0,,0,0,,,,0.0,0.0,0.0,0,0.0,0.0,0.0,0.0,0.0,0.0,0.0,,3,3,price=carried;tvl=carried;lp_amount=none,True
2022-10-29T02:00:00+00:00,,,,0.01590564139172615,,WETH,pool_swap_ratio,0,9517,8039.245329338324,,15850107,0.0,,0,0,0.0,0.0,0.0,0.0,,0,0,,,,0.0,0.0,0.0,0,0.0,0.0,0.0,0.0,0.0,0.0,0.0,,3,3,price=carried;tvl=carried;lp_amount=none,True
2022-10-29T03:00:00+00:00,0.01580323044816025,0.01580323044816025,0.01580323044816025,0.01580323044816025,0.01580323044816025,WETH,pool_swap_ratio,1,2281,8088.636610511292,,15851001,49.39128117296871,,1,1,0.0,0.0,0.0,0.0,,0,0,,,,49.39128117296871,0.0,49.39128117296871,1,-0.006459472930627981,0.006124974843922754,0.0,0.0,0.00614377085778447,0.0,0.00614377085778447,0.0,3,3,price=observed;tvl=observed;lp_amount=none,False
2022-10-29T04:00:00+00:00,,,,0.01580323044816025,,WETH,pool_swap_ratio,0,5881,8088.636610511292,,15851001,0.0,,0,0,0.0,0.0,0.0,0.0,,0,0,,,,0.0,0.0,0.0,0,0.0,0.0,0.0,0.0,0.0,0.0,0.0,,3,3,price=carried;tvl=carried;lp_amount=none,True
2022-10-29T05:00:00+00:00,,,,0.01580323044816025,,WETH,pool_swap_ratio,0,9481,8088.636610511292,,15851001,0.0,,0,0,0.0,0.0,0.0,0.0,,0,0,,,,0.0,0.0,0.0,0,0.0,0.0,0.0,0.0,0.0,0.0,0.0,,3,3,price=carried;tvl=carried;lp_amount=none,True
2022-10-29T06:00:00+00:00,0.015723895553978514,0.015831415121204465,0.015723895553978514,0.015831415121204465,0.015775363301136,WETH,pool_swap_ratio,3,217,8102.14554498449,,15852067,87.97106552680165,,3,2,0.0,0.0,0.0,0.0,,0,0,,,,50.74,37.23106552680164,13.508934473198359,3,0.0017818869150843769,0.0016687195810845027,0.0,0.0,0.0016701126683875646,0.0,0.010875883015004292,0.003553123880476905,3,3,price=observed;tvl=observed;lp_amount=none,False
2022-10-29T07:00:00+00:00,,,,0.015831415121204465,,WETH,pool_swap_ratio,0,3817,8102.14554498449,,15852067,0.0,,0,0,0.0,0.0,0.0,0.0,,0,0,,,,0.0,0.0,0.0,0,0.0,0.0,0.0,0.0,0.0,0.0,0.0,,3,3,price=carried;tvl=carried;lp_amount=none,True
2022-10-29T08:00:00+00:00,0.01572341690343677,0.01572341690343677,0.01572341690343677,0.01572341690343677,0.01572341690343677,WETH,pool_swap_ratio,1,1753,8151.94554498449,,15852536,49.8,,1,1,0.0,0.0,0.0,0.0,,0,0,,,,49.8,0.0,49.8,1,-0.006845141142230445,0.0061277072401963,0.0,0.0,0.006146520045030286,0.0,0.006146520045030286,0.0,3,3,price=observed;tvl=observed;lp_amount=none,False
2022-10-29T09:00:00+00:00,0.015776886066433106,0.015776886066433106,0.015776886066433106,0.015776886066433106,0.015776886066433106,WETH,pool_swap_ratio,1,409,8139.939668192983,,15852944,10.883225055070351,,1,1,0.0,0.9986512174291371,-0.9986512174291371,0.9986512174291371,0.0,0,1,,,1.0,0.0,12.005876791508207,-12.005876791508207,2,0.0033948381004344614,-0.0014738477232932494,-0.00012250464774553853,0.00012250464774553853,-0.0014727621431297293,0.00012250464774553853,0.0013350463389400693,0.0,3,3,price=observed;tvl=observed;lp_amount=quantified,False
2022-10-29T10:00:00+00:00,0.01577968766395798,0.01577968766395798,0.015646586027561336,0.015646586027561336,0.015676240796292193,WETH,pool_swap_ratio,2,2485,8197.839668192983,,15853070,57.9,,2,1,0.0,0.0,0.0,0.0,,0,0,,,,57.9,0.0,57.9,2,-0.008293213766400851,0.007087896244321813,0.0,0.0,0.007113074833496088,0.0,0.007113074833496088,-0.0018917015320325525,3,3,price=observed;tvl=observed;lp_amount=none,False
2022-10-29T11:00:00+00:00,,,,0.015646586027561336,,WETH,pool_swap_ratio,0,6085,8197.839668192983,,15853070,0.0,,0,0,0.0,0.0,0.0,0.0,,0,0,,,,0.0,0.0,0.0,0,0.0,0.0,0.0,0.0,0.0,0.0,0.0,,3,3,price=carried;tvl=carried;lp_amount=none,True
2022-10-29T12:00:00+00:00,,,,0.015646586027561336,,WETH,pool_swap_ratio,0,9685,8197.839668192983,,15853070,0.0,,0,0,0.0,0.0,0.0,0.0,,0,0,,,,0.0,0.0,0.0,0,0.0,0.0,0.0,0.0,0.0,0.0,0.0,,3,3,price=carried;tvl=carried;lp_amount=none,True
2022-10-29T13:00:00+00:00,,,,0.015646586027561336,,WETH,pool_swap_ratio,0,13285,8197.839668192983,,15853070,0.0,,0,0,0.0,0.0,0.0,0.0,,0,0,,,,0.0,0.0,0.0,0,0.0,0.0,0.0,0.0,0.0,0.0,0.0,,3,3,price=carried;tvl=carried;lp_amount=none,True
2022-10-29T14:00:00+00:00,,,,0.015646586027561336,,WETH,pool_swap_ratio,0,16885,8197.839668192983,,15853070,0.0,,0,0,0.0,0.0,0.0,0.0,,0,0,,,,0.0,0.0,0.0,0,0.0,0.0,0.0,0.0,0.0,0.0,0.0,,3,3,price=carried;tvl=carried;lp_amount=none,True
2022-10-29T15:00:00+00:00,0.015652830720635412,0.015652830720635412,0.015652830720635412,0.015652830720635412,0.015652830720635412,WETH,pool_swap_ratio,1,1849,8217.981273236746,,15854610,20.141605043763985,,1,1,0.0,0.0,0.0,0.0,,0,0,,,,20.141605043763985,0.0,20.141605043763985,1,0.0003990293625708484,0.002453927247738704,0.0,0.0,0.0024569405915453478,0.0,0.0024569405915453478,0.0,3,3,price=observed;tvl=observed;lp_amount=none,False
2022-10-29T16:00:00+00:00,,,,0.015652830720635412,,WETH,pool_swap_ratio,0,5449,8217.981273236746,,15854610,0.0,,0,0,0.0,0.0,0.0,0.0,,0,0,,,,0.0,0.0,0.0,0,0.0,0.0,0.0,0.0,0.0,0.0,0.0,,3,3,price=carried;tvl=carried;lp_amount=none,True
2022-10-29T17:00:00+00:00,0.015854613041648896,0.015854613041648896,0.01577341501627127,0.01577341501627127,0.015815777344799914,WETH,pool_swap_ratio,2,649,8205.379377694244,,15855305,290.1491074236848,,2,2,0.0,0.0,0.0,0.0,,0,0,,,,138.77360594059107,151.37550148309376,-12.601895542502689,2,0.007674151627170272,-0.0015346308570537343,0.0,0.0,-0.0015334539132551817,0.0,0.035306615794879544,-0.002678485388678764,3,3,price=observed;tvl=observed;lp_amount=none,False
2022-10-29T18:00:00+00:00,0.015765876312432845,0.015765876312432845,0.015765876312432845,0.015765876312432845,0.015765876312432845,WETH,pool_swap_ratio,1,325,8162.968795069495,,15855630,42.410582624748606,,1,1,0.0,0.0,0.0,0.0,,0,0,,,,0.0,42.410582624748606,-42.410582624748606,1,-0.0004780515772169608,-0.005182035118397853,0.0,0.0,-0.005168631537018123,0.0,0.005168631537018123,0.0,3,3,price=observed;tvl=observed;lp_amount=none,False
2022-10-29T19:00:00+00:00,0.016051939341735273,0.016051939341735273,0.013483434358817976,0.015680723839513595,0.015006249074808737,WETH,pool_swap_ratio,19,613,8285.936964741008,,15855905,3153.7406934999544,,19,9,0.0,0.0,0.0,0.0,,0,0,,,,1638.3544315857337,1515.3862619142199,122.9681696715138,17,-0.005415700306754153,0.014951810451240529,0.0,0.0,0.015064147953840968,0.0,0.38634726809256476,0.04494625947780051,3,3,price=observed;tvl=observed;lp_amount=none,False
2022-10-29T20:00:00+00:00,0.01555841560105191,0.01555841560105191,0.0154416932441158,0.0155341706639795,0.015490101668829378,WETH,pool_swap_ratio,4,349,8307.805964741008,,15856226,213.66900000000027,,4,4,0.0,0.0,0.0,0.0,,0,0,,,,117.769,95.90000000000025,21.868999999999758,4,-0.009390020674006001,0.0026358143252195845,0.0,0.0,0.002639291137871131,0.0,0.02578694490547321,0.002844977785962488,3,3,price=observed;tvl=observed;lp_amount=none,False
2022-10-29T21:00:00+00:00,0.01549272479668103,0.015625666965950486,0.01549272479668103,0.015625666965950486,0.01556856173758404,WETH,pool_swap_ratio,4,625,8285.476928227277,,15856501,214.32903651373124,,4,2,0.0,0.0,0.0,0.0,,0,0,,,,96.0,118.32903651373124,-22.32903651373124,4,0.005872724115230682,-0.0026913360226220855,0.0,0.0,-0.0026877176246649782,0.0,0.025798512558353047,0.003667983551016718,3,3,price=observed;tvl=observed;lp_amount=none,False
2022-10-29T22:00:00+00:00,0.01562866243498745,0.015747545342544106,0.01562866243498745,0.015747545342544106,0.015723624291323544,WETH,pool_swap_ratio,2,1405,8207.25068870318,,15856736,78.22623952409792,,2,1,0.0,0.0,0.0,0.0,,0,0,,,,0.0,78.22623952409792,-78.22623952409792,2,0.007769621326247908,-0.00948622058900302,0.0,0.0,-0.009441368336636578,0.0,0.009441368336636578,0.001521344619876297,3,3,price=observed;tvl=observed;lp_amount=none,False
2022-10-29T23:00:00+00:00,,,,0.015747545342544106,,WETH,pool_swap_ratio,0,5005,8207.25068870318,,15856736,0.0,,0,0,0.0,0.0,0.0,0.0,,0,0,,,,0.0,0.0,0.0,0,0.0,0.0,0.0,0.0,0.0,0.0,0.0,,3,3,price=carried;tvl=carried;lp_amount=none,True
2022-10-30T00:00:00+00:00,,,,0.015747545342544106,,WETH,pool_swap_ratio,0,8605,8207.25068870318,,15856736,0.0,,0,0,0.0,0.0,0.0,0.0,,0,0,,,,0.0,0.0,0.0,0,0.0,0.0,0.0,0.0,0.0,0.0,0.0,,3,3,price=carried;tvl=carried;lp_amount=none,True
2022-10-30T01:00:00+00:00,,,,0.015747545342544106,,WETH,pool_swap_ratio,0,12205,8207.25068870318,,15856736,0.0,,0,0,0.0,0.0,0.0,0.0,,0,0,,,,0.0,0.0,0.0,0,0.0,0.0,0.0,0.0,0.0,0.0,0.0,,3,3,price=carried;tvl=carried;lp_amount=none,True
2022-10-30T02:00:00+00:00,,,,0.015747545342544106,,WETH,pool_swap_ratio,0,15805,8207.25068870318,,15856736,0.0,,0,0,0.0,0.0,0.0,0.0,,0,0,,,,0.0,0.0,0.0,0,0.0,0.0,0.0,0.0,0.0,0.0,0.0,,3,3,price=carried;tvl=carried;lp_amount=none,True
2022-10-30T03:00:00+00:00,,,,0.015747545342544106,,WETH,pool_swap_ratio,0,19405,8207.25068870318,,15856736,0.0,,0,0,0.0,0.0,0.0,0.0,,0,0,,,,0.0,0.0,0.0,0,0.0,0.0,0.0,0.0,0.0,0.0,0.0,,3,3,price=carried;tvl=carried;lp_amount=none,True
2022-10-30T04:00:00+00:00,0.01582866188643019,0.01585436911931538,0.01582866188643019,0.01585436911931538,0.015841898281832953,WETH,pool_swap_ratio,2,169,8133.633534883562,,15858632,73.6171538196173,,2,1,0.0,0.0,0.0,0.0,,0,0,,,,0.0,73.6171538196173,-73.6171538196173,2,0.006760614694597675,-0.009010240921966216,0.0,0.0,-0.008969770342332444,0.0,0.008969770342332444,0.0007872060065383657,3,3,price=observed;tvl=observed;lp_amount=none,False
2022-10-30T05:00:00+00:00,,,,0.01585436911931538,,WETH,pool_swap_ratio,0,3769,8133.633534883562,,15858632,0.0,,0,0,0.0,0.0,0.0,0.0,,0,0,,,,0.0,0.0,0.0,0,0.0,0.0,0.0,0.0,0.0,0.0,0.0,,3,3,price=carried;tvl=carried;lp_amount=none,True
2022-10-30T06:00:00+00:00,0.01591186922618164,0.01591186922618164,0.015811469960889647,0.015811469960889647,0.015869050481384726,WETH,pool_swap_ratio,3,2077,8131.36568306005,,15859070,29.15521693217396,,3,2,0.0,0.0,0.0,0.0,,0,0,,,,13.443690073064825,15.711541896576552,-2.2678518235117266,3,-0.0027094930004471105,-0.00027886282782066797,0.0,0.0,-0.00027882394919630373,0.0,0.0035845255145972514,-0.00362847925669052,3,3,price=observed;tvl=observed;lp_amount=none,False
2022-10-30T07:00:00+00:00,,,,0.015811469960889647,,WETH,pool_swap_ratio,0,5677,8131.36568306005,,15859070,0.0,,0,0,0.0,0.0,0.0,0.0,,0,0,,,,0.0,0.0,0.0,0,0.0,0.0,0.0,0.0,0.0,0.0,0.0,,3,3,price=carried;tvl=carried;lp_amount=none,True
2022-10-30T08:00:00+00:00,0.0159268448938389,0.0159268448938389,0.0159268448938389,0.0159268448938389,0.0159268448938389,WETH,pool_swap_ratio,1,2689,8106.36568306005,,15859615,25.0,,1,1,0.0,0.0,0.0,0.0,,0,0,,,,0.0,25.0,-25.0,1,0.007270420102260972,-0.0030792503201367972,0.0,0.0,-0.0030745142912564022,0.0,0.0030745142912564022,0.0,3,3,price=observed;tvl=observed;lp_amount=none,False
2022-10-30T09:00:00+00:00,0.0160114637755261,0.0160114637755261,0.015975753814359468,0.015975753814359468,0.0159970834248603,WETH,pool_swap_ratio,2,793,8017.298424471768,,15860072,89.06725858828182,,2,2,0.0,0.0,0.0,0.0,,0,0,,,,0.0,89.06725858828182,-89.06725858828182,2,0.0030661426227322594,-0.011048129502517833,0.0,0.0,-0.010987323058273392,0.0,0.010987323058273392,-0.0013333437061210374,3,3,price=observed;tvl=observed;lp_amount=none,False
2022-10-30T10:00:00+00:00,,,,0.015975753814359468,,WETH,pool_swap_ratio,0,4393,8017.298424471768,,15860072,0.0,,0,0,0.0,0.0,0.0,0.0,,0,0,,,,0.0,0.0,0.0,0,0.0,0.0,0.0,0.0,0.0,0.0,0.0,,3,3,price=carried;tvl=carried;lp_amount=none,True
2022-10-30T11:00:00+00:00,0.015928586820450185,0.016025679189111162,0.015928586820450185,0.016025679189111162,0.015977643709452326,WETH,pool_swap_ratio,2,1249,8016.421863926901,,15860632,83.32343945513327,,2,2,0.0,0.0,0.0,0.0,,0,0,,,,41.22343945513294,42.100000000000335,-0.8765605448673952,2,0.003120198726781822,-0.00010933963297020149,0.0,0.0,-0.00010933365561044944,0.0,0.010392957208727472,0.003006418251172871,3,3,price=observed;tvl=observed;lp_amount=none,False
2022-10-30T12:00:00+00:00,,,,0.016025679189111162,,WETH,pool_swap_ratio,0,4849,8016.421863926901,,15860632,0.0,,0,0,0.0,0.0,0.0,0.0,,0,0,,,,0.0,0.0,0.0,0,0.0,0.0,0.0,0.0,0.0,0.0,0.0,,3,3,price=carried;tvl=carried;lp_amount=none,True
2022-10-30T13:00:00+00:00,,,,0.016025679189111162,,WETH,pool_swap_ratio,0,8449,8016.421863926901,,15860632,0.0,,0,0,0.0,0.0,0.0,0.0,,0,0,,,,0.0,0.0,0.0,0,0.0,0.0,0.0,0.0,0.0,0.0,0.0,,3,3,price=carried;tvl=carried;lp_amount=none,True
2022-10-30T14:00:00+00:00,0.01597122058888918,0.017846400535560712,0.01585979618614066,0.016001224971880695,0.016313458414030188,WETH,pool_swap_ratio,15,409,8017.333733865497,,15861600,1404.0337849140642,,15,4,0.0,0.0,0.0,0.0,,0,0,,,,702.4728274263305,701.5609574877335,0.9118699385969649,15,-0.0015271049527553603,0.00011374377437880015,0.0,0.0,0.00011375024344717793,0.0,0.17514469781487876,-0.01913962289449056,3,3,price=observed;tvl=observed;lp_amount=none,False
2022-10-30T15:00:00+00:00,,,,0.016001224971880695,,WETH,pool_swap_ratio,0,4009,8017.333733865497,,15861600,0.0,,0,0,0.0,0.0,0.0,0.0,,0,0,,,,0.0,0.0,0.0,0,0.0,0.0,0.0,0.0,0.0,0.0,0.0,,3,3,price=carried;tvl=carried;lp_amount=none,True
2022-10-30T16:00:00+00:00,,,,0.016001224971880695,,WETH,pool_swap_ratio,0,7609,8017.333733865497,,15861600,0.0,,0,0,0.0,0.0,0.0,0.0,,0,0,,,,0.0,0.0,0.0,0,0.0,0.0,0.0,0.0,0.0,0.0,0.0,,3,3,price=carried;tvl=carried;lp_amount=none,True
2022-10-30T17:00:00+00:00,0.016107544389972066,0.016107544389972066,0.016107544389972066,0.016107544389972066,0.016107544389972066,WETH,pool_swap_ratio,1,2761,7976.840498940707,,15862300,40.49323492479069,,1,1,0.0,0.0,0.0,0.0,,0,0,,,,0.0,40.49323492479069,-40.49323492479069,1,0.006622477832500202,-0.005063508856778451,0.0,0.0,-0.005050710905764825,0.0,0.005050710905764825,0.0,3,3,price=observed;tvl=observed;lp_amount=none,False
2022-10-30T18:00:00+00:00,0.016116071709985903,0.016116071709985903,0.016116071709985903,0.016116071709985903,0.016116071709985903,WETH,pool_swap_ratio,1,1573,7945.329998748495,,15862697,31.51050019221174,,1,1,0.0,0.0,0.0,0.0,,0,0,,,,0.0,31.51050019221174,-31.51050019221174,1,0.0005292590494150406,-0.003958071085168979,0.0,0.0,-0.003950248246332142,0.0,0.003950248246332142,0.0,3,3,price=observed;tvl=observed;lp_amount=none,False
2022-10-30T19:00:00+00:00,,,,0.016116071709985903,,WETH,pool_swap_ratio,0,5173,7945.329998748495,,15862697,0.0,,0,0,0.0,0.0,0.0,0.0,,0,0,,,,0.0,0.0,0.0,0,0.0,0.0,0.0,0.0,0.0,0.0,0.0,,3,3,price=carried;tvl=carried;lp_amount=none,True
2022-10-30T20:00:00+00:00,0.01600461157670186,0.016078907135668175,0.01600461157670186,0.016078907135668175,0.01601940032873068,WETH,pool_swap_ratio,2,2137,7939.448209283422,,15863247,5.881789465072905,,2,2,0.0,0.0,0.0,0.0,,0,0,,,,0.0,5.881789465072905,-5.881789465072905,2,-0.0023087196922066816,-0.0007405567338558584,0.0,0.0,-0.000740282589395201,0.0,0.000740282589395201,0.0037146713182993896,3,3,price=observed;tvl=observed;lp_amount=none,False
2022-10-30T21:00:00+00:00,,,,0.016078907135668175,,WETH,pool_swap_ratio,0,5737,7939.448209283422,,15863247,0.0,,0,0,0.0,0.0,0.0,0.0,,0,0,,,,0.0,0.0,0.0,0,0.0,0.0,0.0,0.0,0.0,0.0,0.0,,3,3,price=carried;tvl=carried;lp_amount=none,True
2022-10-30T22:00:00+00:00,0.01616559540982595,0.016233768146744394,0.01616559540982595,0.01618433070368511,0.016216937011845643,WETH,pool_swap_ratio,3,517,7883.75346726872,,15863977,67.60914806587046,,3,2,0.0,0.0,0.0,0.0,,0,0,,,,5.9572060053972775,61.6519480200994,-55.69474201470212,3,0.006535236404705115,-0.007039658996633004,0.0,0.0,-0.007014938638881665,0.0,0.008515597845555131,-0.002010632965813164,3,3,price=observed;tvl=observed;lp_amount=none,False
2022-10-30T23:00:00+00:00,0.01613725408038468,0.01613725408038468,0.01613725408038468,0.01613725408038468,0.01613725408038468,WETH,pool_swap_ratio,1,1477,7920.573066692473,,15864195,36.819599423753225,,1,1,0.0,0.0,0.0,0.0,,0,0,,,,36.819599423753225,0.0,36.819599423753225,1,-0.0029130166051346126,0.004659441319262479,0.0,0.0,0.004670313395341262,0.0,0.004670313395341262,0.0,3,3,price=observed;tvl=observed;lp_amount=none,False
2022-10-31T00:00:00+00:00,,,,0.01613725408038468,,WETH,pool_swap_ratio,0,5077,7920.573066692473,,15864195,0.0,,0,0,0.0,0.0,0.0,0.0,,0,0,,,,0.0,0.0,0.0,0,0.0,0.0,0.0,0.0,0.0,0.0,0.0,,3,3,price=carried;tvl=carried;lp_amount=none,True
2022-10-31T01:00:00+00:00,,,,0.01613725408038468,,WETH,pool_swap_ratio,0,8677,7920.573066692473,,15864195,0.0,,0,0,0.0,0.0,0.0,0.0,,0,0,,,,0.0,0.0,0.0,0,0.0,0.0,0.0,0.0,0.0,0.0,0.0,,3,3,price=carried;tvl=carried;lp_amount=none,True
2022-10-31T02:00:00+00:00,,,,0.01613725408038468,,WETH,pool_swap_ratio,0,12277,7920.573066692473,,15864195,0.0,,0,0,0.0,0.0,0.0,0.0,,0,0,,,,0.0,0.0,0.0,0,0.0,0.0,0.0,0.0,0.0,0.0,0.0,,3,3,price=carried;tvl=carried;lp_amount=none,True
2022-10-31T03:00:00+00:00,0.016140612327511093,0.016140612327511093,0.016140612327511093,0.016140612327511093,0.016140612327511093,WETH,pool_swap_ratio,1,3265,7916.887332917764,,15865240,3.6857337747094907,,1,1,0.0,0.0,0.0,0.0,,0,0,,,,0.0,3.6857337747094907,-3.6857337747094907,1,0.0002080835886789551,-0.0004654450585194779,0.0,0.0,-0.00046533675577196644,0.0,0.00046533675577196644,0.0,3,3,price=observed;tvl=observed;lp_amount=none,False
2022-10-31T04:00:00+00:00,,,,0.016140612327511093,,WETH,pool_swap_ratio,0,6865,7916.887332917764,,15865240,0.0,,0,0,0.0,0.0,0.0,0.0,,0,0,,,,0.0,0.0,0.0,0,0.0,0.0,0.0,0.0,0.0,0.0,0.0,,3,3,price=carried;tvl=carried;lp_amount=none,True
2022-10-31T05:00:00+00:00,,,,0.016140612327511093,,WETH,pool_swap_ratio,0,10465,7916.887332917764,,15865240,0.0,,0,0,0.0,0.0,0.0,0.0,,0,0,,,,0.0,0.0,0.0,0,0.0,0.0,0.0,0.0,0.0,0.0,0.0,,3,3,price=carried;tvl=carried;lp_amount=none,True
2022-10-31T06:00:00+00:00,,,,0.016140612327511093,,WETH,pool_swap_ratio,0,14065,7916.887332917764,,15865240,0.0,,0,0,0.0,0.0,0.0,0.0,,0,0,,,,0.0,0.0,0.0,0,0.0,0.0,0.0,0.0,0.0,0.0,0.0,,3,3,price=carried;tvl=carried;lp_amount=none,True
2022-10-31T07:00:00+00:00,,,,0.016140612327511093,,WETH,pool_swap_ratio,0,17665,7916.887332917764,,15865240,0.0,,0,0,0.0,0.0,0.0,0.0,,0,0,,,,0.0,0.0,0.0,0,0.0,0.0,0.0,0.0,0.0,0.0,0.0,,3,3,price=carried;tvl=carried;lp_amount=none,True
2022-10-31T08:00:00+00:00,,,,0.016140612327511093,,WETH,pool_swap_ratio,0,21265,7916.887332917764,,15865240,0.0,,0,0,0.0,0.0,0.0,0.0,,0,0,,,,0.0,0.0,0.0,0,0.0,0.0,0.0,0.0,0.0,0.0,0.0,,3,3,price=carried;tvl=carried;lp_amount=none,True
2022-10-31T09:00:00+00:00,0.01623672541627574,0.016255996739258843,0.01623672541627574,0.016255996739258843,0.016245848614766942,WETH,pool_swap_ratio,2,1237,7843.395662451223,,15867199,73.49167046654112,,2,2,0.0,0.0,0.0,0.0,,0,0,,,,0.0,73.49167046654112,-73.49167046654112,2,0.007123270179461395,-0.00932625425234779,0.0,0.0,-0.009282899626595521,0.0,0.009282899626595521,0.0006246595504204588,3,3,price=observed;tvl=observed;lp_amount=none,False
2022-10-31T10:00:00+00:00,0.016673080403021186,0.017009202364306565,0.016275548949391812,0.016275548949391812,0.016595242317355176,WETH,pool_swap_ratio,17,493,7828.842993218833,,15867561,2382.7773294736717,,17,8,0.0,0.0,0.0,0.0,,0,0,,,,1184.1123301206408,1198.6649993530314,-14.552669232390599,17,0.001202046326010518,-0.001857127591623459,0.0,0.0,-0.0018554041971972366,0.0,0.3037941004150497,-0.019264157874274046,3,3,price=observed;tvl=observed;lp_amount=none,False
2022-10-31T11:00:00+00:00,,,,0.016275548949391812,,WETH,pool_swap_ratio,0,4093,7828.842993218833,,15867561,0.0,,0,0,0.0,0.0,0.0,0.0,,0,0,,,,0.0,0.0,0.0,0,0.0,0.0,0.0,0.0,0.0,0.0,0.0,,3,3,price=carried;tvl=carried;lp_amount=none,True
2022-10-31T12:00:00+00:00,0.01612217919184523,0.01612217919184523,0.01612217919184523,0.01612217919184523,0.01612217919184523,WETH,pool_swap_ratio,1,277,7863.842993218833,,15868176,35.0,,1,1,0.0,0.0,0.0,0.0,,0,0,,,,35.0,0.0,35.0,1,-0.00946800359505841,0.00446068417671745,0.0,0.0,0.004470647837786019,0.0,0.004470647837786019,0.0,3,3,price=observed;tvl=observed;lp_amount=none,False
2022-10-31T13:00:00+00:00,0.01623520284644742,0.016386973094913344,0.01623520284644742,0.016386973094913344,0.016313814438102255,WETH,pool_swap_ratio,3,253,8304.007153719598,,15868475,149.82669830593431,,3,2,589.9908588067,0.0,589.9908588067,589.9908588067,0.0,1,0,,,,589.9908588067,149.82669830593431,440.16416050076566,4,0.016290782167131947,0.05446277051337692,0.0750257678485522,0.0750257678485522,0.05597316234318628,0.0,0.019052605505365916,0.0044844605220113465,3,3,price=observed;tvl=observed;lp_amount=quantified,False
2022-10-31T14:00:00+00:00,0.016510937555036485,0.016734305855795634,0.01649291952994619,0.016734305855795634,0.01661739583099754,WETH,pool_swap_ratio,5,1969,8007.606413102609,,15868632,296.4007406169889,,5,1,0.0,0.0,0.0,0.0,,0,0,,,,0.0,296.4007406169889,-296.4007406169889,5,0.020974159505782682,-0.036346296309822355,0.0,0.0,-0.035693700057113115,0.0,0.035693700057113115,0.007035399889795624,3,3,price=observed;tvl=observed;lp_amount=none,False
2022-10-31T15:00:00+00:00,0.016586832309415992,0.016586832309415992,0.016343942245119033,0.01642984951122252,0.016443220734068932,WETH,pool_swap_ratio,3,2653,8139.379758197911,,15868874,405.7810127302164,,3,3,0.0,0.0,0.0,0.0,,0,0,,,,268.777178912759,137.0038338174574,131.77334509530158,3,-0.018361082595744014,0.01632208873764678,0.0,0.0,0.016456021724504936,0.0,0.05067444524574147,-0.0008131754151247117,3,3,price=observed;tvl=observed;lp_amount=none,False
2022-10-31T16:00:00+00:00,,,,0.01642984951122252,,WETH,pool_swap_ratio,0,6253,8139.379758197911,,15868874,0.0,,0,0,0.0,0.0,0.0,0.0,,0,0,,,,0.0,0.0,0.0,0,0.0,0.0,0.0,0.0,0.0,0.0,0.0,,3,3,price=carried;tvl=carried;lp_amount=none,True
2022-10-31T17:00:00+00:00,0.016790938928710333,0.01703953048142991,0.016488383360892714,0.016771566301526045,0.01684854260972352,WETH,pool_swap_ratio,7,1045,8036.163576582338,,15869605,674.6271893755618,,7,3,0.0,0.0,0.0,0.0,,0,0,,,,285.7055038799941,388.9216854955677,-103.21618161557359,7,0.02058519787411145,-0.012762178111062138,0.0,0.0,-0.012681086849598728,0.0,0.08288434861342885,-0.004568722053921115,3,3,price=observed;tvl=observed;lp_amount=none,False
2022-10-31T18:00:00+00:00,0.016676449549543396,0.016676449549543396,0.016676449549543396,0.016676449549543396,0.016676449549543396,WETH,pool_swap_ratio,1,1381,8045.991858160757,,15869874,9.828281578419785,,1,1,0.0,0.0,0.0,0.0,,0,0,,,,9.828281578419785,0.0,9.828281578419785,1,-0.005687452959967556,0.0012222593969887382,0.0,0.0,0.0012230066604243526,0.0,0.0012230066604243526,0.0,3,3,price=observed;tvl=observed;lp_amount=none,False
2022-10-31T19:00:00+00:00,0.01661986848333146,0.01661986848333146,0.01661986848333146,0.01661986848333146,0.01661986848333146,WETH,pool_swap_ratio,1,1909,8052.289778160757,,15870129,6.29792,,1,1,0.0,0.0,0.0,0.0,,0,0,,,,6.29792,0.0,6.29792,1,-0.0033986412923453905,0.0007824338601569428,0.0,0.0,0.0007827400413800132,0.0,0.0007827400413800132,0.0,3,3,price=observed;tvl=observed;lp_amount=none,False
2022-10-31T20:00:00+00:00,,,,0.01661986848333146,,WETH,pool_swap_ratio,0,5509,8052.289778160757,,15870129,0.0,,0,0,0.0,0.0,0.0,0.0,,0,0,,,,0.0,0.0,0.0,0,0.0,0.0,0.0,0.0,0.0,0.0,0.0,,3,3,price=carried;tvl=carried;lp_amount=none,True
2022-10-31T21:00:00+00:00,0.01637907528530583,0.01665874274343857,0.016278671094956253,0.01665874274343857,0.016359513248657614,WETH,pool_swap_ratio,5,1069,8113.543481584669,,15870791,815.7174269360876,,5,3,0.0,0.0,0.0,0.0,,0,0,,,,438.48556518,377.2318617560876,61.253703423912384,5,0.0023362920720673844,0.007578204672198553,0.0,0.0,0.007606991937876271,0.0,0.10130254243314224,0.018290855616104995,3,3,price=observed;tvl=observed;lp_amount=none,False
2022-10-31T22:00:00+00:00,,,,0.01665874274343857,,WETH,pool_swap_ratio,0,4669,8113.543481584669,,15870791,0.0,,0,0,0.0,0.0,0.0,0.0,,0,0,,,,0.0,0.0,0.0,0,0.0,0.0,0.0,0.0,0.0,0.0,0.0,,3,3,price=carried;tvl=carried;lp_amount=none,True
2022-10-31T23:00:00+00:00,,,,0.01665874274343857,,WETH,pool_swap_ratio,0,8269,8113.543481584669,,15870791,0.0,,0,0,0.0,0.0,0.0,0.0,,0,0,,,,0.0,0.0,0.0,0,0.0,0.0,0.0,0.0,0.0,0.0,0.0,,3,3,price=carried;tvl=carried;lp_amount=none,True
2022-11-01T00:00:00+00:00,,,,0.01665874274343857,,WETH,pool_swap_ratio,0,11869,8113.543481584669,,15870791,0.0,,0,0,0.0,0.0,0.0,0.0,,0,0,,,,0.0,0.0,0.0,0,0.0,0.0,0.0,0.0,0.0,0.0,0.0,,3,3,price=carried;tvl=carried;lp_amount=none,True
2022-11-01T01:00:00+00:00,,,,0.01665874274343857,,WETH,pool_swap_ratio,0,15469,8113.543481584669,,15870791,0.0,,0,0,0.0,0.0,0.0,0.0,,0,0,,,,0.0,0.0,0.0,0,0.0,0.0,0.0,0.0,0.0,0.0,0.0,,3,3,price=carried;tvl=carried;lp_amount=none,True
2022-11-01T02:00:00+00:00,0.01659529355345048,0.016609083688061778,0.016546554092191315,0.016609083688061778,0.016558279627224625,WETH,pool_swap_ratio,3,817,8165.104687352272,,15872306,55.271989004909805,,3,2,0.0,0.0,0.0,0.0,,0,0,,,,53.416597386255724,1.8553916186540798,51.56120576760164,3,-0.0029854124892713025,0.0063348476682983405,0.0,0.0,0.006354955252859647,0.0,0.006812311923928279,0.0030681968163903672,3,3,price=observed;tvl=observed;lp_amount=none,False
2022-11-01T03:00:00+00:00,,,,0.016609083688061778,,WETH,pool_swap_ratio,0,4417,8165.104687352272,,15872306,0.0,,0,0,0.0,0.0,0.0,0.0,,0,0,,,,0.0,0.0,0.0,0,0.0,0.0,0.0,0.0,0.0,0.0,0.0,,3,3,price=carried;tvl=carried;lp_amount=none,True
2022-11-01T04:00:00+00:00,,,,0.016609083688061778,,WETH,pool_swap_ratio,0,8017,8165.104687352272,,15872306,0.0,,0,0,0.0,0.0,0.0,0.0,,0,0,,,,0.0,0.0,0.0,0,0.0,0.0,0.0,0.0,0.0,0.0,0.0,,3,3,price=carried;tvl=carried;lp_amount=none,True
2022-11-01T05:00:00+00:00,0.016475031264838284,0.016475031264838284,0.016475031264838284,0.016475031264838284,0.016475031264838284,WETH,pool_swap_ratio,1,205,8205.104687352272,,15873247,40.0,,1,1,0.0,0.0,0.0,0.0,,0,0,,,,40.0,0.0,40.0,1,-0.008103777721058828,0.004886935614752626,0.0,0.0,0.004898896160138633,0.0,0.004898896160138633,0.0,3,3,price=observed;tvl=observed;lp_amount=none,False
2022-11-01T06:00:00+00:00,0.01649996928658407,0.01649996928658407,0.01649996928658407,0.01649996928658407,0.01649996928658407,WETH,pool_swap_ratio,1,457,8207.848912135756,,15873520,2.744224783484485,,1,1,0.0,0.0,0.0,0.0,,0,0,,,,2.744224783484485,0.0,2.744224783484485,1,0.0015125413848766536,0.0003343974370513587,0.0,0.0,0.00033445335410705484,0.0,0.00033445335410705484,0.0,3,3,price=observed;tvl=observed;lp_amount=none,False
2022-11-01T07:00:00+00:00,,,,0.01649996928658407,,WETH,pool_swap_ratio,0,4057,8207.848912135756,,15873520,0.0,,0,0,0.0,0.0,0.0,0.0,,0,0,,,,0.0,0.0,0.0,0,0.0,0.0,0.0,0.0,0.0,0.0,0.0,,3,3,price=carried;tvl=carried;lp_amount=none,True
2022-11-01T08:00:00+00:00,0.01642768249520328,0.01642768249520328,0.01642768249520328,0.01642768249520328,0.01642768249520328,WETH,pool_swap_ratio,1,3073,8220.26545738469,,15873897,12.416545248933664,,1,1,0.0,0.0,0.0,0.0,,0,0,,,,12.416545248933664,0.0,12.416545248933664,1,-0.004390650629288867,0.0015116217642467459,0.0,0.0,0.0015127648403195043,0.0,0.0015127648403195043,0.0,3,3,price=observed;tvl=observed;lp_amount=none,False
2022-11-01T09:00:00+00:00,0.01637967720449763,0.01637967720449763,0.01637967720449763,0.01637967720449763,0.01637967720449763,WETH,pool_swap_ratio,1,829,8261.265229380198,,15874376,40.99977199550826,,1,1,0.0,0.0,0.0,0.0,,0,0,,,,40.99977199550826,0.0,40.99977199550826,1,-0.0029264973107486257,0.004975248640105513,0.0,0.0,0.004987645740646495,0.0,0.004987645740646495,0.0,3,3,price=observed;tvl=observed;lp_amount=none,False
2022-11-01T10:00:00+00:00,0.016366934422705537,0.016366934422705537,0.016311445873663795,0.016311445873663795,0.016321100877648112,WETH,pool_swap_ratio,2,2173,8303.991538188804,,15874560,42.72630880860587,,2,2,0.0,0.0,0.0,0.0,,0,0,,,,42.72630880860587,0.0,42.72630880860587,2,-0.004174309322285605,0.005158556146295328,0.0,0.0,0.005171884405388037,0.0,0.005171884405388037,-0.0005915657317907552,3,3,price=observed;tvl=observed;lp_amount=none,False
2022-11-01T11:00:00+00:00,,,,0.016311445873663795,,WETH,pool_swap_ratio,0,5773,8303.991538188804,,15874560,0.0,,0,0,0.0,0.0,0.0,0.0,,0,0,,,,0.0,0.0,0.0,0,0.0,0.0,0.0,0.0,0.0,0.0,0.0,,3,3,price=carried;tvl=carried;lp_amount=none,True
2022-11-01T12:00:00+00:00,,,,0.016311445873663795,,WETH,pool_swap_ratio,0,9373,8303.991538188804,,15874560,0.0,,0,0,0.0,0.0,0.0,0.0,,0,0,,,,0.0,0.0,0.0,0,0.0,0.0,0.0,0.0,0.0,0.0,0.0,,3,3,price=carried;tvl=carried;lp_amount=none,True
2022-11-01T13:00:00+00:00,0.016275599776110542,0.016275599776110542,0.016275599776110542,0.016275599776110542,0.016275599776110542,WETH,pool_swap_ratio,1,409,8308.958885853659,,15875599,4.967347664855452,,1,1,0.0,0.0,0.0,0.0,,0,0,,,,4.967347664855452,0.0,4.967347664855452,1,-0.0022000222049413146,0.00059800910567925,0.0,0.0,0.0005981879487727521,0.0,0.0005981879487727521,0.0,3,3,price=observed;tvl=observed;lp_amount=none,False
2022-11-01T14:00:00+00:00,,,,0.016275599776110542,,WETH,pool_swap_ratio,0,4009,8308.958885853659,,15875599,0.0,,0,0,0.0,0.0,0.0,0.0,,0,0,,,,0.0,0.0,0.0,0,0.0,0.0,0.0,0.0,0.0,0.0,0.0,,3,3,price=carried;tvl=carried;lp_amount=none,True
2022-11-01T15:00:00+00:00,,,,0.016275599776110542,,WETH,pool_swap_ratio,0,7609,8308.958885853659,,15875599,0.0,,0,0,0.0,0.0,0.0,0.0,,0,0,,,,0.0,0.0,0.0,0,0.0,0.0,0.0,0.0,0.0,0.0,0.0,,3,3,price=carried;tvl=carried;lp_amount=none,True
2022-11-01T16:00:00+00:00,,,,0.016275599776110542,,WETH,pool_swap_ratio,0,11209,8308.958885853659,,15875599,0.0,,0,0,0.0,0.0,0.0,0.0,,0,0,,,,0.0,0.0,0.0,0,0.0,0.0,0.0,0.0,0.0,0.0,0.0,,3,3,price=carried;tvl=carried;lp_amount=none,True
2022-11-01T17:00:00+00:00,,,,0.016275599776110542,,WETH,pool_swap_ratio,0,14809,8308.958885853659,,15875599,0.0,,0,0,0.0,0.0,0.0,0.0,,0,0,,,,0.0,0.0,0.0,0,0.0,0.0,0.0,0.0,0.0,0.0,0.0,,3,3,price=carried;tvl=carried;lp_amount=none,True
2022-11-01T18:00:00+00:00,,,,0.016275599776110542,,WETH,pool_swap_ratio,0,18409,8308.958885853659,,15875599,0.0,,0,0,0.0,0.0,0.0,0.0,,0,0,,,,0.0,0.0,0.0,0,0.0,0.0,0.0,0.0,0.0,0.0,0.0,,3,3,price=carried;tvl=carried;lp_amount=none,True
2022-11-01T19:00:00+00:00,0.01619188530876053,0.016462802699172375,0.016152159042523817,0.01637565435104233,0.016287335536938414,WETH,pool_swap_ratio,7,37,8302.880651162252,,15877421,483.85839124699163,,7,5,0.0,0.0,0.0,0.0,,0,0,,,,238.8900922081472,244.96832689955448,-6.078234691407289,7,0.006128701073527985,-0.0007317955304248453,0.0,0.0,-0.0007315278333794299,0.0,0.058233335595242894,0.005422545259389899,3,3,price=observed;tvl=observed;lp_amount=none,False
2022-11-01T20:00:00+00:00,,,,0.01637565435104233,,WETH,pool_swap_ratio,0,3637,8302.880651162252,,15877421,0.0,,0,0,0.0,0.0,0.0,0.0,,0,0,,,,0.0,0.0,0.0,0,0.0,0.0,0.0,0.0,0.0,0.0,0.0,,3,3,price=carried;tvl=carried;lp_amount=none,True
2022-11-01T21:00:00+00:00,,,,0.01637565435104233,,WETH,pool_swap_ratio,0,7237,8302.880651162252,,15877421,0.0,,0,0,0.0,0.0,0.0,0.0,,0,0,,,,0.0,0.0,0.0,0,0.0,0.0,0.0,0.0,0.0,0.0,0.0,,3,3,price=carried;tvl=carried;lp_amount=none,True
2022-11-01T22:00:00+00:00,,,,0.01637565435104233,,WETH,pool_swap_ratio,0,10837,8302.880651162252,,15877421,0.0,,0,0,0.0,0.0,0.0,0.0,,0,0,,,,0.0,0.0,0.0,0,0.0,0.0,0.0,0.0,0.0,0.0,0.0,,3,3,price=carried;tvl=carried;lp_amount=none,True
2022-11-01T23:00:00+00:00,,,,0.01637565435104233,,WETH,pool_swap_ratio,0,14437,8302.880651162252,,15877421,0.0,,0,0,0.0,0.0,0.0,0.0,,0,0,,,,0.0,0.0,0.0,0,0.0,0.0,0.0,0.0,0.0,0.0,0.0,,3,3,price=carried;tvl=carried;lp_amount=none,True
2022-11-02T00:00:00+00:00,,,,0.01637565435104233,,WETH,pool_swap_ratio,0,18037,8302.880651162252,,15877421,0.0,,0,0,0.0,0.0,0.0,0.0,,0,0,,,,0.0,0.0,0.0,0,0.0,0.0,0.0,0.0,0.0,0.0,0.0,,3,3,price=carried;tvl=carried;lp_amount=none,True
2022-11-02T01:00:00+00:00,,,,0.01637565435104233,,WETH,pool_swap_ratio,0,21637,8302.880651162252,,15877421,0.0,,0,0,0.0,0.0,0.0,0.0,,0,0,,,,0.0,0.0,0.0,0,0.0,0.0,0.0,0.0,0.0,0.0,0.0,,3,3,price=carried;tvl=carried;lp_amount=none,True
2022-11-02T02:00:00+00:00,,,,0.01637565435104233,,WETH,pool_swap_ratio,0,25237,8302.880651162252,,15877421,0.0,,0,0,0.0,0.0,0.0,0.0,,0,0,,,,0.0,0.0,0.0,0,0.0,0.0,0.0,0.0,0.0,0.0,0.0,,3,3,price=carried;tvl=carried;lp_amount=none,True
2022-11-02T03:00:00+00:00,,,,0.01637565435104233,,WETH,pool_swap_ratio,0,28837,8302.880651162252,,15877421,0.0,,0,0,0.0,0.0,0.0,0.0,,0,0,,,,0.0,0.0,0.0,0,0.0,0.0,0.0,0.0,0.0,0.0,0.0,,3,3,price=carried;tvl=carried;lp_amount=none,True
2022-11-02T04:00:00+00:00,,,,0.01637565435104233,,WETH,pool_swap_ratio,0,32437,8302.880651162252,,15877421,0.0,,0,0,0.0,0.0,0.0,0.0,,0,0,,,,0.0,0.0,0.0,0,0.0,0.0,0.0,0.0,0.0,0.0,0.0,,3,3,price=carried;tvl=carried;lp_amount=none,True
2022-11-02T05:00:00+00:00,0.01635466903412705,0.01635466903412705,0.01635466903412705,0.01635466903412705,0.01635466903412705,WETH,pool_swap_ratio,1,2041,8312.880651162252,,15880237,10.0,,1,1,0.0,0.0,0.0,0.0,,0,0,,,,10.0,0.0,10.0,1,-0.0012823166788730597,0.0012036765605154052,0.0,0.0,0.0012044012698894067,0.0,0.0012044012698894067,0.0,3,3,price=observed;tvl=observed;lp_amount=none,False
2022-11-02T06:00:00+00:00,0.016077557925093796,0.01634074846307702,0.01600259116207002,0.01634074846307702,0.016158008078934503,WETH,pool_swap_ratio,7,1309,8354.777487715888,,15880596,564.103163446363,,7,4,0.0,0.0,0.0,0.0,,0,0,,,,303.0,261.103163446363,41.896836553637,7,-0.0008515304563630155,0.005027331907873011,0.0,0.0,0.005039990144424756,0.0,0.06785892726217523,0.01130958613523414,3,3,price=observed;tvl=observed;lp_amount=none,False
2022-11-02T07:00:00+00:00,0.016424741854685423,0.016450855043742964,0.016424741854685423,0.016450855043742964,0.016435461785060553,WETH,pool_swap_ratio,2,2137,8281.323071810497,,15880827,73.45441590539146,,2,2,0.0,0.0,0.0,0.0,,0,0,,,,0.0,73.45441590539146,-73.45441590539146,2,0.006715560246908357,-0.008830782549055883,0.0,0.0,-0.008791905710641871,0.0,0.008791905710641871,0.0009365881460297043,3,3,price=observed;tvl=observed;lp_amount=none,False
2022-11-02T08:00:00+00:00,,,,0.016450855043742964,,WETH,pool_swap_ratio,0,5737,8281.323071810497,,15880827,0.0,,0,0,0.0,0.0,0.0,0.0,,0,0,,,,0.0,0.0,0.0,0,0.0,0.0,0.0,0.0,0.0,0.0,0.0,,3,3,price=carried;tvl=carried;lp_amount=none,True
2022-11-02T09:00:00+00:00,0.016070020943627184,0.016326017282876863,0.01604426613314225,0.016181545898771705,0.01617057251885447,WETH,pool_swap_ratio,6,121,8322.217472275639,,15881590,643.8964080919598,,6,3,0.0,0.0,0.0,0.0,,0,0,,,,342.39540427855127,301.5010038134085,40.89440046514278,6,-0.01650600333184348,0.004925995518833094,0.0,0.0,0.004938148181218376,0.0,0.07775284245144037,0.0006786018184847808,3,3,price=observed;tvl=observed;lp_amount=none,False
2022-11-02T10:00:00+00:00,0.01649485638346234,0.01650510120005394,0.01649485638346234,0.01650510120005394,0.016498182807888204,WETH,pool_swap_ratio,2,3373,8211.95833452245,,15881619,110.25913775319097,,2,2,0.0,0.0,0.0,0.0,,0,0,,,,0.0,110.25913775319097,-110.25913775319097,2,0.0197980458931899,-0.013337317019206624,0.0,0.0,-0.013248769107573147,0.0,0.013248769107573147,0.00041934267829946137,3,3,price=observed;tvl=observed;lp_amount=none,False
2022-11-02T11:00:00+00:00,,,,0.01650510120005394,,WETH,pool_swap_ratio,0,6973,8211.95833452245,,15881619,0.0,,0,0,0.0,0.0,0.0,0.0,,0,0,,,,0.0,0.0,0.0,0,0.0,0.0,0.0,0.0,0.0,0.0,0.0,,3,3,price=carried;tvl=carried;lp_amount=none,True
2022-11-02T12:00:00+00:00,,,,0.01650510120005394,,WETH,pool_swap_ratio,0,10573,8211.95833452245,,15881619,0.0,,0,0,0.0,0.0,0.0,0.0,,0,0,,,,0.0,0.0,0.0,0,0.0,0.0,0.0,0.0,0.0,0.0,0.0,,3,3,price=carried;tvl=carried;lp_amount=none,True
2022-11-02T13:00:00+00:00,0.016443408692147502,0.016443408692147502,0.01642286706435737,0.01642286706435737,0.016442703595283967,WETH,pool_swap_ratio,2,397,8234.738351191498,,15882758,22.780016669049157,,2,1,0.0,0.0,0.0,0.0,,0,0,,,,22.780016669049157,0.0,22.780016669049157,2,-0.004994799922127275,0.0027701649360750754,0.0,0.0,0.002774005388371699,0.0,0.002774005388371699,-0.0012064032421217341,3,3,price=observed;tvl=observed;lp_amount=none,False
2022-11-02T14:00:00+00:00,,,,0.01642286706435737,,WETH,pool_swap_ratio,0,3997,8234.738351191498,,15882758,0.0,,0,0,0.0,0.0,0.0,0.0,,0,0,,,,0.0,0.0,0.0,0,0.0,0.0,0.0,0.0,0.0,0.0,0.0,,3,3,price=carried;tvl=carried;lp_amount=none,True
2022-11-02T15:00:00+00:00,0.016397902820048472,0.016397902820048472,0.016397902820048472,0.016397902820048472,0.016397902820048472,WETH,pool_swap_ratio,1,2077,8261.716616879485,,15883215,26.978265687987058,,1,1,0.0,0.0,0.0,0.0,,0,0,,,,26.978265687987058,0.0,26.978265687987058,1,-0.0015212470159085586,0.003270798458408027,0.0,0.0,0.003276153356358132,0.0,0.003276153356358132,0.0,3,3,price=observed;tvl=observed;lp_amount=none,False
2022-11-02T16:00:00+00:00,,,,0.016397902820048472,,WETH,pool_swap_ratio,0,5677,8261.716616879485,,15883215,0.0,,0,0,0.0,0.0,0.0,0.0,,0,0,,,,0.0,0.0,0.0,0,0.0,0.0,0.0,0.0,0.0,0.0,0.0,,3,3,price=carried;tvl=carried;lp_amount=none,True
2022-11-02T17:00:00+00:00,0.016491385341095476,0.016491385341095476,0.016491385341095476,0.016491385341095476,0.016491385341095476,WETH,pool_swap_ratio,1,1321,8240.716616879485,,15883874,21.0,,1,1,0.0,0.0,0.0,0.0,,0,0,,,,0.0,21.0,-21.0,1,0.005684694198020118,-0.0025450805996961754,0.0,0.0,-0.002541844627918485,0.0,0.002541844627918485,0.0,3,3,price=observed;tvl=observed;lp_amount=none,False
2022-11-02T18:00:00+00:00,0.016352526324634558,0.016352526324634558,0.016231861795662345,0.016231861795662345,0.016290414307373588,WETH,pool_swap_ratio,2,2557,8376.317703800105,,15884070,135.60108692061942,,2,1,0.0,0.0,0.0,0.0,,0,0,,,,135.60108692061942,0.0,135.60108692061942,2,-0.015862055851212066,0.01632109489424276,0.0,0.0,0.01645501152689407,0.0,0.01645501152689407,-0.0035942923615355227,3,3,price=observed;tvl=observed;lp_amount=none,False
2022-11-02T19:00:00+00:00,0.01632424575365973,0.01632424575365973,0.01624020197307368,0.01624020197307368,0.01628801105449588,WETH,pool_swap_ratio,2,121,8360.944446854173,,15884572,111.62812881216772,,2,2,0.0,0.0,0.0,0.0,,0,0,,,,48.127435933117994,63.50069287904972,-15.373256945931729,2,0.000513683248106947,-0.0018370102745334604,0.0,0.0,-0.0018353240038826732,0.0,0.013326635015470474,-0.0029352313957943243,3,3,price=observed;tvl=observed;lp_amount=none,False
2022-11-02T20:00:00+00:00,0.01634767844634275,0.01644813061261049,0.01634767844634275,0.01644813061261049,0.016395388882722663,WETH,pool_swap_ratio,2,2797,8249.145338574528,,15884649,111.79910827964527,,2,1,0.0,0.0,0.0,0.0,,0,0,,,,0.0,111.79910827964527,-111.79910827964527,2,0.012722058761194343,-0.01346179317156128,0.0,0.0,-0.013371588459926913,0.0,0.013371588459926913,0.003216863611170906,3,3,price=observed;tvl=observed;lp_amount=none,False
2022-11-02T21:00:00+00:00,,,,0.01644813061261049,,WETH,pool_swap_ratio,0,6397,8249.145338574528,,15884649,0.0,,0,0,0.0,0.0,0.0,0.0,,0,0,,,,0.0,0.0,0.0,0,0.0,0.0,0.0,0.0,0.0,0.0,0.0,,3,3,price=carried;tvl=carried;lp_amount=none,True
2022-11-02T22:00:00+00:00,0.016286657324854344,0.01649665862028278,0.016286657324854344,0.016428725433328118,0.016368966228898142,WETH,pool_swap_ratio,5,2257,8247.424881368139,,15885286,449.68165935293854,,5,2,0.0,0.0,0.0,0.0,,0,0,,,,223.98060107327507,225.70105827966353,-1.7204572063884598,5,-0.0011804767164306758,-0.00020858362552808422,0.0,0.0,-0.00020856187347594472,0.0,0.054512515042030356,0.0036507622774903936,3,3,price=observed;tvl=observed;lp_amount=none,False
2022-11-02T23:00:00+00:00,0.016552990255711185,0.016552990255711185,0.016552990255711185,0.016552990255711185,0.016552990255711185,WETH,pool_swap_ratio,1,2245,8177.605794277173,,15885587,69.8190870909658,,1,1,0.0,0.0,0.0,0.0,,0,0,,,,0.0,69.8190870909658,-69.8190870909658,1,0.007535412139202413,-0.008501598444037077,0.0,0.0,-0.008465562050609879,0.0,0.008465562050609879,0.0,3,3,price=observed;tvl=observed;lp_amount=none,False
2022-11-03T00:00:00+00:00,0.0164716249433627,0.0164716249433627,0.0164716249433627,0.0164716249433627,0.0164716249433627,WETH,pool_swap_ratio,1,2113,8227.906190270402,,15885895,50.300395993227376,,1,1,0.0,0.0,0.0,0.0,,0,0,,,,50.300395993227376,0.0,50.300395993227376,1,-0.004927565483697815,0.006132152859629418,0.0,0.0,0.0061509929994948455,0.0,0.0061509929994948455,0.0,3,3,price=observed;tvl=observed;lp_amount=none,False
2022-11-03T01:00:00+00:00,0.016395397308702264,0.016395397308702264,0.016395397308702264,0.016395397308702264,0.016395397308702264,WETH,pool_swap_ratio,1,1321,8262.143138819589,,15886260,34.23694854918848,,1,1,0.0,0.0,0.0,0.0,,0,0,,,,34.23694854918848,0.0,34.23694854918848,1,-0.0046385565904476615,0.004152443338517549,0.0,0.0,0.004161076677037724,0.0,0.004161076677037724,0.0,3,3,price=observed;tvl=observed;lp_amount=none,False
2022-11-03T02:00:00+00:00,0.016401255994324366,0.016401255994324366,0.016401255994324366,0.016401255994324366,0.016401255994324366,WETH,pool_swap_ratio,1,1981,8267.977733737487,,15886504,5.834594917897118,,1,1,0.0,0.0,0.0,0.0,,0,0,,,,5.834594917897118,0.0,5.834594917897118,1,0.00035727338581088104,0.0007059349662575739,0.0,0.0,0.0007061841969891974,0.0,0.0007061841969891974,0.0,3,3,price=observed;tvl=observed;lp_amount=none,False
2022-11-03T03:00:00+00:00,0.016274894216800697,0.016274894216800697,0.016274894216800697,0.016274894216800697,0.016274894216800697,WETH,pool_swap_ratio,1,2905,8368.742065757857,,15886724,100.76433202037066,,1,1,0.0,0.0,0.0,0.0,,0,0,,,,100.76433202037066,0.0,100.76433202037066,1,-0.007734228579686922,0.012113633626414478,0.0,0.0,0.012187300844945645,0.0,0.012187300844945645,0.0,3,3,price=observed;tvl=observed;lp_amount=none,False
2022-11-03T04:00:00+00:00,,,,0.016274894216800697,,WETH,pool_swap_ratio,0,6505,8368.742065757857,,15886724,0.0,,0,0,0.0,0.0,0.0,0.0,,0,0,,,,0.0,0.0,0.0,0,0.0,0.0,0.0,0.0,0.0,0.0,0.0,,3,3,price=carried;tvl=carried;lp_amount=none,True
2022-11-03T05:00:00+00:00,,,,0.016274894216800697,,WETH,pool_swap_ratio,0,10105,8368.742065757857,,15886724,0.0,,0,0,0.0,0.0,0.0,0.0,,0,0,,,,0.0,0.0,0.0,0,0.0,0.0,0.0,0.0,0.0,0.0,0.0,,3,3,price=carried;tvl=carried;lp_amount=none,True
2022-11-03T06:00:00+00:00,0.01621966561420253,0.01621966561420253,0.01621966561420253,0.01621966561420253,0.01621966561420253,WETH,pool_swap_ratio,1,2713,8384.507813041584,,15887640,15.765747283728148,,1,1,0.0,0.0,0.0,0.0,,0,0,,,,15.765747283728148,0.0,15.765747283728148,1,-0.003399255510192814,0.0018821126708863387,0.0,0.0,0.001883884956645564,0.0,0.001883884956645564,0.0,3,3,price=observed;tvl=observed;lp_amount=none,False
2022-11-03T07:00:00+00:00,,,,0.01621966561420253,,WETH,pool_swap_ratio,0,6313,8384.507813041584,,15887640,0.0,,0,0,0.0,0.0,0.0,0.0,,0,0,,,,0.0,0.0,0.0,0,0.0,0.0,0.0,0.0,0.0,0.0,0.0,,3,3,price=carried;tvl=carried;lp_amount=none,True
2022-11-03T08:00:00+00:00,,,,0.01621966561420253,,WETH,pool_swap_ratio,0,9913,8384.507813041584,,15887640,0.0,,0,0,0.0,0.0,0.0,0.0,,0,0,,,,0.0,0.0,0.0,0,0.0,0.0,0.0,0.0,0.0,0.0,0.0,,3,3,price=carried;tvl=carried;lp_amount=none,True
2022-11-03T09:00:00+00:00,0.016133113595392108,0.016133113595392108,0.016133113595392108,0.016133113595392108,0.016133113595392108,WETH,pool_swap_ratio,1,3121,8444.279055532097,,15888505,59.77124249051203,,1,1,0.0,0.0,0.0,0.0,,0,0,,,,59.77124249051203,0.0,59.77124249051203,1,-0.005350527986170716,0.0071034821811547955,0.0,0.0,0.0071287717565891645,0.0,0.0071287717565891645,0.0,3,3,price=observed;tvl=observed;lp_amount=none,False
2022-11-03T10:00:00+00:00,0.016106532484685188,0.016106532484685188,0.016106532484685188,0.016106532484685188,0.016106532484685188,WETH,pool_swap_ratio,1,1741,8482.278920131203,,15888917,37.999864599104875,,1,1,0.0,0.0,0.0,0.0,,0,0,,,,37.999864599104875,0.0,37.999864599104875,1,-0.0016489707525923355,0.004489977051820666,0.0,0.0,0.0045000721019765495,0.0,0.0045000721019765495,0.0,3,3,price=observed;tvl=observed;lp_amount=none,False
2022-11-03T11:00:00+00:00,0.016558750661320374,0.016558750661320374,0.015942742642732318,0.0160324075856821,0.016429646548561407,WETH,pool_swap_ratio,5,409,8559.917427456468,,15889323,1008.8654355521603,,5,4,0.0,0.0,0.0,0.0,,0,0,,,,543.2519714387126,465.61346411344766,77.63850732526498,5,-0.004612786250902703,0.009111389500905965,0.0,0.0,0.009153024565250217,0.0,0.11893801713567742,-0.024178180687282724,3,3,price=observed;tvl=observed;lp_amount=none,False
2022-11-03T12:00:00+00:00,0.015930907803264824,0.016012832477634947,0.015930907803264824,0.016012832477634947,0.015940944578716656,WETH,pool_swap_ratio,2,1669,8616.100685412996,,15889517,56.18325795652885,,2,2,0.0,0.0,0.0,0.0,,0,0,,,,56.18325795652885,0.0,56.18325795652885,2,-0.0012217172000134272,0.006542081868880608,0.0,0.0,0.006563528028473447,0.0,0.006563528028473447,0.004509638595335819,3,3,price=observed;tvl=observed;lp_amount=none,False
2022-11-03T13:00:00+00:00,0.015854493818163392,0.015854493818163392,0.015854493818163392,0.015854493818163392,0.015854493818163392,WETH,pool_swap_ratio,1,817,8686.199917487635,,15889883,70.0992320746381,,1,1,0.0,0.0,0.0,0.0,,0,0,,,,70.0992320746381,0.0,70.0992320746381,1,-0.009937448848580291,0.008102924255841715,0.0,0.0,0.008135841795966435,0.0,0.008135841795966435,0.0,3,3,price=observed;tvl=observed;lp_amount=none,False
2022-11-03T14:00:00+00:00,0.015849131650480634,0.015849131650480634,0.015773574722990437,0.015773574722990437,0.01581279827144597,WETH,pool_swap_ratio,2,301,8775.003059846036,,15890219,88.8031423584012,,2,2,0.0,0.0,0.0,0.0,,0,0,,,,88.8031423584012,0.0,88.8031423584012,2,-0.005116927808979133,0.010171568145603679,0.0,0.0,0.010223474384882256,0.0,0.010223474384882256,-0.0024804938241930197,3,3,price=observed;tvl=observed;lp_amount=none,False
2022-11-03T15:00:00+00:00,0.015680838346637742,0.015680838346637742,0.015295319137212634,0.0156096646443083,0.015461903198620498,WETH,pool_swap_ratio,8,3241,8846.423407755314,,15890274,1065.9771526982984,,8,5,0.0,0.0,0.0,0.0,,0,0,,,,568.6987503037882,497.27840239451007,71.42034790927812,8,-0.010445803072081912,0.00810612456620961,0.0,0.0,0.008139068148715978,0.0,0.121478835440657,0.009556484980515645,3,3,price=observed;tvl=observed;lp_amount=none,False
2022-11-03T16:00:00+00:00,,,,0.0156096646443083,,WETH,pool_swap_ratio,0,6841,8846.423407755314,,15890274,0.0,,0,0,0.0,0.0,0.0,0.0,,0,0,,,,0.0,0.0,0.0,0,0.0,0.0,0.0,0.0,0.0,0.0,0.0,,3,3,price=carried;tvl=carried;lp_amount=none,True
2022-11-03T17:00:00+00:00,0.015644764794257995,0.01571669277345723,0.015644764794257995,0.01571669277345723,0.01567518177716446,WETH,pool_swap_ratio,2,193,8873.158332954266,,15891121,173.33575115186903,,2,2,0.0,0.0,0.0,0.0,,0,0,,,,100.03533817541056,73.30041297645847,26.734925198952084,2,0.006833130591266739,0.003017559429648799,0.0,0.0,0.0030221168450421014,0.0,0.01959387914893519,0.0026481987183868405,3,3,price=observed;tvl=observed;lp_amount=none,False
2022-11-03T18:00:00+00:00,0.01581081462656045,0.01581081462656045,0.015226591910370228,0.015753993879360287,0.015351842893647554,WETH,pool_swap_ratio,11,421,8854.023237160613,,15891399,1588.046519251815,,11,7,0.0,0.0,0.0,0.0,,0,0,,,,784.4557117290813,803.5908075227337,-19.135095793652454,11,0.0023705312681672258,-0.00215884325996533,0.0,0.0,-0.0021565146338689907,0.0,0.17897195786013706,0.026195616285204393,3,3,price=observed;tvl=observed;lp_amount=none,False
2022-11-03T19:00:00+00:00,0.01587569935104713,0.01587569935104713,0.01587569935104713,0.01587569935104713,0.01587569935104713,WETH,pool_swap_ratio,1,1153,8785.11175309878,,15891637,68.91148406183365,,1,1,0.0,0.0,0.0,0.0,,0,0,,,,0.0,68.91148406183365,-68.91148406183365,1,0.007695684650009683,-0.007813516330893052,0.0,0.0,-0.007783070160987379,0.0,0.007783070160987379,0.0,3,3,price=observed;tvl=observed;lp_amount=none,False
2022-11-03T20:00:00+00:00,0.0158506781074369,0.0158506781074369,0.01560027902379235,0.015677849446221595,0.015645313170709798,WETH,pool_swap_ratio,3,673,8784.865347345545,,15891975,569.2948257532344,,3,3,0.0,0.0,0.0,0.0,,0,0,,,,284.52421,284.7706157532343,-0.24640575323434177,3,-0.012540744566155603,-2.8048500216249718e-05,0.0,0.0,-2.8048106860726827e-05,0.0,0.06480222924340451,0.0020796180400344255,3,3,price=observed;tvl=observed;lp_amount=none,False
2022-11-03T21:00:00+00:00,,,,0.015677849446221595,,WETH,pool_swap_ratio,0,4273,8784.865347345545,,15891975,0.0,,0,0,0.0,0.0,0.0,0.0,,0,0,,,,0.0,0.0,0.0,0,0.0,0.0,0.0,0.0,0.0,0.0,0.0,,3,3,price=carried;tvl=carried;lp_amount=none,True
2022-11-03T22:00:00+00:00,,,,0.015677849446221595,,WETH,pool_swap_ratio,0,7873,8784.865347345545,,15891975,0.0,,0,0,0.0,0.0,0.0,0.0,,0,0,,,,0.0,0.0,0.0,0,0.0,0.0,0.0,0.0,0.0,0.0,0.0,,3,3,price=carried;tvl=carried;lp_amount=none,True
2022-11-03T23:00:00+00:00,0.015143387599725791,0.015837218024207945,0.015107889148674681,0.015837218024207945,0.015285728715898488,WETH,pool_swap_ratio,7,1657,8774.46288529068,,15892790,1950.4024620548648,,7,4,0.0,0.0,0.0,0.0,,0,0,,,,970.0,980.4024620548648,-10.402462054864827,7,0.010113888325175265,-0.0011848361319969946,0.0,0.0,-0.0011841344908044673,0.0,0.22201848121032416,0.036078705736538375,3,3,price=observed;tvl=observed;lp_amount=none,False
2022-11-04T00:00:00+00:00,0.015913052312789673,0.015913052312789673,0.015913052312789673,0.015913052312789673,0.015913052312789673,WETH,pool_swap_ratio,1,1225,8773.206055387349,,15893124,1.2568299033319683,,1,1,0.0,0.0,0.0,0.0,,0,0,,,,0.0,1.2568299033319683,-1.2568299033319683,1,0.004776931470658658,-0.0001432475059485332,0.0,0.0,-0.00014323724651441522,0.0,0.00014323724651441522,0.0,3,3,price=observed;tvl=observed;lp_amount=none,False
2022-11-04T01:00:00+00:00,0.015814571802113098,0.015814571802113098,0.015814571802113098,0.015814571802113098,0.015814571802113098,WETH,pool_swap_ratio,1,181,8778.162305387348,,15893511,4.95625,,1,1,0.0,0.0,0.0,0.0,,0,0,,,,4.95625,0.0,4.95625,1,-0.00620789168386622,0.0005647707950583883,0.0,0.0,0.0005649303081119955,0.0,0.0005649303081119955,0.0,3,3,price=observed;tvl=observed;lp_amount=none,False
2022-11-04T02:00:00+00:00,0.015806086813221997,0.015806086813221997,0.01575858753300825,0.01575858753300825,0.0157628421961858,WETH,pool_swap_ratio,2,1789,8834.179989365763,,15893677,56.01768397841318,,2,2,0.0,0.0,0.0,0.0,,0,0,,,,56.01768397841318,0.0,56.01768397841318,2,-0.0035463240902855924,0.006361206469514211,0.0,0.0,0.006381481912681646,0.0,0.006381481912681646,-0.0002699172601359212,3,3,price=observed;tvl=observed;lp_amount=none,False
2022-11-04T03:00:00+00:00,0.0157146298441241,0.0157146298441241,0.01565974721323458,0.01565974721323458,0.015660587296364683,WETH,pool_swap_ratio,2,2053,9010.139989365762,,15893966,65.33,,2,1,110.63,0.0,110.63,110.63,0.0,1,0,,,,175.95999999999998,0.0,175.95999999999998,3,-0.006291908635318694,0.019722321026381554,0.01252295064546704,0.01252295064546704,0.019918090893757394,0.0,0.007395140248290353,-5.3643143402171134e-05,3,3,price=observed;tvl=observed;lp_amount=quantified,False
2022-11-04T04:00:00+00:00,,,,0.01565974721323458,,WETH,pool_swap_ratio,0,5653,9010.139989365762,,15893966,0.0,,0,0,0.0,0.0,0.0,0.0,,0,0,,,,0.0,0.0,0.0,0,0.0,0.0,0.0,0.0,0.0,0.0,0.0,,3,3,price=carried;tvl=carried;lp_amount=none,True
2022-11-04T05:00:00+00:00,,,,0.01565974721323458,,WETH,pool_swap_ratio,0,9253,9010.139989365762,,15893966,0.0,,0,0,0.0,0.0,0.0,0.0,,0,0,,,,0.0,0.0,0.0,0,0.0,0.0,0.0,0.0,0.0,0.0,0.0,,3,3,price=carried;tvl=carried;lp_amount=none,True
2022-11-04T06:00:00+00:00,0.015191861554888426,0.0156997510449582,0.015012611603048176,0.0156997510449582,0.01514110405160156,WETH,pool_swap_ratio,9,433,9075.073958913958,,15894980,2045.7805812499166,,9,6,0.0,0.0,0.0,0.0,,0,0,,,,1055.3572753990566,990.4233058508602,64.93396954819639,9,0.0025513069816077544,0.007180921250226108,0.0,0.0,0.007206765890966717,0.0,0.22705314053549155,0.03689605404287222,3,3,price=observed;tvl=observed;lp_amount=none,False
2022-11-04T07:00:00+00:00,,,,0.0156997510449582,,WETH,pool_swap_ratio,0,4033,9075.073958913958,,15894980,0.0,,0,0,0.0,0.0,0.0,0.0,,0,0,,,,0.0,0.0,0.0,0,0.0,0.0,0.0,0.0,0.0,0.0,0.0,,3,3,price=carried;tvl=carried;lp_amount=none,True
2022-11-04T08:00:00+00:00,0.01574001955740951,0.01577527361038315,0.01574001955740951,0.01577527361038315,0.015755660947467786,WETH,pool_swap_ratio,2,469,8984.83946975711,,15895573,90.23448915684978,,2,2,0.0,0.0,0.0,0.0,,0,0,,,,0.0,90.23448915684978,-90.23448915684978,2,0.004798897614131457,-0.009992876255481625,0.0,0.0,-0.009943113363634605,0.0,0.009943113363634605,0.0012448010261680853,3,3,price=observed;tvl=observed;lp_amount=none,False
2022-11-04T09:00:00+00:00,,,,0.01577527361038315,,WETH,pool_swap_ratio,0,4069,8984.83946975711,,15895573,0.0,,0,0,0.0,0.0,0.0,0.0,,0,0,,,,0.0,0.0,0.0,0,0.0,0.0,0.0,0.0,0.0,0.0,0.0,,3,3,price=carried;tvl=carried;lp_amount=none,True
2022-11-04T10:00:00+00:00,0.015707604517454017,0.015707604517454017,0.0156450883251508,0.0156450883251508,0.015645093784110498,WETH,pool_swap_ratio,2,97,9141.867147267592,,15896202,54.404178735946516,,2,2,102.633,0.0,102.633,102.633,0.0,1,0,,,,157.03242812321514,0.004750612731373694,157.02767751048376,3,-0.008286730145424493,0.0173259940691573,0.011422908594578876,0.011422908594578876,0.01747695972076491,0.0,0.006055108599220999,-3.489247026866593e-07,3,3,price=observed;tvl=observed;lp_amount=quantified,False
2022-11-04T11:00:00+00:00,0.015723573716100503,0.015723573716100503,0.015723573716100503,0.015723573716100503,0.015723573716100503,WETH,pool_swap_ratio,1,2905,9141.867147267592,,15896280,31.666645481714184,,1,1,31.666645481714184,0.0,31.666645481714184,31.666645481714184,0.0,1,0,,,,31.666645481714184,31.666645481714184,0.0,2,0.005004074105820975,0.0,0.0034639144248753396,0.0034639144248753396,0.0,0.0,0.0034639144248753396,0.0,3,3,price=observed;tvl=observed;lp_amount=quantified,False
2022-11-04T12:00:00+00:00,0.015707732040615676,0.015707732040615676,0.015612587573869761,0.015612587573869761,0.015612597171129228,WETH,pool_swap_ratio,2,1633,9198.16099085573,,15896673,56.305202643634,,2,2,0.0,0.0,0.0,0.0,,0,0,,,,56.2995231158849,0.005679527749093386,56.29384358813581,2,-0.007083612143033679,0.006138924101610147,0.0,0.0,0.006157805914403541,0.0,0.006159048445640892,-6.147125529709641e-07,3,3,price=observed;tvl=observed;lp_amount=none,False
2022-11-04T13:00:00+00:00,,,,0.015612587573869761,,WETH,pool_swap_ratio,0,5233,9198.16099085573,,15896673,0.0,,0,0,0.0,0.0,0.0,0.0,,0,0,,,,0.0,0.0,0.0,0,0.0,0.0,0.0,0.0,0.0,0.0,0.0,,3,3,price=carried;tvl=carried;lp_amount=none,True
2022-11-04T14:00:00+00:00,0.015525045193846579,0.015525045193846579,0.01534439596320427,0.01534439596320427,0.015441078913224026,WETH,pool_swap_ratio,4,181,9444.883576554788,,15897389,246.72258569905947,,4,2,0.0,0.0,0.0,0.0,,0,0,,,,246.72258569905947,0.0,246.72258569905947,4,-0.017327161107462012,0.026469602638694873,0.0,0.0,0.026823034076522093,0.0,0.026823034076522093,-0.006261411560882224,3,3,price=observed;tvl=observed;lp_amount=none,False
2022-11-04T15:00:00+00:00,0.015450095475055409,0.015450095475055409,0.015450095475055409,0.015450095475055409,0.015450095475055409,WETH,pool_swap_ratio,1,2857,9380.483951262653,,15897466,64.39962529213454,,1,1,0.0,0.0,0.0,0.0,,0,0,,,,0.0,64.39962529213454,-64.39962529213454,1,0.006864859396358237,-0.0068418187758174,0.0,0.0,-0.006818466820702263,0.0,0.006818466820702263,0.0,3,3,price=observed;tvl=observed;lp_amount=none,False
2022-11-04T16:00:00+00:00,0.01553893318781992,0.015620943746112753,0.01553893318781992,0.015620943746112753,0.015575580852430356,WETH,pool_swap_ratio,2,373,9260.984301288321,,15897973,119.49964997433145,,2,1,0.0,0.0,0.0,0.0,,0,0,,,,0.0,119.49964997433145,-119.49964997433145,2,0.010997378731806463,-0.012821016593932923,0.0,0.0,-0.012739177487558762,0.0,0.012739177487558762,0.002912436724651579,3,3,price=observed;tvl=observed;lp_amount=none,False
2022-11-04T17:00:00+00:00,0.01546466036943905,0.01546466036943905,0.01546466036943905,0.01546466036943905,0.01546466036943905,WETH,pool_swap_ratio,1,2077,9406.836644989238,,15898131,145.8523437009163,,1,1,0.0,0.0,0.0,0.0,,0,0,,,,145.8523437009163,0.0,145.8523437009163,1,-0.010055117014810558,0.015626388533458997,0.0,0.0,0.01574911898734418,0.0,0.01574911898734418,0.0,3,3,price=observed;tvl=observed;lp_amount=none,False
2022-11-04T18:00:00+00:00,,,,0.01546466036943905,,WETH,pool_swap_ratio,0,5677,9406.836644989238,,15898131,0.0,,0,0,0.0,0.0,0.0,0.0,,0,0,,,,0.0,0.0,0.0,0,0.0,0.0,0.0,0.0,0.0,0.0,0.0,,3,3,price=carried;tvl=carried;lp_amount=none,True
2022-11-04T19:00:00+00:00,0.015320283816655284,0.015411158885292302,0.015320283816655284,0.015411158885292302,0.015364918814383432,WETH,pool_swap_ratio,2,3457,9409.202835435412,,15898615,133.96754851220302,,2,2,0.0,0.0,0.0,0.0,,0,0,,,,68.16686947918868,65.80067903301435,2.366190446174329,2,-0.00346559469421384,0.00025150781184404456,0.0,0.0,0.00025153944258559367,0.0,0.014241508975662273,0.0030094575485541952,3,3,price=observed;tvl=observed;lp_amount=none,False
2022-11-04T20:00:00+00:00,0.01545782591254945,0.015580926203508098,0.01536101245663672,0.01544065802963108,0.01541518775341329,WETH,pool_swap_ratio,5,445,9432.217904226043,,15899162,39.41506879063227,,5,1,0.0,0.0,0.0,0.0,,0,0,,,,31.21506879063227,8.2,23.01506879063227,5,0.001912312225230296,0.002443030231696482,0.0,0.0,0.0024460168617001917,0.0,0.0041889912971366326,0.0016522845277799902,3,3,price=observed;tvl=observed;lp_amount=none,False
2022-11-04T21:00:00+00:00,0.015344278851791647,0.015434419770565927,0.015295521995523977,0.01541018726024735,0.015364183116618513,WETH,pool_swap_ratio,5,1081,9405.620966060622,,15899408,174.18987196533917,,5,2,0.0,0.0,0.0,0.0,,0,0,,,,73.79646689995823,100.39340506538093,-26.5969381654227,5,-0.0019753610642192485,-0.0028237799486060347,0.0,0.0,-0.0028197968320373638,0.0,0.018467541116421255,0.0029942459862428716,3,3,price=observed;tvl=observed;lp_amount=none,False
2022-11-04T22:00:00+00:00,0.015382519595707442,0.015382519595707442,0.015378264816964284,0.015378264816964284,0.015379826697768733,WETH,pool_swap_ratio,2,1069,9411.940966060622,,15899708,6.32,,2,1,0.0,0.0,0.0,0.0,,0,0,,,,6.32,0.0,6.32,2,-0.0020736641544762966,0.0006717129732777667,0.0,0.0,0.0006719386229580354,0.0,0.0006719386229580354,-0.00010155386241617048,3,3,price=observed;tvl=observed;lp_amount=none,False
2022-11-04T23:00:00+00:00,0.015476246874299103,0.015476246874299103,0.015476246874299103,0.015476246874299103,0.015476246874299103,WETH,pool_swap_ratio,1,1441,9400.159417374822,,15899976,11.781548685799107,,1,1,0.0,0.0,0.0,0.0,,0,0,,,,0.0,11.781548685799107,-11.781548685799107,1,0.006351251815940552,-0.0012525502188470024,0.0,0.0,-0.0012517661052362389,0.0,0.0012517661052362389,0.0,3,3,price=observed;tvl=observed;lp_amount=none,False
2022-11-05T00:00:00+00:00,0.015378358120651426,0.015490270808985107,0.015378358120651426,0.015490270808985107,0.015457796938451562,WETH,pool_swap_ratio,2,301,9371.958690760213,,15900369,67.19946070607254,,2,2,0.0,0.0,0.0,0.0,,0,0,,,,19.499367045732274,47.70009366034027,-28.200726614607998,2,0.0009057483174687044,-0.0030045355208936173,0.0,0.0,-0.0030000264210927182,0.0,0.007148757560628616,0.0021008084569131835,3,3,price=observed;tvl=observed;lp_amount=none,False
2022-11-05T01:00:00+00:00,0.015532618995428432,0.015532618995428432,0.015532618995428432,0.015532618995428432,0.015532618995428432,WETH,pool_swap_ratio,1,2365,9357.52914186231,,15900497,14.42954889790557,,1,1,0.0,0.0,0.0,0.0,,0,0,,,,0.0,14.42954889790557,-14.42954889790557,1,0.00273012688464268,-0.0015408378362204564,0.0,0.0,-0.0015396513550717653,0.0,0.0015396513550717653,0.0,3,3,price=observed;tvl=observed;lp_amount=none,False
2022-11-05T02:00:00+00:00,,,,0.015532618995428432,,WETH,pool_swap_ratio,0,5965,9357.52914186231,,15900497,0.0,,0,0,0.0,0.0,0.0,0.0,,0,0,,,,0.0,0.0,0.0,0,0.0,0.0,0.0,0.0,0.0,0.0,0.0,,3,3,price=carried;tvl=carried;lp_amount=none,True
2022-11-05T03:00:00+00:00,0.015432415191112025,0.015619780781361768,0.015432415191112025,0.015619780781361768,0.015554374425767107,WETH,pool_swap_ratio,3,889,9274.267230286616,,15901214,133.33675943715872,,3,2,0.0,0.0,0.0,0.0,,0,0,,,,25.03742393073354,108.29933550642517,-83.26191157569163,3,0.0055958458419075804,-0.008937674518627205,0.0,0.0,-0.00889785223357809,0.0,0.01424914177832017,0.0042050135739506445,3,3,price=observed;tvl=observed;lp_amount=none,False
2022-11-05T04:00:00+00:00,,,,0.015619780781361768,,WETH,pool_swap_ratio,0,4489,9274.267230286616,,15901214,0.0,,0,0,0.0,0.0,0.0,0.0,,0,0,,,,0.0,0.0,0.0,0,0.0,0.0,0.0,0.0,0.0,0.0,0.0,,3,3,price=carried;tvl=carried;lp_amount=none,True
2022-11-05T05:00:00+00:00,,,,0.015619780781361768,,WETH,pool_swap_ratio,0,8089,9274.267230286616,,15901214,0.0,,0,0,0.0,0.0,0.0,0.0,,0,0,,,,0.0,0.0,0.0,0,0.0,0.0,0.0,0.0,0.0,0.0,0.0,,3,3,price=carried;tvl=carried;lp_amount=none,True
2022-11-05T06:00:00+00:00,,,,0.015619780781361768,,WETH,pool_swap_ratio,0,11689,9274.267230286616,,15901214,0.0,,0,0,0.0,0.0,0.0,0.0,,0,0,,,,0.0,0.0,0.0,0,0.0,0.0,0.0,0.0,0.0,0.0,0.0,,3,3,price=carried;tvl=carried;lp_amount=none,True
2022-11-05T07:00:00+00:00,,,,0.015619780781361768,,WETH,pool_swap_ratio,0,15289,9274.267230286616,,15901214,0.0,,0,0,0.0,0.0,0.0,0.0,,0,0,,,,0.0,0.0,0.0,0,0.0,0.0,0.0,0.0,0.0,0.0,0.0,,3,3,price=carried;tvl=carried;lp_amount=none,True
2022-11-05T08:00:00+00:00,,,,0.015619780781361768,,WETH,pool_swap_ratio,0,18889,9274.267230286616,,15901214,0.0,,0,0,0.0,0.0,0.0,0.0,,0,0,,,,0.0,0.0,0.0,0,0.0,0.0,0.0,0.0,0.0,0.0,0.0,,3,3,price=carried;tvl=carried;lp_amount=none,True
2022-11-05T09:00:00+00:00,0.015505947660611665,0.015505947660611665,0.015333472859240258,0.01546369397499718,0.015450965361543622,WETH,pool_swap_ratio,6,169,9385.088173314944,,15903064,232.3148528916728,,6,4,0.0,0.0,0.0,0.0,,0,0,,,,171.56789796,60.7469549316728,110.8209430283272,6,-0.010043157630264027,0.011878464574854338,0.0,0.0,0.01194929370445824,0.0,0.025049402515921818,0.0008238070020685218,3,3,price=observed;tvl=observed;lp_amount=none,False
2022-11-05T10:00:00+00:00,,,,0.01546369397499718,,WETH,pool_swap_ratio,0,3769,9385.088173314944,,15903064,0.0,,0,0,0.0,0.0,0.0,0.0,,0,0,,,,0.0,0.0,0.0,0,0.0,0.0,0.0,0.0,0.0,0.0,0.0,,3,3,price=carried;tvl=carried;lp_amount=none,True
2022-11-05T11:00:00+00:00,,,,0.01546369397499718,,WETH,pool_swap_ratio,0,7369,9385.088173314944,,15903064,0.0,,0,0,0.0,0.0,0.0,0.0,,0,0,,,,0.0,0.0,0.0,0,0.0,0.0,0.0,0.0,0.0,0.0,0.0,,3,3,price=carried;tvl=carried;lp_amount=none,True
2022-11-05T12:00:00+00:00,,,,0.01546369397499718,,WETH,pool_swap_ratio,0,10969,9385.088173314944,,15903064,0.0,,0,0,0.0,0.0,0.0,0.0,,0,0,,,,0.0,0.0,0.0,0,0.0,0.0,0.0,0.0,0.0,0.0,0.0,,3,3,price=carried;tvl=carried;lp_amount=none,True
2022-11-05T13:00:00+00:00,,,,0.01546369397499718,,WETH,pool_swap_ratio,0,14569,9385.088173314944,,15903064,0.0,,0,0,0.0,0.0,0.0,0.0,,0,0,,,,0.0,0.0,0.0,0,0.0,0.0,0.0,0.0,0.0,0.0,0.0,,3,3,price=carried;tvl=carried;lp_amount=none,True
2022-11-05T14:00:00+00:00,,,,0.01546369397499718,,WETH,pool_swap_ratio,0,18169,9385.088173314944,,15903064,0.0,,0,0,0.0,0.0,0.0,0.0,,0,0,,,,0.0,0.0,0.0,0,0.0,0.0,0.0,0.0,0.0,0.0,0.0,,3,3,price=carried;tvl=carried;lp_amount=none,True
2022-11-05T15:00:00+00:00,0.015517925496304067,0.015517925496304067,0.015020027224084197,0.015239210216264376,0.015117057266590354,WETH,pool_swap_ratio,8,1501,9432.816330801816,,15904742,1422.6717403084767,,8,5,0.0,0.0,0.0,0.0,,0,0,,,,735.199948897674,687.471791410803,47.72815748687094,8,-0.01462322636303719,0.005072643430655989,0.0,0.0,0.005085531068592262,0.0,0.15158853215184756,0.008080471451542781,3,3,price=observed;tvl=observed;lp_amount=none,False
2022-11-05T16:00:00+00:00,0.015507795481862808,0.015560086008291493,0.015507795481862808,0.015560086008291493,0.015542997458772884,WETH,pool_swap_ratio,2,301,9356.316967336617,,15905140,76.49936346519777,,2,2,0.0,0.0,0.0,0.0,,0,0,,,,0.0,76.49936346519777,-76.49936346519777,2,0.020837320424256466,-0.008142981899359523,0.0,0.0,-0.008109917630368524,0.0,0.008109917630368524,0.0010994371943979786,3,3,price=observed;tvl=observed;lp_amount=none,False
2022-11-05T17:00:00+00:00,0.015468665345218688,0.015468665345218688,0.015235309338803536,0.01524423864747012,0.015330468825243174,WETH,pool_swap_ratio,5,313,9617.458868988662,,15905436,261.141901652044,,5,3,0.0,0.0,0.0,0.0,,0,0,,,,261.141901652044,0.0,261.141901652044,5,-0.02050740819720949,0.027528352293105202,0.0,0.0,0.027910758321218036,0.0,0.027910758321218036,-0.005624758039432409,3,3,price=observed;tvl=observed;lp_amount=none,False
2022-11-05T18:00:00+00:00,0.015136075646445868,0.015167673820134656,0.014766987928726822,0.014920841654125997,0.014897067989786636,WETH,pool_swap_ratio,8,1729,9885.193010666848,,15905615,666.1477789359413,,8,4,0.0,0.0,0.0,0.0,,0,0,,,,466.94096030706345,199.20681862887793,267.73414167818555,8,-0.02144263374390271,0.0274579030923121,0.0,0.0,0.02783834538055472,0.0,0.0692644271226284,0.0015958619746958558,3,3,price=observed;tvl=observed;lp_amount=none,False
2022-11-05T19:00:00+00:00,0.01500881506942855,0.015050903137326255,0.01500881506942855,0.0150178108005622,0.015010993205023847,WETH,pool_swap_ratio,3,361,9835.37780200194,,15906028,55.584093904732676,,3,2,0.0,0.0,0.0,0.0,,0,0,,,,2.8844426199125,52.69965128482018,-49.81520866490768,3,0.006477879101277933,-0.005052116908231969,0.0,0.0,-0.005039376430096349,0.0,0.005622964958271767,0.00045417351438614695,3,3,price=observed;tvl=observed;lp_amount=none,False
2022-11-05T20:00:00+00:00,0.014476565572895839,0.014992930352490948,0.014235605937982225,0.014992930352490948,0.01460336201654245,WETH,pool_swap_ratio,10,697,9965.160807117572,,15906299,1493.327083612522,,10,7,0.0,0.0,0.0,0.0,,0,0,,,,811.5550443640773,681.7720392484445,129.78300511563282,10,-0.0016581032534114424,0.013109225591544276,0.0,0.0,0.01319552819711879,0.0,0.15183220346742177,0.026676619774761656,3,3,price=observed;tvl=observed;lp_amount=none,False
2022-11-05T21:00:00+00:00,,,,0.014992930352490948,,WETH,pool_swap_ratio,0,4297,9965.160807117572,,15906299,0.0,,0,0,0.0,0.0,0.0,0.0,,0,0,,,,0.0,0.0,0.0,0,0.0,0.0,0.0,0.0,0.0,0.0,0.0,,3,3,price=carried;tvl=carried;lp_amount=none,True
2022-11-05T22:00:00+00:00,,,,0.014992930352490948,,WETH,pool_swap_ratio,0,7897,9965.160807117572,,15906299,0.0,,0,0,0.0,0.0,0.0,0.0,,0,0,,,,0.0,0.0,0.0,0,0.0,0.0,0.0,0.0,0.0,0.0,0.0,,3,3,price=carried;tvl=carried;lp_amount=none,True
2022-11-05T23:00:00+00:00,0.014870410040817827,0.014870410040817827,0.014736718751821712,0.014736718751821712,0.014803899941568029,WETH,pool_swap_ratio,3,2113,10121.160724370453,,15907078,155.9999172528806,,3,1,0.0,0.0,0.0,0.0,,0,0,,,,155.9999172528806,0.0,155.9999172528806,3,-0.01723652661120441,0.015533262639779348,0.0,0.0,0.015654530847255203,0.0,0.015654530847255203,-0.004538073751611749,3,3,price=observed;tvl=observed;lp_amount=none,False
2022-11-06T00:00:00+00:00,0.014665010753112401,0.014746085887869137,0.014629759806873609,0.014629759806873609,0.014663692720029478,WETH,pool_swap_ratio,3,397,10234.060415417856,,15907519,112.89969104740368,,3,1,0.0,0.0,0.0,0.0,,0,0,,,,112.89969104740368,0.0,112.89969104740368,3,-0.007284456507114229,0.011093060401386343,0.0,0.0,0.011154816539525526,0.0,0.011154816539525526,-0.0023140769384453197,3,3,price=observed;tvl=observed;lp_amount=none,False
2022-11-06T01:00:00+00:00,0.01459292405977583,0.01459292405977583,0.01459292405977583,0.01459292405977583,0.01459292405977583,WETH,pool_swap_ratio,1,697,10278.260025567331,,15907792,44.19961014947478,,1,1,0.0,0.0,0.0,0.0,,0,0,,,,44.19961014947478,0.0,44.19961014947478,1,-0.002521039256724381,0.004309573720286675,0.0,0.0,0.004318873287369597,0.0,0.004318873287369597,0.0,3,3,price=observed;tvl=observed;lp_amount=none,False
2022-11-06T02:00:00+00:00,0.014511131399963547,0.014559044871200782,0.014511131399963547,0.014559044871200782,0.01451342891960036,WETH,pool_swap_ratio,2,901,33509.81435081754,,15908074,44.11539650847335,,2,1,23862.83214060318,657.6302048752578,23205.20193572792,24520.462345478438,0.053639298934061455,1,1,,,1.0,23904.83214060318,673.277815352967,23231.554325250214,4,-0.0023243166804829073,1.1818073741330606,2.2576974972422006,2.385662776042191,2.26026139321844,0.06398263939999499,0.004292107457754097,0.0031430168468884467,3,3,price=observed;tvl=observed;lp_amount=quantified,False
2022-11-06T03:00:00+00:00,0.014541601230365023,0.014541601230365023,0.014541601230365023,0.014541601230365023,0.014541601230365023,WETH,pool_swap_ratio,1,3253,33523.1188703081,,15908178,13.304519490558267,,1,1,0.0,0.0,0.0,0.0,,0,0,,,,13.304519490558267,0.0,13.304519490558267,1,-0.001198849184592034,0.00039695472138651913,0.0,0.0,0.00039703351833799924,0.0,0.00039703351833799924,0.0,3,3,price=observed;tvl=observed;lp_amount=none,False
2022-11-06T04:00:00+00:00,0.014384984501363579,0.014486468065554266,0.014384984501363579,0.014486468065554266,0.014437702558181489,WETH,pool_swap_ratio,3,3253,33557.413910802905,,15908477,245.70495950519626,,3,2,0.0,0.0,0.0,0.0,,0,0,,,,140.0,105.70495950519626,34.29504049480374,3,-0.0037986150951980946,0.0010225036105395958,0.0,0.0,0.0010230265455753685,0.0,0.007329418257763022,0.0033776500919215913,3,3,price=observed;tvl=observed;lp_amount=none,False
2022-11-06T05:00:00+00:00,0.014461013576767719,0.014572895149898742,0.014363174779021708,0.014363174779021708,0.014409807146617194,WETH,pool_swap_ratio,4,841,33671.857601432646,,15908977,114.4436906297397,,4,3,0.0,0.0,0.0,0.0,,0,0,,,,114.4436906297397,0.0,114.4436906297397,4,-0.008547352757060908,0.0034045825159267893,0.0,0.0,0.003410384689771867,0.0,0.003410384689771867,-0.0032361548715406085,3,3,price=observed;tvl=observed;lp_amount=none,False
2022-11-06T06:00:00+00:00,,,,0.014363174779021708,,WETH,pool_swap_ratio,0,4441,9809.025460829465,,15909158,0.0,,0,0,0.0,23862.83214060318,-23862.83214060318,23862.83214060318,0.0,0,1,,,1.0,0.0,23862.83214060318,-23862.83214060318,1,0.0,-1.2333594752299866,-0.708687724421473,0.708687724421473,-0.708687724421473,0.708687724421473,0.0,,3,3,price=carried;tvl=observed;lp_amount=quantified,True
2022-11-06T07:00:00+00:00,0.014275385055350665,0.014275385055350665,0.014152458336100847,0.014166663194778892,0.014218402456865717,WETH,pool_swap_ratio,4,1645,9927.28389610285,,15909506,136.898074459599,,4,3,0.0,0.0,0.0,0.0,,0,0,,,,127.57825486649202,9.319819593106992,118.25843527338503,4,-0.013776081886706109,0.011983988338243323,0.0,0.0,0.012056084036648523,0.0,0.013956337967138145,-0.0036388941896803306,3,3,price=observed;tvl=observed;lp_amount=none,False
2022-11-06T08:00:00+00:00,0.014140455062858319,0.014445230353519734,0.014140455062858319,0.014305905892934883,0.01433453718559443,WETH,pool_swap_ratio,7,1045,9861.620644911894,,15909852,274.6746695991654,,7,3,0.0,0.0,0.0,0.0,,0,0,,,,104.50570920410436,170.16896039506102,-65.66325119095666,7,0.009780909323175654,-0.006636394859383891,0.0,0.0,-0.006614422623365698,0.0,0.027668662695039304,-0.0019973642880022346,3,3,price=observed;tvl=observed;lp_amount=none,False
2022-11-06T09:00:00+00:00,0.014237394004281102,0.01430019527831203,0.013186159185672891,0.014122415585916393,0.013793700098066177,WETH,pool_swap_ratio,54,721,10024.096147908896,,15910179,5938.6138016694185,,54,14,0.0,0.0,0.0,0.0,,0,0,,,,3050.5446523332103,2888.069149336208,162.47550299700242,54,-0.012909158587793202,0.016341288600683773,0.0,0.0,0.016475537728256835,0.0,0.6021945089454894,0.023830842015790887,3,3,price=observed;tvl=observed;lp_amount=none,False
2022-11-06T10:00:00+00:00,0.014085727146937349,0.014089982030807323,0.013790059994186258,0.014085189896748574,0.01394146766240106,WETH,pool_swap_ratio,15,1789,9717.693550769412,,15910388,836.3637313068828,,15,5,860.8298449986057,1191.2089751923254,-330.3791301937197,2052.038820190931,0.8389995710885335,1,1,,,1.0,1300.810412082305,1607.213009221789,-306.402597139484,17,-0.002639409488458848,-0.031043508019044198,-0.03295849574055006,0.2047106083094586,-0.030566605968100367,0.11883455202500434,0.08343532613475128,0.010308974480149002,3,3,price=observed;tvl=observed;lp_amount=quantified,False
2022-11-06T11:00:00+00:00,0.014000150932150889,0.01599646144195043,0.013943091774558481,0.013988179882869163,0.014952210424110953,WETH,pool_swap_ratio,8,301,9777.39762080378,,15910811,640.562344636694,,8,5,0.0,0.0,0.0,0.0,,0,0,,,,350.13320733553087,290.4291373011631,59.70407003436776,8,-0.006911204517227226,0.0061250553962674805,0.0,0.0,0.006143851905027464,0.0,0.06591711719351107,-0.0644741154583578,3,3,price=observed;tvl=observed;lp_amount=none,False
2022-11-06T12:00:00+00:00,0.014035801087890763,0.014323343852870835,0.013820377919844574,0.014323343852870835,0.014054575574718408,WETH,pool_swap_ratio,15,1,9555.344793964287,,15911135,759.5528268394928,,15,6,0.0,0.0,0.0,0.0,,0,0,,,,268.75,490.80282683949275,-222.05282683949275,15,0.02367796463464443,-0.022972694467186403,0.0,0.0,-0.022710831189581736,0.0,0.07768455946021469,0.019123187087619398,3,3,price=observed;tvl=observed;lp_amount=none,False
2022-11-06T13:00:00+00:00,0.014173490229591324,0.014354619849963961,0.013995506859266815,0.014295478624122325,0.014140957172146125,WETH,pool_swap_ratio,12,529,9519.704539462833,,15911389,565.8297469928721,,12,5,0.0,0.0,0.0,0.0,,0,0,,,,265.09474624570873,300.7350007471632,-35.64025450145448,12,-0.0019473364130616526,-0.003736849677499814,0.0,0.0,-0.0037298763435482667,0.0,0.05921604705989083,0.010927227209241996,3,3,price=observed;tvl=observed;lp_amount=none,False
2022-11-06T14:00:00+00:00,0.014330622633377681,0.015403910473499443,0.014263762554684017,0.015004286920257754,0.014939903666525055,WETH,pool_swap_ratio,30,85,8895.126276806875,,15911724,1426.92031777168,,30,7,0.0,0.0,0.0,0.0,,0,0,,,,401.171027557861,1025.749290213819,-624.578262655958,30,0.04839264781545987,-0.06786029515315115,0.0,0.0,-0.0656089965887955,0.0,0.14989123999138282,0.004309482522096841,3,3,price=observed;tvl=observed;lp_amount=none,False
2022-11-06T15:00:00+00:00,0.015017608486566756,0.015017608486566756,0.008709232600280812,0.013512683758814802,0.012486116090445979,WETH,pool_swap_ratio,65,49,10295.287388758215,,15912027,9448.87164681847,,65,18,0.0,0.0,0.0,0.0,,0,0,,,,5424.516379384902,4024.3552674335638,1400.1611119513386,64,-0.10470717290944703,0.146182738064671,0.0,0.0,0.1574076711650642,0.0,1.0622526710447528,0.08221673264389429,3,3,price=observed;tvl=observed;lp_amount=none,False
2022-11-06T16:00:00+00:00,0.013423133719370033,0.01750988386763439,0.01116673369925703,0.014069797163250396,0.014038661293757766,WETH,pool_swap_ratio,81,133,9741.674014154745,,15912318,12657.146754888343,,81,21,0.0,0.0,0.0,0.0,,0,0,,,,6051.766690142439,6605.380064745906,-553.6133746034666,81,0.0404016727193229,-0.055273282539561014,0.0,0.0,-0.053773474571285534,0.0,1.2294116984737236,0.0022178659945641943,3,3,price=observed;tvl=observed;lp_amount=none,False
2022-11-06T17:00:00+00:00,0.014208906517425169,0.02156072258215399,0.014135686907236517,0.014518339199013824,0.016552630859088608,WETH,pool_swap_ratio,25,205,9529.387183161953,,15912611,5657.089598245135,,25,6,0.0,0.0,0.0,0.0,,0,0,,,,2722.4013836261706,2934.6882146189655,-212.28683099279488,25,0.03138216785710983,-0.022032561294794948,0.0,0.0,-0.02179161719888595,0.0,0.5807102136681365,-0.1228983886242958,3,3,price=observed;tvl=observed;lp_amount=none,False
2022-11-06T18:00:00+00:00,0.014507358454043754,0.014507358454043754,0.01303094217179035,0.01407640935211355,0.013701896821469755,WETH,pool_swap_ratio,95,217,9859.60006927094,,15912908,17300.82803602173,,95,20,0.0,0.0,0.0,0.0,,0,0,,,,8815.520461065362,8485.307574956376,330.2128861089859,94,-0.03091232201971893,0.03406519523795175,0.0,0.0,0.03465205891649139,0.0,1.8155236746589123,0.027332896716676824,3,3,price=observed;tvl=observed;lp_amount=none,False
2022-11-06T19:00:00+00:00,0.01401430356232862,0.014170445586310395,0.01324515741763992,0.014054048933320297,0.01369275186047277,WETH,pool_swap_ratio,29,193,9833.028984404502,,15913209,3186.647057283736,,29,9,0.0,0.0,0.0,0.0,,1,0,,,,1580.0379862086493,1606.609071075088,-26.571084866438696,29,-0.0015897660305254574,-0.0026985834059041446,0.0,0.0,-0.0026949455028355395,0.0,0.32320246611375686,0.026386008928599214,3,3,price=observed;tvl=observed;lp_amount=quantified,False
2022-11-06T20:00:00+00:00,0.01394995784130072,0.01429060990430697,0.013395090211325683,0.01413735172715632,0.013819365292851625,WETH,pool_swap_ratio,40,85,9798.665626117654,,15913518,3348.311699400387,,40,10,0.0,0.0,0.0,0.0,,0,0,,,,1656.9741705567706,1691.3375288436177,-34.36335828684719,40,0.005909818904824438,-0.003500807654564404,0.0,0.0,-0.0034946869719746144,0.0,0.3405168137621598,0.0230102054302872,3,3,price=observed;tvl=observed;lp_amount=none,False
2022-11-06T21:00:00+00:00,0.014052042504298883,0.01589245533311298,0.013711932698590558,0.014004617695165323,0.014021592125800139,WETH,pool_swap_ratio,58,169,9895.292578192202,,15913810,5689.012756574798,,58,12,0.0,169.94086104869132,-169.94086104869132,169.94086104869132,0.0,2,1,,,1.0,2978.1302697728943,2881.5033176983475,96.62695207454681,59,-0.00943324287562165,0.009812931098030752,-0.01734326565810409,0.01734326565810409,0.009861235780614297,0.01734326565810409,0.5805905593319906,-0.0012105922410610148,3,3,price=observed;tvl=observed;lp_amount=quantified,False
2022-11-06T22:00:00+00:00,0.014091429470865193,0.014111251021431064,0.013904045854521022,0.014111251021431064,0.01400717562661653,WETH,pool_swap_ratio,8,289,9861.310202954764,,15914121,371.15072190783405,,8,4,0.0,0.0,0.0,0.0,,0,1,,,1.0,168.89033668475312,202.87271192219046,-33.98237523743734,9,0.007585313377299926,-0.00344010649271006,0.0,0.0,-0.0034341961057654416,0.0,0.037507806765188195,0.007430148488805299,3,3,price=observed;tvl=observed;lp_amount=quantified,False
2022-11-06T23:00:00+00:00,0.01398525121789057,0.015485413700488507,0.008957561317986348,0.014074997329237289,0.0132595043691991,WETH,pool_swap_ratio,64,277,9866.91037230033,,15914397,12412.077230136236,,64,15,0.0,0.0,0.0,0.0,,0,0,,,,6208.8386997409,6203.238530395333,5.600169345566428,64,-0.0025724397042822186,0.0005677318412599019,0.0,0.0,0.0005678930314846436,0.0,1.2586641100101668,0.06150252206504203,3,3,price=observed;tvl=observed;lp_amount=none,False
2022-11-07T00:00:00+00:00,0.014202686772885297,0.014830823341127286,0.013026692815864107,0.014005733697922408,0.01413407055647457,WETH,pool_swap_ratio,37,61,9960.721593471812,,15914714,4790.82383756353,,37,15,0.0,0.0,0.0,0.0,,0,0,,,,2442.3175293675054,2348.5063081960243,93.81122117148107,36,-0.004933188649291061,0.009462745863779305,0.0,0.0,0.009507659199463298,0.0,0.48554447712558046,-0.009079964475865232,3,3,price=observed;tvl=observed;lp_amount=none,False
2022-11-07T01:00:00+00:00,0.014201354571659918,0.016774662900913014,0.013566473610860554,0.014309571319138382,0.01409367711508621,WETH,pool_swap_ratio,59,49,9685.283737970738,,15915014,4404.487752800709,,59,18,0.0,0.0,0.0,0.0,,0,0,,,,2064.5249486498183,2339.9628041508927,-275.4378555010744,58,0.021461840761572152,-0.0280419250448557,0.0,0.0,-0.02765239977007233,0.0,0.44218560989470684,0.015318514982940457,3,3,price=observed;tvl=observed;lp_amount=none,False
2022-11-07T02:00:00+00:00,0.014417740143539633,0.01442607117073795,0.013668642749471167,0.014153293367284218,0.014082877807687655,WETH,pool_swap_ratio,40,265,9768.122628691246,,15915295,3002.310345639795,,40,13,0.0,0.0,0.0,0.0,,0,0,,,,1542.5746181801505,1459.735727459643,82.8388907205076,40,-0.010981292573332507,0.008516697783326825,0.0,0.0,0.00855306803204343,0.0,0.3099868240172837,0.005000083119241605,3,3,price=observed;tvl=observed;lp_amount=none,False
2022-11-07T03:00:00+00:00,0.014113243867430143,0.0141410617839101,0.013932806501040335,0.013981074763517187,0.014040538765334813,WETH,pool_swap_ratio,11,445,9927.175120869388,,15915579,371.5567217213579,,11,4,0.0,0.0,0.0,0.0,,0,0,,,,265.3046069497507,106.25211477160725,159.05249217814344,11,-0.012242731312499077,0.01615166746282,0.0,0.0,0.01628281075331398,0.0,0.03803767989460016,-0.004235165246253891,3,3,price=observed;tvl=observed;lp_amount=none,False
2022-11-07T04:00:00+00:00,0.01390436776650024,0.014166862485149515,0.013767181886790748,0.014119075376014836,0.013939597624835272,WETH,pool_swap_ratio,17,1,9967.474090875145,,15915914,938.370261779687,,17,4,49.91033125236809,0.0,49.91033125236809,49.91033125236809,0.0,1,0,,,,514.2897815189061,473.9908115131491,40.29897000575704,18,0.009822134135953477,0.004051242592346177,0.005027646903039333,0.005027646903039333,0.004059459968731548,0.0,0.09452540630687573,0.012875389664031678,3,3,price=observed;tvl=observed;lp_amount=quantified,False
2022-11-07T05:00:00+00:00,0.014034133402277296,0.014142985612162755,0.01214370272708899,0.013828390523545476,0.013480317984818451,WETH,pool_swap_ratio,34,1,14466.810421051647,,15916214,6683.760224140238,,34,10,4328.371002992618,101.31732644706426,4227.053676545554,4429.688329439682,0.0457446749802734,3,1,,,1.0,7806.392441878211,3307.0561117017087,4499.336330176502,38,-0.020802983469272774,0.37252988841834456,0.42408474183196176,0.44441433095822125,0.4514018586008143,0.010164794563129744,0.6705570702470122,0.025820795853556566,3,3,price=observed;tvl=observed;lp_amount=quantified,False
2022-11-07T06:00:00+00:00,0.01390459831810959,0.013975267238623064,0.013779267087021879,0.013946174493272848,0.013871418397873156,WETH,pool_swap_ratio,18,445,15185.305934051263,,15916475,1769.408254088773,,18,4,869.9669401061296,0.0,869.9669401061296,869.9669401061296,0.0,4,0,,,,1678.9353535972587,960.4398405976442,718.4955129996144,22,0.00848147761994239,0.048471156089072306,0.06013536604033887,0.06013536604033887,0.04966509493717305,0.0,0.12230811095125611,0.005389217833062787,3,3,price=observed;tvl=observed;lp_amount=quantified,False
2022-11-07T07:00:00+00:00,0.014003055893318942,0.014272634881178418,0.01355312083240779,0.014268201361968607,0.013823705525127317,WETH,pool_swap_ratio,130,25,14607.06364725204,,15916808,37765.791913261826,,130,17,142.7142677322592,0.0,142.7142677322592,142.7142677322592,0.0,2,0,,,,18665.131947097427,19243.37423389665,-578.2422867992245,131,0.022828139448207895,-0.03882302224612167,0.009398181923502722,0.009398181923502722,-0.03807906731089192,0.0,2.486995789039487,0.03215460833083661,3,3,price=observed;tvl=observed;lp_amount=quantified,False
2022-11-07T08:00:00+00:00,0.014328183127794516,0.01514920243751897,0.013920267164694359,0.014425976320899528,0.014444111024979184,WETH,pool_swap_ratio,72,613,14725.28835702072,,15917074,11378.627955640828,,72,17,1867.4727175732728,1297.6668870141168,569.805830559156,3165.13960458739,0.8199745029466287,7,7,,,1.0,7337.8899063086765,7219.665196539993,118.22470976868317,82,0.010997112427047201,0.008061088994769565,0.039008923649507816,0.21668554892501157,0.00809366705203097,0.08883831263775187,0.7789811991256325,-0.0012555084939664951,3,3,price=observed;tvl=observed;lp_amount=quantified,False
2022-11-07T09:00:00+00:00,0.014320407176637918,0.01446174908094672,0.014313550345327797,0.014313550345327797,0.014372800943598336,WETH,pool_swap_ratio,6,1849,15013.498401259578,,15917253,734.2786486804564,,6,4,589.7666942036287,589.7666942036287,0.0,1179.5333884072575,1.0,2,1,,,1.0,1101.0110406632853,812.8009964244286,288.21004423885665,9,-0.007823827466911692,0.019383377692531067,0.0,0.08010256640202769,0.01957245503456942,0.040051283201013844,0.049865145651315355,-0.00412241138683056,3,3,price=observed;tvl=observed;lp_amount=quantified,False
2022-11-07T10:00:00+00:00,0.01424230799781641,0.014448655592813161,0.014231409961675885,0.014346444005725432,0.014328331709135271,WETH,pool_swap_ratio,17,37,15089.93697604914,,15917704,2730.7700450532293,,17,6,834.6890393915029,708.3407711159315,126.3482682755714,1543.0298105074344,0.9181167677933448,3,2,,,1.0,2175.726181664926,2099.2876068753617,76.43857478956443,21,0.0022954418230461513,0.005078406375352971,0.008415644701768593,0.10277616643819537,0.00509132333761407,0.047180260868213385,0.18188765683180994,0.0012640897040800958,3,3,price=observed;tvl=observed;lp_amount=quantified,False
2022-11-07T11:00:00+00:00,0.014258607598705052,0.014292582198452544,0.014157855605042166,0.014258902955144436,0.014197516019229837,WETH,pool_swap_ratio,10,169,15354.00364239617,,15918004,672.0842347640745,,10,7,11.0,0.0,11.0,11.0,0.0,1,0,,,,473.5754505555516,209.50878420852283,264.0666663470288,11,-0.006120626608001425,0.0173481673999763,0.0007289626204177844,0.0007289626204177844,0.0174995208241199,0.0,0.04453857135591829,0.004323780007112088,3,3,price=observed;tvl=observed;lp_amount=quantified,False
2022-11-07T12:00:00+00:00,0.014144123896026433,0.014425528178760416,0.01399188936721019,0.014362835099178925,0.014245842479421488,WETH,pool_swap_ratio,32,181,15101.201456706378,,15918289,2937.645543056151,,32,9,0.0,0.0,0.0,0.0,,0,0,,,,1342.4217064116867,1595.2238921014805,-252.80218568979376,31,0.007262494028257683,-0.01660195630859744,0.0,0.0,-0.01646490332930135,0.0,0.19132765703823276,0.008212404420899322,3,3,price=observed;tvl=observed;lp_amount=none,False
2022-11-07T13:00:00+00:00,0.014272511471051264,0.014272511471051264,0.014110181489662645,0.014110181489662645,0.014194154566554984,WETH,pool_swap_ratio,8,25,15578.088565300748,,15918601,777.8364093191295,,8,3,0.0,0.0,0.0,0.0,,0,0,,,,627.3617589567502,150.47465036237932,476.88710859437094,8,-0.01774734617126767,0.031091040437251832,0.0,0.0,0.03157941505260745,0.0,0.05150824664839471,-0.005916032300380958,3,3,price=observed;tvl=observed;lp_amount=none,False
2022-11-07T14:00:00+00:00,0.014083988335207315,0.014156622690681311,0.014083988335207315,0.01412236651493559,0.014093336962492955,WETH,pool_swap_ratio,4,1789,15651.774149732406,,15918753,79.70363703230208,,4,2,0.0,0.0,0.0,0.0,,0,0,,,,76.69461073197974,3.0090263003223345,73.6855844316574,4,0.0008631899627015945,0.00471892699891306,0.0,0.0,0.004730078669329663,0.0,0.005116393882227446,0.0020598068803643343,3,3,price=observed;tvl=observed;lp_amount=none,False
2022-11-07T15:00:00+00:00,0.014000095853281706,0.01604267145313413,0.014000095853281706,0.014548614584267037,0.014525647147739428,WETH,pool_swap_ratio,46,61,14481.737760999584,,15919195,9614.478225112935,,46,12,0.0,0.0,0.0,0.0,,0,0,,,,4222.220918190054,5392.257306922876,-1170.0363887328213,46,0.02973595327821855,-0.07769588388551268,0.0,0.0,-0.07475423409127234,0.0,0.6142740198737988,0.0015811644255163682,3,3,price=observed;tvl=observed;lp_amount=none,False
2022-11-07T16:00:00+00:00,0.014499614163585898,0.014779720898675958,0.014252994374743207,0.014466534039436025,0.014592047164935742,WETH,pool_swap_ratio,29,121,14665.924998624789,,15919489,5021.245118057124,,29,9,1.2345282872621361,0.0,1.2345282872621361,1.2345282872621361,0.0,1,0,,,,2603.3334419847965,2419.1462043595907,184.18723762520585,30,-0.005657786892566428,0.012638384820382558,8.524724778450375e-05,8.524724778450375e-05,0.012718586723841668,0.0,0.3467294602985919,-0.008601474767798267,3,3,price=observed;tvl=observed;lp_amount=quantified,False
2022-11-07T17:00:00+00:00,0.014431351514230476,0.014614020907809843,0.014025142643791729,0.014047165552879064,0.014245852973676209,WETH,pool_swap_ratio,23,37,15781.238621217528,,15919794,6339.8432224845355,,23,7,0.0,0.0,0.0,0.0,,0,0,,,,3727.5784225386365,2612.264799945898,1115.3136225927383,23,-0.02941734919641075,0.07329502974766217,0.0,0.0,0.07604795624533198,0.0,0.4322838977479441,-0.013947035755899173,3,3,price=observed;tvl=observed;lp_amount=none,False
2022-11-07T18:00:00+00:00,0.014032703034074247,0.014158704032544042,0.013928271213226496,0.013928271213226496,0.013972298626472252,WETH,pool_swap_ratio,7,49,16635.97037927201,,15920090,454.73175805448176,,7,2,400.0,0.0,400.0,400.0,0.0,1,0,,,,854.7317580544818,0.0,854.7317580544818,8,-0.008499960624895567,0.05274543591563152,0.02534655292913503,0.02534655292913503,0.0541612593643514,0.0,0.028814706435216365,-0.00315105011872141,3,3,price=observed;tvl=observed;lp_amount=quantified,False
2022-11-07T19:00:00+00:00,0.0140805966745762,0.014080831777183484,0.013857940531892462,0.014020633681848506,0.013966424241654863,WETH,pool_swap_ratio,14,325,16565.28953167383,,15920367,1812.4631949673346,,14,5,0.0,0.0,0.0,0.0,,0,0,,,,870.891173684577,941.5720212827578,-70.68084759818078,14,0.006609404211034869,-0.0042577272407344985,0.0,0.0,-0.0042486759706092826,0.0,0.10894845047485881,0.0038814115378196234,3,3,price=observed;tvl=observed;lp_amount=none,False
2022-11-07T20:00:00+00:00,0.013918055427311782,0.013931368671121186,0.013757255238966147,0.013757255238966147,0.013838112910839175,WETH,pool_swap_ratio,7,265,16099.59691131884,,15920671,993.1800680954932,,7,4,1155.8011260026456,2492.3520605479753,-1336.5509345453297,3648.153186550621,0.6336362904187538,1,2,,,1.0,2094.8006650324232,2560.493285387412,-465.6926203549888,10,-0.018963740309747092,-0.028515279005559613,-0.08068382577858141,0.22022876084206877,-0.02811255544097533,0.1504562933103251,0.05995549104025458,-0.005843114042644704,3,3,price=observed;tvl=observed;lp_amount=quantified,False
2022-11-07T21:00:00+00:00,0.013949175004858882,0.014087529339491898,0.013630650788891592,0.013950342274180254,0.013881098105745221,WETH,pool_swap_ratio,31,253,16964.521476429858,,15920970,7566.240786601056,,31,8,1656.29,28.088844046672964,1628.201155953327,1684.3788440466728,0.03335216913457581,2,1,,,1.0,5057.898224519261,4192.973659408244,864.9245651110168,34,0.013937705054621212,0.05232995620788757,0.10113303860475031,0.10462242336405754,0.05372336772623982,0.0017446923796536216,0.4699646101873272,0.004988378290214257,3,3,price=observed;tvl=observed;lp_amount=quantified,False
2022-11-07T22:00:00+00:00,0.013905285819960525,0.01433745132239647,0.013826194182542334,0.014130480036209656,0.014098680509032499,WETH,pool_swap_ratio,39,397,16757.98946427863,,15921257,15910.547546317799,,39,12,1210.879566686933,0.0,1210.879566686933,1210.879566686933,0.0,4,0,,,,8457.45898559711,8663.990997748335,-206.532012151225,42,0.012830125208081014,-0.012249063827957605,0.07137717196263409,0.07137717196263409,-0.012174349417292797,0.0,0.9378718738647343,0.0022554966868555404,3,3,price=observed;tvl=observed;lp_amount=quantified,False
2022-11-07T23:00:00+00:00,0.014107331199421782,0.014171235635472564,0.013929794791373825,0.014106931968020922,0.014006294694957714,WETH,pool_swap_ratio,14,13,16343.103947855157,,15921587,6148.479304011085,,14,5,345.017204094101,1043.1595262308813,-698.1423221367803,1388.1767303249821,0.49707965355870787,3,2,,,1.0,3564.649012001693,3979.5345284251675,-414.88551642347466,18,-0.0016678634461245042,-0.02506909601210154,-0.04166026739812327,0.08283671100784631,-0.02475747566901421,0.06224848920298479,0.3668983870121889,0.007185146054326408,3,3,price=observed;tvl=observed;lp_amount=quantified,False
2022-11-08T00:00:00+00:00,0.014077694017202854,0.014149008681351782,0.013909516936779972,0.014090260382140321,0.01403431220859517,WETH,pool_swap_ratio,23,145,17227.984537835724,,15921872,7836.9316038709485,,23,6,1100.6874041796239,110.69015389776888,989.997250281855,1211.3775580773927,0.18275087425830797,1,1,,,1.0,4966.7270073008785,4081.846417320311,884.8805899805675,25,-0.0011824998472353128,0.0527290382086933,0.060575840026507365,0.07412163331656298,0.05414397367867796,0.006772896645027806,0.47952528655974525,0.003986527641225424,3,3,price=observed;tvl=observed;lp_amount=quantified,False
2022-11-08T01:00:00+00:00,0.014059833700232794,0.014203667922389545,0.013951668324911851,0.014020300364792591,0.014097158623541689,WETH,pool_swap_ratio,27,193,18068.864468680513,,15922168,10450.116584965788,,27,7,394.94688859025297,0.0,394.94688859025297,394.94688859025297,0.0,2,0,,,,5842.971702200416,5002.0917713556255,840.8799308447906,29,-0.004977500265380246,0.047655192247273444,0.02292472968749648,0.02292472968749648,0.04880895551061521,0.0,0.6065780104466353,-0.005452039010240495,3,3,price=observed;tvl=observed;lp_amount=quantified,False
2022-11-08T02:00:00+00:00,0.01397658953967898,0.014128745816401084,0.011519475721830496,0.012404577883731546,0.013311617880535616,WETH,pool_swap_ratio,130,49,23670.02967768856,,15922480,47075.71084621222,,130,23,92.80824295938002,3472.4929470392926,-3379.6847040799125,3565.3011899986727,0.05206193699411666,1,4,,,1.0,28141.733864722526,22540.56865571447,5601.165209008057,130,-0.12244071674806709,0.27001941539860874,-0.18704466514417967,0.19731739070701163,0.3099898844621244,0.19218102792559566,2.605349712363521,-0.06813897491230969,3,3,price=observed;tvl=observed;lp_amount=quantified,False
2022-11-08T03:00:00+00:00,0.012493685661819059,0.012676391720010817,0.0113361229375405,0.011895439921458782,0.011884101794553934,WETH,pool_swap_ratio,163,1,29193.426947089425,,15922782,37511.86436368331,,163,26,9028.095634351164,4951.811244554011,4076.2843897971534,13979.906878905174,0.7084183446208775,12,6,,,1.0,28510.0346933137,22986.637423912838,5523.397269400863,179,-0.04191046185094658,0.20973390204731754,0.17221289729262448,0.5906163646293472,0.2333498244240578,0.20920173366836134,1.5847831572024644,0.0009540583799141356,3,3,price=observed;tvl=observed;lp_amount=quantified,False
2022-11-08T04:00:00+00:00,0.011997820081130685,0.019854036334417274,0.010657927614809793,0.011005440365870874,0.012256936894684047,WETH,pool_swap_ratio,96,49,32014.735618995517,,15923077,17874.340235169067,,96,23,9249.562458162574,8747.69329520655,501.8691629560235,17997.255753369125,0.9721141284074895,5,7,,,1.0,19359.86737498322,16538.558703077113,2821.3086719061066,101,-0.07776539755007279,0.09225270551856007,0.017191169911830433,0.6164831482781244,0.09664191453163364,0.29964598918314705,0.6122727649468755,-0.10210516212708576,3,3,price=observed;tvl=observed;lp_amount=quantified,False
2022-11-08T05:00:00+00:00,0.011028234915134105,0.014480680563424699,0.007797089562433193,0.010617617591851048,0.010858825726769272,WETH,pool_swap_ratio,175,37,32981.459032101935,,15923376,37461.25355705845,,175,25,2950.5445653706006,3436.086730499539,-485.54216512893845,6386.63129587014,0.9239752315993393,8,3,,,1.0,22412.05265558315,21445.32924247674,966.7234131064106,180,-0.03587507082002097,0.029749271157727623,-0.015166208801700942,0.19949036505804277,0.030196201668234866,0.10732828692987184,1.1701253448687334,-0.02221309568709584,3,3,price=observed;tvl=observed;lp_amount=quantified,False
2022-11-08T06:00:00+00:00,0.010824418598670386,0.0204353130975959,0.007403187943103104,0.011673650207812894,0.011025617471407836,WETH,pool_swap_ratio,312,13,28150.91951828255,,15923676,90366.3297669143,,312,32,364.0282883111389,1249.4800223969874,-885.4517340858484,1613.5083107081264,0.45122579895653153,2,2,,,1.0,43610.67099928583,48441.2105131052,-4830.539513819371,305,0.09481952454918895,-0.15836553705887751,-0.02684695462453645,0.04892167775651301,-0.1464622747319228,0.03788431619052473,2.7399130426267013,0.058775187701329834,3,3,price=observed;tvl=observed;lp_amount=quantified,False
2022-11-08T07:00:00+00:00,0.011565706273279519,0.012594275430493067,0.010829395960120317,0.012150391015191256,0.011979115320774818,WETH,pool_swap_ratio,96,13,25653.150306537886,,15923974,14489.599038033717,,96,14,1798.5148312338395,2155.531773922382,-357.0169426885425,3954.0466051562216,0.9097084636728916,2,5,,,1.0,8026.30581845098,10524.075030195645,-2497.769211744665,103,0.040027168609655134,-0.09291363595659677,-0.01268224799750071,0.14045887924152087,-0.08872780195057198,0.07657056361951078,0.51471139436932,0.014297858383532036,3,3,price=observed;tvl=observed;lp_amount=quantified,False
2022-11-08T08:00:00+00:00,0.012108987231269115,0.015014109759724085,0.01174334637138426,0.01229233870523027,0.01227075458432453,WETH,pool_swap_ratio,58,241,25298.07863316287,,15924255,12551.991072924851,,58,8,1642.2840282027523,1356.7844712818835,285.4995569208688,2999.068499484636,0.9048039226279995,2,2,,,1.0,7600.134669231502,7955.206342606514,-355.0716733750123,61,0.011614847232120609,-0.013937933547099386,0.011129220135123415,0.11690838995007574,-0.013841250260967747,0.05288958490747616,0.4892962822474824,0.0017589888834801393,3,3,price=observed;tvl=observed;lp_amount=quantified,False
2022-11-08T09:00:00+00:00,0.012204202114339202,0.012392376903416285,0.01207255339826751,0.012221413837744189,0.012235288707886085,WETH,pool_swap_ratio,40,313,25941.388830465356,,15924548,5055.079467391271,,40,10,290.5011708454062,0.0,290.5011708454062,290.5011708454062,0.0,1,0,,,,2994.44541776958,2351.1352204670966,643.3101973024836,41,-0.005786553100494798,0.02511126806915241,0.011483131784743233,0.011483131784743233,0.025429211705397185,0.0,0.19982068759817367,-0.0011340043110673603,3,3,price=observed;tvl=observed;lp_amount=quantified,False
2022-11-08T10:00:00+00:00,0.012255289992910787,0.012255289992910787,0.01178310954922409,0.011797736258096964,0.011982914247606198,WETH,pool_swap_ratio,38,133,27780.59119763242,,15924861,4565.283784202755,,38,7,1680.7757805667043,1665.4461942879004,15.329586278803845,3346.221974854605,0.9954188376043194,1,3,,,1.0,5030.256590112426,3191.054222945363,1839.2023671670631,42,-0.03528197518728093,0.06849790094646775,0.0005909315950270521,0.12899162788558294,0.07089837707559893,0.06420034814527795,0.175984555570183,-0.01545350201819462,3,3,price=observed;tvl=observed;lp_amount=quantified,False
2022-11-08T11:00:00+00:00,0.011681139450960509,0.01196855949915605,0.01025460025568722,0.011422865836811139,0.011371667975142384,WETH,pool_swap_ratio,82,13,29718.664440630717,,15925170,17945.834613560437,,82,15,20.882759027832407,64.69681213882197,-43.81405311098956,85.57957116665438,0.4880314014933803,1,3,,,1.0,10004.94782210132,8066.87457910302,1938.0732429983,86,-0.03229054885520885,0.06743766226020025,-0.001577146173718707,0.0030805525540416804,0.06976357087618318,0.002328849363880194,0.6459846187538967,0.0045022297327594885,3,3,price=observed;tvl=observed;lp_amount=quantified,False
2022-11-08T12:00:00+00:00,0.011471207262950787,0.011979264271128913,0.01137739044324895,0.011979264271128913,0.011623834369801573,WETH,pool_swap_ratio,42,25,27010.17654239597,,15925469,6785.309687175207,,42,8,0.0,0.0,0.0,0.0,,0,0,,,,2038.4108944702284,4746.898792704977,-2708.487898234748,42,0.0475600560289056,-0.09556157680259433,0.0,0.0,-0.09113760490972003,0.0,0.2283181231353882,0.030577681169540627,3,3,price=observed;tvl=observed;lp_amount=none,False
2022-11-08T13:00:00+00:00,0.011938844080304921,0.017106463610232884,0.01068233853563104,0.011137813586708201,0.012181785103503717,WETH,pool_swap_ratio,55,1,30581.362388926736,,15925771,7700.0664179368705,,55,10,0.0,610.0011035259989,-610.0011035259989,610.0011035259989,0.0,0,1,,,1.0,5644.849504270673,2073.6636577399076,3571.185846530765,54,-0.07283122937307425,0.12417704717156969,-0.02258412130585386,0.02258412130585386,0.13221630895027014,0.02258412130585386,0.285080195823623,-0.08569938707055746,3,3,price=observed;tvl=observed;lp_amount=quantified,False
2022-11-08T14:00:00+00:00,0.011197268020789755,0.011479914139023738,0.007807760533151598,0.010377572398257496,0.010769426843332904,WETH,pool_swap_ratio,132,1,32999.79142885216,,15926071,30434.49289055986,,132,20,0.0,0.0,0.0,0.0,,0,0,,,,16426.460997637063,14008.031957711639,2418.429039925424,130,-0.07069897094900666,0.0761104899675119,0.0,0.0,0.07908179528329705,0.0,0.9951974180712088,-0.03638582171325078,3,3,price=observed;tvl=observed;lp_amount=none,False
2022-11-08T15:00:00+00:00,0.010474128057757617,0.010962524905258572,0.009392561601218173,0.009951577642245201,0.010374281931015398,WETH,pool_swap_ratio,138,13,33458.15035643542,,15926369,25707.315579146394,,138,20,1227.9203050318745,2297.713075065538,-1069.7927700336634,3525.6333800974126,0.6965672108527332,4,2,,,1.0,14851.940692217457,14393.581764634198,458.35892758325826,138,-0.04191588177371116,0.013794173676227275,-0.032418167622063496,0.10683805040703695,0.013889752260146377,0.06962810901455022,0.7790144866391533,-0.04074540209924904,3,3,price=observed;tvl=observed;lp_amount=quantified,False
