bucket_start,price_open,price_high,price_low,price_close,price_vwap,price_unit,price_source,price_trade_count,price_staleness_seconds,tvl_token_close,tvl_usd_close,tvl_snapshot_block,volume_token,volume_usd,swap_count,active_trader_count,liquidity_added_token,liquidity_removed_token,net_lp_flow_token,gross_lp_activity_token,recycling_share,lp_add_event_count,lp_remove_event_count,active_lp_count,lp_identity_coverage,withdrawal_amount_coverage,actual_transfer_in_token,actual_transfer_out_token,actual_transfer_net_token,pool_transfer_event_count,price_return,tvl_change,net_lp_flow_ratio,gross_lp_activity_ratio,actual_transfer_net_ratio,withdrawal_ratio,volume_turnover,close_vwap_gap,measured_pool_count,verified_pool_count,data_coverage,is_imputed
2024-05-20T19:00:00+00:00,1.4099416510699115e-05,1.4168728790025296e-05,8.430568204714244e-06,1.2424734999597294e-05,1.152819180206514e-05,WETH,pool_swap_ratio,106,169,52184132.5533318,,19913357,178451967.5044958,,106,30,6836168.52720943,0.0,6836168.52720943,6836168.52720943,0.0,2,0,,,,97340309.25405046,87948005.39168073,9392303.862369731,104,,,,,,,,0.07776962883039018,2,2,price=observed;tvl=observed;lp_amount=quantified,False
2024-05-20T20:00:00+00:00,9.745783245812305e-06,1.3602993094733502e-05,6.076233095822422e-06,1.1449178406368905e-05,9.994524095913306e-06,WETH,pool_swap_ratio,443,1,57345915.88159333,,19913671,780483038.3083153,,443,52,0.0,0.0,0.0,0.0,,1,0,,,,392822748.43350965,387660965.1052486,5161783.328261077,421,-0.08177127123156615,0.09432315251289103,0.0,0.0,0.09891480562574788,0.0,14.956328679233431,0.14554513016286563,2,2,price=observed;tvl=observed;lp_amount=quantified,False
2024-05-20T21:00:00+00:00,1.165002974159724e-05,0.0005354846777649411,7.515519285910695e-06,1.2120407434755822e-05,1.4526367105935148e-05,WETH,pool_swap_ratio,443,1,56369474.03773537,,19913969,313649651.39356256,,443,56,992029.77810077,946072.36335053,45957.41475023993,1938102.1414513001,0.9762874134611781,8,3,,,1.0,157324385.64122847,158300827.48508653,-976441.8438580632,427,0.056972624281703646,-0.01717385560306183,0.0008014069361998133,0.03379668999363535,-0.017027225546004013,0.01649764152871777,5.4694331160597365,-0.16562707341991267,2,2,price=observed;tvl=observed;lp_amount=quantified,False
2024-05-20T22:00:00+00:00,1.2014772186652306e-05,0.00025006311233486154,1.0945826959996184e-05,1.1558704851679688e-05,2.548103468907848e-05,WETH,pool_swap_ratio,110,1,57107287.35444961,,19914266,25475976.603263985,,110,19,2769902.6299612997,2079464.14526919,690438.4846921097,4849366.77523049,0.8576229605443088,4,7,,,1.0,15564205.021731913,14826391.70501767,737813.316714244,116,-0.04745177688948513,0.013003961425009388,0.012248446459335599,0.08602824237785475,0.013088880627488739,0.03688989795925958,0.4519463244629464,-0.5463800825704339,2,2,price=observed;tvl=observed;lp_amount=quantified,False
2024-05-20T23:00:00+00:00,1.1529253219886563e-05,1.1853238976328042e-05,1.1055156071560727e-05,1.1716709460265395e-05,1.1653376511825237e-05,WETH,pool_swap_ratio,56,397,56838169.865487896,,19914531,3831025.5456662904,,56,12,223442.78333910002,146031.65469812,77411.12864098002,369474.43803722004,0.7904831277307963,2,2,,,1.0,1965882.9069223902,2235000.3958841097,-269117.48896171944,57,0.013577162035947254,-0.004723628232691611,0.0013555385350473735,0.0064698299490919845,-0.004712489446248417,0.002557145707022305,0.0670847053527187,0.005434729443083874,2,2,price=observed;tvl=observed;lp_amount=quantified,False
2024-05-21T00:00:00+00:00,1.1507686281874196e-05,1.2158074199610563e-05,1.1441781882235629e-05,1.1572672311907137e-05,1.166742328933026e-05,WETH,pool_swap_ratio,81,73,57146678.89383513,,19914854,15784287.038785605,,81,19,3853506.1653679004,3631852.9626286803,221653.2027392201,7485359.127996581,0.970388434415899,4,3,,,1.0,11799314.795077192,11490805.766729947,308509.0283472445,88,-0.012369498365406446,0.005413171751219599,0.003899724485566306,0.1316959913683232,0.005427849437752059,0.06389813344137844,0.27770575787609614,-0.008120985677255055,2,2,price=observed;tvl=observed;lp_amount=quantified,False
2024-05-21T01:00:00+00:00,1.153018204604098e-05,1.1667526886852087e-05,1.1253556047001955e-05,1.1629122262706617e-05,1.1406348334187108e-05,WETH,pool_swap_ratio,31,13,57172391.76188337,,19915157,2893542.68625409,,31,9,53180.19766862,0.0,53180.19766862,53180.19766862,0.0,1,0,,,,1486218.2361474296,1460505.3680991903,25712.868048239266,32,0.004866008273906054,0.0004498439032850873,0.0009305912206624658,0.0009305912206624658,0.00044994509822710136,0.0,0.05063361060105699,0.019530696590407626,2,2,price=observed;tvl=observed;lp_amount=quantified,False
2024-05-21T02:00:00+00:00,1.1559795717505696e-05,1.1559795717505696e-05,1.1238980045719864e-05,1.1345206515076392e-05,1.1381463489311809e-05,WETH,pool_swap_ratio,41,1,57397148.60720881,,19915456,4155740.1562605095,,41,9,2909886.63857507,3404176.7797424598,-494290.1411673897,6314063.41831753,0.9217159999164055,2,2,,,1.0,5349176.231818161,5124419.38649272,224756.8453254411,45,-0.02471717061406196,0.003923505897378552,-0.008645608937020738,0.1104390287643536,0.003931212922865432,0.05954231885068716,0.07268788357794621,-0.003185616179278261,2,2,price=observed;tvl=observed;lp_amount=quantified,False
2024-05-21T03:00:00+00:00,1.1287568474461827e-05,1.1375723004478392e-05,1.0653329739464928e-05,1.1144773235223279e-05,1.1171418626197426e-05,WETH,pool_swap_ratio,67,61,57947708.93512155,,19915749,17954533.65864497,,67,10,0.0,0.0,0.0,0.0,,0,0,,,,9252546.993392581,8701986.665479837,550560.3279127441,66,-0.01782470138748256,0.009546407544523915,0.0,0.0,0.009592119839967038,0.0,0.3128122928460242,-0.002385139422818039,2,2,price=observed;tvl=observed;lp_amount=none,False
2024-05-21T04:00:00+00:00,1.1076383187713317e-05,1.1353844540113688e-05,1.1042346016495708e-05,1.1295233451656963e-05,1.117062801142325e-05,WETH,pool_swap_ratio,50,277,57648743.270823926,,19916030,7350617.613337529,,50,14,223712.43137906,429086.96610497,-205374.53472591002,652799.39748403,0.6853941110891815,2,2,,,1.0,3852534.66203036,4151500.3263279907,-298965.66429763054,54,0.01341019843185056,-0.00517258661796658,-0.0035441355404723257,0.011265318499734068,-0.005159231827997782,0.007404727020103198,0.1268491498355406,0.011154739026873806,2,2,price=observed;tvl=observed;lp_amount=quantified,False
2024-05-21T05:00:00+00:00,1.1232996564323436e-05,1.1805583326701181e-05,1.1146153751720041e-05,1.1662723041085449e-05,1.1336831232549934e-05,WETH,pool_swap_ratio,49,145,56971036.499063335,,19916341,5894829.520417271,,49,12,90380.32050079,389315.28467754,-298934.96417675004,479695.60517833,0.376823633675737,2,2,,,1.0,2848858.92861887,3526565.7003794597,-677706.7717605894,53,0.03201687233770564,-0.011825440089032588,-0.005185455002417048,0.008321007154046744,-0.011755794373119967,0.006753231078231896,0.10225425891288507,0.028746287375243318,2,2,price=observed;tvl=observed;lp_amount=quantified,False
2024-05-21T06:00:00+00:00,1.1522952867302647e-05,1.1546556808912426e-05,1.137327145668404e-05,1.1450679472193505e-05,1.1467546138853693e-05,WETH,pool_swap_ratio,25,97,57074025.66322226,,19916645,843101.82896573,,25,6,0.0,0.0,0.0,0.0,,0,0,,,,473045.49656233005,370056.33240340004,102989.16415893001,25,-0.018348619838940202,0.0018061140079641432,0.0,0.0,0.0018077460142510004,0.0,0.014798779884926115,-0.0014708174230092519,2,2,price=observed;tvl=observed;lp_amount=none,False
2024-05-21T07:00:00+00:00,1.1507652096742703e-05,1.1533340148671915e-05,1.126912619586148e-05,1.13700908706162e-05,1.1354149261319425e-05,WETH,pool_swap_ratio,32,289,57455971.84769717,,19916926,2969500.7980668102,,32,8,0.0,0.0,0.0,0.0,,0,0,,,,1675723.49127086,1293777.30679595,381946.1844749099,32,-0.007062770920064602,0.0066698263988733,0.0,0.0,0.006692119226505358,0.0,0.05202893546687941,0.0014040337967975436,2,2,price=observed;tvl=observed;lp_amount=none,False
2024-05-21T08:00:00+00:00,1.1309761160935521e-05,1.1346150665905556e-05,1.1188137918871014e-05,1.1225089361397722e-05,1.1287247187587906e-05,WETH,pool_swap_ratio,27,121,57743673.49027832,,19917237,1693077.85531284,,27,9,5556634.36879495,5697873.760335269,-141239.39154031966,11254508.129130218,0.9874504163203057,2,2,,,1.0,6617857.36176777,6330155.71918662,287701.64258114994,31,-0.012834905346205273,0.004994845945579161,-0.0024582195200650936,0.19588056327657954,0.00500734098352356,0.09916939139832233,0.02946739565733581,-0.005506907499867264,2,2,price=observed;tvl=observed;lp_amount=quantified,False
2024-05-21T09:00:00+00:00,1.1204644142462886e-05,0.00023482142521634984,1.0829163091869368e-05,1.1220761788456812e-05,6.40846395012535e-05,WETH,pool_swap_ratio,31,49,58086012.62468364,,19917541,6299673.770005929,,31,13,180831.66394643,0.0,180831.66394643,180831.66394643,0.0,2,0,,,,3411422.2841788405,3069083.1497735195,342339.134405321,31,-0.00038560114879493716,0.005911094861677427,0.003131627293799981,0.003131627293799981,0.005928599857142045,0.0,0.1090972116809738,-0.8249071559770991,2,2,price=observed;tvl=observed;lp_amount=quantified,False
2024-05-21T10:00:00+00:00,1.1171369695579522e-05,1.1217071364137743e-05,1.1054947173617942e-05,1.1157279748081208e-05,1.1132129021527116e-05,WETH,pool_swap_ratio,14,205,58161284.42543273,,19917826,232145.57375032,,14,7,134562.14070549,195679.62901553,-61117.488310040004,330241.76972102,0.81493107803513,1,2,,,1.0,357764.22437098995,282492.42362190003,75271.80074908992,17,-0.005673616304806795,0.0012950290145069142,-0.0010521894264793816,0.005685392313892172,0.001295867926680565,0.0033687908701857763,0.003996583054345682,0.0022592916867434365,2,2,price=observed;tvl=observed;lp_amount=quantified,False
2024-05-21T11:00:00+00:00,1.1091055320248031e-05,1.1180189490560356e-05,1.0750252195403792e-05,1.0843476009173465e-05,1.0967519688470292e-05,WETH,pool_swap_ratio,18,13,58578201.43796333,,19918140,665394.00667583,,18,5,0.0,192231.64309211,-192231.64309211,192231.64309211,0.0,0,2,,,1.0,645008.76602261,228091.75349200997,416917.01253060007,20,-0.028528567406975725,0.007142720939437876,-0.003305147831433569,0.003305147831433569,0.007168291014362311,0.003305147831433569,0.011440497115033914,-0.01131009406139738,2,2,price=observed;tvl=observed;lp_amount=quantified,False
2024-05-21T12:00:00+00:00,1.0807729830398996e-05,1.1041346564802533e-05,1.0680049150944666e-05,1.0680049150944666e-05,1.078407073837281e-05,WETH,pool_swap_ratio,25,145,58869082.09652865,,19918428,1264555.4319760401,,25,10,0.0,0.0,0.0,0.0,,0,0,,,,777718.0452706801,486837.38670535997,290880.65856532013,25,-0.015186173992517125,0.0049533926127123444,0.0,0.0,0.004965680943164062,0.0,0.021587474537183515,-0.009645855442880658,2,2,price=observed;tvl=observed;lp_amount=none,False
2024-05-21T13:00:00+00:00,1.0658785373504026e-05,1.0950841078306884e-05,1.061792748456984e-05,1.0950841078306884e-05,1.0786291297586683e-05,WETH,pool_swap_ratio,23,73,58429053.283079274,,19918732,1590112.0077722,,23,9,0.0,0.0,0.0,0.0,,0,0,,,,575041.5971614099,1015070.41061079,-440028.8134493801,23,0.025038828447156797,-0.007502777025162238,0.0,0.0,-0.00747470145241703,0.0,0.02701098694158108,0.015255454927034728,2,2,price=observed;tvl=observed;lp_amount=none,False
2024-05-21T14:00:00+00:00,1.1011351655513775e-05,1.133775276053406e-05,1.0736050007066137e-05,1.1337337858875607e-05,1.1105903006491626e-05,WETH,pool_swap_ratio,32,25,57487096.00834413,,19919031,3403656.22005498,,32,11,0.0,0.0,0.0,0.0,,0,0,,,,1230849.47265992,2172806.74739506,-941957.2747351399,32,0.03468524991003338,-0.016252748480352828,0.0,0.0,-0.01612138519807107,0.0,0.0582528045348402,0.0208389045220998,2,2,price=observed;tvl=observed;lp_amount=none,False
2024-05-21T15:00:00+00:00,1.1378175131210112e-05,1.1653082665322384e-05,1.0962473896307854e-05,1.122786031922888e-05,1.1462585575834334e-05,WETH,pool_swap_ratio,34,85,57721100.5391326,,19919326,3295304.215221731,,34,12,0.0,0.0,0.0,0.0,,0,0,,,,1764654.3730050998,1530649.8422166302,234004.5307884696,32,-0.009703296001202861,0.004062295211641652,0.0,0.0,0.004070557517020939,0.0,0.057322502683792284,-0.020477514000009522,2,2,price=observed;tvl=observed;lp_amount=none,False
2024-05-21T16:00:00+00:00,1.0861973551590982e-05,1.1362703167902881e-05,1.0861973551590982e-05,1.1282195845262526e-05,1.10310861929546e-05,WETH,pool_swap_ratio,28,61,57617507.04954011,,19919626,9851960.63911761,,28,14,0.0,0.0,0.0,0.0,,0,0,,,,4874183.5747625595,4977777.06435505,-103593.48959249072,28,0.004827676232104569,-0.0017963372302612925,0.0,0.0,-0.0017947247821835702,0.0,0.17068213438581917,0.02276381925728277,2,2,price=observed;tvl=observed;lp_amount=none,False
2024-05-21T17:00:00+00:00,1.1356975046377637e-05,1.1672866924753406e-05,1.11084805450865e-05,1.1521366440593412e-05,1.1511262200619974e-05,WETH,pool_swap_ratio,17,181,57016591.80901305,,19919913,1797152.0630517702,,17,9,60000.0,0.0,60000.0,60000.0,0.0,1,0,,,,628118.4112623499,1229033.65178942,-600915.2405270701,18,0.020977368610502645,-0.010484153506813124,0.0010413501567919522,0.0010413501567919522,-0.010429386332358969,0.0,0.03119107637729902,0.0008777699436723907,2,2,price=observed;tvl=observed;lp_amount=quantified,False
2024-05-21T18:00:00+00:00,1.1490831629557824e-05,1.170775882981124e-05,1.1490831629557824e-05,1.1604286078454785e-05,1.1634579203559339e-05,WETH,pool_swap_ratio,23,265,56729464.97036748,,19920205,2391414.893687871,,23,7,0.0,0.0,0.0,0.0,,0,1,,,1.0,1070916.12313602,1358042.9617815798,-287126.83864555974,24,0.007171256521409341,-0.005048569711053246,0.0,0.0,-0.005035847102319634,0.0,0.04194243846946042,-0.0026037147175280717,2,2,price=observed;tvl=observed;lp_amount=quantified,False
2024-05-21T19:00:00+00:00,1.159163188659164e-05,1.1665399580376188e-05,1.1389090865005528e-05,1.1611144599776249e-05,1.1587235009540709e-05,WETH,pool_swap_ratio,12,25,56858742.247723766,,19920525,750730.71721805,,12,7,0.0,0.0,0.0,0.0,,0,0,,,,440003.99728717003,310726.71993088,129277.27735629003,12,0.0005908588659032115,0.0022762456832636385,0.0,0.0,0.0022788382972379127,0.0,0.013233523665527125,0.002063442246217795,2,2,price=observed;tvl=observed;lp_amount=none,False
2024-05-21T20:00:00+00:00,1.1554126248473654e-05,1.1625729299686275e-05,1.1306444364792761e-05,1.1548771479579956e-05,1.1554561603389017e-05,WETH,pool_swap_ratio,26,73,57114056.84465955,,19920819,888670.4095457301,,26,7,243601.91899869,0.0,243601.91899869,243601.91899869,0.0,1,0,,,,693793.4627401001,438478.8658043199,255314.5969357802,27,-0.005386312349473968,0.004480279962313519,0.004284335343496666,0.004284335343496666,0.004490331422095452,0.0,0.015629441918956734,-0.0005011115097056651,2,2,price=observed;tvl=observed;lp_amount=quantified,False
2024-05-21T21:00:00+00:00,1.1545519212887173e-05,1.172507570133083e-05,1.0454699249889684e-05,1.16184835128202e-05,1.1603709853896206e-05,WETH,pool_swap_ratio,36,145,57275979.54014899,,19921113,8883252.908945678,,36,13,805904.9299202102,0.0,805904.9299202102,805904.9299202102,0.0,3,4,,,1.0,4946608.87315322,4784686.177663781,161922.69548943918,41,0.006018170358784027,0.0028310648157258587,0.014110448013037026,0.014110448013037026,0.0028350760641962657,0.0,0.15553531651772878,0.0012731841031885516,2,2,price=observed;tvl=observed;lp_amount=quantified,False
2024-05-21T22:00:00+00:00,1.1478716190940586e-05,1.1694924152235522e-05,1.1314800630982992e-05,1.1343168860153807e-05,1.1590291458052555e-05,WETH,pool_swap_ratio,23,97,57857935.512980886,,19921415,5838497.190558559,,23,7,0.0,0.0,0.0,0.0,,1,0,,,,3210226.5816952307,2628270.60886333,581955.9728319007,23,-0.023981536071121006,0.010109287585125174,0.0,0.0,0.01016055905991035,0.0,0.10193622592636627,-0.02132151713294972,2,2,price=observed;tvl=observed;lp_amount=quantified,False
2024-05-21T23:00:00+00:00,1.1322269155739057e-05,1.160243254066965e-05,1.1159120156526311e-05,1.1379899221664594e-05,1.1427316910860819e-05,WETH,pool_swap_ratio,54,73,57590776.12058557,,19921713,8807828.19678021,,54,16,10508581.253613869,8794474.229696019,1714107.02391785,19303055.483309887,0.9112002229180801,8,8,,,1.0,13922058.624868197,14189218.01726352,-267159.39239532314,70,0.0032328727237921325,-0.00462820009854911,0.02962613526943554,0.3336284869510958,-0.004617506484229528,0.15200117584083014,0.15223198198636217,-0.004149503296890122,2,2,price=observed;tvl=observed;lp_amount=quantified,False
2024-05-22T00:00:00+00:00,1.136694504527426e-05,1.1743546285927086e-05,1.1235976599470097e-05,1.1594101193500439e-05,1.1520969355844473e-05,WETH,pool_swap_ratio,51,289,56194554.60718453,,19921991,11369231.435181195,,51,14,12237791.874971949,12252988.63080291,-15196.75583096221,24490780.50577486,0.9993794907505141,7,9,,,1.0,17272011.537203006,18668233.050604057,-1396221.5134010501,66,0.018647878053881867,-0.02454255898858134,-0.00026387482257823224,0.42525526057324203,-0.024243839160590457,0.21275956769791013,0.1974141034560101,0.006347715664990261,2,2,price=observed;tvl=observed;lp_amount=quantified,False
2024-05-22T01:00:00+00:00,1.1525453164922366e-05,1.1901858659111279e-05,1.1525453164922366e-05,1.1716566926363882e-05,1.1730147769917553e-05,WETH,pool_swap_ratio,38,85,55833474.45159503,,19922305,3283787.3744749594,,38,13,583442.66272121,0.0,583442.66272121,583442.66272121,0.0,2,2,,,1.0,1762877.1997552195,2123957.35534472,-361080.1555895007,41,0.010507365894854487,-0.006446269009537568,0.010382548038678045,0.010382548038678045,-0.0064255363907330665,0.0,0.058436042378652894,-0.001157772589063133,2,2,price=observed;tvl=observed;lp_amount=quantified,False
2024-05-22T02:00:00+00:00,1.1729312986597855e-05,1.1910184715347799e-05,1.1547638412033067e-05,1.161498536416353e-05,1.1795762100687781e-05,WETH,pool_swap_ratio,46,289,54253432.44638256,,19922586,6198424.012235861,,46,12,1805649.42934227,2690734.9792403397,-885085.5498980698,4496384.408582609,0.8031561651604708,5,7,,,1.0,4587581.960576021,6167623.965788492,-1580042.005212471,57,-0.008707710725507783,-0.028707328764960655,-0.015852238439243056,0.08053205452010265,-0.02829918826889937,0.048192146479672855,0.11101626888023242,-0.015325566502711219,2,2,price=observed;tvl=observed;lp_amount=quantified,False
2024-05-22T03:00:00+00:00,1.1578400384629581e-05,1.1831535499708216e-05,1.1265432901430775e-05,1.1567294047035884e-05,1.1578356544039144e-05,WETH,pool_swap_ratio,15,217,54392323.63558549,,19922889,543287.45415601,,15,7,0.0,0.0,0.0,0.0,,0,0,,,,341089.32167947,202198.13247654,138891.18920293002,15,-0.004114468949462836,0.0025567729449113494,0.0,0.0,0.0025600442762804556,0.0,0.010013881696663684,-0.000955446220815781,2,2,price=observed;tvl=observed;lp_amount=none,False
2024-05-22T04:00:00+00:00,1.1542083881025414e-05,1.18593291508886e-05,1.1542083881025414e-05,1.18593291508886e-05,1.1694679473787028e-05,WETH,pool_swap_ratio,29,253,52857037.0432602,,19923183,1988590.1840217498,,29,9,0.0,758568.56733872,-758568.56733872,758568.56733872,0.0,0,1,,,1.0,664692.89487891,2199979.4872042,-1535286.5923252902,30,0.024933190772265655,-0.028632179568335796,-0.01394624308424353,0.01394624308424353,-0.02822616298967688,0.01394624308424353,0.03656012560420824,0.014079024352110281,2,2,price=observed;tvl=observed;lp_amount=quantified,False
2024-05-22T05:00:00+00:00,1.1875058965547711e-05,1.2128269619508067e-05,1.1823181210673672e-05,1.2128269619508067e-05,1.1954894477354677e-05,WETH,pool_swap_ratio,22,157,52146206.39451913,,19923486,1487265.24436387,,22,9,0.0,0.0,0.0,0.0,,0,0,,,,388217.2978114,1099047.94655247,-710830.6487410701,22,0.02242423184911777,-0.013539420008654863,0.0,0.0,-0.013448174330303443,0.0,0.028137506897078543,0.014502440191488386,2,2,price=observed;tvl=observed;lp_amount=none,False
2024-05-22T06:00:00+00:00,1.2167335523787458e-05,1.2351757148554137e-05,1.2046180694967259e-05,1.2180735275418291e-05,1.2160360017550364e-05,WETH,pool_swap_ratio,29,241,43779468.46514822,,19923775,3266205.561707271,,29,8,99222.21071259,9645891.60701596,-9546669.39630337,9745113.81772855,0.02036347908673627,2,3,,,1.0,2324474.88508235,10691212.814453255,-8366737.929370905,33,0.004316568086762483,-0.1748864837097722,-0.18307505102244181,0.18688059000880297,-0.16044768177518468,0.1849778205156224,0.06263553549794887,0.0016755472567029361,2,2,price=observed;tvl=observed;lp_amount=quantified,False
2024-05-22T07:00:00+00:00,1.2199861683847976e-05,1.3179151645959357e-05,1.1962609008639491e-05,1.2086283708321363e-05,1.2140937749992594e-05,WETH,pool_swap_ratio,27,433,44005991.03947699,,19924054,1480991.2241589697,,27,11,0.0,0.0,0.0,0.0,,0,0,,,,853756.8992438702,627234.3249151001,226522.57432877005,27,-0.007784396106925297,0.005160833659185149,0.0,0.0,0.005174173699918244,0.0,0.03382844232880423,-0.004501632641289555,2,2,price=observed;tvl=observed;lp_amount=none,False
2024-05-22T08:00:00+00:00,1.213196387626225e-05,1.2558586665886524e-05,1.1970724788901353e-05,1.2469967388124676e-05,1.2290832585652824e-05,WETH,pool_swap_ratio,37,193,43045957.59031817,,19924373,4978611.891585348,,37,11,0.0,0.0,0.0,0.0,,0,0,,,,2009289.2212132702,2969322.6703720796,-960033.4491588094,37,0.03125191266924529,-0.022057458513659232,0.0,0.0,-0.021815971563907754,0.0,0.11313486582131792,0.014574667844793332,2,2,price=observed;tvl=observed;lp_amount=none,False
2024-05-22T09:00:00+00:00,1.2406447314198455e-05,1.2833522501500873e-05,1.235219354207772e-05,1.2753296450409684e-05,1.26110400170845e-05,WETH,pool_swap_ratio,26,229,43696860.85987066,,19924667,1780698.3784780903,,26,11,6579485.02560477,4824504.56090747,1754980.4646972995,11403989.58651224,0.8461082017495917,3,3,,,1.0,6920416.665330829,6269513.395778349,650903.2695524804,32,0.022466638855618427,0.015007939527346232,0.04076992505080261,0.2649259123248592,0.015121124165649424,0.11207799363702829,0.041367377523008154,0.011280309406081157,2,2,price=observed;tvl=observed;lp_amount=quantified,False
2024-05-22T10:00:00+00:00,1.2830137576579065e-05,1.3338064198340886e-05,1.2681437738942939e-05,1.3099016974862165e-05,1.3095714956532763e-05,WETH,pool_swap_ratio,40,13,42941135.23253971,,19924981,1951792.4646115296,,40,11,0.0,0.0,0.0,0.0,,0,0,,,,598033.41864029,1353759.0459712401,-755725.6273309501,39,0.026747403987025926,-0.017446035903488404,0.0,0.0,-0.017294734964016064,0.0,0.04466665170458441,0.0002521449451491353,2,2,price=observed;tvl=observed;lp_amount=none,False
2024-05-22T11:00:00+00:00,1.3176474036031605e-05,1.3271196762824396e-05,1.2717791157612683e-05,1.2826526092968042e-05,1.300854857174875e-05,WETH,pool_swap_ratio,34,97,43663520.098240875,,19925272,2269714.3312472305,,34,11,0.0,0.0,0.0,0.0,,0,0,,,,1496049.5984742001,773664.7327730301,722384.86570117,34,-0.021021809723198226,0.016682743370125822,0.0,0.0,0.01682267741151298,0.0,0.05285641189866117,-0.01399252789631078,2,2,price=observed;tvl=observed;lp_amount=none,False
2024-05-22T12:00:00+00:00,1.2891537898893979e-05,1.2946773936469508e-05,1.239310796459287e-05,1.2585012009209872e-05,1.2675538315355577e-05,WETH,pool_swap_ratio,22,49,44612880.50965046,,19925572,1805691.4433213,,22,8,508532.94975105,362695.29406845,145837.6556826,871228.2438195,0.8326068321164133,1,1,,,1.0,1813140.0492751899,863779.63786561,949360.4114095799,24,-0.01900879474667401,0.021509644878173237,0.0033400343205145185,0.019953229649356655,0.02174264487319308,0.008306597664421067,0.041354692412764224,-0.007141811565985923,2,2,price=observed;tvl=observed;lp_amount=quantified,False
2024-05-22T13:00:00+00:00,1.2354471335773214e-05,1.2592228438680563e-05,1.2354471335773214e-05,1.2592228438680563e-05,1.247715014297335e-05,WETH,pool_swap_ratio,10,13,44265362.87909559,,19925873,561931.7583514701,,10,5,0.0,0.0,0.0,0.0,,0,0,,,,107207.0638983,454724.69445316994,-347517.63055486995,10,0.0005732502482347589,-0.007820123087946856,0.0,0.0,-0.00778962547553271,0.0,0.012595729124236116,0.009223123420697199,2,2,price=observed;tvl=observed;lp_amount=none,False
2024-05-22T14:00:00+00:00,1.259416468648694e-05,1.259416468648694e-05,1.2424451626358303e-05,1.2424451626358303e-05,1.2475892113683677e-05,WETH,pool_swap_ratio,8,157,44511797.87626061,,19926160,277121.10052077996,,8,6,0.0,0.0,0.0,0.0,,0,0,,,,261778.0488429,15343.051677880001,246434.99716502,8,-0.013413396773767764,0.0055517799407313224,0.0,0.0,0.0055672196303489345,0.0,0.006260450214261114,-0.004123191099813406,2,2,price=observed;tvl=observed;lp_amount=none,False
2024-05-22T15:00:00+00:00,1.2512662813720794e-05,1.2697289937338057e-05,1.2443709341252323e-05,1.2443709341252323e-05,1.2573368745735201e-05,WETH,pool_swap_ratio,9,277,39081608.96491432,,19926448,1032456.98784788,,9,5,0.0,4873078.16672103,-4873078.16672103,4873078.16672103,0.0,0,1,,,1.0,488680.83610707003,5918869.74745336,-5430188.91134629,10,0.001548785112708113,-0.13010227746447664,-0.1094783495438179,0.1094783495438179,-0.12199437386110082,0.1094783495438179,0.023195131113733742,-0.010312224758926125,2,2,price=observed;tvl=observed;lp_amount=quantified,False
2024-05-22T16:00:00+00:00,1.2524574884985789e-05,1.2580775518365719e-05,1.238388406274613e-05,1.2478179008459209e-05,1.2477249008559251e-05,WETH,pool_swap_ratio,12,505,39073068.558726005,,19926728,865978.87387691,,12,7,0.0,0.0,0.0,0.0,,0,0,,,,428719.2338443,437259.64003261004,-8540.406188310066,12,0.0027662180893554475,-0.00021855137767612216,0.0,0.0,-0.00021852749706331823,0.0,0.022158219602840458,7.453565279647023e-05,2,2,price=observed;tvl=observed;lp_amount=none,False
2024-05-22T17:00:00+00:00,1.2388329073018605e-05,1.2532221637651535e-05,1.2300216198199476e-05,1.2455571083869544e-05,1.2502408450314317e-05,WETH,pool_swap_ratio,8,229,39019917.57093889,,19927051,194023.54047709,,8,5,0.0,13992.013808,-13992.013808,13992.013808,0.0,0,1,,,1.0,77579.79497068,130730.78275780001,-53150.987787120015,9,-0.0018134400723183554,-0.0013612232961854537,-0.00035809866806264004,0.00035809866806264004,-0.001360297251986626,0.00035809866806264004,0.0049656591517883136,-0.0037462674996509016,2,2,price=observed;tvl=observed;lp_amount=quantified,False
2024-05-22T18:00:00+00:00,1.2416840974432978e-05,1.2416840974432978e-05,1.2174250300825045e-05,1.230142641831871e-05,1.2368250240895765e-05,WETH,pool_swap_ratio,7,541,39359536.26207201,,19927323,339618.69113312,,7,4,0.0,0.0,0.0,0.0,,0,0,,,,339618.69113312,0.0,339618.69113312,7,-0.012452774815448537,0.008666067444703617,0.0,0.0,0.008703726513919135,0.0,0.008703726513919135,-0.005402851759588545,2,2,price=observed;tvl=observed;lp_amount=none,False
2024-05-22T19:00:00+00:00,1.2383532265925382e-05,1.2465185248871088e-05,1.2344640715479443e-05,1.2465185248871088e-05,1.2420222870380647e-05,WETH,pool_swap_ratio,7,97,39192892.68625088,,19927664,320540.84572605,,7,6,95231.80648948,0.0,95231.80648948,95231.80648948,0.0,1,1,,,1.0,129166.2895421,295809.86536323,-166643.57582113,9,0.01322435376354691,-0.004242868821355823,0.0024195357855689,0.0024195357855689,-0.004233880569922075,0.0,0.008143918251265893,0.003620094338054658,2,2,price=observed;tvl=observed;lp_amount=quantified,False
2024-05-22T20:00:00+00:00,1.2409941665469865e-05,1.2409941665469865e-05,1.1351538821096206e-05,1.1428187121446904e-05,1.2191776422637387e-05,WETH,pool_swap_ratio,19,613,39640993.38774768,,19927912,901037.9370619301,,19,10,0.0,44220.96725816,-44220.96725816,44220.96725816,0.0,0,1,,,1.0,697215.1470456399,249114.44554883998,448100.70149679994,20,-0.08685672020726191,0.011368348049862783,-0.0011282904686867627,0.0011282904686867627,0.01143321328905117,0.0011282904686867627,0.022989829923373326,-0.06263150460770173,2,2,price=observed;tvl=observed;lp_amount=quantified,False
2024-05-22T21:00:00+00:00,1.2238439168190184e-05,1.2382650232982354e-05,1.2181603269235536e-05,1.2255443206310105e-05,1.2298164879442163e-05,WETH,pool_swap_ratio,14,673,48152061.071295775,,19928207,514330.5693806,,14,8,8646622.1361748,0.0,8646622.1361748,8646622.1361748,0.0,1,0,,,,8836010.19455175,324942.51100364997,8511067.683548098,15,0.06988732349193086,0.19450017316343737,0.21812324559069488,0.21812324559069488,0.21470369322729224,0.0,0.012974714441428966,-0.003473825042260792,2,2,price=observed;tvl=observed;lp_amount=quantified,False
2024-05-22T22:00:00+00:00,1.2282503130247283e-05,1.2308294473279225e-05,1.2220863804154236e-05,1.2294144019202752e-05,1.2241383029181035e-05,WETH,pool_swap_ratio,9,61,47640846.40654423,,19928556,53780.59431586,,9,3,0.0,547106.24949747,-547106.24949747,547106.24949747,0.0,0,2,,,1.0,47461.58518403,558676.24993558,-511214.66475154995,11,0.0031528713372030322,-0.01067343149769148,-0.011362052575224218,0.011362052575224218,-0.010616672544808125,0.011362052575224218,0.001116890806319389,0.004310051396639203,2,2,price=observed;tvl=observed;lp_amount=quantified,False
2024-05-22T23:00:00+00:00,1.2205888118818373e-05,1.2354316353080134e-05,1.2205888118818373e-05,1.2273922974534121e-05,1.2236458288303006e-05,WETH,pool_swap_ratio,7,133,47671168.17985112,,19928850,24492.528917620002,,7,3,16151.23701225,0.0,16151.23701225,16151.23701225,0.0,1,0,,,,35482.76961838,5160.99631149,30321.773306889998,8,-0.001646124559975386,0.0006362634230618242,0.0003390207821755108,0.0003390207821755108,0.000636465881570165,0.0,0.000514107761827161,0.0030617263057994837,2,2,price=observed;tvl=observed;lp_amount=quantified,False
2024-05-23T00:00:00+00:00,1.2314266669894697e-05,1.2368456141972392e-05,1.2184811165278396e-05,1.2215406500273818e-05,1.2291818026288883e-05,WETH,pool_swap_ratio,19,493,47708626.507658385,,19929120,1102368.10958681,,19,8,0.0,0.0,0.0,0.0,,0,0,,,,569913.2186970401,532454.89088977,37458.32780727011,19,-0.004778945514912646,0.0007854562877974426,0.0,0.0,0.0007857648393668353,0.0,0.023124419888932806,-0.006216454380600256,2,2,price=observed;tvl=observed;lp_amount=none,False
2024-05-23T01:00:00+00:00,1.2182561019946163e-05,1.2228926905139528e-05,1.1723958613158965e-05,1.2167483862399453e-05,1.211512152212646e-05,WETH,pool_swap_ratio,24,361,47776790.4917454,,19929429,919654.4919166501,,24,8,43603.46660478,117595.30160735,-73991.83500257,161198.76821213,0.5409900719266029,1,1,,,1.0,574619.94382555,506455.95973854006,68163.98408700997,24,-0.003930846496715182,0.0014277362514194688,-0.001550911028442467,0.003378818046381061,0.001428755952051313,0.002464864537411764,0.019276482247272898,0.004322064799545,2,2,price=observed;tvl=observed;lp_amount=quantified,False
2024-05-23T02:00:00+00:00,1.2143184363291825e-05,1.2221684731905855e-05,1.2087014901648115e-05,1.2125942793677358e-05,1.2170767324142938e-05,WETH,pool_swap_ratio,8,409,47877589.37301515,,19929724,317970.24988401,,8,5,0.0,0.0,0.0,0.0,,0,0,,,,209384.56557688,108585.68430713,100798.88126975001,8,-0.0034199464570394767,0.0021075651470059435,0.0,0.0,0.002109787623493995,0.0,0.006655328803196755,-0.003682966675130017,2,2,price=observed;tvl=observed;lp_amount=none,False
2024-05-23T03:00:00+00:00,1.2110386931079568e-05,1.2298075108955359e-05,1.2091414222933274e-05,1.220209974300068e-05,1.2208647836425708e-05,WETH,pool_swap_ratio,17,169,47705686.48469472,,19930040,490148.83430337,,17,6,0.0,0.0,0.0,0.0,,0,0,,,,159122.97299147,331025.8613119,-171902.88832043004,17,0.0062608570317250105,-0.0035969278540878427,0.0,0.0,-0.003590466658234014,0.0,0.010237542046752014,-0.0005363487843011994,2,2,price=observed;tvl=observed;lp_amount=none,False
2024-05-23T04:00:00+00:00,1.2186544211780425e-05,1.2261986561481987e-05,1.209734180008388e-05,1.2137355256935666e-05,1.2149337821148176e-05,WETH,pool_swap_ratio,12,241,47877990.612800606,,19930332,293890.55828125,,12,5,0.0,0.0,0.0,0.0,,0,0,,,,233097.34319357,60793.21508768001,172304.12810589,12,-0.005320138743871116,0.0036053083533865073,0.0,0.0,0.0036118152950418156,0.0,0.006160493222868475,-0.000986273028942608,2,2,price=observed;tvl=observed;lp_amount=none,False
2024-05-23T05:00:00+00:00,1.2194943072797525e-05,1.2218914396689357e-05,1.2048565644941113e-05,1.2048565644941113e-05,1.2142296387579234e-05,WETH,pool_swap_ratio,7,61,48045922.201744504,,19930646,308457.23633547,,7,5,50827.44809411,0.0,50827.44809411,50827.44809411,0.0,1,0,,,,263608.13668674,95676.54774284,167931.58894389996,8,-0.0073422890313660834,0.0035013534285513797,0.0010616036187726062,0.0010616036187726062,0.003507490326860166,0.0,0.0064425685453265704,-0.0077193588137085545,2,2,price=observed;tvl=observed;lp_amount=quantified,False
2024-05-23T06:00:00+00:00,1.2045928146773182e-05,1.2045928146773182e-05,1.1559285677135997e-05,1.1951880929317097e-05,1.1974982967804718e-05,WETH,pool_swap_ratio,11,49,48296878.3127847,,19930945,340243.00951382995,,11,6,0.0,0.0,0.0,0.0,,0,0,,,,295599.56027700996,44643.44923682,250956.11104018998,11,-0.008056953302453842,0.005209661278075378,0.0,0.0,0.005223255159645536,0.0,0.007081620955991891,-0.001929191761669391,2,2,price=observed;tvl=observed;lp_amount=none,False
2024-05-23T07:00:00+00:00,1.1922854013957288e-05,1.200192195840953e-05,1.1907026203460998e-05,1.1907026203460998e-05,1.1919676337917494e-05,WETH,pool_swap_ratio,7,601,48230269.39148848,,19931243,98182.38200564,,7,3,0.0,0.0,0.0,0.0,,0,1,,,1.0,93147.67418875,159756.59548497,-66608.92129622,8,-0.0037600027906886844,-0.001380107740731674,0.0,0.0,-0.0013791558300070897,0.0,0.002032892920527538,-0.0010612817074785452,2,2,price=observed;tvl=observed;lp_amount=quantified,False
2024-05-23T08:00:00+00:00,1.1909078582286365e-05,1.1930023590340899e-05,1.1774902748289287e-05,1.1774902748289287e-05,1.1834957922639469e-05,WETH,pool_swap_ratio,13,457,48506208.76718595,,19931511,276144.37569747,,13,5,1800.0,0.0,1800.0,1800.0,0.0,2,0,,,,276941.87569747,1002.5,275939.37569747,15,-0.011158282443876778,0.0057049859445555285,3.7320960938228934e-05,3.7320960938228934e-05,0.005721290367624753,0.0,0.005725540810398273,-0.005074388497427695,2,2,price=observed;tvl=observed;lp_amount=quantified,False
2024-05-23T09:00:00+00:00,1.175701432810215e-05,1.1772249668382909e-05,1.1704552679550668e-05,1.1704552679550668e-05,1.1737688532376218e-05,WETH,pool_swap_ratio,7,721,48667399.25047429,,19931785,205442.62149606,,7,4,0.0,0.0,0.0,0.0,,0,0,,,,183316.55239219998,22126.06910386,161190.48328833998,7,-0.005992496672453087,0.003317580450488586,0.0,0.0,0.0033230897112986497,0.0,0.004235388143446087,-0.002823030508447344,2,2,price=observed;tvl=observed;lp_amount=none,False
2024-05-23T10:00:00+00:00,1.1769460034355308e-05,1.1805523847108893e-05,1.1486519137451441e-05,1.1702304357771366e-05,1.1692845280534479e-05,WETH,pool_swap_ratio,9,961,48685525.80738063,,19932064,192401.94925646,,9,6,0.0,0.0,0.0,0.0,,0,0,,,,105264.2530814,87137.69617505999,18126.556906340018,8,-0.00019210796072541514,0.00037238854621039107,0.0,0.0,0.00037245789143259726,0.0,0.00395340519977724,0.0008089628323941778,2,2,price=observed;tvl=observed;lp_amount=none,False
2024-05-23T11:00:00+00:00,1.1766481981689894e-05,1.1766481981689894e-05,1.157411319935404e-05,1.157411319935404e-05,1.1622661900335483e-05,WETH,pool_swap_ratio,10,445,49023021.94520344,,19932406,344037.81855811,,10,4,0.0,0.0,0.0,0.0,,0,0,,,,340766.97819046,3270.84036765,337496.13782281004,10,-0.011014792475955252,0.0069082488237512014,0.0,0.0,0.00693216581778493,0.0,0.0070665318460205375,-0.004177072463928622,2,2,price=observed;tvl=observed;lp_amount=none,False
2024-05-23T12:00:00+00:00,1.1564618826907228e-05,1.169905609149887e-05,1.1428045358049712e-05,1.1428045358049712e-05,1.1498323654078502e-05,WETH,pool_swap_ratio,9,193,49382011.03684801,,19932726,461855.94496904,,9,5,0.0,0.0,0.0,0.0,,0,1,,,1.0,411447.81648748,52458.72484291,358989.09164457,10,-0.012700530202151275,0.007296185435021651,0.0,0.0,0.007322867448804726,0.0,0.009421205112269284,-0.006112047124700926,2,2,price=observed;tvl=observed;lp_amount=quantified,False
2024-05-23T13:00:00+00:00,1.1490702880919986e-05,1.1568720334348258e-05,1.1370779119638151e-05,1.152964312840431e-05,1.1445127875401025e-05,WETH,pool_swap_ratio,13,25,49159286.02680448,,19933036,1663597.24074559,,13,7,0.0,0.0,0.0,0.0,,0,0,,,,720436.11535103,943161.1253945599,-222725.0100435299,13,0.008850928844062614,-0.004520447689488133,0.0,0.0,-0.004510245843923536,0.0,0.033688325076600106,0.007384386956910571,2,2,price=observed;tvl=observed;lp_amount=none,False
2024-05-23T14:00:00+00:00,1.152514315450218e-05,1.1565482537006988e-05,1.1398799699092808e-05,1.1401218571453945e-05,1.1454839082297571e-05,WETH,pool_swap_ratio,8,397,49372957.20836038,,19933305,248438.74095478002,,8,7,0.0,0.0,0.0,0.0,,0,0,,,,231054.96125534002,17383.779699439998,213671.18155590002,8,-0.011201140311829519,0.00433708823580459,0.0,0.0,0.004346507014755955,0.0,0.00505374998366162,-0.004681035714110715,2,2,price=observed;tvl=observed;lp_amount=none,False
2024-05-23T15:00:00+00:00,1.1278146062877282e-05,1.1531362991442772e-05,1.1278146062877282e-05,1.1382437857827953e-05,1.1403920353177456e-05,WETH,pool_swap_ratio,8,589,49459532.42685981,,19933584,189134.84482122998,,8,5,0.0,15458.66337145,-15458.66337145,15458.66337145,0.0,0,1,,,1.0,145770.277987,59195.05948757,86575.21849943002,9,-0.0016486131572427782,0.0017519591171523468,-0.00031309980696947936,0.00031309980696947936,0.001753494694151521,0.00031309980696947936,0.0038307376247093327,-0.001883781601782042,2,2,price=observed;tvl=observed;lp_amount=quantified,False
2024-05-23T16:00:00+00:00,1.1359859734936513e-05,1.1432833729259601e-05,1.1228250060258995e-05,1.1363391321966194e-05,1.1383968892912227e-05,WETH,pool_swap_ratio,7,73,49474114.265903294,,19933926,96900.27084432999,,7,6,0.0,0.0,0.0,0.0,,0,0,,,,55741.05494391,41159.21590042,14581.83904349,7,-0.0016747281589850607,0.0002947801811926089,0.0,0.0,0.00029482363313995045,0.0,0.0019591829135793995,-0.0018075919865561119,2,2,price=observed;tvl=observed;lp_amount=none,False
2024-05-23T17:00:00+00:00,1.1336697713944293e-05,1.1336697713944293e-05,1.1275342345235039e-05,1.1275342345235039e-05,1.1313759269090246e-05,WETH,pool_swap_ratio,5,301,49652586.04605385,,19934210,241275.03442989,,5,4,0.0,60520.1486438,-60520.1486438,60520.1486438,0.0,0,1,,,1.0,241275.03442989,62803.25427934,178471.78015054998,6,-0.0077786524629167375,0.003600885985980876,-0.0012232689668485776,0.0012232689668485776,0.0036073769646756395,0.0012232689668485776,0.004876793410249541,-0.0033955931836170405,2,2,price=observed;tvl=observed;lp_amount=quantified,False
2024-05-23T18:00:00+00:00,1.1169335144372252e-05,1.1470345947474086e-05,1.1169335144372252e-05,1.1302320625727455e-05,1.135441713631367e-05,WETH,pool_swap_ratio,9,97,49582836.49910338,,19934519,210329.35573085002,,9,4,0.0,0.0,0.0,0.0,,0,0,,,,70289.90439019001,140039.45134066,-69749.54695046997,9,0.0023898216008522996,-0.001405739133216255,0.0,0.0,-0.0014047515447790726,0.0,0.004236020164906718,-0.004588215313985677,2,2,price=observed;tvl=observed;lp_amount=none,False
2024-05-23T19:00:00+00:00,1.1284903957476027e-05,1.1358014417548902e-05,1.1166654915049612e-05,1.1166654915049612e-05,1.1227518153760324e-05,WETH,pool_swap_ratio,8,445,49952653.75646829,,19934788,383330.65509579,,8,5,0.0,0.0,0.0,0.0,,0,0,,,,376573.95623035,6756.69886544,369817.25736491004,8,-0.012075971963651481,0.0074308964196532394,0.0,0.0,0.007458574044500208,0.0,0.007731115889320327,-0.005420898713072053,2,2,price=observed;tvl=observed;lp_amount=none,False
2024-05-23T20:00:00+00:00,1.1225706510233596e-05,1.1358154525781675e-05,1.1202946732838374e-05,1.1202946732838374e-05,1.1332736770766754e-05,WETH,pool_swap_ratio,9,121,49555018.843851775,,19935114,1036322.9366435901,,9,5,0.0,0.0,0.0,0.0,,0,0,,,,319344.01201353996,716978.9246300501,-397634.9126165101,9,0.003244747063554757,-0.007992087820968982,0.0,0.0,-0.00796023599777261,0.0,0.020746103734466725,-0.011452665014083596,2,2,price=observed;tvl=observed;lp_amount=none,False
2024-05-23T21:00:00+00:00,1.1251623663017955e-05,1.1454253412305899e-05,1.1154336949392542e-05,1.1395500889053169e-05,1.1296779684991246e-05,WETH,pool_swap_ratio,14,85,50561251.405120365,,19935416,1243159.8423611901,,14,6,1185160.1179173,0.0,1185160.1179173,1185160.1179173,0.0,1,0,,,,1717276.26077354,711043.69950495,1006232.56126859,15,0.017041773804867176,0.020101956304754833,0.02391604615572336,0.02391604615572336,0.020305361288212524,0.0,0.02508645685875725,0.008738880177780572,2,2,price=observed;tvl=observed;lp_amount=quantified,False
2024-05-23T22:00:00+00:00,1.1387332717887815e-05,1.1400278922166372e-05,1.126565880711659e-05,1.1400278922166372e-05,1.1367843492609923e-05,WETH,pool_swap_ratio,8,505,50660030.93004066,,19935679,281205.37944443,,8,4,0.0,0.0,0.0,0.0,,0,0,,,,189992.45218236,91212.92726207,98779.52492028999,8,0.0004192033106779116,0.0019517546902899797,0.0,0.0,0.001953660603231955,0.0,0.0055616776015150644,0.0028532614455445415,2,2,price=observed;tvl=observed;lp_amount=none,False
2024-05-23T23:00:00+00:00,1.1435728337659482e-05,1.1646188832503875e-05,1.1241262252186531e-05,1.1512441855409133e-05,1.1540928944017405e-05,WETH,pool_swap_ratio,20,325,50291240.50233095,,19935991,904083.6675495701,,20,8,0.0,0.0,0.0,0.0,,0,0,,,,267646.61991993,636437.04762964,-368790.42770970997,20,0.009790529049191764,-0.00730633825721167,0.0,0.0,-0.007279711854479399,0.0,0.017846093872269268,-0.002468353175594129,2,2,price=observed;tvl=observed;lp_amount=none,False
2024-05-24T00:00:00+00:00,1.1505369469449141e-05,1.1723818205707071e-05,1.1505369469449141e-05,1.1590327573807471e-05,1.1648135769372432e-05,WETH,pool_swap_ratio,15,685,50108263.49150615,,19936260,599569.03113837,,15,7,981.07698029,0.0,981.07698029,981.07698029,0.0,1,0,,,,208786.54864693,391763.55947173,-182977.01082480003,16,0.006742569431631406,-0.0036449824178506,1.950790973717437e-05,1.950790973717437e-05,-0.0036383475332313433,0.0,0.011921937600854776,-0.00496287103014037,2,2,price=observed;tvl=observed;lp_amount=quantified,False
2024-05-24T01:00:00+00:00,1.1660849901059249e-05,1.1660849901059249e-05,1.1460102661713464e-05,1.1460102661713464e-05,1.1527237847631615e-05,WETH,pool_swap_ratio,8,781,50422630.065553546,,19936551,339219.20131667994,,8,4,0.0,0.0,0.0,0.0,,0,0,,,,326793.70044294,12427.12639555,314366.57404739,8,-0.011299250927495083,0.006254149100070014,0.0,0.0,0.006273747125574972,0.0,0.006769725743423157,-0.005824047946745847,2,2,price=observed;tvl=observed;lp_amount=none,False
2024-05-24T02:00:00+00:00,1.1531302970881071e-05,1.1531302970881071e-05,1.1359402520344874e-05,1.1359402520344874e-05,1.1479587030414006e-05,WETH,pool_swap_ratio,7,925,50465645.7448086,,19936838,151671.83448974,,7,4,0.0,0.0,0.0,0.0,,0,0,,,,97343.7568724,54328.07761734,43015.67925506,7,-0.008825852641394905,0.000852738963297057,0.0,0.0,0.000853102648535709,0.0,0.003008011170630215,-0.010469410593840545,2,2,price=observed;tvl=observed;lp_amount=none,False
2024-05-24T03:00:00+00:00,1.1288089835620248e-05,1.1661215377495245e-05,1.1288089835620248e-05,1.1620905363926877e-05,1.1591812734009502e-05,WETH,pool_swap_ratio,14,181,50149029.18124597,,19937198,526615.85715771,,14,7,0.0,0.0,0.0,0.0,,0,0,,,,104999.64679754,421616.21036017,-316616.56356263,14,0.022759845798253076,-0.006293666582920427,0.0,0.0,-0.006273902947039974,0.0,0.010435135613257917,0.0025097567209673155,2,2,price=observed;tvl=observed;lp_amount=none,False
2024-05-24T04:00:00+00:00,1.16594728891082e-05,1.1702950397135966e-05,1.1476977073116811e-05,1.1573897430979442e-05,1.164583967814478e-05,WETH,pool_swap_ratio,14,121,50156911.2141461,,19937502,411874.15455913,,14,7,0.0,0.0,0.0,0.0,,0,0,,,,209878.09372962997,201996.06082949997,7882.032900129998,14,-0.004053321575740899,0.00015715984288240222,0.0,0.0,0.00015717219313744182,0.0,0.00821300354729812,-0.006177506230001573,2,2,price=observed;tvl=observed;lp_amount=none,False
2024-05-24T05:00:00+00:00,1.1563620965387149e-05,1.169205847149829e-05,1.154828439868713e-05,1.169205847149829e-05,1.1638795646875303e-05,WETH,pool_swap_ratio,6,709,50013379.971094936,,19937753,258929.82550425,,6,5,10120.23069406,0.0,10120.23069406,10120.23069406,0.0,1,0,,,,62759.40657357,206290.64962474,-143531.24305117002,7,0.010157507127640995,-0.002865746711566813,0.00020177140994291772,0.00020177140994291772,-0.0028616443791436843,0.0,0.005162395754370581,0.004576317536538754,2,2,price=observed;tvl=observed;lp_amount=quantified,False
2024-05-24T06:00:00+00:00,1.1624881149844786e-05,1.1705293160100932e-05,1.1624881149844786e-05,1.1705293160100932e-05,1.1677801195670345e-05,WETH,pool_swap_ratio,2,1909,49967432.282338746,,19937953,145301.80087589,,2,2,0.0,0.0,0.0,0.0,,0,0,,,,49677.05605985,95624.74481604,-45947.68875618999,2,0.0011312981248944014,-0.0009191302001915557,0.0,0.0,-0.0009187079294129952,0.0,0.002905258572003466,0.002354207266414221,2,2,price=observed;tvl=observed;lp_amount=none,False
2024-05-24T07:00:00+00:00,1.1638590963015878e-05,1.1727405844652342e-05,1.1632928278808696e-05,1.1654398638443485e-05,1.1677092198239352e-05,WETH,pool_swap_ratio,7,133,49979383.75893592,,19938398,473848.52340282,,7,4,0.0,0.0,0.0,0.0,,0,0,,,,242900.0,230948.52340282,11951.476597180008,7,-0.004357472061411041,0.00023915672609728156,0.0,0.0,0.00023918532634714394,0.0,0.009483147357369898,-0.001943425590087311,2,2,price=observed;tvl=observed;lp_amount=none,False
2024-05-24T08:00:00+00:00,1.1649758541478053e-05,1.1669672555845732e-05,1.1597848453186419e-05,1.1669672555845732e-05,1.1623567878762622e-05,WETH,pool_swap_ratio,6,721,50105010.16043189,,19938648,125675.65517611,,6,4,0.0,0.0,0.0,0.0,,0,0,,,,125651.02833603999,24.62684007,125626.40149596999,6,0.001309712996359437,0.0025104107154542274,0.0,0.0,0.00251356443492581,0.0,0.002514549914866451,0.003966482371333457,2,2,price=observed;tvl=observed;lp_amount=none,False
2024-05-24T09:00:00+00:00,1.16823241079679e-05,1.16823241079679e-05,1.1552939844634383e-05,1.1597044241570721e-05,1.164647707944009e-05,WETH,pool_swap_ratio,9,469,50105348.060368344,,19938965,155788.40006354998,,9,3,0.0,0.0,0.0,0.0,,0,0,,,,78063.15,77725.25006354999,337.89993645000504,9,-0.006243128397353718,6.743812564857399e-06,0.0,0.0,6.743835304455159e-06,0.0,0.0031092379697105947,-0.004244445554839382,2,2,price=observed;tvl=observed;lp_amount=none,False
2024-05-24T10:00:00+00:00,1.1678236755153557e-05,1.1678236755153557e-05,1.1535914678022243e-05,1.1535914678022243e-05,1.1567405569113339e-05,WETH,pool_swap_ratio,6,541,50251046.88712984,,19939259,155474.43506731998,,6,4,0.0,0.0,0.0,0.0,,0,0,,,,150586.63091441,4887.80415291,145698.8267615,6,-0.005285074516425066,0.0029036301912619676,0.0,0.0,0.0029078498084866697,0.0,0.0031029509041629643,-0.002722381514415062,2,2,price=observed;tvl=observed;lp_amount=none,False
2024-05-24T11:00:00+00:00,1.1528231484094981e-05,1.1738848916541286e-05,1.1528231484094981e-05,1.1581045486656937e-05,1.16048258717724e-05,WETH,pool_swap_ratio,9,49,50182523.13475183,,19939598,95843.96231203,,9,5,0.0,0.0,0.0,0.0,,0,0,,,,13660.10496701,82183.85734502,-68523.75237801,9,0.003904567525361931,-0.0013645589417126474,0.0,0.0,-0.0013636283544882746,0.0,0.0019073027976373818,-0.0020491806924314293,2,2,price=observed;tvl=observed;lp_amount=none,False
2024-05-24T12:00:00+00:00,1.1548502165867459e-05,1.1700135605875082e-05,1.1531953406001061e-05,1.162483444875099e-05,1.1666863558599657e-05,WETH,pool_swap_ratio,9,157,50046102.24117938,,19939886,265498.50136337,,9,5,0.0,0.0,0.0,0.0,,0,0,,,,64538.80389546,200959.69746791,-136420.89357245,9,0.003773958513006941,-0.0027221959256579606,0.0,0.0,-0.0027184941101133548,0.0,0.005290656682415995,-0.003602434333577764,2,2,price=observed;tvl=observed;lp_amount=none,False
2024-05-24T13:00:00+00:00,1.1610347430758046e-05,1.163276227155425e-05,1.1484845901546123e-05,1.1484845901546123e-05,1.155274832642933e-05,WETH,pool_swap_ratio,9,181,50366067.979378104,,19940182,323036.64113998,,9,4,0.0,0.0,0.0,0.0,,0,0,,,,321501.18966935005,1535.4514706300001,319965.73819872004,9,-0.01211529171977912,0.006373068532880368,0.0,0.0,0.006393419744394059,0.0,0.0064547812251835295,-0.005877599248645171,2,2,price=observed;tvl=observed;lp_amount=none,False
2024-05-24T14:00:00+00:00,1.1562678141818006e-05,1.1642702826021075e-05,1.1562678141818006e-05,1.1584702805365343e-05,1.160297412004691e-05,WETH,pool_swap_ratio,6,121,50138456.381536946,,19940484,249801.04427652998,,6,5,0.0,0.0,0.0,0.0,,0,0,,,,11094.723217690002,238706.32105884,-227611.59784114998,6,0.008657085471079682,-0.004529387874149494,0.0,0.0,-0.004519145666370925,0.0,0.00495970907196505,-0.0015747095953612122,2,2,price=observed;tvl=observed;lp_amount=none,False
2024-05-24T15:00:00+00:00,1.1571327548976252e-05,1.1571327548976252e-05,1.155042571922936e-05,1.155042571922936e-05,1.1561442337448352e-05,WETH,pool_swap_ratio,2,1717,50233321.381536946,,19940648,94865.0,,2,2,0.0,0.0,0.0,0.0,,0,0,,,,94865.0,0.0,94865.0,2,-0.002963209059390122,0.0018902729504507692,0.0,0.0,0.001892060642595555,0.0,0.001892060642595555,-0.0009528757656220854,2,2,price=observed;tvl=observed;lp_amount=none,False
2024-05-24T16:00:00+00:00,1.1520912990647742e-05,1.1537588997674572e-05,1.1520912990647742e-05,1.1528692533500407e-05,1.1531082466101996e-05,WETH,pool_swap_ratio,3,1549,50276148.17747034,,19940962,42826.79593339,,3,2,0.0,0.0,0.0,0.0,,0,0,,,,42826.79593339,0.0,42826.79593339,3,-0.0018833641662596705,0.000852194299963243,0.0,0.0,0.0008525575206964279,0.0,0.0008525575206964279,-0.00020726003899596002,2,2,price=observed;tvl=observed;lp_amount=none,False
2024-05-24T17:00:00+00:00,1.1517617874003606e-05,1.1551088596372773e-05,1.1477943686055398e-05,1.1497666263777661e-05,1.1508758583134212e-05,WETH,pool_swap_ratio,8,301,50341025.86955955,,19941364,66410.96408315,,8,3,0.0,0.0,0.0,0.0,,0,0,,,,65644.32808618,766.63599697,64877.69208921,8,-0.002694849739163436,0.0012895949761050523,0.0,0.0,0.0012904268612662511,0.0,0.0013209238672924025,-0.0009638154520685838,2,2,price=observed;tvl=observed;lp_amount=none,False
2024-05-24T18:00:00+00:00,1.1483999621642133e-05,1.1483999621642133e-05,1.1339678864967832e-05,1.1458265113436473e-05,1.1463130411759857e-05,WETH,pool_swap_ratio,9,217,50441817.41456706,,19941668,106599.78791961001,,9,3,0.0,0.0,0.0,0.0,,0,0,,,,103695.66646356,2904.1214560500002,100791.54500751001,9,-0.003432767626398317,0.0020001733494731493,0.0,0.0,0.0020021750305342333,0.0,0.0021175529516586447,-0.00042443016424142943,2,2,price=observed;tvl=observed;lp_amount=none,False
2024-05-24T19:00:00+00:00,1.1535676835682712e-05,1.1535676835682712e-05,1.1371500973087221e-05,1.1510199811303947e-05,1.1478498416337712e-05,WETH,pool_swap_ratio,8,289,50442800.24606286,,19941958,333032.53602062,,8,4,0.0,0.0,0.0,0.0,,0,0,,,,167007.68375821,166024.85226241,982.8314958000265,8,0.0045222688191794225,1.9484268635304257e-05,0.0,0.0,1.9484458454825523e-05,0.0,0.006602310406136234,0.0027618067987980055,2,2,price=observed;tvl=observed;lp_amount=none,False
2024-05-24T20:00:00+00:00,1.153578040631845e-05,1.187511367454764e-05,1.147495694709391e-05,1.15368652262987e-05,1.1561316950057342e-05,WETH,pool_swap_ratio,7,1969,50392638.79337185,,19942117,131144.57861119,,7,4,0.0,0.0,0.0,0.0,,0,0,,,,40491.56296009,90653.0156511,-50161.452691009996,7,0.0023139976261416146,-0.0009949172097942877,0.0,0.0,-0.0009944224437644137,0.0,0.00259986713607213,-0.002114960074554584,2,2,price=observed;tvl=observed;lp_amount=none,False
2024-05-24T21:00:00+00:00,1.155305418638591e-05,1.1574980624504404e-05,1.11475554033709e-05,1.1574980624504404e-05,1.14920183779807e-05,WETH,pool_swap_ratio,17,1213,50330529.45582544,,19942479,176739.15819498998,,17,7,3472.45644626,0.0,3472.45644626,3472.45644626,0.0,1,0,,,,59051.13854742001,121160.47609383,-62109.337546409995,17,0.003298346052220139,-0.0012332683035714365,6.890800976901279e-05,6.890800976901279e-05,-0.0012325081407441446,0.0,0.003507241581844619,0.0072191188523214045,2,2,price=observed;tvl=observed;lp_amount=quantified,False
2024-05-24T22:00:00+00:00,1.149996363141106e-05,1.1689776353238188e-05,1.149996363141106e-05,1.164210307107348e-05,1.1638326057510206e-05,WETH,pool_swap_ratio,5,2041,50016510.20919765,,19942818,317977.78797199,,5,4,1788.46134416,0.0,1788.46134416,1788.46134416,0.0,1,0,,,,2873.50134418,316892.74797197,-314019.24662779,6,0.005782176130383079,-0.006258685312818793,3.5534324067258484e-05,3.5534324067258484e-05,-0.006239140538018804,0.0,0.0063177914361317354,0.0003245323721479121,2,2,price=observed;tvl=observed;lp_amount=quantified,False
2024-05-24T23:00:00+00:00,1.1637653439596615e-05,1.1772284051310991e-05,1.1615881445061017e-05,1.1772284051310991e-05,1.1712802469960152e-05,WETH,pool_swap_ratio,14,97,49853865.675262205,,19943169,268136.04802936,,14,5,0.0,0.0,0.0,0.0,,0,0,,,,52745.75704696,215390.29098240004,-162644.53393544003,14,0.011119857288949354,-0.003257115561719996,0.0,0.0,-0.0032518169151579666,0.0,0.005360950752218852,0.00507833898022203,2,2,price=observed;tvl=observed;lp_amount=none,False
2024-05-25T00:00:00+00:00,1.1797542792199966e-05,1.1844240455804802e-05,1.1740841275343692e-05,1.1771008464780403e-05,1.1803561068955494e-05,WETH,pool_swap_ratio,10,205,49722173.98165348,,19943457,322370.00586233,,10,4,0.0,0.0,0.0,0.0,,0,0,,,,95339.1561268,227030.84973553,-131691.69360873,10,-0.00010836092963328004,-0.0026450493681381823,0.0,0.0,-0.002641554307273633,0.0,0.006466299082245331,-0.002757862986002335,2,2,price=observed;tvl=observed;lp_amount=none,False
2024-05-25T01:00:00+00:00,1.1760643931620198e-05,1.1852419479542174e-05,1.1760643931620198e-05,1.1788980555641056e-05,1.1815110663225146e-05,WETH,pool_swap_ratio,7,541,49682564.08625986,,19943726,191915.55242224003,,7,6,0.0,0.0,0.0,0.0,,0,0,,,,76152.82851431001,115762.72390792999,-39609.89539361998,7,0.0015256453923686302,-0.0007969418412021689,0.0,0.0,-0.0007966243673946209,0.0,0.0038597578716701554,-0.0022115838208288663,2,2,price=observed;tvl=observed;lp_amount=none,False
2024-05-25T02:00:00+00:00,1.1966195969420393e-05,1.2220907883700862e-05,1.1706966263920142e-05,1.1746503533033509e-05,1.176709215194937e-05,WETH,pool_swap_ratio,17,157,47310459.2593843,,19944056,455430.55711934,,17,8,4072160.5543586,6742144.53235773,-2669983.97799913,10814305.08671633,0.7531062831509364,2,4,,,1.0,4453782.93557989,6825887.76245545,-2372104.82687556,22,-0.0036096192938430485,-0.04892265129128523,-0.053740865172808926,0.2176680146366906,-0.047745217472211464,0.13570443990474979,0.009166808627844013,-0.0017496777156156273,2,2,price=observed;tvl=observed;lp_amount=quantified,False
2024-05-25T03:00:00+00:00,1.1688119236216865e-05,1.1702705994831785e-05,1.1327371891995167e-05,1.1663028726392977e-05,1.160863924632831e-05,WETH,pool_swap_ratio,11,49,47354847.866524115,,19944358,70072.17419517999,,11,6,0.0,0.0,0.0,0.0,,0,0,,,,57230.3906675,12841.78352768,44388.60713982,11,-0.007131723907982861,0.0009378010115994792,0.0,0.0,0.0009382408844618279,0.0,0.0014811138021510704,0.004685258875786857,2,2,price=observed;tvl=observed;lp_amount=none,False
2024-05-25T04:00:00+00:00,1.1753571150534146e-05,1.1853868442575565e-05,1.1626689603013993e-05,1.1853868442575565e-05,1.178129700635091e-05,WETH,pool_swap_ratio,15,421,47148563.446145944,,19944624,335915.51139568,,15,8,0.0,0.0,0.0,0.0,,0,0,,,,64815.54550875,271099.96588693,-206284.42037818,15,0.01623036441568189,-0.004365657178790041,0.0,0.0,-0.00435614154984976,0.0,0.007093582315848679,0.006159885128567355,2,2,price=observed;tvl=observed;lp_amount=none,False
2024-05-25T05:00:00+00:00,1.1771674636917377e-05,1.1884929484458452e-05,1.1737910277655756e-05,1.1791304199938476e-05,1.1840023792994969e-05,WETH,pool_swap_ratio,9,1,47114235.675719425,,19944958,157490.77901653998,,9,5,0.0,0.0,0.0,0.0,,0,0,,,,61581.50429501,95909.27472153,-34327.77042652,9,-0.00529193756291398,-0.0007283418753492149,0.0,0.0,-0.0007280766987891345,0.0,0.0033403091739248676,-0.004114822225722015,2,2,price=observed;tvl=observed;lp_amount=none,False
2024-05-25T06:00:00+00:00,1.1734668619782475e-05,1.1877197937564226e-05,1.1734668619782475e-05,1.1877197937564226e-05,1.183860368858682e-05,WETH,pool_swap_ratio,7,1,47119386.54634178,,19945257,50388.813344580005,,7,3,0.0,0.0,0.0,0.0,,0,0,,,,27769.84198347,22618.97136111,5150.870622359998,7,0.007258094677853524,0.00010932129119153914,0.0,0.0,0.00010932726698174003,0.0,0.001069502935193495,0.003260033868234924,2,2,price=observed;tvl=observed;lp_amount=none,False
2024-05-25T07:00:00+00:00,1.1802362212446932e-05,1.1867173551318424e-05,1.1763441961594054e-05,1.1867173551318424e-05,1.181676609666671e-05,WETH,pool_swap_ratio,9,1129,47161096.55662211,,19945521,175356.15187589003,,9,7,34840.16215622,0.0,34840.16215622,34840.16215622,0.0,1,0,,,,125953.16215622,84243.15187588999,41710.01028033001,10,-0.000844358996494162,0.0008848069426194923,0.0007394018621603829,0.0007394018621603829,0.0008851984997578086,0.0,0.003721528753423557,0.004265757165654138,2,2,price=observed;tvl=observed;lp_amount=quantified,False
2024-05-25T08:00:00+00:00,1.189418733026172e-05,1.1965079263352858e-05,1.186082101962723e-05,1.1897899179734603e-05,1.1921675794969403e-05,WETH,pool_swap_ratio,6,913,47024456.498666465,,19945781,177171.05795565,,6,4,0.0,0.0,0.0,0.0,,0,0,,,,20265.5,156905.55795565,-136640.05795565,6,0.002585781738088953,-0.002901509825760012,0.0,0.0,-0.002897304514359595,0.0,0.003756720494039755,-0.00199440209947932,2,2,price=observed;tvl=observed;lp_amount=none,False
2024-05-25T09:00:00+00:00,1.1894146838540239e-05,1.19595311051004e-05,1.184091543052554e-05,1.1900755670831573e-05,1.1906014305730814e-05,WETH,pool_swap_ratio,9,649,47020222.82141734,,19946102,187542.14644896,,9,5,0.0,0.0,0.0,0.0,,0,0,,,,91654.23459992,95887.91184904,-4233.677249119995,9,0.0002400548374370809,-9.00354444843814e-05,0.0,0.0,-9.00313914152321e-05,0.0,0.003988183179837036,-0.00044167886617685337,2,2,price=observed;tvl=observed;lp_amount=none,False
2024-05-25T10:00:00+00:00,1.202249442000771e-05,1.202249442000771e-05,1.1851263103106886e-05,1.1851263103106886e-05,1.195848708636213e-05,WETH,pool_swap_ratio,12,97,47103312.73435715,,19946445,413903.85624224995,,12,5,0.0,0.0,0.0,0.0,,0,0,,,,248496.88459103002,165406.97165122,83089.91293981002,12,-0.004167446971675799,0.0017655506464553479,0.0,0.0,0.0017671101486563612,0.0,0.00880267747378092,-0.00896635021477965,2,2,price=observed;tvl=observed;lp_amount=none,False
2024-05-25T11:00:00+00:00,1.1954035999597157e-05,1.1994602209257175e-05,1.181347085510471e-05,1.1908714836670377e-05,1.190429102006845e-05,WETH,pool_swap_ratio,9,217,47068116.80489577,,19946732,381678.46867041005,,9,5,0.0,0.0,0.0,0.0,,0,1,,,1.0,180897.74588853001,216093.67534989998,-35195.92946136996,10,0.004836018423759749,-0.0007474863931097679,0.0,0.0,-0.0007472070947506428,0.0,0.008103006912123482,0.00037161529355000944,2,2,price=observed;tvl=observed;lp_amount=quantified,False
2024-05-25T12:00:00+00:00,1.1858093215073593e-05,1.2311928025708873e-05,1.1778524419501337e-05,1.19016070362901e-05,1.19752021979582e-05,WETH,pool_swap_ratio,11,193,47002429.03908399,,19947034,201101.49329466998,,11,5,0.0,0.0,0.0,0.0,,0,0,,,,67706.86374144,133394.62955322998,-65687.76581178998,11,-0.0005970352378545015,-0.001396564161478075,0.0,0.0,-0.0013955894195655922,0.0,0.004272562977785261,-0.006145629981984646,2,2,price=observed;tvl=observed;lp_amount=none,False
2024-05-25T13:00:00+00:00,1.1891065702384668e-05,1.1989779979997415e-05,1.1689198605722642e-05,1.1833741886221718e-05,1.1875819692388486e-05,WETH,pool_swap_ratio,13,73,47115793.38998319,,19947342,298148.34098094,,13,8,0.0,0.0,0.0,0.0,,0,0,,,,205756.34594007,92391.99504087001,113364.35089919998,13,-0.0057185032526473716,0.002408978894760536,0.0,0.0,0.00241188281577818,0.0,0.006343253892964134,-0.003543149631493381,2,2,price=observed;tvl=observed;lp_amount=none,False
2024-05-25T14:00:00+00:00,1.2012392431450121e-05,1.2369329367527733e-05,1.178546865871347e-05,1.187641495017843e-05,1.1882764702501732e-05,WETH,pool_swap_ratio,12,217,46919838.4936636,,19947627,626566.59585708,,12,6,9781782.25409209,9894740.70019089,-112958.44609880075,19676522.95428298,0.9942592272851636,1,2,,,1.0,10053726.071828447,10249680.96814804,-195954.89631959237,15,0.0035995637082355844,-0.004167679336687012,-0.002397464586106613,0.4176205373730628,-0.0041590066137197285,0.2100090009795847,0.013298440942528793,-0.0005343665790138452,2,2,price=observed;tvl=observed;lp_amount=quantified,False
2024-05-25T15:00:00+00:00,1.1960051309386631e-05,1.2034464999717752e-05,1.1812656363350257e-05,1.1943715662910744e-05,1.1975958734478678e-05,WETH,pool_swap_ratio,9,913,46817808.45237223,,19947868,255332.40318358998,,9,5,0.0,0.0,0.0,0.0,,0,0,,,,76651.18094611,178681.22223748,-102030.04129136998,9,0.005650757580411313,-0.0021769285854513097,0.0,0.0,-0.002174560794900197,0.0,0.005441885807387677,-0.0026923165220256173,2,2,price=observed;tvl=observed;lp_amount=none,False
2024-05-25T16:00:00+00:00,1.1922811591299686e-05,1.1922811591299686e-05,1.1788725293083049e-05,1.1874085047743387e-05,1.1897792950598119e-05,WETH,pool_swap_ratio,7,25,46920189.87846052,,19948238,102381.42608829,,7,4,0.0,0.0,0.0,0.0,,0,0,,,,102381.42608829,0.0,102381.42608829,7,-0.005846955760889226,0.0021844176027292425,0.0,0.0,0.00218680518103368,0.0,0.00218680518103368,-0.001992630309938237,2,2,price=observed;tvl=observed;lp_amount=none,False
2024-05-25T17:00:00+00:00,1.1859265504735948e-05,1.1927206027126708e-05,1.182667675717211e-05,1.1927206027126708e-05,1.1870380630790556e-05,WETH,pool_swap_ratio,9,349,46966130.38337595,,19948510,172745.01195925,,9,4,0.0,0.0,0.0,0.0,,0,0,,,,109342.75843734,63402.25352191,45940.50491543,9,0.004463713116904288,0.0009786411578148557,0.0,0.0,0.0009791201833247427,0.0,0.003681677597782941,0.004787158735984676,2,2,price=observed;tvl=observed;lp_amount=none,False
2024-05-25T18:00:00+00:00,1.18428750228704e-05,1.198453266950838e-05,1.18428750228704e-05,1.198453266950838e-05,1.1865769998607326e-05,WETH,pool_swap_ratio,7,325,46977930.61476402,,19948809,18704.12417339,,7,2,1451384.65103239,1451019.60741728,365.0436151099857,2902404.25844967,0.9998742271638945,1,1,,,1.0,1466636.82881312,1454836.59742505,11800.231388069922,9,0.004794862719152666,0.0002512182531765009,7.77248651592544e-06,0.06179781546314064,0.000251249811124459,0.03089502148831236,0.0003982470776432218,0.010008846532082893,2,2,price=observed;tvl=observed;lp_amount=quantified,False
2024-05-25T19:00:00+00:00,1.1837328131600157e-05,1.202515749303425e-05,1.1819781916042312e-05,1.202515749303425e-05,1.1937517321275172e-05,WETH,pool_swap_ratio,9,181,46711544.4085257,,19949121,416449.40742309997,,9,4,0.0,0.0,0.0,0.0,,0,0,,,,75031.60059239,341417.80683071003,-266386.20623832004,9,0.0033840388626018023,-0.005686592309826001,0.0,0.0,-0.00567045424845941,0.0,0.008864788252129182,0.007341574416221741,2,2,price=observed;tvl=observed;lp_amount=none,False
2024-05-25T20:00:00+00:00,1.1962059146254172e-05,1.1962059146254172e-05,1.1789286274932225e-05,1.1823503416166738e-05,1.1897722010922822e-05,WETH,pool_swap_ratio,8,301,47020900.12602584,,19949410,309355.71750014,,8,5,0.0,0.0,0.0,0.0,,0,0,,,,309355.71750013996,0.0,309355.71750013996,8,-0.01691154767210483,0.006600848666341104,0.0,0.0,0.0066226822815919776,0.0,0.006622682281591979,-0.006238050837626519,2,2,price=observed;tvl=observed;lp_amount=none,False
2024-05-25T21:00:00+00:00,1.1821472698509208e-05,1.1821472698509208e-05,1.1740856553847249e-05,1.181042739493059e-05,1.1810065658377007e-05,WETH,pool_swap_ratio,3,337,47064743.62654215,,19949704,43843.50051631,,3,2,0.0,0.0,0.0,0.0,,0,0,,,,43843.50051631,0.0,43843.50051631,3,-0.001106546572798298,0.0009319913632132152,0.0,0.0,0.0009324258021177871,0.0,0.0009324258021177871,3.062951248944401e-05,2,2,price=observed;tvl=observed;lp_amount=none,False
2024-05-25T22:00:00+00:00,1.1668316633516077e-05,1.1926730071679356e-05,1.1668316633516077e-05,1.1926730071679356e-05,1.1890508301291882e-05,WETH,pool_swap_ratio,7,613,46931102.91926617,,19949981,163078.0609414,,7,4,0.0,0.0,0.0,0.0,,0,0,,,,14718.67683271,148359.38410869,-133640.70727597998,7,0.009799286842537596,-0.0028435468637375526,0.0,0.0,-0.002839507813670812,0.0,0.003464972894262876,0.0030462760270340006,2,2,price=observed;tvl=observed;lp_amount=none,False
2024-05-25T23:00:00+00:00,1.1952339254120178e-05,1.1952339254120178e-05,1.181942345626693e-05,1.1889260689726896e-05,1.1940081847371466e-05,WETH,pool_swap_ratio,5,721,46887587.71481989,,19950269,68970.66719772,,5,3,0.0,0.0,0.0,0.0,,0,0,,,,12727.731375719999,56242.935822,-43515.20444628,5,-0.003146576033137443,-0.0009276447426981958,0.0,0.0,-0.0009272146133266372,0.0,0.0014696153064283973,-0.00425634918539175,2,2,price=observed;tvl=observed;lp_amount=none,False
2024-05-26T00:00:00+00:00,1.1884163277961518e-05,1.192420910306629e-05,1.1567276480204387e-05,1.192420910306629e-05,1.182372979079099e-05,WETH,pool_swap_ratio,11,97,46959601.39452511,,19950619,96494.67888872,,11,5,0.0,0.0,0.0,0.0,,0,0,,,,84254.17929696999,12240.499591749998,72013.67970521998,10,0.002935182376561964,0.001534701135392269,0.0,0.0,0.00153587939186,0.0,0.0020580004984607184,0.008498106270456107,2,2,price=observed;tvl=observed;lp_amount=none,False
2024-05-26T01:00:00+00:00,1.1851723740199226e-05,1.1925921665741752e-05,1.1851723740199226e-05,1.1925921665741752e-05,1.188027082245363e-05,WETH,pool_swap_ratio,2,205,46961192.67058115,,19950909,6903.123943959999,,2,2,0.0,0.0,0.0,0.0,,0,0,,,,4247.2,2655.92394396,1591.2760560399997,2,0.00014361033866060977,3.3885489832686556e-05,0.0,0.0,3.3886063952525845e-05,0.0,0.00014700133176098073,0.003842575979146945,2,2,price=observed;tvl=observed;lp_amount=none,False
2024-05-26T02:00:00+00:00,1.183882926067533e-05,1.1880784204471891e-05,1.1724210627967531e-05,1.1724210627967531e-05,1.178620637463498e-05,WETH,pool_swap_ratio,8,625,47218840.72933717,,19951174,257648.05875602,,8,4,0.0,0.0,0.0,0.0,,0,0,,,,257648.05875602,0.0,257648.05875602,8,-0.017058334094334056,0.005471408157486242,0.0,0.0,0.005486403647440234,0.0,0.005486403647440234,-0.005260025549940317,2,2,price=observed;tvl=observed;lp_amount=none,False
2024-05-26T03:00:00+00:00,1.1787436842515302e-05,1.1792444228888099e-05,1.1696953633695582e-05,1.1696953633695582e-05,1.17190214938339e-05,WETH,pool_swap_ratio,9,25,47029654.30700647,,19951522,70551.37026915,,9,4,0.0,222234.90635269,-222234.90635269,222234.90635269,0.0,0,1,,,1.0,54175.33431002,243361.75664072,-189186.4223307,10,-0.0023275535129543765,-0.004014635487930312,-0.004706487980646568,0.004706487980646568,-0.004006587612244323,0.004706487980646568,0.0014941360096821748,-0.0018830804389197153,2,2,price=observed;tvl=observed;lp_amount=quantified,False
2024-05-26T04:00:00+00:00,1.177972313531246e-05,1.1810275294651245e-05,1.1622062284657956e-05,1.1700666920362385e-05,1.1779211740652755e-05,WETH,pool_swap_ratio,7,373,47514762.41840692,,19951791,129732.23732709,,7,5,560687.50226554,0.0,560687.50226554,560687.50226554,0.0,1,0,,,,587763.9254965399,102655.81409609,485108.1114004499,8,0.0003174072072329054,0.01026210506035874,0.011921999226390418,0.011921999226390418,0.010314941041958256,0.0,0.0027585199006611135,-0.006668087985827964,2,2,price=observed;tvl=observed;lp_amount=quantified,False
2024-05-26T05:00:00+00:00,1.1742546879900538e-05,1.1793683064316384e-05,1.1668206967222787e-05,1.1668206967222787e-05,1.1731028767330615e-05,WETH,pool_swap_ratio,10,241,46690485.46528247,,19952099,36949.78426769,,10,4,9525203.13024369,10385145.77479394,-859942.644550249,19910348.90503763,0.956809262928955,1,2,,,1.0,9561942.8876912,10386219.84081565,-824276.9531244505,13,-0.0027780520509244878,-0.017500043954562117,-0.01809843090401548,0.4190350091559016,-0.017347807526974623,0.21856672002995853,0.0007776485114734761,-0.005355182512447598,2,2,price=observed;tvl=observed;lp_amount=quantified,False
2024-05-26T06:00:00+00:00,1.1718649618183116e-05,1.173530152930905e-05,1.1634547001383212e-05,1.17130277225356e-05,1.1652293056070877e-05,WETH,pool_swap_ratio,8,769,46825784.2759037,,19952353,519305.75379283004,,8,4,0.0,0.0,0.0,0.0,,0,0,,,,327302.28220703,192003.47158580003,135298.81062122996,8,0.0038339130340030716,0.002893590717399537,0.0,0.0,0.0028977811918840246,0.0,0.011122303583220803,0.0052122501701996615,2,2,price=observed;tvl=observed;lp_amount=none,False
2024-05-26T07:00:00+00:00,1.173208126861982e-05,1.2106524827702231e-05,1.1691636840899379e-05,1.1921571494835493e-05,1.1781718461216245e-05,WETH,pool_swap_ratio,7,1213,46749746.69256582,,19952616,118986.8129993,,7,4,0.0,0.0,0.0,0.0,,0,0,,,,21474.61483071,97512.19816859,-76037.58333788,7,0.017647786859926358,-0.0016251598956787208,0.0,0.0,-0.0016238400384253368,0.0,0.002541053285903638,0.011870342520883037,2,2,price=observed;tvl=observed;lp_amount=none,False
2024-05-26T08:00:00+00:00,1.167827107379729e-05,1.167827107379729e-05,1.1398826528576599e-05,1.1477180670785656e-05,1.1630124106035257e-05,WETH,pool_swap_ratio,6,961,46912628.46025213,,19952935,178587.84061047,,6,4,0.0,0.0,0.0,0.0,,0,0,,,,170734.80414839002,7853.03646208,162881.76768631002,6,-0.03798871520085041,0.003478065372954425,0.0,0.0,0.0034841208607492113,0.0,0.0038200814602246643,-0.013150627960215266,2,2,price=observed;tvl=observed;lp_amount=none,False
2024-05-26T09:00:00+00:00,1.159084969912904e-05,1.159084969912904e-05,1.154064215331014e-05,1.154064215331014e-05,1.1571512898810591e-05,WETH,pool_swap_ratio,4,1309,47049959.125444986,,19953206,137330.66519286,,4,3,0.0,0.0,0.0,0.0,,0,0,,,,137330.66519286,0.0,137330.66519286,4,0.005514130837507225,0.0029230945316941156,0.0,0.0,0.002927370938279802,0.0,0.002927370938279802,-0.0026678227618468497,2,2,price=observed;tvl=observed;lp_amount=none,False
2024-05-26T10:00:00+00:00,1.1533878852516472e-05,1.1595944733426926e-05,1.148580912642872e-05,1.1520298751759933e-05,1.1523652098362465e-05,WETH,pool_swap_ratio,5,625,46973581.76608112,,19953563,36989.575267370004,,5,5,0.0,0.0,0.0,0.0,,0,1,,,1.0,36839.20024917,113216.55961304,-76377.35936387,6,-0.0017643171552326616,-0.0016246436890015178,0.0,0.0,-0.001623324669852147,0.0,0.0007861765653982419,-0.0002909968622715198,2,2,price=observed;tvl=observed;lp_amount=quantified,False
2024-05-26T11:00:00+00:00,1.1516903839371617e-05,1.1516903839371617e-05,1.1461018764607792e-05,1.1461018764607792e-05,1.1486886377603143e-05,WETH,pool_swap_ratio,4,541,47091890.12333112,,19953867,118308.35725,,4,2,0.0,0.0,0.0,0.0,,0,0,,,,118308.35725,0.0,118308.35725,4,-0.005158983473291338,0.0025154483841193336,0.0,0.0,0.0025186147788165605,0.0,0.0025186147788165605,-0.0022519255562400975,2,2,price=observed;tvl=observed;lp_amount=none,False
2024-05-26T12:00:00+00:00,1.1407477975849592e-05,1.151060722523002e-05,1.1304904913575371e-05,1.1398273355075063e-05,1.1428112960351518e-05,WETH,pool_swap_ratio,11,109,47211527.051353455,,19954200,133167.71693822,,11,5,0.0,0.0,0.0,0.0,,0,0,,,,126402.32248028,6765.39445794,119636.92802234,11,-0.005489720922607039,0.002537277986093057,0.0,0.0,0.002540499600016422,0.0,0.0028278269695580474,-0.002611070207302002,2,2,price=observed;tvl=observed;lp_amount=none,False
2024-05-26T13:00:00+00:00,1.1386436792038268e-05,1.1386436792038268e-05,1.106923296610509e-05,1.1365676360962955e-05,1.1298185749673717e-05,WETH,pool_swap_ratio,8,37,47280282.43335521,,19954501,99955.33324654002,,8,5,0.0,0.0,0.0,0.0,,0,0,,,,84355.46520578001,15600.08320403,68755.38200175001,7,-0.0028639156911527573,0.001455266747687128,0.0,0.0,0.0014563261621883706,0.0,0.002117180686356861,0.005973579544944707,2,2,price=observed;tvl=observed;lp_amount=none,False
2024-05-26T14:00:00+00:00,1.1434345438663172e-05,1.1434345438663172e-05,1.1237228682328043e-05,1.1237228682328043e-05,1.1364753405355975e-05,WETH,pool_swap_ratio,10,121,47336314.6032264,,19954793,166863.12488768998,,10,7,0.0,0.0,0.0,0.0,,0,0,,,,111447.64737944001,55415.47750825,56032.16987119001,10,-0.011365712603667769,0.001184404812186553,0.0,0.0,0.0011851064965648457,0.0,0.003529232828143422,-0.011221072598709747,2,2,price=observed;tvl=observed;lp_amount=none,False
2024-05-26T15:00:00+00:00,1.1329565116261865e-05,1.1405137784225947e-05,1.1323544186848468e-05,1.1405137784225947e-05,1.137958993672413e-05,WETH,pool_swap_ratio,4,1021,47299932.79181293,,19955018,101881.81141346999,,4,2,0.0,0.0,0.0,0.0,,0,0,,,,32750.0,69131.81141347,-36381.81141347,4,0.014831681147027223,-0.0007688769199381302,0.0,0.0,-0.0007685814098208282,0.0,0.0021522970739789237,0.0022450587098370445,2,2,price=observed;tvl=observed;lp_amount=none,False
2024-05-26T16:00:00+00:00,1.1325103354764464e-05,1.1360910930082028e-05,1.129053379760951e-05,1.1360910930082028e-05,1.1325253821130135e-05,WETH,pool_swap_ratio,5,301,47411728.75070434,,19955376,141617.69542401,,5,4,0.0,0.0,0.0,0.0,,0,0,,,,126706.82715771,14910.8682663,111795.95889141,5,-0.0038853391149054036,0.0023607654853172026,0.0,0.0,0.002363554286291937,0.0,0.0029940358699309267,0.003148460027038391,2,2,price=observed;tvl=observed;lp_amount=none,False
2024-05-26T17:00:00+00:00,1.1294266584357546e-05,1.1369460542260151e-05,1.1145757258245148e-05,1.1296754017172538e-05,1.1338923729503335e-05,WETH,pool_swap_ratio,10,217,47359591.92174832,,19955683,116392.32231392,,10,5,0.0,0.0,0.0,0.0,,0,0,,,,32127.74667895,84264.57563497001,-52136.82895602001,10,-0.00566316825021327,-0.0011002660688013942,0.0,0.0,-0.0010996609980235212,0.0,0.0024549267740461983,-0.003719022487211232,2,2,price=observed;tvl=observed;lp_amount=none,False
2024-05-26T18:00:00+00:00,1.131903061990142e-05,1.1430556487306713e-05,1.1267444871331314e-05,1.1267444871331314e-05,1.139899910458482e-05,WETH,pool_swap_ratio,9,397,47270124.85684819,,19955966,115025.09267963,,9,4,0.0,0.0,0.0,0.0,,0,0,,,,12779.01388975,102246.07878988002,-89467.06490013002,9,-0.002597846479684629,-0.0018908878648889395,0.0,0.0,-0.0018891012626957465,0.0,0.002428760215452966,-0.01154085828470608,2,2,price=observed;tvl=observed;lp_amount=none,False
2024-05-26T19:00:00+00:00,1.1314166611448554e-05,1.1368195864226129e-05,1.1182829035163079e-05,1.1182829035163079e-05,1.1342676022200527e-05,WETH,pool_swap_ratio,8,1,47353372.94470486,,19956298,84602.81179934999,,8,4,0.0,0.0,0.0,0.0,,0,0,,,,83925.44982801001,677.36197134,83248.08785667001,8,-0.007538102848756612,0.0017595652511123363,0.0,0.0,0.0017611141944045357,0.0,0.0017897733939895293,-0.014092528670005766,2,2,price=observed;tvl=observed;lp_amount=none,False
2024-05-26T20:00:00+00:00,1.1125050124524495e-05,1.1320237137334476e-05,1.0521556723747848e-05,1.1143234703969135e-05,1.1150841904057357e-05,WETH,pool_swap_ratio,12,73,47480790.61750719,,19956590,190860.33835116998,,12,6,0.0,0.0,0.0,0.0,,0,0,,,,159139.00557675,31721.332774419996,127417.67280233001,11,-0.003546919256948292,0.0026871697854129735,0.0,0.0,0.0026907834622703066,0.0,0.004030554245291884,-0.0006822085860130889,2,2,price=observed;tvl=observed;lp_amount=none,False
2024-05-26T21:00:00+00:00,1.125134128029347e-05,1.1336691915754861e-05,1.0819046885101596e-05,1.1267621596048783e-05,1.1225903900885061e-05,WETH,pool_swap_ratio,11,121,47469790.19483769,,19956883,187577.57293638002,,11,7,0.0,0.0,0.0,0.0,,0,0,,,,88288.57513344,99288.99780294,-11000.422669499996,11,0.011100706525161083,-0.00023170838186776263,0.0,0.0,-0.00023168153955389074,0.0,0.003950599189627145,0.0037161992060552596,2,2,price=observed;tvl=observed;lp_amount=none,False
2024-05-26T22:00:00+00:00,1.1355525882905553e-05,1.1483090828186233e-05,1.1301789928788046e-05,1.1483090828186233e-05,1.1409657434806294e-05,WETH,pool_swap_ratio,16,265,47137579.40103592,,19957169,361863.50780261,,16,5,1451442.77057929,1451384.65103238,58.119546910049394,2902827.4216116704,0.9999799782975461,1,1,,,1.0,1466269.1275797102,1798479.9213814798,-332210.7938017696,18,0.018942323283724482,-0.007022965772387372,1.2243480889951322e-06,0.06115104806019031,-0.006998362378224653,0.030574911856050657,0.007623027325744583,0.006436073457904534,2,2,price=observed;tvl=observed;lp_amount=quantified,False
2024-05-26T23:00:00+00:00,1.1419360201587426e-05,1.1419360201587426e-05,1.1382471742999186e-05,1.1408547669528951e-05,1.1414986698621252e-05,WETH,pool_swap_ratio,4,121,47175990.52616462,,19957479,43873.90411128,,4,2,10340.72778133,13962.91492714,-3622.1871458099995,24303.64270847,0.8509611423579874,1,1,,,1.0,53336.088090720004,14924.962962020001,38411.125128700005,6,-0.006512720541767046,0.0008145408403498252,-7.684287551113404e-05,0.0005155895363590921,0.0008148726688298267,0.00029621620593511306,0.0009307627729037737,-0.000564085553693916,2,2,price=observed;tvl=observed;lp_amount=quantified,False
2024-05-27T00:00:00+00:00,1.1487311865713926e-05,1.1517419220071722e-05,1.1298137705348322e-05,1.1298137705348322e-05,1.1490407098134478e-05,WETH,pool_swap_ratio,9,349,47074055.17271095,,19957758,168082.37268713,,9,4,0.0,0.0,0.0,0.0,,0,0,,,,33073.50961673,135008.86307040002,-101935.35345367002,9,-0.009724962716841513,-0.0021630842180188205,0.0,0.0,-0.0021607464372610237,0.0,0.003562879566755649,-0.016733035752699466,2,2,price=observed;tvl=observed;lp_amount=none,False
2024-05-27T01:00:00+00:00,1.1427082218714119e-05,1.1527423198565211e-05,1.1427082218714119e-05,1.1454224722752152e-05,1.1479325102293998e-05,WETH,pool_swap_ratio,4,13,47120381.196423374,,19958082,223673.97628758,,4,4,0.0,0.0,0.0,0.0,,0,0,,,,135000.0,88673.97628758001,46326.02371241999,4,0.013720726066381679,0.0009836255565242608,0.0,0.0,0.0009841094747935675,0.0,0.004751534055584081,-0.002186572757385319,2,2,price=observed;tvl=observed;lp_amount=none,False
2024-05-27T02:00:00+00:00,1.1350514768844797e-05,1.15751632184109e-05,1.1350514768844797e-05,1.1474005163181035e-05,1.1483116387470135e-05,WETH,pool_swap_ratio,11,601,47252191.69888065,,19958330,656396.41810084,,11,9,0.0,0.0,0.0,0.0,,0,0,,,,394103.46027906,262292.95782178,131810.50245728,11,0.001725422802774166,0.0027934088077631036,0.0,0.0,0.002797314009575223,0.0,0.013930201781785735,-0.0007934452618665322,2,2,price=observed;tvl=observed;lp_amount=none,False
2024-05-27T03:00:00+00:00,1.1354171681084718e-05,1.1366839861206828e-05,1.133848856224569e-05,1.133848856224569e-05,1.1353222281520596e-05,WETH,pool_swap_ratio,5,349,47320530.65374162,,19958650,68338.95486097,,5,2,0.0,0.0,0.0,0.0,,0,0,,,,68338.95486097,0.0,68338.95486097,5,-0.01188105050525723,0.00144521517527693,0.0,0.0,0.0014462600020008992,0.0,0.0014462600020008992,-0.0012977566112563066,2,2,price=observed;tvl=observed;lp_amount=none,False
2024-05-27T04:00:00+00:00,1.1330667940709827e-05,1.1332950786087439e-05,1.1312088503551252e-05,1.1312088503551252e-05,1.132421299495636e-05,WETH,pool_swap_ratio,5,373,47376582.06800107,,19958948,56051.41425945,,5,3,0.0,0.0,0.0,0.0,,0,0,,,,56051.41425945001,0.0,56051.41425945001,5,-0.002331072676193243,0.0011838042194588746,0.0,0.0,0.0011845051922514322,0.0,0.001184505192251432,-0.0010706696713059793,2,2,price=observed;tvl=observed;lp_amount=none,False
2024-05-27T05:00:00+00:00,1.1295164581501377e-05,1.1320027048753892e-05,1.118546462694455e-05,1.1243575951842978e-05,1.1243587187448465e-05,WETH,pool_swap_ratio,9,781,47671663.846675165,,19959213,308363.20505776,,9,3,0.0,0.0,0.0,0.0,,0,0,,,,301722.49186593003,6640.71319183,295081.77867410006,9,-0.006074993937901987,0.006209114620903768,0.0,0.0,0.006228431131873551,0.0,0.006508768501179692,-9.992901108812902e-07,2,2,price=observed;tvl=observed;lp_amount=none,False
2024-05-27T06:00:00+00:00,1.1130708108394434e-05,1.1328071919226609e-05,1.1099078587549882e-05,1.1099078587549882e-05,1.1134694266873902e-05,WETH,pool_swap_ratio,5,517,47786830.7635724,,19959532,174758.44025035,,5,4,0.0,0.0,0.0,0.0,,0,0,,,,144962.67857379,29795.76167656,115166.91689723001,5,-0.012934844307741864,0.0024129224590116443,0.0,0.0,0.0024158358992385424,0.0,0.0036658766686310743,-0.003198622114841343,2,2,price=observed;tvl=observed;lp_amount=none,False
2024-05-27T07:00:00+00:00,1.122192052921047e-05,1.122192052921047e-05,1.0972123909775054e-05,1.111845121476576e-05,1.0992927440113822e-05,WETH,pool_swap_ratio,4,2245,47853431.75085286,,19959687,585991.01271954,,4,4,0.0,0.0,0.0,0.0,,0,0,,,,326296.0,259695.01271954,66600.98728045999,4,0.0017439051323820632,0.0013927397582380965,0.0,0.0,0.0013937100706671994,0.0,0.01226260464140755,0.011418593940127009,2,2,price=observed;tvl=observed;lp_amount=none,False
2024-05-27T08:00:00+00:00,1.1142587744854158e-05,1.1232195345778692e-05,1.1091966856096342e-05,1.1232195345778692e-05,1.118715999970542e-05,WETH,pool_swap_ratio,5,805,47622427.61516281,,19960105,261926.13569005,,5,3,0.0,0.0,0.0,0.0,,0,0,,,,15461.0,246465.13569005,-231004.13569005,5,0.010178239153971357,-0.004839015600200108,0.0,0.0,-0.004827326426509275,0.0,0.005473507878259574,0.004025628137477089,2,2,price=observed;tvl=observed;lp_amount=none,False
2024-05-27T09:00:00+00:00,1.1285493942858796e-05,1.1313181073100366e-05,1.1228135759977792e-05,1.1313181073100366e-05,1.1288302099656227e-05,WETH,pool_swap_ratio,3,2053,47468633.21595651,,19960300,239565.89740834,,3,3,0.0,0.0,0.0,0.0,,0,0,,,,42885.74910102,196680.14830732,-153794.39920629998,3,0.007184273542244119,-0.0032346790951722406,0.0,0.0,-0.0032294531570106768,0.0,0.005030526779194748,0.0022039606332733275,2,2,price=observed;tvl=observed;lp_amount=none,False
2024-05-27T10:00:00+00:00,1.1270968265537624e-05,1.1270968265537624e-05,1.1257542398129507e-05,1.1257542398129507e-05,1.126441736771341e-05,WETH,pool_swap_ratio,4,13,47503020.96312973,,19960769,34387.74717322,,4,3,0.0,0.0,0.0,0.0,,0,0,,,,34387.74717322,0.0,34387.74717322,4,-0.004930173172400694,0.000724168679028672,0.0,0.0,0.0007244309524728554,0.0,0.0007244309524728554,-0.0006103262476413462,2,2,price=observed;tvl=observed;lp_amount=none,False
2024-05-27T11:00:00+00:00,1.1107210202743241e-05,1.1236581593370896e-05,1.1107210202743241e-05,1.1213755169562074e-05,1.1233943709048441e-05,WETH,pool_swap_ratio,3,1813,47594439.963741384,,19960919,91419.00061166,,3,2,0.0,0.0,0.0,0.0,,0,0,,,,91419.00061166,0.0,91419.00061166,3,-0.003897174504982547,0.001922638688389821,0.0,0.0,0.0019244881432407509,0.0,0.0019244881432407509,-0.0017971017132751843,2,2,price=observed;tvl=observed;lp_amount=none,False
2024-05-27T12:00:00+00:00,1.1185451193256018e-05,1.129625408525217e-05,1.1185451193256018e-05,1.129625408525217e-05,1.1219904977098619e-05,WETH,pool_swap_ratio,6,253,47613912.59605891,,19961347,37572.5810222,,6,3,0.0,0.0,0.0,0.0,,0,0,,,,28522.60666986,9049.97435234,19472.63231752,6,0.007330008987389342,0.0004090530308633444,0.0,0.0,0.0004091367044628476,0.0,0.000789432149024628,0.006804790977231079,2,2,price=observed;tvl=observed;lp_amount=none,False
2024-05-27T13:00:00+00:00,1.1128086901098624e-05,1.1475122350969275e-05,1.0914470568638393e-05,1.1475122350969275e-05,1.1282781413820714e-05,WETH,pool_swap_ratio,9,49,47400763.84031475,,19961657,293227.988168,,9,4,0.0,0.0,0.0,0.0,,0,0,,,,40039.61621192,253188.37195608002,-213148.75574416004,9,0.01571024440288333,-0.00448665661552545,0.0,0.0,-0.004476606607662037,0.0,0.006158451851156441,0.017047298010484768,2,2,price=observed;tvl=observed;lp_amount=none,False
2024-05-27T14:00:00+00:00,1.1372495748548194e-05,1.1397679735741104e-05,1.131529858906243e-05,1.1397679735741104e-05,1.1371872890564066e-05,WETH,pool_swap_ratio,6,37,47326407.10986136,,19961958,117690.87306711,,6,3,0.0,0.0,0.0,0.0,,0,0,,,,21667.07130686,96023.80176025,-74356.73045339,6,-0.0067716155511262895,-0.0015699137845954748,0.0,0.0,-0.0015686821145727819,0.0,0.0024828898003329838,0.0022693575126442322,2,2,price=observed;tvl=observed;lp_amount=none,False
2024-05-27T15:00:00+00:00,1.1400660884627878e-05,1.145498371292638e-05,1.1320780172725885e-05,1.1353339623406114e-05,1.1417350406478345e-05,WETH,pool_swap_ratio,9,97,47345535.462128974,,19962251,455996.52690305,,9,6,0.0,0.0,0.0,0.0,,0,0,,,,237562.43958533002,218434.08731772,19128.352267610026,9,-0.0038978621374731437,0.0004040976029063266,0.0,0.0,0.000404179261341482,0.0,0.009635139338689296,-0.005606448150694443,2,2,price=observed;tvl=observed;lp_amount=none,False
2024-05-27T16:00:00+00:00,1.1426857930947336e-05,1.1602214893562094e-05,1.1424635342975834e-05,1.1602214893562094e-05,1.151010398253003e-05,WETH,pool_swap_ratio,6,133,46863801.70944668,,19962546,481733.75268229004,,6,5,0.0,0.0,0.0,0.0,,0,0,,,,0.0,481733.75268229004,-481733.75268229004,6,0.021684078390946385,-0.010226968279037105,0.0,0.0,-0.01017485065867767,0.0,0.01017485065867767,0.00800261328410845,2,2,price=observed;tvl=observed;lp_amount=none,False
2024-05-27T17:00:00+00:00,1.1547240483546862e-05,1.1547240483546862e-05,1.1525227294021336e-05,1.1525227294021336e-05,1.1534925695636266e-05,WETH,pool_swap_ratio,2,1681,46954592.70944668,,19962715,90791.0,,2,2,0.0,0.0,0.0,0.0,,0,0,,,,90791.0,0.0,90791.0,2,-0.0066577084737328655,0.001935463272515214,0.0,0.0,0.001937337490519865,0.0,0.001937337490519865,-0.0008407857901154836,2,2,price=observed;tvl=observed;lp_amount=none,False
2024-05-27T18:00:00+00:00,1.1452791713342241e-05,1.1579867680823078e-05,1.1452791713342241e-05,1.1495084151803472e-05,1.1491839621688865e-05,WETH,pool_swap_ratio,5,301,46933245.03059839,,19963127,526556.01218161,,5,5,0.0,0.0,0.0,0.0,,0,0,,,,252604.16666666,273951.84551495,-21347.67884829,5,-0.002618831592813717,-0.00045474855380706666,0.0,0.0,-0.0004546451713549868,0.0,0.011214153542762461,0.00028233339668992663,2,2,price=observed;tvl=observed;lp_amount=none,False
2024-05-27T19:00:00+00:00,1.1517415973356904e-05,1.1575108552293238e-05,1.1414319815166669e-05,1.1414319815166669e-05,1.1536370129894574e-05,WETH,pool_swap_ratio,6,169,46964236.297200926,,19963436,256386.19235556002,,6,4,0.0,0.0,0.0,0.0,,0,0,,,,143688.72947905,112697.46287651,30991.266602539996,6,-0.007050787645414678,0.0006601086054631039,0.0,0.0,0.0006603265250961247,0.0,0.005462784262805771,-0.010579611554906054,2,2,price=observed;tvl=observed;lp_amount=none,False
2024-05-27T20:00:00+00:00,1.1611363954923472e-05,1.1809719697235164e-05,1.1570346371025194e-05,1.1734119057814553e-05,1.1707135502590754e-05,WETH,pool_swap_ratio,7,301,46567203.54713935,,19963725,656747.73821934,,7,7,0.0,0.0,0.0,0.0,,0,0,,,,129857.49407888,526890.24414046,-397032.75006158004,7,0.027632065574536856,-0.008489875393689486,0.0,0.0,-0.00845393817433891,0.0,0.013983996973000543,0.0023048810887877913,2,2,price=observed;tvl=observed;lp_amount=none,False
2024-05-27T21:00:00+00:00,1.1700102547761201e-05,1.1774766983688859e-05,1.1444105634947739e-05,1.1703443798211247e-05,1.1710849754471549e-05,WETH,pool_swap_ratio,8,109,46565920.183984496,,19964040,70623.73304553001,,8,6,0.0,0.0,0.0,0.0,,0,0,,,,34670.18494534,35953.548100190004,-1283.3631548500052,8,-0.002617616627385591,-2.755975754961123e-05,0.0,0.0,-2.7559377782925577e-05,0.0,0.0015165981133919404,-0.0006324012702386694,2,2,price=observed;tvl=observed;lp_amount=none,False
2024-05-27T22:00:00+00:00,1.1699731753842791e-05,1.1752183806824564e-05,1.1638110493032498e-05,1.1705218450856277e-05,1.1714178638288439e-05,WETH,pool_swap_ratio,6,517,46566597.13417282,,19964304,237786.11388384,,6,3,0.0,0.0,0.0,0.0,,0,0,,,,119231.53203608,118554.58184776001,676.9501883199846,6,0.00015162358528190016,1.453735403774481e-05,0.0,0.0,1.4537459705409393e-05,0.0,0.005106440782107044,-0.0007649010407674295,2,2,price=observed;tvl=observed;lp_amount=none,False
2024-05-27T23:00:00+00:00,1.1872936923251004e-05,1.1872936923251004e-05,1.1369998419184638e-05,1.1546142274115843e-05,1.1787113761636193e-05,WETH,pool_swap_ratio,7,1009,46692380.76726186,,19964560,1104891.37599428,,7,6,0.0,0.0,0.0,0.0,,0,0,,,,615337.5045416601,489553.87145261996,125783.63308904012,7,-0.013683384870843442,0.0026975142166987005,0.0,0.0,0.002701155781828301,0.0,0.023727122959204965,-0.020443638060459346,2,2,price=observed;tvl=observed;lp_amount=none,False
2024-05-28T00:00:00+00:00,1.1736323276131581e-05,1.1789349748958865e-05,1.1581803018634513e-05,1.1676844850402056e-05,1.1669875069804812e-05,WETH,pool_swap_ratio,20,169,46701605.91754909,,19964928,1714139.1868949702,,20,7,0.0,0.0,0.0,0.0,,0,0,,,,861682.1685911001,852457.01830387,9225.15028723015,20,0.011256429301043999,0.00019755341097831602,0.0,0.0,0.00019757292593866447,0.0,0.03671132546098036,0.0005972455193867798,2,2,price=observed;tvl=observed;lp_amount=none,False
2024-05-28T01:00:00+00:00,1.1734735854462211e-05,1.1818078565744367e-05,1.1651182326600252e-05,1.1651182326600252e-05,1.1722831001067467e-05,WETH,pool_swap_ratio,8,37,46694864.422004454,,19965237,525144.59415869,,8,4,0.0,0.0,0.0,0.0,,0,0,,,,259201.54930702999,265943.04485166003,-6741.495544630045,8,-0.0022001461125721834,-0.00014436296215126048,0.0,0.0,-0.00014435254232010873,0.0,0.011244679574527352,-0.006111891782854428,2,2,price=observed;tvl=observed;lp_amount=none,False
2024-05-28T02:00:00+00:00,1.1631151456644319e-05,1.1734933283287786e-05,1.1513205335860643e-05,1.157977699864894e-05,1.160145205357711e-05,WETH,pool_swap_ratio,19,157,46608456.83090347,,19965526,904565.17114091,,19,7,0.0,0.0,0.0,0.0,,0,0,,,,409078.79001995997,495486.38112095004,-86407.59110099007,19,-0.006147447621541716,-0.0018521873528861807,0.0,0.0,-0.0018504731124194338,0.0,0.019371834190713345,-0.001868305349026378,2,2,price=observed;tvl=observed;lp_amount=none,False
2024-05-28T03:00:00+00:00,1.1680913630367682e-05,1.1700638824258415e-05,1.1618866365014661e-05,1.1618866365014661e-05,1.1646951585126423e-05,WETH,pool_swap_ratio,4,121,46771010.77168668,,19965828,179647.02458863,,4,4,0.0,0.0,0.0,0.0,,0,0,,,,171100.48268592,8546.54190271,162553.94078320998,4,0.003369973213248806,0.003481581318787159,0.0,0.0,0.003487649062764711,0.0,0.0038543868817711227,-0.0024113794847080428,2,2,price=observed;tvl=observed;lp_amount=none,False
2024-05-28T04:00:00+00:00,1.1603483031525155e-05,1.1603483031525155e-05,1.1296690771496095e-05,1.1474184253550196e-05,1.1440082898110152e-05,WETH,pool_swap_ratio,13,85,47460424.916460335,,19966130,689414.1447736499,,13,6,0.0,0.0,0.0,0.0,,0,0,,,,689414.14477365,0.0,689414.14477365,13,-0.012530523311325469,0.014632621073291049,0.0,0.0,0.014740201962686555,0.0,0.014740201962686552,0.0029808661129262504,2,2,price=observed;tvl=observed;lp_amount=none,False
2024-05-28T05:00:00+00:00,1.1218159256520088e-05,1.1300610620320798e-05,1.1218159256520088e-05,1.1264706873350737e-05,1.1252753170155944e-05,WETH,pool_swap_ratio,4,2461,47516563.8620827,,19966231,520934.26737481,,4,4,0.0,0.0,0.0,0.0,,0,0,,,,288536.60649859003,232397.66087622,56138.945622370025,4,-0.018425111866256172,0.0011821590236158132,0.0,0.0,0.0011828580490205385,0.0,0.010976182119982207,0.0010622914245108639,2,2,price=observed;tvl=observed;lp_amount=none,False
2024-05-28T06:00:00+00:00,1.1255389781804306e-05,1.1345637773472527e-05,1.1247866191670398e-05,1.1317104294528528e-05,1.1300160305913404e-05,WETH,pool_swap_ratio,8,469,47472332.03885303,,19966694,392353.71653745,,8,5,0.0,0.0,0.0,0.0,,0,0,,,,174060.94665389002,218292.76988356002,-44231.82322967,8,0.004640683143071345,-0.0009313052016682917,0.0,0.0,-0.0009308716715723239,0.0,0.008257198851252388,0.0014994467473401496,2,2,price=observed;tvl=observed;lp_amount=none,False
2024-05-28T07:00:00+00:00,1.1274251632866348e-05,1.1347857404909107e-05,1.1203711325970758e-05,1.1347857404909107e-05,1.1252199271287783e-05,WETH,pool_swap_ratio,4,1009,47408956.729654044,,19966948,627375.30919898,,4,3,0.0,0.0,0.0,0.0,,0,0,,,,282000.0,345375.30919898,-63375.30919897999,4,0.002713715528064954,-0.0013358865472102752,0.0,0.0,-0.0013349946479796148,0.0,0.013215599113300648,0.008501283288273598,2,2,price=observed;tvl=observed;lp_amount=none,False
2024-05-28T08:00:00+00:00,1.1303694328026635e-05,1.1303694328026635e-05,1.1240920966141566e-05,1.1286155338199535e-05,1.1259800062040076e-05,WETH,pool_swap_ratio,3,181,47515381.211378254,,19967314,419027.19949435,,3,3,0.0,0.0,0.0,0.0,,0,0,,,,262725.84060928004,156301.35888507,106424.48172421005,3,-0.005452167961271696,0.0022423022087645537,0.0,0.0,0.002244818048435184,0.0,0.008838566136011401,0.00234065223309865,2,2,price=observed;tvl=observed;lp_amount=none,False
2024-05-28T09:00:00+00:00,1.1326769564232026e-05,1.1361456272293155e-05,1.1326769564232026e-05,1.1361456272293155e-05,1.1354761684916679e-05,WETH,pool_swap_ratio,3,493,47389517.700928584,,19967586,125863.51044967,,3,3,0.0,0.0,0.0,0.0,,0,0,,,,0.0,125863.51044967,-125863.51044967,3,0.006649814812499087,-0.002652414905507441,0.0,0.0,-0.0026489003611220134,0.0,0.0026489003611220134,0.0005895841376721833,2,2,price=observed;tvl=observed;lp_amount=none,False
2024-05-28T10:00:00+00:00,1.1406569845647227e-05,1.1525308670016556e-05,1.1406569845647227e-05,1.1525308670016556e-05,1.1474431612238277e-05,WETH,pool_swap_ratio,3,2305,47014579.46654167,,19967735,374938.23438692,,3,3,0.0,0.0,0.0,0.0,,0,0,,,,0.0,374938.23438692,-374938.23438692,3,0.014318773111381519,-0.007943303671391084,0.0,0.0,-0.007911839001045019,0.0,0.007911839001045019,0.004433950150874111,2,2,price=observed;tvl=observed;lp_amount=none,False
2024-05-28T11:00:00+00:00,1.138412291549858e-05,1.1601298642545226e-05,1.138412291549858e-05,1.153415807182816e-05,1.1522291137040378e-05,WETH,pool_swap_ratio,9,265,46976229.69404018,,19968203,764722.76509411,,9,7,0.0,0.0,0.0,0.0,,0,0,,,,363186.49629631,401536.2687978,-38349.77250149002,9,0.0007675287850415426,-0.0008160324391737762,0.0,0.0,-0.000815699575251587,0.0,0.01626565150153755,0.0010299110347624651,2,2,price=observed;tvl=observed;lp_amount=none,False
2024-05-28T12:00:00+00:00,1.160664161368688e-05,1.1700268662098226e-05,1.1460457397418196e-05,1.1541098587801446e-05,1.1587669241450902e-05,WETH,pool_swap_ratio,9,37,46912889.854475625,,19968519,209177.95114902,,9,5,0.0,0.0,0.0,0.0,,0,0,,,,72919.05579222999,136258.89535679,-63339.839564559996,9,0.0006015548416173769,-0.0013492479102617857,0.0,0.0,-0.001348338084539719,0.0,0.004452846737837672,-0.004018983686802646,2,2,price=observed;tvl=observed;lp_amount=none,False
2024-05-28T13:00:00+00:00,1.1512708938150117e-05,1.1739367192517529e-05,1.1486648993526305e-05,1.1739367192517529e-05,1.153652148764436e-05,WETH,pool_swap_ratio,7,145,46954177.409735695,,19968808,176630.93380833,,7,5,0.0,0.0,0.0,0.0,,0,0,,,,108959.2445342,67671.68927413001,41287.55526006999,7,0.01703345631876218,0.0008797027354968278,0.0,0.0,0.0008800897874367686,0.0,0.0037650832075414964,0.017582917440964962,2,2,price=observed;tvl=observed;lp_amount=none,False
2024-05-28T14:00:00+00:00,1.1591546098787576e-05,1.1729344127475545e-05,1.141637612232513e-05,1.1476402701083996e-05,1.167478265506634e-05,WETH,pool_swap_ratio,11,937,46723047.95161928,,19969041,582728.62379825,,11,7,0.0,0.0,0.0,0.0,,0,0,,,,175799.58284092002,406929.04095732997,-231129.45811640995,11,-0.022654922895519812,-0.004934602326886198,0.0,0.0,-0.004922447178650531,0.0,0.012410581037618697,-0.016992175344374028,2,2,price=observed;tvl=observed;lp_amount=none,False
2024-05-28T15:00:00+00:00,1.1588888088924842e-05,1.1801427787255934e-05,1.1588888088924842e-05,1.1704663942915605e-05,1.1687204224078102e-05,WETH,pool_swap_ratio,8,721,46712722.84857545,,19969358,978092.65550969,,8,6,0.0,0.0,0.0,0.0,,0,0,,,,483883.77623293,494208.87927676004,-10325.103043830022,8,0.019694401750639537,-0.00022100964111353039,0.0,0.0,-0.0002209852202818927,0.0,0.02093383669067318,0.001493917493247121,2,2,price=observed;tvl=observed;lp_amount=none,False
2024-05-28T16:00:00+00:00,1.1734557582800022e-05,1.1761814035450617e-05,1.161272771281405e-05,1.1643116274014214e-05,1.165993162448964e-05,WETH,pool_swap_ratio,7,1573,46705685.978382334,,19969585,614324.70852498,,7,5,0.0,0.0,0.0,0.0,,0,0,,,,303643.91916593,310680.78935905,-7036.870193119976,7,-0.00527226236483602,-0.0001506527523811708,0.0,0.0,-0.00015064140482520753,0.0,0.013151121815707097,-0.0014421482918568485,2,2,price=observed;tvl=observed;lp_amount=none,False
2024-05-28T17:00:00+00:00,1.173862257925479e-05,1.173862257925479e-05,1.1599121704936006e-05,1.1599121704936006e-05,1.173659607334493e-05,WETH,pool_swap_ratio,2,529,46596354.7173836,,19969971,112602.78470473,,2,2,0.0,0.0,0.0,0.0,,0,0,,,,1635.761853,110967.02285173,-109331.26099873,2,-0.003785747453562289,-0.002343599565987736,0.0,0.0,-0.0023408554806225055,0.0,0.002410900993015027,-0.011713308317830129,2,2,price=observed;tvl=observed;lp_amount=none,False
2024-05-28T18:00:00+00:00,1.1678938224147757e-05,1.1691507247499946e-05,1.1678938224147757e-05,1.1691507247499946e-05,1.169002119884412e-05,WETH,pool_swap_ratio,2,385,46611154.07013323,,19970282,19382.603296269997,,2,2,0.0,0.0,0.0,0.0,,0,0,,,,17090.97802295,2291.62527332,14799.35274963,2,0.007933321791846417,0.0003175570952709281,0.0,0.0,0.0003176075218628387,0.0,0.00041596823214668703,0.00012712112583446178,2,2,price=observed;tvl=observed;lp_amount=none,False
2024-05-28T19:00:00+00:00,1.1679970560701872e-05,1.1820933490511726e-05,1.15776155285815e-05,1.15776155285815e-05,1.177397778389641e-05,WETH,pool_swap_ratio,4,1561,46447154.73654856,,19970484,232188.86709145003,,4,3,0.0,0.0,0.0,0.0,,0,0,,,,34094.766753389995,198094.10033806,-163999.33358467,4,-0.009789163907184779,-0.003524661160753924,0.0,0.0,-0.003518456834128356,0.0,0.004981401377491925,-0.016677647853513,2,2,price=observed;tvl=observed;lp_amount=none,False
2024-05-28T20:00:00+00:00,1.1892064617785802e-05,1.2099955481158283e-05,1.1769643749939908e-05,1.199744561067111e-05,1.1973733214978226e-05,WETH,pool_swap_ratio,13,241,46001624.40190468,,19970890,629012.7015563,,13,7,0.0,0.0,0.0,0.0,,0,0,,,,91741.18345621001,537271.5181000901,-445530.3346438801,13,0.0356202233127328,-0.009638500107049404,0.0,0.0,-0.009592198643188343,0.0,0.013542545396464071,0.001980367799010452,2,2,price=observed;tvl=observed;lp_amount=none,False
2024-05-28T21:00:00+00:00,1.197547288636907e-05,1.2031941852119337e-05,1.1923284071791539e-05,1.1986432258953414e-05,1.1960282287062802e-05,WETH,pool_swap_ratio,6,721,46108165.0340871,,19971148,314013.5839323,,6,6,0.0,0.0,0.0,0.0,,0,0,,,,210277.10805736,103736.47587493999,106540.63218242,6,-0.000918396312028155,0.0023133410758593314,0.0,0.0,0.0023160189138453275,0.0,0.00682614120729394,0.0021864008944754154,2,2,price=observed;tvl=observed;lp_amount=none,False
2024-05-28T22:00:00+00:00,1.1935006455765618e-05,1.2017402259767681e-05,1.1804571061407257e-05,1.1928951873877962e-05,1.1967430685455834e-05,WETH,pool_swap_ratio,12,313,46164870.150633104,,19971478,249857.26269051,,12,5,0.0,0.0,0.0,0.0,,0,0,,,,153281.18961826,96576.07307225,56705.11654600999,12,-0.004806989128011702,0.0012290724710811434,0.0,0.0,0.0012298280901894213,0.0,0.005418937459467193,-0.0032152942924195127,2,2,price=observed;tvl=observed;lp_amount=none,False
2024-05-28T23:00:00+00:00,1.1888113634067558e-05,1.1962137829007398e-05,1.1643598239173206e-05,1.1914498933636395e-05,1.1830638344347345e-05,WETH,pool_swap_ratio,17,121,46288109.33755802,,19971790,869128.3145995298,,17,9,0.0,0.0,0.0,0.0,,0,0,,,,496183.75076222006,372944.5638373099,123239.18692491017,17,-0.0012123196535929822,0.0026659878481062834,0.0,0.0,0.0026695447538959464,0.0,0.01882661668415005,0.007088424719627895,2,2,price=observed;tvl=observed;lp_amount=none,False
2024-05-29T00:00:00+00:00,1.1843077111087367e-05,1.1924725623158153e-05,1.1830173852984453e-05,1.1830173852984453e-05,1.1867985483117167e-05,WETH,pool_swap_ratio,5,1717,46353567.87031499,,19971957,184720.61446007,,5,4,0.0,0.0,0.0,0.0,,0,0,,,,125089.57360852,59631.04085155,65458.53275697,5,-0.007102682434308686,0.001413155409600884,0.0,0.0,0.0014141543842201643,0.0,0.003990670975843645,-0.0031860192436621304,2,2,price=observed;tvl=observed;lp_amount=none,False
2024-05-29T01:00:00+00:00,1.1812464571173673e-05,1.1812464571173673e-05,1.173933972799829e-05,1.173933972799829e-05,1.1774985970411325e-05,WETH,pool_swap_ratio,7,937,46514234.83992914,,19972320,160666.96961415,,7,2,0.0,0.0,0.0,0.0,,0,0,,,,160666.96961415,0.0,160666.96961415,7,-0.007707802231884097,0.003460125581172081,0.0,0.0,0.0034661187260418363,0.0,0.0034661187260418363,-0.0030272853405182154,2,2,price=observed;tvl=observed;lp_amount=none,False
2024-05-29T02:00:00+00:00,1.1718627572087955e-05,1.1759003443491334e-05,1.1625555903465927e-05,1.1676217291043895e-05,1.1704503319335586e-05,WETH,pool_swap_ratio,10,829,46644035.12644724,,19972628,134086.07436568,,10,5,0.0,0.0,0.0,0.0,,0,0,,,,131943.18044189,2142.89392379,129800.2865181,10,-0.005391508714355849,0.0027866633968592256,0.0,0.0,0.0027905497524528928,0.0,0.002882689026856284,-0.0024166790781257053,2,2,price=observed;tvl=observed;lp_amount=none,False
2024-05-29T03:00:00+00:00,1.1577127530041445e-05,1.1759150639921514e-05,1.1577127530041445e-05,1.1684851568653909e-05,1.1728632590184327e-05,WETH,pool_swap_ratio,8,1153,46623749.24753044,,19972897,104594.14041472001,,8,4,0.0,0.0,0.0,0.0,,0,0,,,,42154.13074896,62440.00966576,-20285.8789168,8,0.0007392023074827024,-0.0004350029192361883,0.0,0.0,-0.0004349083191839438,0.0,0.0022423904821093615,-0.0037328325526249095,2,2,price=observed;tvl=observed;lp_amount=none,False
2024-05-29T04:00:00+00:00,1.1580765875367036e-05,1.1749645455107318e-05,1.1580765875367036e-05,1.1749645455107318e-05,1.1717730475563558e-05,WETH,pool_swap_ratio,4,1309,46597399.80914934,,19973183,123881.33415168,,4,3,0.0,0.0,0.0,0.0,,0,0,,,,48765.94788529,75115.38626639,-26349.438381100008,4,0.005529800916744083,-0.0005653103260248262,0.0,0.0,-0.000565150568248127,0.0,0.002657043591539171,0.0027236485435737645,2,2,price=observed;tvl=observed;lp_amount=none,False
2024-05-29T05:00:00+00:00,1.1695882123993187e-05,1.1892202991257227e-05,1.1520030846537277e-05,1.1844933728442708e-05,1.1789891422666224e-05,WETH,pool_swap_ratio,15,13,46306007.71292319,,19973587,929947.75964109,,15,8,108406.94606226,264909.07729142,-156502.13122916,373316.02335368004,0.580778425144399,1,1,,,1.0,506171.30295988003,797563.3991860299,-291392.0962261499,17,0.008077176596397926,-0.006273032594683135,-0.0033586022368233305,0.00801152049004202,-0.006253398202895764,0.005685061363432675,0.01995707407387345,0.00466860158446103,2,2,price=observed;tvl=observed;lp_amount=quantified,False
2024-05-29T06:00:00+00:00,1.1941159520699992e-05,1.2064890460770526e-05,1.1844162420372943e-05,1.1997171547499928e-05,1.199675497770172e-05,WETH,pool_swap_ratio,11,613,46044222.86285949,,19973835,466209.89644301997,,11,5,0.0,0.0,0.0,0.0,,0,0,,,,102212.52318966,363997.37325336004,-261784.85006370005,11,0.012770674932451483,-0.005669407637119448,0.0,0.0,-0.005653366873833101,0.0,0.010068021828470197,3.472353973910103e-05,2,2,price=observed;tvl=observed;lp_amount=none,False
2024-05-29T07:00:00+00:00,1.1950205861981581e-05,1.2100027481785406e-05,1.1863571209821764e-05,1.1935535108971773e-05,1.200408012868891e-05,WETH,pool_swap_ratio,16,709,47849974.60527453,,19974126,3287653.7894038395,,16,6,5737577.53637775,3967175.09836655,1770402.4380112002,9704752.634744301,0.8175736667750886,5,1,,,1.0,7399079.08328159,5593327.340866551,1805751.7424150389,22,-0.00515082357259177,0.038468285927454236,0.03845004493363389,0.21077025588312007,0.039217770007616025,0.08616010547474308,0.07140209096798004,-0.00571014346641352,2,2,price=observed;tvl=observed;lp_amount=quantified,False
2024-05-29T08:00:00+00:00,1.185960738451845e-05,1.196951728240376e-05,1.1774598190262066e-05,1.1928010167437217e-05,1.1821768428123977e-05,WETH,pool_swap_ratio,7,133,48163614.477086015,,19974473,332040.36629167997,,7,6,0.0,0.0,0.0,0.0,,0,0,,,,322840.11905158,9200.2472401,313639.87181148,7,-0.0006306641948468635,0.006533262435301255,0.0,0.0,0.006554650747440676,0.0,0.006939196290713997,0.008986958250720711,2,2,price=observed;tvl=observed;lp_amount=none,False
2024-05-29T09:00:00+00:00,1.1833969131980604e-05,1.1833969131980604e-05,1.1696130239505522e-05,1.178233281112856e-05,1.1734477377715127e-05,WETH,pool_swap_ratio,6,505,48277931.609063394,,19974741,270171.88614170003,,6,4,0.0,0.0,0.0,0.0,,0,0,,,,192244.50905953997,77927.37708216,114317.13197737996,6,-0.012288239740152036,0.002370704124051345,0.0,0.0,0.0023735164650436832,0.0,0.005609460358716124,0.0040781904360152055,2,2,price=observed;tvl=observed;lp_amount=none,False
2024-05-29T10:00:00+00:00,1.1743034380517641e-05,1.1743034380517641e-05,1.1709555166684524e-05,1.1710198693152785e-05,1.1709648344887464e-05,WETH,pool_swap_ratio,3,325,48293575.28661339,,19975056,15643.67755,,3,1,0.0,0.0,0.0,0.0,,0,0,,,,15643.67755,0.0,15643.67755,3,-0.00614104483874547,0.00032398122779076746,0.0,0.0,0.00032403371537696854,0.0,0.00032403371537696854,4.6999555333382403e-05,2,2,price=observed;tvl=observed;lp_amount=none,False
2024-05-29T11:00:00+00:00,1.178100688516853e-05,1.178100688516853e-05,1.1652050939712282e-05,1.1697471506430777e-05,1.1677214835611027e-05,WETH,pool_swap_ratio,4,829,48468153.82195354,,19975314,318781.62272785,,4,3,0.0,0.0,0.0,0.0,,0,0,,,,246680.079034,72101.54369384999,174578.53534015,4,-0.001087437397030061,0.0036084250741858833,0.0,0.0,0.003614943277735369,0.0,0.006600911629257936,0.0017347176621238525,2,2,price=observed;tvl=observed;lp_amount=none,False
2024-05-29T12:00:00+00:00,1.1579909524480674e-05,1.168082601887038e-05,1.1479424107714413e-05,1.1602573083076582e-05,1.1566283950895924e-05,WETH,pool_swap_ratio,7,577,48588399.91294731,,19975630,1042655.17877427,,7,6,0.0,0.0,0.0,0.0,,0,0,,,,581450.63488402,461204.54389025003,120246.09099376993,7,-0.008145816865930907,0.002477857453003885,0.0,0.0,0.0024809298789363983,0.0,0.02151217029236219,0.00313749276212838,2,2,price=observed;tvl=observed;lp_amount=none,False
2024-05-29T13:00:00+00:00,1.174945552567244e-05,1.174945552567244e-05,1.1490045407300663e-05,1.1490045407300663e-05,1.1586080522161156e-05,WETH,pool_swap_ratio,4,73,48597502.50262542,,19975966,9324.26489509,,4,2,0.0,0.0,0.0,0.0,,0,0,,,,9213.4272866,110.83760849,9102.58967811,4,-0.009745847270839953,0.00018732325323895174,0.0,0.0,0.00018734079933520182,0.0,0.00019190310674555412,-0.008288835441528586,2,2,price=observed;tvl=observed;lp_amount=none,False
2024-05-29T14:00:00+00:00,1.1682037897376702e-05,1.1682037897376702e-05,1.1478076188654816e-05,1.1632275079738647e-05,1.1678474667822906e-05,WETH,pool_swap_ratio,3,253,48495046.1362498,,19976250,117289.96637562,,3,3,0.0,0.0,0.0,0.0,,0,0,,,,7416.8,109873.16637562,-102456.36637562,3,0.012302525294566142,-0.002110489545114298,0.0,0.0,-0.0021082640279731437,0.0,0.002413497820577993,-0.003955960808096792,2,2,price=observed;tvl=observed;lp_amount=none,False
2024-05-29T15:00:00+00:00,1.1630065515009295e-05,1.178111205911242e-05,1.1378189186379202e-05,1.1732572388616604e-05,1.1738402045866602e-05,WETH,pool_swap_ratio,7,973,48240064.411667764,,19976486,351971.91921382997,,7,4,0.0,0.0,0.0,0.0,,0,0,,,,48495.0973159,303476.82189793,-254981.72458203,7,0.008585369545194841,-0.005271763554398773,0.0,0.0,-0.005257892195125317,0.0,0.007257894305841947,-0.0004966312473554391,2,2,price=observed;tvl=observed;lp_amount=none,False
2024-05-29T16:00:00+00:00,1.1701322985490353e-05,1.1790834122048901e-05,1.1669191031470808e-05,1.1669191031470808e-05,1.1731494815968342e-05,WETH,pool_swap_ratio,5,733,48274352.51972127,,19976805,278290.64948134,,5,5,0.0,0.0,0.0,0.0,,0,0,,,,156289.37876742,122001.27071391999,34288.10805350002,5,-0.005416815048107959,0.0007105282420224217,0.0,0.0,0.0007107807270092865,0.0,0.005768869774021907,-0.005310813794396352,2,2,price=observed;tvl=observed;lp_amount=none,False
2024-05-29T17:00:00+00:00,1.1711983039718123e-05,1.1711983039718123e-05,1.1704752727210158e-05,1.1704752727210158e-05,1.1708813587659837e-05,WETH,pool_swap_ratio,2,757,48310852.51972127,,19977098,36500.0,,2,2,0.0,0.0,0.0,0.0,,0,0,,,,36500.0,0.0,36500.0,2,0.003042851779327378,0.000755809375206928,0.0,0.0,0.0007560950710853936,0.0,0.0007560950710853936,-0.0003468208302469522,2,2,price=observed;tvl=observed;lp_amount=none,False
2024-05-29T18:00:00+00:00,1.1700918761048044e-05,1.1764057875210463e-05,1.1575659932863339e-05,1.1575659932863339e-05,1.172889459738509e-05,WETH,pool_swap_ratio,5,1069,48290969.1926295,,19977365,157045.09025116998,,5,4,0.0,0.0,0.0,0.0,,0,0,,,,68580.8815797,88464.20867147,-19883.32709177,5,-0.011090363335812049,-0.0004116553294773874,0.0,0.0,-0.0004115706110475551,0.0,0.0032507207399633787,-0.0130647149438885,2,2,price=observed;tvl=observed;lp_amount=none,False
2024-05-29T19:00:00+00:00,1.1709055335733047e-05,1.2035937760914912e-05,1.1517633543397933e-05,1.170069988913279e-05,1.1786020606324791e-05,WETH,pool_swap_ratio,7,181,48328141.57718043,,19977737,78832.88061461001,,7,4,0.0,0.0,0.0,0.0,,0,0,,,,58002.63258277,20830.248031839998,37172.38455093,7,0.010744047613206078,0.000769462399080764,0.0,0.0,0.0007697585112166998,0.0,0.0016324559629389676,-0.007239145428459048,2,2,price=observed;tvl=observed;lp_amount=none,False
2024-05-29T20:00:00+00:00,1.1798022818992606e-05,1.1798022818992606e-05,1.1274597323922508e-05,1.1755157719264239e-05,1.158933836485193e-05,WETH,pool_swap_ratio,13,169,48452932.78090173,,19978037,182275.6955825,,13,7,0.0,0.0,0.0,0.0,,0,0,,,,153533.4496519,28742.245930599995,124791.20372130001,13,0.0046434395100891,0.0025788362798870985,0.0,0.0,0.002582164338390862,0.0,0.0037716264195966284,0.014307922436297416,2,2,price=observed;tvl=observed;lp_amount=none,False
2024-05-29T21:00:00+00:00,1.1763199471632404e-05,1.1763199471632404e-05,1.1586276470823991e-05,1.1640148260174129e-05,1.1606449764035548e-05,WETH,pool_swap_ratio,6,241,48653438.5374607,,19978330,212179.12086629,,6,6,0.0,0.0,0.0,0.0,,0,0,,,,206342.43871262998,5836.68215366,200505.75655897,6,-0.009831919758141867,0.004129616600525091,0.0,0.0,0.004138155216849982,0.0,0.004379076945161157,0.0029034284233064866,2,2,price=observed;tvl=observed;lp_amount=none,False
2024-05-29T22:00:00+00:00,1.1641491400247668e-05,1.1642586265040291e-05,1.1572329787463724e-05,1.1572329787463724e-05,1.1613347720322036e-05,WETH,pool_swap_ratio,7,397,48647137.198655225,,19978616,50473.16602417,,7,3,0.0,0.0,0.0,0.0,,0,0,,,,22085.91360935,28387.25241482,-6301.338805470001,7,-0.005843293898888968,-0.00012952315578016962,0.0,0.0,-0.0001295147680182622,0.0,0.0010374018269090725,-0.0035319645847282644,2,2,price=observed;tvl=observed;lp_amount=none,False
2024-05-29T23:00:00+00:00,1.150979139442292e-05,1.1556766483776947e-05,1.150979139442292e-05,1.1521812496031423e-05,1.1538231258899017e-05,WETH,pool_swap_ratio,4,1585,48817734.99729146,,19978814,170597.79863623,,4,2,0.0,0.0,0.0,0.0,,0,0,,,,170597.79863623,0.0,170597.79863623,4,-0.004374907834762507,0.0035007068498585886,0.0,0.0,0.0035068414805084543,0.0,0.0035068414805084543,-0.0014229878478931868,2,2,price=observed;tvl=observed;lp_amount=none,False
2024-05-30T00:00:00+00:00,1.1445529151539466e-05,1.159225501759942e-05,1.1445529151539466e-05,1.1538127428119108e-05,1.1582040287348898e-05,WETH,pool_swap_ratio,3,1177,48742332.6465449,,19979146,102609.34343139999,,3,3,0.0,0.0,0.0,0.0,,0,0,,,,13603.49634242,89005.84708898,-75402.35074656,3,0.0014150023689167234,-0.0015457628839616613,0.0,0.0,-0.0015445688078470565,0.0,0.002101886608157733,-0.003791461447233635,2,2,price=observed;tvl=observed;lp_amount=none,False
2024-05-30T01:00:00+00:00,1.1535752327563529e-05,1.1635005292255298e-05,1.1303870505370768e-05,1.1563628779263285e-05,1.157760265472781e-05,WETH,pool_swap_ratio,8,349,48673452.69034452,,19979513,114353.79401521999,,8,6,0.0,0.0,0.0,0.0,,0,0,,,,22736.91890742,91616.87510779999,-68879.95620038,7,0.002207742240314516,-0.0014141438667467964,0.0,0.0,-0.0014131444364770783,0.0,0.002346087842050086,-0.0012069748704683914,2,2,price=observed;tvl=observed;lp_amount=none,False
2024-05-30T02:00:00+00:00,1.155989593621258e-05,1.1695534009359151e-05,1.1459009508112327e-05,1.1459009508112327e-05,1.1655503851598159e-05,WETH,pool_swap_ratio,12,49,48505426.32761287,,19979837,268187.18607227004,,12,5,0.0,0.0,0.0,0.0,,0,0,,,,50080.41167031,218106.77440195996,-168026.36273164995,12,-0.009088445031531908,-0.003458087433669683,0.0,0.0,-0.003452115135546605,0.0,0.005509927306337794,-0.016858502728639202,2,2,price=observed;tvl=observed;lp_amount=none,False
2024-05-30T03:00:00+00:00,1.1626021212937001e-05,1.1626021212937001e-05,1.1429592357067894e-05,1.1429592357067894e-05,1.1603288952704848e-05,WETH,pool_swap_ratio,2,397,48518387.78770503,,19980103,12961.46009216,,2,2,0.0,0.0,0.0,0.0,,0,0,,,,12961.46009216,0.0,12961.46009216,2,-0.002570464322373391,0.0002671810067961466,0.0,0.0,0.00026721670282034773,0.0,0.00026721670282034773,-0.014969600114669523,2,2,price=observed;tvl=observed;lp_amount=none,False
2024-05-30T04:00:00+00:00,1.1613886251077758e-05,1.1613886251077758e-05,1.1540007934063332e-05,1.1575785256340062e-05,1.1595186809657856e-05,WETH,pool_swap_ratio,7,1,48651194.82945142,,19980434,141416.33036719,,7,4,0.0,0.0,0.0,0.0,,0,0,,,,137111.68605679,4304.6443104,132807.04174639,7,0.012709625519532827,0.002733512296026629,0.0,0.0,0.0027372517472652796,0.0,0.002914695578632275,-0.001673241978441764,2,2,price=observed;tvl=observed;lp_amount=none,False
2024-05-30T05:00:00+00:00,1.156797167873951e-05,1.16115694293246e-05,1.1375189311105702e-05,1.154033789905413e-05,1.1540637362801972e-05,WETH,pool_swap_ratio,13,1201,48732383.5045227,,19980633,119622.12631978,,13,7,0.0,0.0,0.0,0.0,,0,0,,,,100405.40069552998,19216.72562425,81188.67507127998,13,-0.003066897059860617,0.0016674000949742501,0.0,0.0,0.0016687909794587763,0.0,0.0024587705757098018,-2.5948631642180864e-05,2,2,price=observed;tvl=observed;lp_amount=none,False
2024-05-30T06:00:00+00:00,1.1581903805889303e-05,1.1581903805889303e-05,1.1398624503654781e-05,1.1398624503654781e-05,1.1458800624070404e-05,WETH,pool_swap_ratio,5,1525,49151602.68213872,,19980905,424451.94457948,,5,4,0.0,0.0,0.0,0.0,,0,0,,,,421835.56109775,2616.38348173,419219.17761601997,5,-0.012355850785286135,0.008565685913596355,0.0,0.0,0.008602476371325312,0.0,0.008709853983236586,-0.005251519979256547,2,2,price=observed;tvl=observed;lp_amount=none,False
2024-05-30T07:00:00+00:00,1.1465717772232007e-05,1.153244227571312e-05,1.131683011007793e-05,1.153244227571312e-05,1.1384498079515322e-05,WETH,pool_swap_ratio,6,409,49381231.55149468,,19981296,459615.89147182007,,6,3,0.0,0.0,0.0,0.0,,0,0,,,,344622.38041389,114993.51105793001,229628.86935596,6,0.011671440533083622,0.004660969855558576,0.0,0.0,0.004671849071554389,0.0,0.009350984838564393,0.012995232215287755,2,2,price=observed;tvl=observed;lp_amount=none,False
2024-05-30T08:00:00+00:00,1.1429577732722961e-05,1.1429577732722961e-05,1.1375338133517744e-05,1.1411171746517363e-05,1.139595737144663e-05,WETH,pool_swap_ratio,3,1165,49198843.72062893,,19981532,193825.59761761,,3,3,0.0,0.0,0.0,0.0,,0,0,,,,5718.88337593,188106.71424168,-182387.83086575,3,-0.010571277779280712,-0.003700302286650735,0.0,0.0,-0.0036934646045746395,0.0,0.003925086344099963,0.0013350677415531198,2,2,price=observed;tvl=observed;lp_amount=none,False
2024-05-30T09:00:00+00:00,1.1356546378851974e-05,1.1356546378851974e-05,1.1307686087411368e-05,1.1307686087411368e-05,1.1349665033916305e-05,WETH,pool_swap_ratio,4,1,49262940.00563711,,19981927,64096.28500818,,4,3,0.0,0.0,0.0,0.0,,0,0,,,,64096.285008180006,0.0,64096.285008180006,4,-0.009110174076224019,0.0013019527300136022,0.0,0.0,0.0013028006384081872,0.0,0.001302800638408187,-0.0036986947526197467,2,2,price=observed;tvl=observed;lp_amount=none,False
2024-05-30T10:00:00+00:00,1.1372351697562416e-05,1.1419604451594707e-05,1.1286560824379019e-05,1.1419604451594707e-05,1.1377282849213899e-05,WETH,pool_swap_ratio,8,781,49199146.61368364,,19982161,359648.81430549,,8,3,0.0,0.0,0.0,0.0,,0,0,,,,147927.71117601,211721.10312947998,-63793.39195346998,8,0.00984888794102176,-0.0012957962413763797,0.0,0.0,-0.001294957059935322,0.0,0.007300595828514006,0.0037198338954658183,2,2,price=observed;tvl=observed;lp_amount=none,False
2024-05-30T11:00:00+00:00,1.1362220718873031e-05,1.1362220718873031e-05,1.1241485956449012e-05,1.1350132621935841e-05,1.13524673523267e-05,WETH,pool_swap_ratio,4,721,49243766.48719514,,19982462,44619.8735115,,4,3,0.0,0.0,0.0,0.0,,0,0,,,,44619.8735115,0.0,44619.8735115,4,-0.006102138553995769,0.0009065127221775741,0.0,0.0,0.0009069237290203319,0.0,0.0009069237290203319,-0.00020565841049347,2,2,price=observed;tvl=observed;lp_amount=none,False
2024-05-30T12:00:00+00:00,1.1342424577877612e-05,1.1417449542464119e-05,1.1304033204588375e-05,1.1367994138172843e-05,1.139146815536066e-05,WETH,pool_swap_ratio,6,157,49190852.32808635,,19982806,157967.13239691002,,6,6,0.0,0.0,0.0,0.0,,0,0,,,,52526.48664406,105440.64575285,-52914.15910879,6,0.0015724465406816682,-0.0010751128991499167,0.0,0.0,-0.00107453517233596,0.0,0.003207860479924626,-0.002060666532853417,2,2,price=observed;tvl=observed;lp_amount=none,False
2024-05-30T13:00:00+00:00,1.1359418786273887e-05,1.1461082838070146e-05,1.1348649871191798e-05,1.1461082838070146e-05,1.1425057431417474e-05,WETH,pool_swap_ratio,6,241,49101411.698458046,,19983096,269840.62962829997,,6,4,0.0,0.0,0.0,0.0,,0,0,,,,90200.0,179640.6296283,-89440.6296283,6,0.008155320158750298,-0.0018198920372779987,0.0,0.0,-0.001818237037889916,0.0,0.005485585568401097,0.0031531926092212004,2,2,price=observed;tvl=observed;lp_amount=none,False
2024-05-30T14:00:00+00:00,1.1492515114263853e-05,1.1660843836578033e-05,1.1398937576286355e-05,1.1587082284017896e-05,1.1581803606145882e-05,WETH,pool_swap_ratio,11,301,48685416.67013528,,19983387,775319.20670866,,11,6,0.0,0.0,0.0,0.0,,0,0,,,,179662.22541329,595657.2537360601,-415995.02832277014,11,0.010933686087370005,-0.008508252998133828,0.0,0.0,-0.008472160248212046,0.0,0.015790161217157178,0.00045577338828417524,2,2,price=observed;tvl=observed;lp_amount=none,False
2024-05-30T15:00:00+00:00,1.1560063814878924e-05,1.1611860903437885e-05,1.1415922934713275e-05,1.1611860903437885e-05,1.1578101403622571e-05,WETH,pool_swap_ratio,4,289,48648148.9462469,,19983684,304898.03461388,,4,4,0.0,0.0,0.0,0.0,,0,0,,,,133815.15536275,171082.87925112998,-37267.72388837999,4,0.0021361860014429946,-0.0007657733583180137,0.0,0.0,-0.0007654802287281406,0.0,0.0062626152853881446,0.002915806196407189,2,2,price=observed;tvl=observed;lp_amount=none,False
2024-05-30T16:00:00+00:00,1.1571262521832186e-05,1.1672434086808028e-05,1.1417720706342212e-05,1.1554691417998993e-05,1.1641186937307863e-05,WETH,pool_swap_ratio,8,1129,48517707.648225464,,19983911,374422.99380378,,8,4,0.0,0.0,0.0,0.0,,0,0,,,,121990.84789117001,252432.14591261,-130441.29802143999,8,-0.004935529525244643,-0.0026849220694124395,0.0,0.0,-0.002681320889836308,0.0,0.007696551706777036,-0.007430128884166276,2,2,price=observed;tvl=observed;lp_amount=none,False
2024-05-30T17:00:00+00:00,1.1613358474399604e-05,1.16175322124999e-05,1.1526204377064391e-05,1.1526204377064391e-05,1.1556111616199194e-05,WETH,pool_swap_ratio,6,349,48863445.393148266,,19984273,345737.74492281,,6,4,0.0,0.0,0.0,0.0,,0,0,,,,345737.74492281,0.0,345737.74492281,6,-0.00246845318764509,0.007100741505180499,0.0,0.0,0.007126011546744117,0.0,0.007126011546744117,-0.0025880019272986887,2,2,price=observed;tvl=observed;lp_amount=none,False
2024-05-30T18:00:00+00:00,1.1593070520840424e-05,1.1593070520840424e-05,1.1554395691172473e-05,1.1554395691172473e-05,1.158916654898497e-05,WETH,pool_swap_ratio,2,3109,48705314.71444519,,19984343,198130.67870308,,2,2,0.0,0.0,0.0,0.0,,0,0,,,,20000.0,178130.67870308,-158130.67870308,2,0.00244285920159643,-0.003241423114999953,0.0,0.0,-0.0032361753746749386,0.0,0.004054783225148145,-0.003000289767648767,2,2,price=observed;tvl=observed;lp_amount=none,False
2024-05-30T19:00:00+00:00,1.1544465569885978e-05,1.1558711074696222e-05,1.1461075623314378e-05,1.1515619029133241e-05,1.1506999243926326e-05,WETH,pool_swap_ratio,7,1225,46986626.62914356,,19984794,1757962.0593690998,,7,5,0.0,1796398.4272830598,-1796398.4272830598,1796398.4272830598,0.0,0,4,,,1.0,919356.8183973801,2638044.9036990097,-1718688.0853016297,11,-0.0033616535599427636,-0.0359251344320942,-0.036883006255378485,0.036883006255378485,-0.03528748547007941,0.036883006255378485,0.03609384457683665,0.0007490906207772152,2,2,price=observed;tvl=observed;lp_amount=quantified,False
2024-05-30T20:00:00+00:00,1.1532046273452193e-05,1.1627997156696805e-05,1.1376308646756395e-05,1.1397138280753047e-05,1.1557548154504588e-05,WETH,pool_swap_ratio,11,85,47056469.15480809,,19985186,443642.97395963,,11,6,0.0,0.0,0.0,0.0,,0,0,,,,256742.74981208,186900.22414754998,69842.52566453003,11,-0.010341994444682895,0.0014853304843466491,0.0,0.0,0.0014864341340310233,0.0,0.009441898807956975,-0.013879230404852061,2,2,price=observed;tvl=observed;lp_amount=none,False
2024-05-30T21:00:00+00:00,1.1354060244947675e-05,1.145931525762789e-05,1.1243375768268227e-05,1.1425699450995681e-05,1.1443768247612633e-05,WETH,pool_swap_ratio,6,73,47192844.99618377,,19985486,136375.84137568,,6,4,0.0,0.0,0.0,0.0,,0,0,,,,136375.84137568,0.0,136375.84137568,6,0.0025028601165197643,0.0028939401370051145,0.0,0.0,0.002898131624092445,0.0,0.002898131624092445,-0.001578920179611365,2,2,price=observed;tvl=observed;lp_amount=none,False
2024-05-30T22:00:00+00:00,1.1073305465067061e-05,1.1421424814515296e-05,1.1073305465067061e-05,1.1413308562912242e-05,1.1330587238002349e-05,WETH,pool_swap_ratio,7,589,47241316.55884852,,19985765,44515.97962961999,,7,5,28555.82739703,0.0,28555.82739703,28555.82739703,0.0,1,0,,,,60771.6848457,12300.12218095,48471.56266475,7,-0.0010850637025574276,0.0010265684816460519,0.0006050880678912058,0.0006050880678912058,0.0010270955834230727,0.0,0.0009432781522965984,0.007300709413581741,2,2,price=observed;tvl=observed;lp_amount=quantified,False
2024-05-30T23:00:00+00:00,1.1409413619741988e-05,1.1409413619741988e-05,1.1339544254507333e-05,1.1339544254507333e-05,1.1369045382930877e-05,WETH,pool_swap_ratio,4,613,47420218.692599826,,19986041,178902.1337513,,4,2,0.0,0.0,0.0,0.0,,0,0,,,,178902.1337513,0.0,178902.1337513,4,-0.006483984002375837,0.0037798319301681443,0.0,0.0,0.0037869845038810794,0.0,0.0037869845038810794,-0.0025948641622836055,2,2,price=observed;tvl=observed;lp_amount=none,False
2024-05-31T00:00:00+00:00,1.1422055727450068e-05,1.1422055727450068e-05,1.1279913974673788e-05,1.1279913974673788e-05,1.1352888750992474e-05,WETH,pool_swap_ratio,7,1441,47558488.89529758,,19986271,364885.99757999997,,7,4,0.0,0.0,0.0,0.0,,0,0,,,,251578.10013888,113307.89744112,138270.20269776,7,-0.005272488612989145,0.0029116062724133147,0.0,0.0,0.002915849114785668,0.0,0.007694734601402046,-0.006427859720928408,2,2,price=observed;tvl=observed;lp_amount=none,False
2024-05-31T01:00:00+00:00,1.1252965402469922e-05,1.1351900725481111e-05,1.1252965402469922e-05,1.1277907995806466e-05,1.1311736734862365e-05,WETH,pool_swap_ratio,4,1849,47494969.90302844,,19986537,154293.47726064,,4,4,0.0,0.0,0.0,0.0,,0,0,,,,45387.242495750004,108906.23476488999,-63518.992269139984,4,-0.00017785217697298584,-0.001336490066263334,0.0,0.0,-0.001335597361156286,0.0,0.0032442888923641983,-0.002990587550684376,2,2,price=observed;tvl=observed;lp_amount=none,False
2024-05-31T02:00:00+00:00,1.1291298790768829e-05,1.1332270590819651e-05,1.1263166137153992e-05,1.1332270590819651e-05,1.1287352315388056e-05,WETH,pool_swap_ratio,5,1033,47549491.564078525,,19986904,86837.89674132,,5,4,0.0,0.0,0.0,0.0,,0,0,,,,70679.7788957,16158.11784562,54521.66105008,5,0.004808692647820837,0.0011472876207390666,0.0,0.0,0.0011479460069434323,0.0,0.0018283598646050077,0.003979522759324006,2,2,price=observed;tvl=observed;lp_amount=none,False
2024-05-31T03:00:00+00:00,1.1348353963354214e-05,1.1358058068430493e-05,1.0701688202759947e-05,1.1296746072751432e-05,1.1235024826580257e-05,WETH,pool_swap_ratio,11,61,47505609.87091708,,19987282,204997.3832981,,11,5,0.0,0.0,0.0,0.0,,0,0,,,,80557.84506833,124439.53822977001,-43881.69316144001,10,-0.003139734066181267,-0.0009232896628645666,0.0,0.0,-0.0009228635621120002,0.0,0.00431124238251511,0.005493645730550778,2,2,price=observed;tvl=observed;lp_amount=none,False
2024-05-31T04:00:00+00:00,1.1055292720240291e-05,1.1357732556824078e-05,1.1055292720240291e-05,1.1273014836874126e-05,1.1260743414950773e-05,WETH,pool_swap_ratio,9,145,47539786.31022277,,19987575,99376.22885355001,,9,5,0.0,0.0,0.0,0.0,,0,0,,,,66776.33407961999,32599.89477393,34176.43930568999,8,-0.0021029238827883576,0.0007191603623499921,0.0,0.0,0.0007194190201652963,0.0,0.002091884076924315,0.0010897523787869456,2,2,price=observed;tvl=observed;lp_amount=none,False
2024-05-31T05:00:00+00:00,1.1272777423364669e-05,1.1338992106645994e-05,1.1257913265267351e-05,1.1337279367139214e-05,1.1312262927310753e-05,WETH,pool_swap_ratio,6,133,47512756.575569466,,19987873,96481.85446598,,6,6,0.0,0.0,0.0,0.0,,0,0,,,,34726.05990634,61755.79455964,-27029.7346533,6,0.005684552597108512,-0.0005687325043866559,0.0,0.0,-0.0005685708067115909,0.0,0.0020294970161704937,0.002211444340465718,2,2,price=observed;tvl=observed;lp_amount=none,False
2024-05-31T06:00:00+00:00,1.1369367162805699e-05,1.1464851387805089e-05,1.1241891721148336e-05,1.1403141813785406e-05,1.138900591106546e-05,WETH,pool_swap_ratio,12,337,47286448.15379579,,19988155,599485.26573504,,12,9,0.0,0.0,0.0,0.0,,0,0,,,,186588.42198068,412896.84375436,-226308.42177368,12,0.0057925603297418,-0.00477448840051419,0.0,0.0,-0.004763108648805388,0.0,0.012617353926446117,0.00124118846107657,2,2,price=observed;tvl=observed;lp_amount=none,False
2024-05-31T07:00:00+00:00,1.1334594089381412e-05,1.149641130975369e-05,1.1334594089381412e-05,1.149641130975369e-05,1.1472672599933463e-05,WETH,pool_swap_ratio,4,421,47186175.72358233,,19988448,115387.52781346001,,4,3,0.0,0.0,0.0,0.0,,0,0,,,,7557.5488,107829.97901345999,-100272.43021345999,4,0.008146011516071635,-0.002122783590676378,0.0,0.0,-0.002120532079028881,0.0,0.0024401817501320954,0.002069152554773135,2,2,price=observed;tvl=observed;lp_amount=none,False
2024-05-31T08:00:00+00:00,1.150893827249775e-05,1.1511008098209785e-05,1.0608370132006754e-05,1.1380209085196779e-05,1.1231863308023876e-05,WETH,pool_swap_ratio,15,565,47178347.03694813,,19988732,380890.9860516201,,15,8,0.0,0.0,0.0,0.0,,0,0,,,,186531.14970871,194359.83634290998,-7828.686634199985,13,-0.010159125077384309,-0.00016592436274014106,0.0,0.0,-0.00016591059805440913,0.0,0.008072088492250103,0.013207583915923138,2,2,price=observed;tvl=observed;lp_amount=none,False
2024-05-31T09:00:00+00:00,1.14203791899941e-05,1.14203791899941e-05,1.1377100369243644e-05,1.1377100369243644e-05,1.1399495003669583e-05,WETH,pool_swap_ratio,2,2341,47360871.460828446,,19988883,182524.42388031998,,2,2,0.0,0.0,0.0,0.0,,0,0,,,,182524.42388031998,0.0,182524.42388031998,2,-0.00027320593224741864,0.003861353067391325,0.0,0.0,0.0038688176959098294,0.0,0.0038688176959098294,-0.0019645286408503937,2,2,price=observed;tvl=observed;lp_amount=none,False
2024-05-31T10:00:00+00:00,1.1424948571256929e-05,1.1424948571256929e-05,1.1309068496891896e-05,1.1309068496891896e-05,1.1330087580901317e-05,WETH,pool_swap_ratio,4,1333,47476196.69036576,,19989267,117070.53279847,,4,4,0.0,0.0,0.0,0.0,,0,0,,,,116197.88116789001,872.65163058,115325.22953731,4,-0.005997669918635576,0.0024320719446731375,0.0,0.0,0.0024350318307105896,0.0,0.002471882995128109,-0.001855156357736587,2,2,price=observed;tvl=observed;lp_amount=none,False
2024-05-31T11:00:00+00:00,1.137174962281238e-05,1.137174962281238e-05,1.1268320191635026e-05,1.1287996225993119e-05,1.1310624339677136e-05,WETH,pool_swap_ratio,9,289,47515000.99529192,,19989651,103353.39819345999,,9,3,0.0,0.0,0.0,0.0,,0,0,,,,71078.85155980999,32274.54663365,38804.304926159995,9,-0.00186504550616046,0.0008170084814189008,0.0,0.0,0.0008173423237593601,0.0,0.002176951933776811,-0.002000606951876094,2,2,price=observed;tvl=observed;lp_amount=none,False
2024-05-31T12:00:00+00:00,1.1279294918692464e-05,1.1279294918692464e-05,1.1114609526235022e-05,1.1114609526235022e-05,1.125455227009092e-05,WETH,pool_swap_ratio,7,229,47593411.92288794,,19989951,81549.63920248,,7,3,0.0,0.0,0.0,0.0,,0,0,,,,79980.28339925001,1569.35580323,78410.92759602,7,-0.015479463756650906,0.0016488750669976353,0.0,0.0,0.0016502352089562084,0.0,0.0017162924864625479,-0.012434323507279577,2,2,price=observed;tvl=observed;lp_amount=none,False
2024-05-31T13:00:00+00:00,1.1173395763266564e-05,1.1348087004152916e-05,1.1173395763266564e-05,1.1241020272291932e-05,1.129382491807691e-05,WETH,pool_swap_ratio,8,181,47619565.97918016,,19990250,257465.22513001997,,8,6,0.0,0.0,0.0,0.0,,1,0,,,,141809.64071111998,115655.5844189,26154.056292219975,8,0.011309195446431138,0.0005493800850747424,0.0,0.0,0.0005495310219531107,0.0,0.00540968202799101,-0.004675532529325732,2,2,price=observed;tvl=observed;lp_amount=quantified,False
2024-05-31T14:00:00+00:00,1.1238932179792461e-05,1.1330713146995316e-05,1.115380926323691e-05,1.115380926323691e-05,1.1321366157215134e-05,WETH,pool_swap_ratio,3,253,47512115.30159842,,19990542,126603.43406994,,3,2,0.0,0.0,0.0,0.0,,0,0,,,,9576.3782441,117027.05582584,-107450.67758173999,3,-0.007788534382642509,-0.002258989262647156,0.0,0.0,-0.0022564396666008824,0.0,0.0026586431746415443,-0.014800059608657823,2,2,price=observed;tvl=observed;lp_amount=none,False
2024-05-31T15:00:00+00:00,1.1385607494923154e-05,1.1448165314892927e-05,1.120969088787703e-05,1.1414301720117716e-05,1.1418174108415414e-05,WETH,pool_swap_ratio,4,853,47246285.72288491,,19990792,266071.56340551,,4,4,0.0,0.0,0.0,0.0,,0,0,,,,120.992346,265950.57105950994,-265829.57871350995,4,0.02308602845942573,-0.0056106956891765185,0.0,0.0,-0.005594985132235668,0.0,0.005600078247759234,-0.00033914251621403046,2,2,price=observed;tvl=observed;lp_amount=none,False
2024-05-31T16:00:00+00:00,1.1413360298323566e-05,1.151626074730433e-05,1.1320969389423756e-05,1.1468329546365925e-05,1.1456856554567804e-05,WETH,pool_swap_ratio,7,1,47133570.738633156,,19991163,323198.37787988,,7,5,0.0,0.0,0.0,0.0,,0,0,,,,105241.69681406001,217956.68106582,-112714.98425176,7,0.004722177796427662,-0.0023885401411995475,0.0,0.0,-0.0023856898489940707,0.0,0.006840715051666609,0.0010014083482217107,2,2,price=observed;tvl=observed;lp_amount=none,False
2024-05-31T17:00:00+00:00,1.1435273584280173e-05,1.14608888827742e-05,1.1375121150323106e-05,1.1375121150323106e-05,1.1420914060284242e-05,WETH,pool_swap_ratio,10,109,47324787.18726704,,19991453,215006.56397643,,10,4,0.0,0.0,0.0,0.0,,0,0,,,,203111.50630516,11895.05767127,191216.44863389,10,-0.008160668417336502,0.004048698580698433,0.0,0.0,0.0040569056330196284,0.0,0.004561643868840162,-0.0040095661099822655,2,2,price=observed;tvl=observed;lp_amount=none,False
2024-05-31T18:00:00+00:00,1.1373600617710273e-05,1.1407922231514179e-05,1.1324107541958835e-05,1.1324107541958835e-05,1.1346648226707203e-05,WETH,pool_swap_ratio,4,1981,47446245.4745192,,19991596,123463.28725216,,4,3,0.0,0.0,0.0,0.0,,0,0,,,,122460.78725216,1002.5,121458.28725216,4,-0.004494751336317793,0.0025631957432339196,0.0,0.0,0.0025664835379299693,0.0,0.0026088503422869776,-0.001986550062891057,2,2,price=observed;tvl=observed;lp_amount=none,False
2024-05-31T19:00:00+00:00,1.1315378093731377e-05,1.1427686369025839e-05,1.124111965158783e-05,1.1360469575250974e-05,1.1339314949781183e-05,WETH,pool_swap_ratio,11,61,47365770.31828294,,19992052,478835.9901499401,,11,5,0.0,0.0,0.0,0.0,,0,0,,,,199180.41695684002,279655.5731931,-80475.15623625997,11,0.0032058842664253687,-0.0016975733484653162,0.0,0.0,-0.0016961332858145498,0.0,0.010092178745884053,0.0018655999558596648,2,2,price=observed;tvl=observed;lp_amount=none,False
2024-05-31T20:00:00+00:00,1.1259024986460834e-05,1.1459696537338154e-05,1.1259024986460834e-05,1.1395255817533008e-05,1.1430066067555478e-05,WETH,pool_swap_ratio,9,229,47286518.893182695,,19992337,102818.32662164001,,9,5,0.0,0.0,0.0,0.0,,0,0,,,,11783.450760700001,91034.87586094001,-79251.42510024001,9,0.003057364138347687,-0.001674580599800516,0.0,0.0,-0.0016731792720290537,0.0,0.002170730591537591,-0.0030454985838865856,2,2,price=observed;tvl=observed;lp_amount=none,False
2024-05-31T21:00:00+00:00,1.136215463447808e-05,1.1462287329666756e-05,1.1344036854629906e-05,1.1462287329666756e-05,1.1432393140306424e-05,WETH,pool_swap_ratio,8,1609,47239972.009967215,,19992521,114065.0462327,,8,4,0.0,10583.42293645,-10583.42293645,10583.42293645,0.0,0,1,,,1.0,39218.85807455,85765.74129003001,-46546.88321548001,9,0.005865171410617358,-0.000984843222951856,-0.00022381480354595977,0.00022381480354595977,-0.0009843584240283479,0.00022381480354595977,0.0024122106871593964,0.00261486715803505,2,2,price=observed;tvl=observed;lp_amount=quantified,False
2024-05-31T22:00:00+00:00,1.1407580415890974e-05,1.156719072028196e-05,1.1407580415890974e-05,1.156719072028196e-05,1.1520301263487548e-05,WETH,pool_swap_ratio,5,613,47027210.82279174,,19992900,246997.15810568,,5,4,0.0,0.0,0.0,0.0,,0,0,,,,17117.9854651,229879.17264058001,-212761.18717548,5,0.009110420650124948,-0.004514010964484638,0.0,0.0,-0.004503838129510096,0.0,0.00522856275303393,0.004070158906609889,2,2,price=observed;tvl=observed;lp_amount=none,False
2024-05-31T23:00:00+00:00,1.1588476868898136e-05,1.1588476868898136e-05,1.1505319263290453e-05,1.1514969662953624e-05,1.1543802513503133e-05,WETH,pool_swap_ratio,6,241,47034596.331246495,,19993229,189400.4439378,,6,5,0.0,0.0,0.0,0.0,,0,0,,,,98392.97619628,91007.46774152,7385.508454759998,6,-0.004524805785812357,0.00015703522382542987,0.0,0.0,0.00015704755450179943,0.0,0.004027464963880169,-0.0024976909052093488,2,2,price=observed;tvl=observed;lp_amount=none,False
2024-06-01T00:00:00+00:00,1.1482359567284002e-05,1.1540896789699463e-05,1.1461182984361413e-05,1.1529990491227975e-05,1.1497179996109721e-05,WETH,pool_swap_ratio,7,433,47102590.5428287,,19993508,366361.79955298,,7,6,0.0,0.0,0.0,0.0,,0,0,,,,217178.00556758998,149183.79398539,67994.21158219999,7,0.0013036108807353186,0.001444577337909599,0.0,0.0,0.0014456212423583487,0.0,0.007789198337598889,0.002853786331026953,2,2,price=observed;tvl=observed;lp_amount=none,False
2024-06-01T01:00:00+00:00,1.1462083191337533e-05,1.1462083191337533e-05,1.1421030783840735e-05,1.1421030783840735e-05,1.1445434983338413e-05,WETH,pool_swap_ratio,8,397,47223947.826705545,,19993810,124775.60556088,,8,3,1732.28346379,0.0,1732.28346379,1732.28346379,0.0,1,1,,,1.0,124948.44981702,3591.16594018,121357.28387684,10,-0.009495048145687624,0.00257313271394328,3.6776819360177154e-05,3.6776819360177154e-05,0.002576446061209609,0.0,0.0026490179016253044,-0.002132221233461462,2,2,price=observed;tvl=observed;lp_amount=quantified,False
2024-06-01T02:00:00+00:00,1.1410648255603203e-05,1.1485601843622806e-05,1.1380946069856165e-05,1.1411206941516425e-05,1.1435919614959613e-05,WETH,pool_swap_ratio,13,553,47242381.51151903,,19994097,234996.33606633003,,13,7,0.0,0.0,0.0,0.0,,0,0,,,,126715.01043991001,108281.32562642,18433.684813490006,13,-0.0008605238828268226,0.0003902699549477555,0.0,0.0,0.00039034612017476437,0.0,0.004976211157285702,-0.0021609694956985503,2,2,price=observed;tvl=observed;lp_amount=none,False
2024-06-01T03:00:00+00:00,1.1477943860215443e-05,1.1477946863069883e-05,1.1371184248555317e-05,1.1371184248555317e-05,1.1389967626483194e-05,WETH,pool_swap_ratio,5,109,47323071.39795927,,19994431,80714.78235220001,,5,3,0.0,0.0,0.0,0.0,,0,0,,,,80702.33439622,12.44795598,80689.88644024,5,-0.003513479669364086,0.0017065408886714048,0.0,0.0,0.0017079978582486474,0.0,0.0017085248408258051,-0.0016491160066340882,2,2,price=observed;tvl=observed;lp_amount=none,False
2024-06-01T04:00:00+00:00,1.1364143269526973e-05,1.1449989646827913e-05,1.1364143269526973e-05,1.1385557455697916e-05,1.142527562945488e-05,WETH,pool_swap_ratio,8,205,47297571.88459138,,19994721,71905.62479667,,8,3,0.0,0.0,0.0,0.0,,0,0,,,,23203.05571439,48702.569082279995,-25499.513367889995,8,0.001263204481612745,-0.0005389841603391608,0.0,0.0,-0.0005388389344692792,0.0,0.001519462339880391,-0.0034763427198700736,2,2,price=observed;tvl=observed;lp_amount=none,False
2024-06-01T05:00:00+00:00,1.1376392565211587e-05,1.1376392565211587e-05,1.1318212265210755e-05,1.1340338194005208e-05,1.1359372699744203e-05,WETH,pool_swap_ratio,5,133,47400568.98818463,,19995026,102997.10359325001,,5,4,0.0,0.0,0.0,0.0,,0,0,,,,102997.10359325001,0.0,102997.10359325001,5,-0.003979541406585688,0.0021752727827084734,0.0,0.0,0.0021776404049782616,0.0,0.0021776404049782616,-0.0016756652186808996,2,2,price=observed;tvl=observed;lp_amount=none,False
2024-06-01T06:00:00+00:00,1.1403936826041427e-05,1.1403936826041427e-05,1.1229387887854632e-05,1.1319029889659801e-05,1.1316701868954935e-05,WETH,pool_swap_ratio,8,361,47441825.7691399,,19995304,41317.06881283,,8,3,0.0,0.0,0.0,0.0,,0,0,,,,41286.92488405,30.14392878,41256.78095527,8,-0.0018807506500401192,0.0008700072085516212,0.0,0.0,0.0008703857746001725,0.0,0.0008716576550616715,0.0002057154753942747,2,2,price=observed;tvl=observed;lp_amount=none,False
2024-06-01T07:00:00+00:00,1.1312464078717208e-05,1.1312464078717208e-05,1.1243101000263222e-05,1.1243101000263222e-05,1.1310759463772053e-05,WETH,pool_swap_ratio,3,2905,47468888.06071507,,19995392,27966.90842483,,3,3,0.0,0.0,0.0,0.0,,0,0,,,,27514.6,452.30842483,27062.29157517,3,-0.0067306741912687845,0.000570268438968646,0.0,0.0,0.0005704310729283433,0.0,0.0005894989910574225,-0.005981779006576704,2,2,price=observed;tvl=observed;lp_amount=none,False
2024-06-01T08:00:00+00:00,1.1386257205729096e-05,1.1386257205729096e-05,1.1177075932444192e-05,1.1177075932444192e-05,1.137565706277129e-05,WETH,pool_swap_ratio,4,1969,47426184.08227176,,19995770,64332.65628083,,4,3,0.0,0.0,0.0,0.0,,0,0,,,,10814.338918759999,53518.31736207,-42703.97844331001,4,-0.005889807103985755,-0.0009000252671001578,0.0,0.0,-0.000899620365842349,0.0,0.0013552593900776721,-0.01745667342390156,2,2,price=observed;tvl=observed;lp_amount=none,False
2024-06-01T09:00:00+00:00,1.131253801986466e-05,1.1358200204029118e-05,1.123932065884389e-05,1.1288677846407428e-05,1.1307462605225938e-05,WETH,pool_swap_ratio,7,805,47506298.120872475,,19996164,82864.60702149999,,7,4,0.0,0.0,0.0,0.0,,0,0,,,,81489.32281110999,1375.28421039,80114.03860071998,7,0.00993537391128343,0.0016878112898749515,0.0,0.0,0.001689236445035163,0.0,0.0017472332768276703,-0.0016612709211903942,2,2,price=observed;tvl=observed;lp_amount=none,False
2024-06-01T10:00:00+00:00,1.128581166373448e-05,1.128581166373448e-05,1.1262003664201568e-05,1.1262003664201568e-05,1.1269150821268401e-05,WETH,pool_swap_ratio,3,1009,47586859.40774922,,19996445,80561.28687673999,,3,1,0.0,0.0,0.0,0.0,,0,0,,,,80561.28687673999,0.0,80561.28687673999,3,-0.002365710733280973,0.0016943659931778331,0.0,0.0,0.0016958022422998353,0.0,0.0016958022422998353,-0.0006342232152349858,2,2,price=observed;tvl=observed;lp_amount=none,False
2024-06-01T11:00:00+00:00,1.1246907873831362e-05,1.1260554691045937e-05,1.1246907873831362e-05,1.1260554691045937e-05,1.124811411261556e-05,WETH,pool_swap_ratio,2,373,47600718.35052012,,19996797,16835.0312291,,2,2,0.0,0.0,0.0,0.0,,0,0,,,,15346.987,1488.0442291,13858.9427709,2,-0.00012866861168921455,0.000291192258385154,0.0,0.0,0.0002912346589664448,0.0,0.00035377479074314626,0.0011060145999430837,2,2,price=observed;tvl=observed;lp_amount=none,False
2024-06-01T12:00:00+00:00,1.1326405033420036e-05,1.1327456460496874e-05,1.1259821560783588e-05,1.1327456460496874e-05,1.1306858960420617e-05,WETH,pool_swap_ratio,7,169,47557737.96935247,,19997111,117098.48420561,,7,5,0.0,0.0,0.0,0.0,,0,0,,,,37059.05151898,80039.43268663,-42980.38116765,7,0.005923670272090238,-0.0009033434494974697,0.0,0.0,-0.0009029355576349273,0.0,0.0024600150641283444,0.0018216818789691391,2,2,price=observed;tvl=observed;lp_amount=none,False
2024-06-01T13:00:00+00:00,1.1338325323844827e-05,1.1350416058561874e-05,1.1276871992878237e-05,1.1350416058561874e-05,1.1338085191920921e-05,WETH,pool_swap_ratio,3,289,47500580.37766682,,19997400,69361.19168565,,3,2,0.0,0.0,0.0,0.0,,0,0,,,,6101.8,63259.39168565,-57157.59168565,3,0.0020248465450398924,-0.0012025796283376162,0.0,0.0,-0.0012018568192306359,0.0,0.0014584628001093804,0.0010875616501575536,2,2,price=observed;tvl=observed;lp_amount=none,False
2024-06-01T14:00:00+00:00,1.1280389764538487e-05,1.1367120743616236e-05,1.113729191849012e-05,1.1280618001330925e-05,1.1196987534555555e-05,WETH,pool_swap_ratio,11,1,47524231.94036977,,19997724,1745321.2684540697,,11,8,37017.64179224,178097.01258024,-141079.370788,215114.65437248,0.34416662035625345,1,1,,,1.0,992256.13360964,968604.57090669,23651.562702949974,13,-0.0061683684763972875,0.000497797630206325,-0.002970055727031301,0.004528674232233585,0.0004979215520084496,0.003749364979632443,0.03674315670624229,0.007469014903988658,2,2,price=observed;tvl=observed;lp_amount=quantified,False
2024-06-01T15:00:00+00:00,1.1347345177324637e-05,1.1347345177324637e-05,1.1275623911446212e-05,1.1275623911446212e-05,1.1288633483893317e-05,WETH,pool_swap_ratio,2,61,47540189.46817081,,19998018,25042.47219896,,2,1,0.0,0.0,0.0,0.0,,0,0,,,,20500.0,4542.47219896,15957.52780104,2,-0.00044281223668634294,0.0003357202981825452,0.0,0.0,0.0003357766585488944,0.0,0.0005269411240644903,-0.0011524488296715818,2,2,price=observed;tvl=observed;lp_amount=none,False
2024-06-01T16:00:00+00:00,1.1290080762320224e-05,1.1387357253677827e-05,1.1236593610189782e-05,1.1236593610189782e-05,1.125353257481316e-05,WETH,pool_swap_ratio,6,73,47651762.79613981,,19998316,123895.77021884,,6,3,0.0,0.0,0.0,0.0,,0,0,,,,117734.54909392001,6161.22112492,111573.327969,6,-0.0034674807424364632,0.002344176716788232,0.0,0.0,0.0023469264472263155,0.0,0.002606126976035527,-0.0015052130973780553,2,2,price=observed;tvl=observed;lp_amount=none,False
2024-06-01T17:00:00+00:00,1.121146248016633e-05,1.1495187497514824e-05,1.1188765102530155e-05,1.1188765102530155e-05,1.1213830421954087e-05,WETH,pool_swap_ratio,5,109,47763620.76436177,,19998612,116568.44056432002,,5,3,0.0,0.0,0.0,0.0,,0,0,,,,114213.20439314001,2355.23617118,111857.96822196,5,-0.004265579943935319,0.002344653771580535,0.0,0.0,0.0023474046217451046,0.0,0.002446256627756131,-0.0022352147732553895,2,2,price=observed;tvl=observed;lp_amount=none,False
2024-06-01T18:00:00+00:00,1.1264655678251296e-05,1.143112751277659e-05,1.1208449986194123e-05,1.143112751277659e-05,1.1260228912652894e-05,WETH,pool_swap_ratio,4,841,47702298.6650936,,19998849,84324.26611869001,,4,3,0.0,0.0,0.0,0.0,,0,0,,,,11501.08342526,72823.18269343,-61322.09926817,4,0.021429958980824688,-0.0012846910828209336,0.0,0.0,-0.0012838662205007022,0.0,0.0017654496197995004,0.015177187022517913,2,2,price=observed;tvl=observed;lp_amount=none,False
2024-06-01T19:00:00+00:00,1.1201433943203894e-05,1.1280482220904767e-05,1.1201433943203894e-05,1.1219477235006598e-05,1.1251605249036824e-05,WETH,pool_swap_ratio,5,145,47681487.472295485,,19999206,126316.51879812,,5,4,0.0,0.0,0.0,0.0,,0,0,,,,52752.663,73563.85579812,-20811.19279812,5,-0.018688811215242906,-0.0004363675205421857,0.0,0.0,-0.0004362723260828664,0.0,0.0026480174401019535,-0.002855416033456737,2,2,price=observed;tvl=observed;lp_amount=none,False
2024-06-01T20:00:00+00:00,1.121455862263068e-05,1.1301785199630056e-05,1.121455862263068e-05,1.1274894267393009e-05,1.1291880457094999e-05,WETH,pool_swap_ratio,6,85,47584741.05790579,,19999510,137554.02819985,,6,3,0.0,0.0,0.0,0.0,,0,0,,,,20403.80690508,117150.22129476999,-96746.41438968999,6,0.004927200966264554,-0.0020310754218165012,0.0,0.0,-0.002029014183878027,0.0,0.0028848518679240745,-0.0015042835218218586,2,2,price=observed;tvl=observed;lp_amount=none,False
2024-06-01T21:00:00+00:00,1.125160385472058e-05,1.1395481231787421e-05,1.125160385472058e-05,1.1344425847953577e-05,1.1364197912911198e-05,WETH,pool_swap_ratio,5,649,47390777.56814063,,19999762,205014.20476822002,,5,4,0.0,0.0,0.0,0.0,,0,0,,,,5525.357501529999,199488.84726669,-193963.48976516,5,0.006148000843371839,-0.004084500137110409,0.0,0.0,-0.004076169911886799,0.0,0.004308402235891934,-0.001739855738974505,2,2,price=observed;tvl=observed;lp_amount=none,False
2024-06-01T22:00:00+00:00,1.1331829411911365e-05,1.1331829411911365e-05,1.1213906106679205e-05,1.1278455336575063e-05,1.129910685902483e-05,WETH,pool_swap_ratio,6,277,47580054.36443992,,20000093,189280.80629929,,6,3,0.0,0.0,0.0,0.0,,0,0,,,,189278.80129929,2.005,189276.79629929,6,-0.005832210127209476,0.0039860037667066766,0.0,0.0,0.00399395844533547,0.0,0.0039940430609549165,-0.0018277128190243852,2,2,price=observed;tvl=observed;lp_amount=none,False
2024-06-01T23:00:00+00:00,1.1095574976971804e-05,1.1240444833177223e-05,9.36868286914995e-06,1.1210343336995376e-05,1.0647678023684122e-05,WETH,pool_swap_ratio,9,841,47707924.96544519,,20000345,285826.17949051,,9,4,0.0,0.0,0.0,0.0,,0,0,,,,206848.39024789,78977.78924262,127870.60100527,8,-0.006057434088400638,0.0026838784631810324,0.0,0.0,0.002687483289233842,0.0,0.006007268871557427,0.05284394513617818,2,2,price=observed;tvl=observed;lp_amount=none,False
2024-06-02T00:00:00+00:00,1.1158914158037806e-05,1.1287443010688133e-05,1.0733018463217136e-05,1.1216835167224151e-05,1.1151633796273841e-05,WETH,pool_swap_ratio,10,217,47688499.88313564,,20000696,306345.01077879,,10,5,0.0,0.0,0.0,0.0,,0,0,,,,143459.96423461998,162885.04654417,-19425.082309550024,9,0.0005789252900330222,-0.00040724969743590015,0.0,0.0,-0.0004071667825339206,0.0,0.006421260430016091,0.005846799862823326,2,2,price=observed;tvl=observed;lp_amount=none,False
2024-06-02T01:00:00+00:00,1.1292516146442553e-05,1.14259507640864e-05,1.0338544900802343e-05,1.14259507640864e-05,1.1257896265595729e-05,WETH,pool_swap_ratio,15,253,47337829.33150292,,20000992,515071.40745571995,,15,6,0.0,0.0,0.0,0.0,,0,0,,,,82200.42791150001,432870.97954422,-350670.55163272005,14,0.018471361533240412,-0.007380525930965662,0.0,0.0,-0.007353356731540421,0.0,0.010800746694023556,0.014927700036129199,2,2,price=observed;tvl=observed;lp_amount=none,False
2024-06-02T02:00:00+00:00,1.1450463873208788e-05,1.1667434268180363e-05,1.1276178848053033e-05,1.1541892482207704e-05,1.1480415211052217e-05,WETH,pool_swap_ratio,8,277,47182867.732938126,,20001289,173992.15158879,,8,4,0.0,0.0,0.0,0.0,,0,0,,,,9515.276512,164476.87507679,-154961.59856478998,8,0.010096089712432381,-0.003278895357570187,0.0,0.0,-0.00327352565069274,0.0,0.0036755414020008667,0.005354969312982849,2,2,price=observed;tvl=observed;lp_amount=none,False
2024-06-02T03:00:00+00:00,1.1513324199758166e-05,1.1631417864475617e-05,1.1435682591913949e-05,1.1569497838015487e-05,1.1560614359692777e-05,WETH,pool_swap_ratio,10,805,46928449.9525658,,20001543,354060.81636227,,10,6,0.0,0.0,0.0,0.0,,0,0,,,,49821.517994969996,304239.2983673,-254417.78037233002,10,0.0023888972972676246,-0.00540675460532909,0.0,0.0,-0.005392164414684829,0.0,0.007504012226774887,0.0007684261446936347,2,2,price=observed;tvl=observed;lp_amount=none,False
2024-06-02T04:00:00+00:00,1.1648112143105372e-05,1.168231572486344e-05,1.1554423041671502e-05,1.1554423041671502e-05,1.165210216221192e-05,WETH,pool_swap_ratio,6,913,46823259.74581284,,20001831,153209.85722826002,,6,4,474255.44092659,463996.86831252,10258.572614070028,938252.30923911,0.9890662964396119,1,1,,,1.0,498265.26616424,603455.4729172,-105190.20675295993,8,-0.0013038271976427657,-0.0022440177620830174,0.00021860028670111966,0.0199932516455897,-0.00224150183650395,0.00988732567944429,0.0032647542670410177,-0.008382961218551088,2,2,price=observed;tvl=observed;lp_amount=quantified,False
2024-06-02T05:00:00+00:00,1.1608957791518265e-05,1.1695397310556743e-05,1.1544257500892862e-05,1.1695397310556743e-05,1.1641838575260752e-05,WETH,pool_swap_ratio,12,229,46779560.13507671,,20002185,308662.67864103,,12,7,0.0,0.0,0.0,0.0,,0,0,,,,132481.53395245,176181.14468857998,-43699.61073612998,12,0.01212706115151476,-0.0009337243037478275,0.0,0.0,-0.0009332885188549438,0.0,0.00659208009687177,0.004600539248998281,2,2,price=observed;tvl=observed;lp_amount=none,False
2024-06-02T06:00:00+00:00,1.1716300721812348e-05,1.1799339719525695e-05,1.1662695067302869e-05,1.1662695067302869e-05,1.1724827702093976e-05,WETH,pool_swap_ratio,8,229,46686059.96035477,,20002484,234065.91636012,,8,5,0.0,0.0,0.0,0.0,,0,0,,,,70282.87081909,163783.04554102998,-93500.17472193997,8,-0.002800080082871532,-0.0020007400756827123,0.0,0.0,-0.0019987399294041407,0.0,0.005003593785068757,-0.005299236489420656,2,2,price=observed;tvl=observed;lp_amount=none,False
2024-06-02T07:00:00+00:00,1.1677430111429293e-05,1.1677430111429293e-05,1.1595621358950303e-05,1.1595621358950303e-05,1.163603893956883e-05,WETH,pool_swap_ratio,5,565,46867073.33202664,,20002755,183253.76022173,,5,3,0.0,0.0,0.0,0.0,,0,0,,,,182133.5659468,1120.19427493,181013.37167187,5,-0.005767734264763017,0.0038697495463912344,0.0,0.0,0.0038772466947432347,0.0,0.003925235078251342,-0.0034734827571850646,2,2,price=observed;tvl=observed;lp_amount=none,False
2024-06-02T08:00:00+00:00,1.1589265320273881e-05,1.1933403642978185e-05,1.1563516256644617e-05,1.1933403642978185e-05,1.1774556823172738e-05,WETH,pool_swap_ratio,19,157,46212755.002246216,,20003088,816061.6816194501,,19,6,0.0,0.0,0.0,0.0,,0,0,,,,80871.67591951,735190.00569994,-654318.3297804301,19,0.028713938793934392,-0.014059525457389173,0.0,0.0,-0.013961151897515676,0.0,0.017412260326948856,0.01349068352983207,2,2,price=observed;tvl=observed;lp_amount=none,False
2024-06-02T09:00:00+00:00,1.1866790047901757e-05,1.1869852760390298e-05,1.1735434940150051e-05,1.177350513928864e-05,1.1812596979818843e-05,WETH,pool_swap_ratio,8,325,46553991.58663189,,20003372,534160.47892328,,8,5,0.0,0.0,0.0,0.0,,0,0,,,,437698.53165448003,96461.9472688,341236.58438568003,8,-0.01348981682488186,0.007356906133385139,0.0,0.0,0.007384034653832992,0.0,0.011558723969114514,-0.003309334991872692,2,2,price=observed;tvl=observed;lp_amount=none,False
2024-06-02T10:00:00+00:00,1.1726822973382715e-05,1.1816752899281125e-05,1.1057483305440063e-05,1.1754405650298626e-05,1.167752200802355e-05,WETH,pool_swap_ratio,9,889,46532356.84584567,,20003623,245773.19680718,,9,5,0.0,0.0,0.0,0.0,,0,0,,,,112069.22801047999,133703.9687967,-21634.74078622002,9,-0.0016235604900291117,-0.00046483166522440634,0.0,0.0,-0.00046472364772331357,0.0,0.0052793152301413935,0.006583900439001589,2,2,price=observed;tvl=observed;lp_amount=none,False
2024-06-02T11:00:00+00:00,1.1727168004738088e-05,1.1806475845965899e-05,1.1290325241878606e-05,1.1754234426989685e-05,1.1701920718293233e-05,WETH,pool_swap_ratio,15,757,46504329.93078274,,20003930,651326.24302027,,15,5,144469.35655792,255593.34882858,-111123.99227066,400062.7053865,0.7222335629528294,1,1,,,1.0,511848.20422297996,539875.11928591,-28026.915062930086,16,-1.4566840819575002e-05,-0.0006024917026123571,-0.002388101523393629,0.008597516491843394,-0.0006023102409314623,0.005492809007618511,0.013997276028334664,0.004470523254756831,2,2,price=observed;tvl=observed;lp_amount=quantified,False
2024-06-02T12:00:00+00:00,1.1752344929240317e-05,1.1862131733910048e-05,1.163400817067123e-05,1.1862131733910048e-05,1.183901491824866e-05,WETH,pool_swap_ratio,6,37,46374267.13356192,,20004290,180294.02204791998,,6,6,0.0,0.0,0.0,0.0,,0,0,,,,25115.64241371,155178.43963454,-130062.79722083,6,0.00913756645927316,-0.0028007072963861747,0.0,0.0,-0.0027967889745840026,0.0,0.0038769297894684306,0.0019525962101589744,2,2,price=observed;tvl=observed;lp_amount=none,False
2024-06-02T13:00:00+00:00,1.1808160496299738e-05,1.1966640268479577e-05,1.175884550786234e-05,1.1966640268479577e-05,1.182717456978098e-05,WETH,pool_swap_ratio,14,529,46143614.38757263,,20004547,1103957.8418446998,,14,8,0.0,0.0,0.0,0.0,,0,0,,,,436652.54792771,667305.29391699,-230652.74598928005,14,0.008771681952642428,-0.004986132843978523,0.0,0.0,-0.004973722718355421,0.0,0.023805397046280114,0.011791970928960449,2,2,price=observed;tvl=observed;lp_amount=none,False
2024-06-02T14:00:00+00:00,1.1998275244151756e-05,1.1998275244151756e-05,1.1885916500609851e-05,1.1983380409850254e-05,1.1958096553433429e-05,WETH,pool_swap_ratio,9,685,46080766.58095704,,20004831,378984.59107694,,9,9,0.0,0.0,0.0,0.0,,0,0,,,,158068.43968088,220916.24629647,-62847.80661559,9,0.0013979231435020134,-0.001362932788148606,0.0,0.0,-0.0013620044170730616,0.0,0.008213153566466347,0.0021143713218778615,2,2,price=observed;tvl=observed;lp_amount=none,False
2024-06-02T15:00:00+00:00,1.1924896835030442e-05,1.197284977852815e-05,1.184174478092559e-05,1.197284977852815e-05,1.1935312788172684e-05,WETH,pool_swap_ratio,6,49,46104090.590007775,,20005183,214992.65117070999,,6,6,0.0,0.0,0.0,0.0,,0,0,,,,119158.33011072,95834.32105999,23324.00905072999,6,-0.0008791560205901485,0.0005060269173099026,0.0,0.0,0.0005061549705288254,0.0,0.004665561515627132,0.003145036164671211,2,2,price=observed;tvl=observed;lp_amount=none,False
2024-06-02T16:00:00+00:00,1.1921071957930738e-05,1.2032316211525691e-05,1.186431339935451e-05,1.186431339935451e-05,1.1928443684325088e-05,WETH,pool_swap_ratio,9,1525,46295930.96594618,,20005359,379520.93929447,,9,5,0.0,0.0,0.0,0.0,,0,0,,,,285680.65761644,93840.28167803,191840.37593840997,9,-0.009106547489087683,0.004152394087285545,0.0,0.0,0.004161027220868508,0.0,0.008231827901551197,-0.005376249129201205,2,2,price=observed;tvl=observed;lp_amount=none,False
2024-06-02T17:00:00+00:00,1.190628676518612e-05,1.190628676518612e-05,1.183000105966825e-05,1.183000105966825e-05,1.1834334101990393e-05,WETH,pool_swap_ratio,3,493,46318250.407670505,,20005744,36492.29508731,,3,2,0.0,0.0,0.0,0.0,,0,1,,,1.0,35732.32911615,13412.88739182,22319.44172433,4,-0.0028962529159242147,0.00048198757091789626,0.0,0.0,0.0004821037455915397,0.0,0.000788239793992966,-0.00036614162527437433,2,2,price=observed;tvl=observed;lp_amount=quantified,False
2024-06-02T18:00:00+00:00,1.1799479521169247e-05,1.1836649247452251e-05,1.1759660542646768e-05,1.1780193355558282e-05,1.1801168866320381e-05,WETH,pool_swap_ratio,6,217,46436071.066194154,,20006067,285325.27222228,,6,4,0.0,0.0,0.0,0.0,,0,0,,,,201572.96537296,83752.30684932,117820.65852364,6,-0.004219175591814689,0.0025404901900038753,0.0,0.0,0.0025437199697018,0.0,0.006160104704106631,-0.0017774095938887235,2,2,price=observed;tvl=observed;lp_amount=none,False
2024-06-02T19:00:00+00:00,1.1762943636498536e-05,1.1762943636498536e-05,1.1583130630705908e-05,1.1736502159772637e-05,1.1750279091300642e-05,WETH,pool_swap_ratio,7,325,46543185.27263009,,20006358,107114.20643594001,,7,4,0.0,0.0,0.0,0.0,,0,0,,,,107114.20643594,0.0,107114.20643594,7,-0.0037157640644840282,0.0023040462580470856,0.0,0.0,0.002306702612356023,0.0,0.0023067026123560234,-0.0011724769616923147,2,2,price=observed;tvl=observed;lp_amount=none,False
2024-06-02T20:00:00+00:00,1.1715905575898771e-05,1.1715905575898771e-05,1.151353454810566e-05,1.151353454810566e-05,1.1683357416432156e-05,WETH,pool_swap_ratio,8,145,46782742.40139012,,20006668,239557.12876002997,,8,4,0.0,0.0,0.0,0.0,,0,0,,,,239557.12876003,0.0,239557.12876003,8,-0.019180567337033223,0.005133785666486558,0.0,0.0,0.00514698612389347,0.0,0.00514698612389347,-0.014535450921637327,2,2,price=observed;tvl=observed;lp_amount=none,False
2024-06-02T21:00:00+00:00,1.1611592455849118e-05,1.1615630148774959e-05,1.146987997433331e-05,1.146987997433331e-05,1.1574591605054816e-05,WETH,pool_swap_ratio,8,253,46928400.11324735,,20006958,421036.17204520997,,8,7,0.0,0.0,0.0,0.0,,0,0,,,,283346.94195122,137689.23009399,145657.71185723,8,-0.0037987937977950934,0.0031086554970620934,0.0,0.0,0.0031134923773280523,0.0,0.00899981810456454,-0.0090466803749496,2,2,price=observed;tvl=observed;lp_amount=none,False
2024-06-02T22:00:00+00:00,1.1561544418963585e-05,1.1632219141701902e-05,1.1441471139280947e-05,1.1564134008516648e-05,1.1591739609986004e-05,WETH,pool_swap_ratio,5,1369,46927305.986384645,,20007165,21120.22625023,,5,2,0.0,0.0,0.0,0.0,,0,0,,,,10013.04969376,11107.17655647,-1094.1268627099998,5,0.008183945735529411,-2.3315084574423002e-05,0.0,0.0,-2.3314812780100304e-05,0.0,0.0004500521262021034,-0.0023814890946630696,2,2,price=observed;tvl=observed;lp_amount=none,False
2024-06-02T23:00:00+00:00,1.1558155988180267e-05,1.1561968882087693e-05,1.140565095017986e-05,1.1494064510473383e-05,1.15259014257805e-05,WETH,pool_swap_ratio,7,1117,47079389.946001135,,20007484,197794.68935512,,7,4,0.0,0.0,0.0,0.0,,0,0,,,,174939.32448581,22855.36486931,152083.9596165,7,-0.006077639904896013,0.0032356012684012143,0.0,0.0,0.0032408414764023576,0.0,0.004214916778144213,-0.0027622061070126103,2,2,price=observed;tvl=observed;lp_amount=none,False
2024-06-03T00:00:00+00:00,1.1483514671142518e-05,1.1564037117148105e-05,1.1426909977588155e-05,1.1426909977588155e-05,1.1487259070746488e-05,WETH,pool_swap_ratio,6,853,47245010.427526124,,20007802,311296.27453059,,6,4,0.0,0.0,0.0,0.0,,0,0,,,,238458.37802779,72837.8965028,165620.48152499,6,-0.005859674515182415,0.003511724454639862,0.0,0.0,0.0035178977831903193,0.0,0.0066121560811989895,-0.005253567695014172,2,2,price=observed;tvl=observed;lp_amount=none,False
2024-06-03T01:00:00+00:00,1.1374346830039511e-05,1.1817614834375739e-05,1.133101316643313e-05,1.1817614834375739e-05,1.165989593475753e-05,WETH,pool_swap_ratio,12,145,46470978.94795309,,20008159,780031.4795730399,,12,4,0.0,0.0,0.0,0.0,,0,0,,,,3000.0,777031.4795730399,-774031.4795730399,12,0.03362010286424903,-0.016519039836035244,0.0,0.0,-0.01638334868737948,0.0,0.01651034622522962,0.01352661297328206,2,2,price=observed;tvl=observed;lp_amount=none,False
2024-06-03T02:00:00+00:00,1.1854149246367267e-05,1.197490390108133e-05,1.1759979855742279e-05,1.197490390108133e-05,1.1895332160235191e-05,WETH,pool_swap_ratio,9,37,46099385.35489457,,20008467,547628.7918974999,,9,4,0.0,0.0,0.0,0.0,,0,0,,,,88017.59941949,459611.19247801,-371593.59305852,9,0.013221917349359437,-0.008028392062177077,0.0,0.0,-0.007996250594907849,0.0,0.011784317961341793,0.0066893248355131,2,2,price=observed;tvl=observed;lp_amount=none,False
2024-06-03T03:00:00+00:00,1.1893625921342954e-05,1.2198818074100785e-05,1.1893625921342954e-05,1.216053587454382e-05,1.204029061528258e-05,WETH,pool_swap_ratio,11,85,45611464.72500211,,20008760,750987.8488824,,11,4,0.0,0.0,0.0,0.0,,0,0,,,,131533.60949497,619454.23938743,-487920.62989246,11,0.015382825894390115,-0.010640512720373233,0.0,0.0,-0.010584102719292663,0.0,0.01629062607019476,0.009986906720392152,2,2,price=observed;tvl=observed;lp_amount=none,False
2024-06-03T04:00:00+00:00,1.2236247951648152e-05,1.245155041372728e-05,1.2043065823342817e-05,1.2343317966512087e-05,1.2244955369850066e-05,WETH,pool_swap_ratio,28,25,45186715.7173942,,20009064,1779262.4205776898,,28,7,0.0,0.0,0.0,0.0,,0,0,,,,677256.7064849,1102005.7140928,-424749.00760789996,28,0.01491891711029966,-0.009355960744269413,0.0,0.0,-0.009312329918996705,0.0,0.03900910508586188,0.008032907731473804,2,2,price=observed;tvl=observed;lp_amount=none,False
2024-06-03T05:00:00+00:00,1.2424191025735538e-05,1.2458129262734797e-05,1.2252153263853288e-05,1.2458129262734797e-05,1.2355862792491648e-05,WETH,pool_swap_ratio,13,49,45020582.32673491,,20009361,837339.9606157199,,13,6,0.0,0.0,0.0,0.0,,0,0,,,,335603.28497821,501736.67563750996,-166133.39065929997,13,0.009258501352295794,-0.0036833733432285426,0.0,0.0,-0.0036765980448397245,0.0,0.01853066653156635,0.008276756707374044,2,2,price=observed;tvl=observed;lp_amount=none,False
2024-06-03T06:00:00+00:00,1.2383522244472758e-05,1.2434947278919129e-05,1.2320324625683074e-05,1.2424336015895685e-05,1.2387240165130652e-05,WETH,pool_swap_ratio,8,421,45057635.98320953,,20009629,365791.0268136,,8,7,0.0,0.0,0.0,0.0,,0,0,,,,201422.34164410998,164368.68516949,37053.65647461999,8,-0.002716231469644776,0.0008226996328248258,0.0,0.0,0.0008230381429921252,0.0,0.00812497324354642,0.0029946824531146277,2,2,price=observed;tvl=observed;lp_amount=none,False
2024-06-03T07:00:00+00:00,1.2382672166115114e-05,1.2527699618212283e-05,1.220158562393842e-05,1.229479686157608e-05,1.2341444236835022e-05,WETH,pool_swap_ratio,18,253,45314769.559718095,,20009942,1408785.0018536202,,18,9,56081.77837147,184875.68865757,-128793.9102861,240957.46702903998,0.46549110150391043,1,1,,,1.0,953631.79487759,696498.21836902,257133.57650857,20,-0.010480977693853184,0.005690548322702186,-0.0028584258245171654,0.005347760968170443,0.005706770248762926,0.0041030933963438045,0.03126628752512883,-0.0037797339082662473,2,2,price=observed;tvl=observed;lp_amount=quantified,False
2024-06-03T08:00:00+00:00,1.2245736300253626e-05,1.2245736300253626e-05,1.2116506032721237e-05,1.213994534432285e-05,1.2189578690155931e-05,WETH,pool_swap_ratio,9,457,45688214.00353706,,20010223,510738.56896206,,9,6,0.0,0.0,0.0,0.0,,0,0,,,,442091.50639051,68647.06257154999,373444.44381896,9,-0.012674869990241972,0.008207347176529035,0.0,0.0,0.008241119781637994,0.0,0.011270907342670757,-0.004071785177707787,2,2,price=observed;tvl=observed;lp_amount=none,False
2024-06-03T09:00:00+00:00,1.2208321250065926e-05,1.2365633571951223e-05,1.2208321250065926e-05,1.2365633571951223e-05,1.2298133101834396e-05,WETH,pool_swap_ratio,6,841,45203445.68261074,,20010489,669388.69115274,,6,4,0.0,0.0,0.0,0.0,,0,0,,,,92310.18511321,577078.50603953,-484768.32092632004,6,0.01841985529336528,-0.010667049523429365,0.0,0.0,-0.01061035830572827,0.0,0.014651233491003123,0.005488676172057172,2,2,price=observed;tvl=observed;lp_amount=none,False
2024-06-03T10:00:00+00:00,1.2325554096600635e-05,1.2410759392607892e-05,1.1934974246552291e-05,1.2336585061257205e-05,1.2322821174892128e-05,WETH,pool_swap_ratio,7,337,45215520.22800213,,20010826,218229.31467174998,,7,5,0.0,0.0,0.0,0.0,,0,0,,,,115151.93003157,103077.38464018,12074.545391389998,6,-0.0023518959584392994,0.0002670799282332213,0.0,0.0,0.00026711559725268774,0.0,0.0048277141571024165,0.0011169427982222757,2,2,price=observed;tvl=observed;lp_amount=none,False
2024-06-03T11:00:00+00:00,1.2412763441388707e-05,1.2535578058785015e-05,1.2319254887603301e-05,1.2535578058785015e-05,1.2425252055487414e-05,WETH,pool_swap_ratio,9,217,45079930.50712333,,20011136,301771.0305351,,9,4,0.0,0.0,0.0,0.0,,0,0,,,,83090.65482815,218680.37570695,-135589.7208788,9,0.016001603285088418,-0.003003248152316017,0.0,0.0,-0.002998742913828708,0.0,0.006674058575758953,0.008879176277867051,2,2,price=observed;tvl=observed;lp_amount=none,False
2024-06-03T12:00:00+00:00,1.2356949362774881e-05,1.246261725710213e-05,1.2085034229995652e-05,1.2085034229995652e-05,1.2262188335335754e-05,WETH,pool_swap_ratio,14,85,45776890.11872677,,20011447,1016578.2156723799,,14,6,0.0,0.0,0.0,0.0,,0,0,,,,856768.9136379102,159809.30203447,696959.6116034401,14,-0.036602999538165086,0.015342233590204325,0.0,0.0,0.015460529858033159,0.0,0.02255057193381753,-0.014447185159405795,2,2,price=observed;tvl=observed;lp_amount=none,False
2024-06-03T13:00:00+00:00,1.2043530215185945e-05,1.206372468584497e-05,1.1850635952422544e-05,1.2017568398668704e-05,1.2030966845771079e-05,WETH,pool_swap_ratio,8,409,42834279.07745209,,20011716,373353.48868969997,,8,4,0.0,3069142.9111157,-3069142.9111157,3069142.9111157,0.0,0,1,,,1.0,249942.67926535997,3192553.72054004,-2942611.0412746803,9,-0.005598234229373898,-0.06644068616232396,-0.06704568403741676,0.06704568403741676,-0.06428158473943371,0.06704568403741676,0.00815593824135654,-0.0011136633717085953,2,2,price=observed;tvl=observed;lp_amount=quantified,False
2024-06-03T14:00:00+00:00,1.17723353226175e-05,1.2242968625085485e-05,1.17723353226175e-05,1.2175632708409527e-05,1.218710467419417e-05,WETH,pool_swap_ratio,7,913,42486581.44529335,,20011972,618377.6764615,,7,5,0.0,0.0,0.0,0.0,,0,0,,,,135340.02215138002,483037.65431012004,-347697.63215874,7,0.013067023096277204,-0.008150399674684899,0.0,0.0,-0.00811727522085851,0.0,0.014436514160617989,-0.0009413200338661554,2,2,price=observed;tvl=observed;lp_amount=none,False
2024-06-03T15:00:00+00:00,1.2170541957718297e-05,1.2268130248668467e-05,1.2170541957718297e-05,1.2221406076455597e-05,1.2240138051401565e-05,WETH,pool_swap_ratio,6,1153,42378562.744351044,,20012252,253971.22958599997,,6,4,0.0,0.0,0.0,0.0,,0,0,,,,72976.26432185,180994.96526415,-108018.7009423,6,0.003752375209002139,-0.0025456566487255597,0.0,0.0,-0.00254241921255508,0.0,0.0059776809747100704,-0.0015303728493342161,2,2,price=observed;tvl=observed;lp_amount=none,False
2024-06-03T16:00:00+00:00,1.2216338504733517e-05,1.234681750538849e-05,1.1801342175012982e-05,1.234681750538849e-05,1.2254895291763651e-05,WETH,pool_swap_ratio,12,241,42200694.82050181,,20012626,543875.24268303,,12,6,0.0,0.0,0.0,0.0,,0,0,,,,183003.65942473,360871.58327397,-177867.92384924,11,0.010209327330467685,-0.004205952882013036,0.0,0.0,-0.004197120249741111,0.0,0.012833734970295262,0.007500856713693604,2,2,price=observed;tvl=observed;lp_amount=none,False
2024-06-03T17:00:00+00:00,1.2113881396739323e-05,1.2297803995788632e-05,1.2113881396739323e-05,1.2197516073216806e-05,1.2234477450947503e-05,WETH,pool_swap_ratio,15,337,42437937.561782114,,20012916,437649.98332207,,15,6,0.0,0.0,0.0,0.0,,0,0,,,,337446.36230119003,100203.62102088,237242.74128031003,15,-0.012166007540548963,0.005606030152726189,0.0,0.0,0.005621773344951029,0.0,0.010370681932693018,-0.0030210834814063947,2,2,price=observed;tvl=observed;lp_amount=none,False
2024-06-03T18:00:00+00:00,1.2188701442121446e-05,1.2242381489853363e-05,1.2148277838979452e-05,1.2242381489853363e-05,1.2190211319244355e-05,WETH,pool_swap_ratio,11,601,42490621.57661181,,20013191,159590.87221441,,11,5,0.0,0.0,0.0,0.0,,0,0,,,,106137.44352204999,53453.428692359994,52684.01482968999,11,0.0036714938693245143,0.0012406667938799504,0.0,0.0,0.001241436739308818,0.0,0.003760570880290164,0.004279677295392581,2,2,price=observed;tvl=observed;lp_amount=none,False
2024-06-03T19:00:00+00:00,1.2088315045525993e-05,1.2229960821746937e-05,1.2088315045525993e-05,1.2133025316655673e-05,1.2189705519467e-05,WETH,pool_swap_ratio,7,433,42489319.92902848,,20013502,140536.11979129,,7,4,0.0,0.0,0.0,0.0,,0,0,,,,69617.23610397999,70918.88368731,-1301.6475833300065,7,-0.008972724660690498,-3.063423109899737e-05,0.0,0.0,-3.063376187573765e-05,0.0,0.0033074620840248085,-0.004649841845712266,2,2,price=observed;tvl=observed;lp_amount=none,False
2024-06-03T20:00:00+00:00,1.2160664551872557e-05,1.2223269058205489e-05,1.2129913037586424e-05,1.2129913037586424e-05,1.2148183064007734e-05,WETH,pool_swap_ratio,7,409,42594106.68395089,,20013802,110500.40843932999,,7,2,0.0,0.0,0.0,0.0,,0,0,,,,107643.58168086999,2856.82675846,104786.75492241,7,-0.0002565459336276591,0.002463154390304997,0.0,0.0,0.0024661904473274525,0.0,0.0026006631460306494,-0.0015039307791994139,2,2,price=observed;tvl=observed;lp_amount=none,False
2024-06-03T21:00:00+00:00,1.219728574105461e-05,1.222353344534133e-05,1.2120555740873734e-05,1.2120555740873734e-05,1.2147416265426734e-05,WETH,pool_swap_ratio,6,1645,42611531.11164569,,20013997,54522.84381862001,,6,5,0.0,0.0,0.0,0.0,,0,0,,,,35973.63575671,18549.20806191,17424.427694799997,6,-0.0007717209314649573,0.00040899706612114873,0.0,0.0,0.00040908071682520757,0.0,0.0012800560467949376,-0.0022112129827516203,2,2,price=observed;tvl=observed;lp_amount=none,False
2024-06-03T22:00:00+00:00,1.2097765641759163e-05,1.21224144988733e-05,1.2064886080686846e-05,1.21224144988733e-05,1.2082978357098295e-05,WETH,pool_swap_ratio,3,1705,42749464.6818679,,20014291,146689.99411861002,,3,2,0.0,0.0,0.0,0.0,,0,0,,,,142311.78217041,4378.2119482,137933.57022221,3,0.0001533440815895743,0.003231773223642856,0.0,0.0,0.0032370010329085047,0.0,0.003442495265759643,0.0032637765797070006,2,2,price=observed;tvl=observed;lp_amount=none,False
2024-06-03T23:00:00+00:00,1.2046204185169292e-05,1.2158437398920033e-05,1.2002479706104476e-05,1.2002479706104476e-05,1.2033897381389593e-05,WETH,pool_swap_ratio,11,73,42888790.202645876,,20014726,173882.60639368,,11,7,0.0,0.0,0.0,0.0,,0,0,,,,156604.06358583,17278.542807849997,139325.52077798,11,-0.009942906263115678,0.003253817908588207,0.0,0.0,0.0032591173202941802,0.0,0.00406748032256488,-0.00261076476634281,2,2,price=observed;tvl=observed;lp_amount=none,False
2024-06-04T00:00:00+00:00,1.1967865460565885e-05,1.1985410831600962e-05,1.18119362160626e-05,1.1929147959837396e-05,1.1957851567460857e-05,WETH,pool_swap_ratio,9,289,43007364.60222233,,20015008,125927.23403209,,9,6,0.0,0.0,0.0,0.0,,0,0,,,,122250.81680427,3676.41722782,118574.39957645,9,-0.006128457019858599,0.0027608796962992565,0.0,0.0,0.002764694434517646,0.0,0.0029361339743344253,-0.0024003983877478596,2,2,price=observed;tvl=observed;lp_amount=none,False
2024-06-04T01:00:00+00:00,1.1930463293789747e-05,1.2034020464401971e-05,1.1922037041852457e-05,1.1977875912261583e-05,1.1999194101841286e-05,WETH,pool_swap_ratio,5,565,42925947.94217669,,20015285,203352.15660108,,5,5,0.0,0.0,0.0,0.0,,0,0,,,,60967.74827772,142384.40832336,-81416.66004563999,5,0.004076460555111134,-0.0018948806230320771,0.0,0.0,-0.0018930864701584835,0.0,0.004728310104139051,-0.0017766351138891467,2,2,price=observed;tvl=observed;lp_amount=none,False
2024-06-04T02:00:00+00:00,1.2046291916081234e-05,1.2046291916081234e-05,1.195825037832102e-05,1.195825037832102e-05,1.1969288759817535e-05,WETH,pool_swap_ratio,5,925,42977412.53751315,,20015553,61758.21937146,,5,4,0.0,0.0,0.0,0.0,,0,0,,,,56611.40735396,5146.8120175,51464.59533646,5,-0.0016398257679719629,0.0011981976306000158,0.0,0.0,0.0011989157561711921,0.0,0.0014387153302858047,-0.000922225348391037,2,2,price=observed;tvl=observed;lp_amount=none,False
2024-06-04T03:00:00+00:00,1.1947583023755284e-05,1.2326858498332946e-05,1.156453874207641e-05,1.1737482273141628e-05,1.1941871052116816e-05,WETH,pool_swap_ratio,13,25,43043063.31543401,,20015927,127455.07356678,,13,4,0.0,0.0,0.0,0.0,,0,0,,,,96552.92574381999,30902.147822959996,65650.77792085998,13,-0.018634114125333102,0.0015263991512834444,0.0,0.0,0.0015275646914191545,0.0,0.0029656292931904615,-0.017115306142830744,2,2,price=observed;tvl=observed;lp_amount=none,False
2024-06-04T04:00:00+00:00,1.1902275353017965e-05,1.1966044389099896e-05,1.0701439395135583e-05,1.1898948057162791e-05,1.1785808932037469e-05,WETH,pool_swap_ratio,16,385,43088233.04645988,,20016197,437406.64929359,,16,7,35482.11845812,54820.77658446,-19338.65812634,90302.89504258,0.7858467536702853,1,1,,,1.0,286959.62609975,241789.89507386996,45169.73102588003,17,0.013662663394585052,0.0010488576643971656,-0.0004492862876561509,0.0020979662711459474,0.0010494079079562968,0.001273626279401049,0.010162070624205516,0.009599606253396509,2,2,price=observed;tvl=observed;lp_amount=quantified,False
2024-06-04T05:00:00+00:00,1.188049702224034e-05,1.188049702224034e-05,1.1732941329321556e-05,1.1732941329321556e-05,1.1867799991666787e-05,WETH,pool_swap_ratio,6,169,43188902.07193874,,20016512,100669.02547885,,6,4,0.0,0.0,0.0,0.0,,0,0,,,,100669.02547885,0.0,100669.02547885,6,-0.01404961370734008,0.0023336210926771413,0.0,0.0,0.0023363461056828123,0.0,0.0023363461056828123,-0.011363408756460691,2,2,price=observed;tvl=observed;lp_amount=none,False
2024-06-04T06:00:00+00:00,1.1792938556274339e-05,1.1862755145822754e-05,1.1792938556274339e-05,1.1822153132007484e-05,1.183604321697413e-05,WETH,pool_swap_ratio,6,253,43261798.90914719,,20016804,81986.06148672999,,6,3,0.0,0.0,0.0,0.0,,0,0,,,,77441.44934759,4544.61213914,72896.83720845,6,0.0075747715121242285,0.00168643755708548,0.0,0.0,0.0016878603926311314,0.0,0.0018983131673541442,-0.00117354125124558,2,2,price=observed;tvl=observed;lp_amount=none,False
2024-06-04T07:00:00+00:00,1.1819168263269168e-05,1.1819168263269168e-05,1.1796059695656198e-05,1.1796059695656198e-05,1.1801334892732768e-05,WETH,pool_swap_ratio,4,937,43360608.50091425,,20017046,98809.59176707,,4,4,0.0,0.0,0.0,0.0,,0,0,,,,98809.59176707,0.0,98809.59176707,4,-0.0022096038475156294,0.0022813874048946783,0.0,0.0,0.0022839917492699984,0.0,0.0022839917492699984,-0.0004470000321590284,2,2,price=observed;tvl=observed;lp_amount=none,False
2024-06-04T08:00:00+00:00,1.1776604168525114e-05,1.1851265430570446e-05,1.1705981020614569e-05,1.1705981020614569e-05,1.181318942259114e-05,WETH,pool_swap_ratio,6,265,43361592.00035367,,20017399,75959.38966404999,,6,4,0.0,0.0,0.0,0.0,,0,0,,,,38471.44455173,37487.94511232,983.4994394099995,6,-0.007665642080145541,2.2681607103589784e-05,0.0,0.0,2.268186433290627e-05,0.0,0.0017518063581245266,-0.009075313883611269,2,2,price=observed;tvl=observed;lp_amount=none,False
2024-06-04T09:00:00+00:00,1.1781558822017087e-05,1.1781558822017087e-05,1.1670096391359067e-05,1.1670096391359067e-05,1.1755064368241225e-05,WETH,pool_swap_ratio,2,745,43364562.362557024,,20017657,2970.36220336,,2,2,0.0,0.0,0.0,0.0,,0,0,,,,2970.36220336,0.0,2970.36220336,2,-0.003070203508561223,6.849980208015138e-05,0.0,0.0,6.850214824528981e-05,0.0,6.850214824528981e-05,-0.007228201753766372,2,2,price=observed;tvl=observed;lp_amount=none,False
2024-06-04T10:00:00+00:00,1.1734848572085866e-05,1.2228032835130167e-05,1.1734848572085866e-05,1.192712235586305e-05,1.2036546998181504e-05,WETH,pool_swap_ratio,6,373,43358818.846879914,,20017985,40932.63108431,,6,4,0.0,0.0,0.0,0.0,,0,0,,,,17594.5577036,23338.073380709997,-5743.515677109997,6,0.021785290252187704,-0.00013245599065459567,0.0,0.0,-0.00013244721874719565,0.0,0.0009439189249065992,-0.009091032696917578,2,2,price=observed;tvl=observed;lp_amount=none,False
2024-06-04T11:00:00+00:00,1.178430965084297e-05,1.1824788254526244e-05,1.176416255301669e-05,1.1824788254526244e-05,1.1778790194660773e-05,WETH,pool_swap_ratio,5,505,43416519.15729807,,20018274,102086.08057620999,,5,3,0.0,0.0,0.0,0.0,,0,0,,,,79893.19549718,22192.88507903,57700.31041815,5,-0.008616968649405157,0.0013298782868315557,0.0,0.0,0.0013307629670890376,0.0,0.002354447913738685,0.0039051599617014876,2,2,price=observed;tvl=observed;lp_amount=none,False
2024-06-04T12:00:00+00:00,1.1846511541799664e-05,1.1886106292682666e-05,1.1828700527883985e-05,1.1828700527883985e-05,1.186442985832653e-05,WETH,pool_swap_ratio,6,1249,43254188.65301234,,20018511,213936.31079971002,,6,6,0.0,0.0,0.0,0.0,,0,0,,,,25802.90325699,188133.40754272,-162330.50428573,6,0.0003307988457351742,-0.003745918273983271,0.0,0.0,-0.0037389110743218843,0.0,0.004927532537203608,-0.003011466279390529,2,2,price=observed;tvl=observed;lp_amount=none,False
2024-06-04T13:00:00+00:00,1.1822663531017118e-05,1.1822663531017118e-05,1.1717295412663618e-05,1.1783221426826927e-05,1.1802253584810178e-05,WETH,pool_swap_ratio,6,1441,43367222.505513564,,20018793,113033.85250122,,6,3,0.0,0.0,0.0,0.0,,0,0,,,,113033.85250122,0.0,113033.85250122,6,-0.00385221985615907,0.002609837802177382,0.0,0.0,0.002613246393499234,0.0,0.002613246393499234,-0.001612586769678126,2,2,price=observed;tvl=observed;lp_amount=none,False
2024-06-04T14:00:00+00:00,1.187384368674618e-05,1.1916756464515491e-05,1.1695815488154571e-05,1.1781827344724652e-05,1.1859207012739449e-05,WETH,pool_swap_ratio,9,73,43364679.19790049,,20019205,430794.89051656995,,9,5,0.0,0.0,0.0,0.0,,0,0,,,,214125.79145175,216669.09906481998,-2543.3076130699774,9,-0.00011831777794443265,-5.864756943757974e-05,0.0,0.0,-5.864584970242514e-05,0.0,0.009933651860268435,-0.006524860214656258,2,2,price=observed;tvl=observed;lp_amount=none,False
2024-06-04T15:00:00+00:00,1.1642949838799862e-05,1.1855630941103252e-05,1.1642949838799862e-05,1.1852709915324486e-05,1.1802560144391784e-05,WETH,pool_swap_ratio,5,493,43365127.60885503,,20019469,36837.22033692,,5,4,0.0,0.0,0.0,0.0,,0,0,,,,18642.81564573,18194.40469119,448.4109545399988,5,0.005998237438929527,1.03404117005534e-05,0.0,0.0,1.0340465162756437e-05,0.0,0.0008494752185023308,0.004249058705837916,2,2,price=observed;tvl=observed;lp_amount=none,False
2024-06-04T16:00:00+00:00,1.1779353346429932e-05,1.190338447403549e-05,1.1756052726005949e-05,1.1876398359726199e-05,1.1849380542239284e-05,WETH,pool_swap_ratio,5,205,43145931.904625915,,20019791,468069.50866192,,5,4,0.0,0.0,0.0,0.0,,0,0,,,,124436.9022164,343632.60644552,-219195.70422912,5,0.0019965733222036862,-0.005067471708867948,0.0,0.0,-0.00505465373482173,0.0,0.010793684568020078,0.0022801037902870913,2,2,price=observed;tvl=observed;lp_amount=none,False
2024-06-04T17:00:00+00:00,1.19595978996943e-05,1.19595978996943e-05,1.1880425544571662e-05,1.1880425544571662e-05,1.1929296489362525e-05,WETH,pool_swap_ratio,3,1405,43131888.95232752,,20019991,119740.80978285,,3,2,0.0,0.0,0.0,0.0,,0,0,,,,52848.92874223,66891.88104062,-14042.95229839001,3,0.0003390339466472892,-0.00032552867661521736,0.0,0.0,-0.00032547569790431126,0.0,0.0027752514431148936,-0.004096716418645618,2,2,price=observed;tvl=observed;lp_amount=none,False
2024-06-04T18:00:00+00:00,1.1871902892412486e-05,1.221190706036844e-05,1.1403675097858755e-05,1.1945928217545647e-05,1.1913314131727772e-05,WETH,pool_swap_ratio,17,73,42977197.275482744,,20020402,368374.50143072,,17,8,0.0,0.0,0.0,0.0,,0,0,,,,106841.41229297001,261533.08913774998,-154691.67684477998,17,0.005498351837654879,-0.0035929272979785577,0.0,0.0,-0.0035864804580146353,0.0,0.008540653107909883,0.00273761654038962,2,2,price=observed;tvl=observed;lp_amount=none,False
2024-06-04T19:00:00+00:00,1.194057480946004e-05,1.2005380895630296e-05,1.1719308224572441e-05,1.1954496751730007e-05,1.1968572725207566e-05,WETH,pool_swap_ratio,9,241,42959084.696672946,,20020684,184413.80429360998,,9,5,0.0,0.0,0.0,0.0,,0,0,,,,83150.61274191001,101263.1915517,-18112.578809789993,9,0.0007170194306149971,-0.0004215350876797242,0.0,0.0,-0.0004214462542470795,0.0,0.004290968606247685,-0.0011760778666543015,2,2,price=observed;tvl=observed;lp_amount=none,False
2024-06-04T20:00:00+00:00,1.1949161212392592e-05,1.1949161212392592e-05,1.1774115473643791e-05,1.1774115473643791e-05,1.1933136925636788e-05,WETH,pool_swap_ratio,3,2449,43037747.7556239,,20020800,81212.37121181001,,3,3,0.0,0.0,0.0,0.0,,0,0,,,,79937.71508138,1274.65613043,78663.05895095,3,-0.015203986741614415,0.0018294413560889942,0.0,0.0,0.0018311158048728681,0.0,0.001890458602301172,-0.013326039329303208,2,2,price=observed;tvl=observed;lp_amount=none,False
2024-06-04T21:00:00+00:00,1.1793627024011115e-05,1.1996360217323175e-05,1.1717053124498928e-05,1.187530712784591e-05,1.1966924076743123e-05,WETH,pool_swap_ratio,9,169,42957064.95551643,,20021289,183795.76881727,,9,4,0.0,0.0,0.0,0.0,,0,0,,,,51556.4843549,132239.28446237,-80682.80010747002,9,0.008557694914039234,-0.0018764579220097214,0.0,0.0,-0.0018746984755243588,0.0,0.004270571263647335,-0.007655847760851375,2,2,price=observed;tvl=observed;lp_amount=none,False
2024-06-04T22:00:00+00:00,1.2039506086938908e-05,1.2272264686028829e-05,1.2039506086938908e-05,1.2272264686028829e-05,1.2154879791216892e-05,WETH,pool_swap_ratio,10,949,42372586.0345794,,20021522,588901.0806547098,,10,6,0.0,0.0,0.0,0.0,,0,0,,,,2211.07985884,586690.00079587,-584478.92093703,10,0.03288059969638196,-0.013699530121987496,0.0,0.0,-0.01360611861034451,0.0,0.013709062322217263,0.009657429512117455,2,2,price=observed;tvl=observed;lp_amount=none,False
2024-06-04T23:00:00+00:00,1.2212800200642765e-05,1.2264893707986805e-05,1.2108237282138101e-05,1.2208160087658472e-05,1.2225264292046799e-05,WETH,pool_swap_ratio,14,253,42376765.430714,,20021880,241893.00108799996,,14,8,0.0,23870.1751999,-23870.1751999,23870.1751999,0.0,0,1,,,1.0,135002.55171163997,130823.15557705,4179.396134589973,15,-0.005237224883755884,9.862957216110657e-05,-0.0005633400609634738,0.0005633400609634738,9.863443621730459e-05,0.0005633400609634738,0.005708714613042404,-0.001399086676551753,2,2,price=observed;tvl=observed;lp_amount=quantified,False
2024-06-05T00:00:00+00:00,1.2293821904915164e-05,1.2406555672268703e-05,1.2235166556839376e-05,1.2311273282901748e-05,1.2330659211155998e-05,WETH,pool_swap_ratio,14,49,42259891.69459731,,20022194,618991.3804819798,,14,6,0.0,0.0,0.0,0.0,,0,0,,,,251058.82218264995,367932.55829933,-116873.73611668005,14,0.00841078189265248,-0.002761777564789199,0.0,0.0,-0.002757967365578399,0.0,0.014606857653966786,-0.001572172900270452,2,2,price=observed;tvl=observed;lp_amount=none,False
2024-06-05T01:00:00+00:00,1.2240547581669557e-05,1.2333526266741725e-05,1.2199984922895567e-05,1.2333526266741725e-05,1.2272802316275261e-05,WETH,pool_swap_ratio,6,409,42214513.00628093,,20022464,316001.76407572,,6,5,0.0,0.0,0.0,0.0,,0,0,,,,135311.53787966998,180690.22619605,-45378.68831638002,6,0.001805897414007478,-0.0010743773298449001,0.0,0.0,-0.0010738003931557976,0.0,0.007477581020779545,0.004947847191014931,2,2,price=observed;tvl=observed;lp_amount=none,False
2024-06-05T02:00:00+00:00,1.2262067583323902e-05,1.2407200814137364e-05,1.2099507571550539e-05,1.2352517887752478e-05,1.2302836644485073e-05,WETH,pool_swap_ratio,17,61,42038680.87165531,,20022792,691252.3016111,,17,7,0.0,0.0,0.0,0.0,,0,0,,,,257710.08349274003,433542.21811836003,-175832.13462562,17,0.001538652741501289,-0.004173904437417476,0.0,0.0,-0.0041652058049197116,0.0,0.01637475485050014,0.0040381941744853656,2,2,price=observed;tvl=observed;lp_amount=none,False
2024-06-05T03:00:00+00:00,1.2350696429365774e-05,1.2446294593144554e-05,1.229058826353105e-05,1.229058826353105e-05,1.2355589235824622e-05,WETH,pool_swap_ratio,15,313,41976766.141420744,,20023069,624075.50960748,,15,7,0.0,0.0,0.0,0.0,,0,0,,,,281080.38968646,342995.11992102,-61914.730234559975,15,-0.005026132194001302,-0.0014738894725704282,0.0,0.0,-0.001472803830919113,0.0,0.014845268611372262,-0.005260855719054214,2,2,price=observed;tvl=observed;lp_amount=none,False
2024-06-05T04:00:00+00:00,1.2475809857562784e-05,1.2475809857562784e-05,1.2214429093647053e-05,1.2214429093647053e-05,1.2378045558417064e-05,WETH,pool_swap_ratio,14,673,42207757.89540274,,20023339,429233.71832235,,14,6,0.0,0.0,0.0,0.0,,0,0,,,,330112.73615217005,99120.98217018,230991.75398199004,14,-0.0062158221709233625,0.005487762420181654,0.0,0.0,0.005502847770687556,0.0,0.010225507054932512,-0.013218279412354539,2,2,price=observed;tvl=observed;lp_amount=none,False
2024-06-05T05:00:00+00:00,1.2323560947962478e-05,1.251788698727411e-05,1.2276575571777248e-05,1.251788698727411e-05,1.2407950920530369e-05,WETH,pool_swap_ratio,12,745,41832213.69857493,,20023632,511781.06042781,,12,8,0.0,0.0,0.0,0.0,,0,0,,,,68118.43179999999,443662.62862781,-375544.19682781,12,0.02454061496436536,-0.008937335162009645,0.0,0.0,-0.008897515896448844,0.0,0.012125284211875966,0.008860130689414492,2,2,price=observed;tvl=observed;lp_amount=none,False
2024-06-05T06:00:00+00:00,1.2441590842919032e-05,1.2544223995584871e-05,1.2431429382929427e-05,1.2518647466986929e-05,1.2492340015251198e-05,WETH,pool_swap_ratio,11,457,41829696.31423594,,20023956,256337.64572763,,11,6,0.0,0.0,0.0,0.0,,0,0,,,,126910.13069432,129427.51503330999,-2517.384338989985,11,6.0749598906562375e-05,-6.0179939457875e-05,0.0,0.0,-6.017812868162277e-05,0.0,0.0061277571293427025,0.0021058866236121077,2,2,price=observed;tvl=observed;lp_amount=none,False
2024-06-05T07:00:00+00:00,1.2434556645179394e-05,1.2494411186893856e-05,1.2326778361703248e-05,1.241382504834666e-05,1.240588658605374e-05,WETH,pool_swap_ratio,12,1513,42052240.190228425,,20024225,529523.35115696,,12,4,37006.0,0.0,37006.0,37006.0,0.0,1,0,,,,394536.61357472,171992.73758224,222543.87599248,13,-0.00840855524353061,0.0053061340119404275,0.0008846824926004952,0.0008846824926004952,0.0053202364731665865,0.0,0.012659029297727577,0.0006398947981551828,2,2,price=observed;tvl=observed;lp_amount=quantified,False
2024-06-05T08:00:00+00:00,1.2337600862665022e-05,1.2360728210964225e-05,1.2329576802307928e-05,1.2329576802307928e-05,1.2331739718820376e-05,WETH,pool_swap_ratio,3,1513,42194170.35647078,,20024465,141930.16624236,,3,2,0.0,0.0,0.0,0.0,,0,0,,,,141930.16624236,0.0,141930.16624236,3,-0.006809780814951547,0.0033694088471680184,0.0,0.0,0.0033750916859677776,0.0,0.0033750916859677776,-0.00017539427215995662,2,2,price=observed;tvl=observed;lp_amount=none,False
2024-06-05T09:00:00+00:00,1.2300656004632723e-05,1.2300656004632723e-05,1.2222782862476657e-05,1.2271607093904534e-05,1.2246911512907303e-05,WETH,pool_swap_ratio,8,565,42375721.32100805,,20024841,398169.01363163,,8,6,0.0,0.0,0.0,0.0,,0,0,,,,289859.98908444995,108309.02454718,181550.96453726996,8,-0.004712766340107053,0.004293519592689037,0.0,0.0,0.0043027499534524635,0.0,0.009436588283825988,0.002016474191979256,2,2,price=observed;tvl=observed;lp_amount=none,False
2024-06-05T10:00:00+00:00,1.2327619763201221e-05,1.2779902546600523e-05,1.2327619763201221e-05,1.2610982327039452e-05,1.2561273163084096e-05,WETH,pool_swap_ratio,11,793,41558289.74970156,,20025121,1381954.30346229,,11,4,0.0,0.0,0.0,0.0,,0,0,,,,282261.3660779,1099692.93738439,-817431.5713064901,11,0.02727981993592845,-0.01947857385075394,0.0,0.0,-0.019290092199592667,0.0,0.032611935806203654,0.0039573348425734345,2,2,price=observed;tvl=observed;lp_amount=none,False
2024-06-05T11:00:00+00:00,1.2558593389510379e-05,1.2586083613877094e-05,1.2353783081907722e-05,1.2586083613877094e-05,1.2466480508135765e-05,WETH,pool_swap_ratio,7,361,41665589.71860394,,20025457,1130882.0326350399,,7,5,580073.00241715,574500.40889192,5572.593525229953,1154573.41130907,0.9951734610630677,1,1,,,1.0,1199164.0031858599,1091864.03428348,107299.96890237997,9,-0.0019763190940512046,0.00257858751699692,0.0001340910215216441,0.02778202419451973,0.0025819149331849133,0.013823966586499042,0.027211948312746943,0.009593975273396227,2,2,price=observed;tvl=observed;lp_amount=quantified,False
2024-06-05T12:00:00+00:00,1.2565817405161736e-05,1.2565817405161736e-05,1.238984529553088e-05,1.2442735766560976e-05,1.245021139564818e-05,WETH,pool_swap_ratio,9,1261,42048262.70440332,,20025682,393133.24579936,,9,5,0.0,0.0,0.0,0.0,,0,0,,,,387903.11579936993,5230.12999999,382672.98579937994,9,-0.011454748427251207,0.009142469022462407,0.0,0.0,0.009184389045824885,0.0,0.009435441774722405,-0.0006004419402723116,2,2,price=observed;tvl=observed;lp_amount=none,False
2024-06-05T13:00:00+00:00,1.245088867574574e-05,1.245088867574574e-05,1.2299138850980147e-05,1.2375220875440236e-05,1.2350559295535277e-05,WETH,pool_swap_ratio,6,253,42173097.55233533,,20026063,363717.48680807,,6,4,0.0,0.0,0.0,0.0,,0,1,,,1.0,244795.73439605001,119960.88646404,124834.84793201002,7,-0.005440823243080254,0.0029644484242880437,0.0,0.0,0.0029688467466442376,0.0,0.0086500003428199,0.001996798631935137,2,2,price=observed;tvl=observed;lp_amount=quantified,False
2024-06-05T14:00:00+00:00,1.2416450210582049e-05,1.2483003790323255e-05,1.2302535235711173e-05,1.245066692472834e-05,1.2414864368669515e-05,WETH,pool_swap_ratio,5,997,42033443.30219481,,20026299,161249.8037739,,5,3,0.0,0.0,0.0,0.0,,0,0,,,,10797.77681669,150452.02695721,-139654.25014052002,5,0.006078032911367172,-0.0033169484642086655,0.0,0.0,-0.0033114534678704596,0.0,0.003823522888585423,0.002883845928206563,2,2,price=observed;tvl=observed;lp_amount=none,False
2024-06-05T15:00:00+00:00,1.2332434971899612e-05,1.2404373707989657e-05,1.225930844957753e-05,1.2404373707989657e-05,1.2316158939955349e-05,WETH,pool_swap_ratio,5,181,42077672.62711451,,20026666,849941.1473558999,,5,5,74669.02916552,287042.23773096,-212373.20856544003,361711.26689648,0.4128653763328302,1,1,,,1.0,628260.3879539899,584031.06303429,44229.324919699924,7,-0.003725060920514104,0.0010516880796949944,-0.005052481830684349,0.008605320870241266,0.0010522412975239278,0.006828901350462808,0.02022059295131597,0.007162522704065477,2,2,price=observed;tvl=observed;lp_amount=quantified,False
2024-06-05T16:00:00+00:00,1.247655837579564e-05,1.2916118898008021e-05,1.232826462259968e-05,1.2341468833399062e-05,1.244756949081366e-05,WETH,pool_swap_ratio,11,121,42132825.71634534,,20026969,529277.05451347,,11,8,0.0,0.0,0.0,0.0,,0,0,,,,292215.07187215,237061.98264132,55153.089230829995,11,-0.005084087153801392,0.0013098864916311855,0.0,0.0,0.0013107447676488121,0.0,0.012578572470103971,-0.008523805188868527,2,2,price=observed;tvl=observed;lp_amount=none,False
2024-06-05T17:00:00+00:00,1.22407971600434e-05,1.2329532297928862e-05,1.2142600189261114e-05,1.2272694767803454e-05,1.2297946350095379e-05,WETH,pool_swap_ratio,5,73,42286611.227318525,,20027273,153785.51097319,,5,5,0.0,0.0,0.0,0.0,,0,0,,,,153785.51097319,0.0,153785.51097319,5,-0.0055881845657424385,0.003643371400123698,0.0,0.0,0.0036500165454967154,0.0,0.0036500165454967154,-0.0020533169988766753,2,2,price=observed;tvl=observed;lp_amount=none,False
2024-06-05T18:00:00+00:00,1.2222676856258383e-05,1.2275192767178313e-05,1.2142084333579279e-05,1.2211814181501666e-05,1.2204802594955714e-05,WETH,pool_swap_ratio,6,433,42574056.00161273,,20027540,312737.05993632,,6,5,0.0,0.0,0.0,0.0,,0,0,,,,300090.91711526003,12646.142821059999,287444.7742942,6,-0.00497299838817656,0.006774537203647967,0.0,0.0,0.006797536287525952,0.0,0.00739565197729256,0.0005744940560405976,2,2,price=observed;tvl=observed;lp_amount=none,False
2024-06-05T19:00:00+00:00,1.213707117266029e-05,1.2281946761485973e-05,1.213707117266029e-05,1.2281946761485973e-05,1.213998411600832e-05,WETH,pool_swap_ratio,2,2041,42590037.79696278,,20027706,16651.398574529998,,2,2,0.0,0.0,0.0,0.0,,0,0,,,,16316.59696229,334.80161224,15981.795350049999,2,0.005726582520881109,0.0003753176914076427,0.0,0.0,0.00037538813190466513,0.0,0.00039111609600690224,0.011693808173147024,2,2,price=observed;tvl=observed;lp_amount=none,False
2024-06-05T20:00:00+00:00,1.2101565488428339e-05,1.2378133615150767e-05,1.2066775771012612e-05,1.2378133615150767e-05,1.2106496078363906e-05,WETH,pool_swap_ratio,5,1,42725477.893290184,,20028173,165100.90340701997,,5,5,0.0,0.0,0.0,0.0,,0,0,,,,150270.49986721,14830.40353981,135440.09632739998,5,0.007801056606036624,0.0031750428749424556,0.0,0.0,0.0031800886623551813,0.0,0.00387651460170326,0.022437337362403165,2,2,price=observed;tvl=observed;lp_amount=none,False
2024-06-05T21:00:00+00:00,1.2253966469435006e-05,1.2253966469435006e-05,1.2062268212516164e-05,1.2124723984148224e-05,1.2156366123796411e-05,WETH,pool_swap_ratio,5,805,42615025.603651926,,20028406,174060.20453124002,,5,3,0.0,0.0,0.0,0.0,,0,0,,,,31803.957446490003,142256.24708475,-110452.28963826,5,-0.020684825455466745,-0.0025885094834227997,0.0,0.0,-0.0025851621815470897,0.0,0.004073920599927924,-0.0026029274970787997,2,2,price=observed;tvl=observed;lp_amount=none,False
2024-06-05T22:00:00+00:00,1.2284905393819519e-05,1.2284905393819519e-05,1.2110723617714993e-05,1.2181299134755033e-05,1.2221504062236473e-05,WETH,pool_swap_ratio,7,145,42492251.12337159,,20028757,153888.05757607,,7,4,0.0,0.0,0.0,0.0,,0,0,,,,15556.788647870002,138331.2689282,-122774.48028033,7,0.00465524553329717,-0.0028851719892507358,0.0,0.0,-0.0028810138804611853,0.0,0.003611122025534638,-0.0032896873639040036,2,2,price=observed;tvl=observed;lp_amount=none,False
2024-06-05T23:00:00+00:00,1.2203885859481048e-05,1.2203885859481048e-05,1.211175580144665e-05,1.2181303438978597e-05,1.2145743447298618e-05,WETH,pool_swap_ratio,4,73,42643936.65048998,,20029063,168116.79490761,,4,3,0.0,0.0,0.0,0.0,,0,0,,,,159901.161013,8215.63389461,151685.52711839002,4,3.5334677824880315e-07,0.003563365745820367,0.0,0.0,0.0035697220812798956,0.0,0.003956410650485457,0.0029277739838879935,2,2,price=observed;tvl=observed;lp_amount=none,False
2024-06-06T00:00:00+00:00,1.210422423210405e-05,1.2156367231498949e-05,1.1550847549489534e-05,1.2156367231498949e-05,1.1802934430758412e-05,WETH,pool_swap_ratio,5,2341,42703990.53059605,,20029173,138315.92678447,,5,4,0.0,0.0,0.0,0.0,,0,0,,,,99184.90344527,39131.0233392,60053.88010607,4,-0.0020491867560552056,0.0014072723732263032,0.0,0.0,0.0014082630456534078,0.0,0.0032435074631619585,0.029944485654304076,2,2,price=observed;tvl=observed;lp_amount=none,False
2024-06-06T01:00:00+00:00,1.2124805356418737e-05,1.21573360219432e-05,1.2067039671973036e-05,1.21573360219432e-05,1.2128235894793743e-05,WETH,pool_swap_ratio,6,205,42651407.74424744,,20029648,167444.14884439,,6,4,0.0,0.0,0.0,0.0,,0,0,,,,57430.681247889996,110013.4675965,-52582.78634861001,6,7.969089979137551e-05,-0.001232090624923955,0.0,0.0,-0.0012313319129025218,0.0,0.003921042196850939,0.0023993701476361373,2,2,price=observed;tvl=observed;lp_amount=none,False
2024-06-06T02:00:00+00:00,1.2102460225054782e-05,1.2105210025689269e-05,1.1988302951443923e-05,1.1988302951443923e-05,1.2045305704056412e-05,WETH,pool_swap_ratio,11,301,42923343.754427426,,20029940,281961.01017999,,11,5,0.0,0.0,0.0,0.0,,0,0,,,,276948.51017999,5012.5,271936.01017999,11,-0.014001355034299475,0.006355541109357511,0.0,0.0,0.006375780415282238,0.0,0.006610825412158152,-0.0047323624665908115,2,2,price=observed;tvl=observed;lp_amount=none,False
2024-06-06T03:00:00+00:00,1.2088043652776896e-05,1.2088043652776896e-05,1.1957994432682127e-05,1.1976698391165452e-05,1.1972462219821977e-05,WETH,pool_swap_ratio,4,913,42948717.402462594,,20030186,25373.64803516,,4,4,0.0,0.0,0.0,0.0,,0,0,,,,25373.64803516,0.0,25373.64803516,4,-0.0009684590473895101,0.000590964009289594,0.0,0.0,0.0005911386629226149,0.0,0.0005911386629226149,0.0003538262444011675,2,2,price=observed;tvl=observed;lp_amount=none,False
2024-06-06T04:00:00+00:00,1.1972546749322305e-05,1.2032184928299729e-05,1.19470956934641e-05,1.2032184928299729e-05,1.1997628539185645e-05,WETH,pool_swap_ratio,4,181,42937738.326522395,,20030545,147334.55146214,,4,3,0.0,0.0,0.0,0.0,,0,0,,,,68177.73776097,79156.81370117,-10979.075940199997,4,0.004622175482532984,-0.0002556648986574969,0.0,0.0,-0.0002556322191724049,0.0,0.0034304761672275716,0.0028802682964570447,2,2,price=observed;tvl=observed;lp_amount=none,False
2024-06-06T05:00:00+00:00,1.2001971073736956e-05,1.2242576996098455e-05,1.2001971073736956e-05,1.2050703450454542e-05,1.2162472235010681e-05,WETH,pool_swap_ratio,4,817,42928632.975412235,,20030789,21541.24166504,,4,2,0.0,0.0,0.0,0.0,,0,0,,,,6217.94527744,15323.2963876,-9105.35111016,4,0.0015378990687054178,-0.0002120818897137737,0.0,0.0,-0.00021205940193956785,0.0,0.0005016855219813499,-0.009189643552435345,2,2,price=observed;tvl=observed;lp_amount=none,False
2024-06-06T06:00:00+00:00,1.1960008548212728e-05,1.2037421126475231e-05,1.1937472173819269e-05,1.1937472173819269e-05,1.1959463094525562e-05,WETH,pool_swap_ratio,3,2161,43032545.514749326,,20030977,103912.53933709,,3,3,0.0,0.0,0.0,0.0,,0,0,,,,103912.53933709,0.0,103912.53933709,3,-0.00944066104866856,0.0024176632237276445,0.0,0.0,0.002420588128129001,0.0,0.002420588128129001,-0.0018387882911197195,2,2,price=observed;tvl=observed;lp_amount=none,False
2024-06-06T07:00:00+00:00,1.1913849165301182e-05,1.1913849165301182e-05,1.1878285952311194e-05,1.1878285952311194e-05,1.1901884374826826e-05,WETH,pool_swap_ratio,4,229,43183432.97184108,,20031434,150887.45709176,,4,3,0.0,0.0,0.0,0.0,,0,0,,,,150887.45709176,0.0,150887.45709176,4,-0.004970351398532663,0.003500223828366949,0.0,0.0,0.0035063567652544193,0.0,0.0035063567652544193,-0.0019827467460147297,2,2,price=observed;tvl=observed;lp_amount=none,False
2024-06-06T08:00:00+00:00,1.1846878249605188e-05,1.1846878249605188e-05,1.1790508383023222e-05,1.182896802124774e-05,1.1814333252024914e-05,WETH,pool_swap_ratio,3,1597,43449871.28493112,,20031619,266785.40257196,,3,3,0.0,0.0,0.0,0.0,,0,0,,,,266611.857831,173.54474096,266438.31309004,3,-0.004160583276444961,0.00615096366042483,0.0,0.0,0.006169919683406789,0.0,0.006177957244527655,0.0012387300163823056,2,2,price=observed;tvl=observed;lp_amount=none,False
2024-06-06T09:00:00+00:00,1.1728021501704702e-05,1.1728021501704702e-05,1.1728021501704702e-05,1.1728021501704702e-05,1.1728021501704702e-05,WETH,pool_swap_ratio,1,733,43456531.28493112,,20031989,6660.0,,1,1,0.0,0.0,0.0,0.0,,0,0,,,,6660.0,0.0,6660.0,1,-0.008570461632579013,0.00015326833964119583,0.0,0.0,0.00015328008583329817,0.0,0.00015328008583329817,0.0,2,2,price=observed;tvl=observed;lp_amount=none,False
2024-06-06T10:00:00+00:00,,,,1.1728021501704702e-05,,WETH,pool_swap_ratio,0,4333,43456531.28493112,,20031989,0.0,,0,0,0.0,0.0,0.0,0.0,,0,0,,,,0.0,0.0,0.0,0,0.0,0.0,0.0,0.0,0.0,0.0,0.0,,2,2,price=carried;tvl=carried;lp_amount=none,True
2024-06-06T11:00:00+00:00,1.1836176992691912e-05,1.1878142999890304e-05,1.1836176992691912e-05,1.1878142999890304e-05,1.1868145867805137e-05,WETH,pool_swap_ratio,3,1141,43272511.31857958,,20032551,184019.96635155,,3,3,0.0,0.0,0.0,0.0,,0,0,,,,0.0,184019.96635155,-184019.96635155,3,0.012719010068166283,-0.004243566790958248,0.0,0.0,-0.004234575584162197,0.0,0.004234575584162197,0.0008423499505754162,2,2,price=observed;tvl=observed;lp_amount=none,False
2024-06-06T12:00:00+00:00,1.1833895634005592e-05,1.1948689042330454e-05,1.1715614021571298e-05,1.1874772167655915e-05,1.1891384689627975e-05,WETH,pool_swap_ratio,7,1,43183322.28543131,,20032944,342019.58336418,,7,6,4830097.12375158,5023338.3307665,-193241.2070149202,9853435.45451808,0.9803884434107382,1,1,,,1.0,5053423.73637956,5142612.76952782,-89189.03314825986,9,-0.00028382472073350024,-0.002063228380768913,-0.004465680431446319,0.22770657755394447,-0.0020611013881684623,0.1160861289926954,0.007903853345745842,-0.0013970216594330065,2,2,price=observed;tvl=observed;lp_amount=quantified,False
2024-06-06T13:00:00+00:00,1.1872995191207386e-05,1.2028828374781626e-05,1.1798870841841588e-05,1.1973768139904394e-05,1.1884362339083276e-05,WETH,pool_swap_ratio,13,529,42962530.34141106,,20033198,1196739.91922559,,13,8,0.0,0.0,0.0,0.0,,0,0,,,,487973.9876026699,708765.93162292,-220791.94402025006,13,0.00830210483147282,-0.005126014096989265,0.0,0.0,-0.005112898506531497,0.0,0.027713011780692295,0.007522978370248401,2,2,price=observed;tvl=observed;lp_amount=none,False
2024-06-06T14:00:00+00:00,1.1885018438939861e-05,1.1967679990366167e-05,1.1885018438939861e-05,1.194999127848947e-05,1.1955057857757593e-05,WETH,pool_swap_ratio,4,409,43018734.1313555,,20033505,57288.03310874,,4,2,0.0,0.0,0.0,0.0,,0,0,,,,56745.91152659,542.12158215,56203.78994444,4,-0.0019877201427829097,0.00130734988126071,0.0,0.0,0.0013082048356510756,0.0,0.0013334417841195157,-0.000423802153733166,2,2,price=observed;tvl=observed;lp_amount=none,False
2024-06-06T15:00:00+00:00,1.1931871351153875e-05,1.198758805433175e-05,1.1901694134840652e-05,1.1901694134840652e-05,1.1918424778639905e-05,WETH,pool_swap_ratio,6,949,43142376.29114677,,20033759,138015.71239517,,6,4,0.0,0.0,0.0,0.0,,0,0,,,,130828.93609322,7186.77630195,123642.15979127001,6,-0.004049794286760124,0.0028700244009253915,0.0,0.0,0.0028741468638694713,0.0,0.0032082699591704884,-0.0014037630064367423,2,2,price=observed;tvl=observed;lp_amount=none,False
2024-06-06T16:00:00+00:00,1.1883555932430358e-05,1.1935131400920254e-05,1.18521247196451e-05,1.1935131400920254e-05,1.1872699892656046e-05,WETH,pool_swap_ratio,4,505,43206958.19707647,,20034093,65922.48605928,,4,4,0.0,0.0,0.0,0.0,,0,0,,,,65252.19599448999,670.29006479,64581.90592969999,4,0.002805515185842162,0.0014958289685570432,0.0,0.0,0.001496948278738017,0.0,0.0015280216744298326,0.005258408687886185,2,2,price=observed;tvl=observed;lp_amount=none,False
2024-06-06T17:00:00+00:00,1.1860689454318267e-05,1.1960876365128612e-05,1.1860689454318267e-05,1.1960876365128612e-05,1.1951935391265539e-05,WETH,pool_swap_ratio,2,901,43073480.34745992,,20034358,162477.84961655,,2,2,0.0,0.0,0.0,0.0,,0,0,,,,14500.0,147977.84961655,-133477.84961655,2,0.0021547510715149956,-0.0030940490881056965,0.0,0.0,-0.003089267451037124,0.0,0.003760455639470214,0.0007480774929229383,2,2,price=observed;tvl=observed;lp_amount=none,False
2024-06-06T18:00:00+00:00,1.1801252063070714e-05,1.1904463285097227e-05,1.1801252063070714e-05,1.187738461569888e-05,1.1892779419614333e-05,WETH,pool_swap_ratio,3,253,43199004.07378695,,20034710,128345.96924007,,3,3,0.0,0.0,0.0,0.0,,0,0,,,,126934.84778355,1411.12145652,125523.72632702999,3,-0.007004881010142281,0.002909938568346593,0.0,0.0,0.0029141765493401147,0.0,0.002979698139197119,-0.001294466446595588,2,2,price=observed;tvl=observed;lp_amount=none,False
2024-06-06T19:00:00+00:00,1.1867176525804496e-05,1.1880881522685861e-05,1.1797794389052847e-05,1.1880881522685861e-05,1.1835995342703035e-05,WETH,pool_swap_ratio,7,49,43344843.16139636,,20035027,158723.54375579001,,7,4,0.0,0.0,0.0,0.0,,0,0,,,,152281.31568260002,6442.22807319,145839.08760941002,7,0.00029437392374220036,0.0033702967990480934,0.0,0.0,0.0033759826351622956,0.0,0.0036742408108455227,0.0037923451879777748,2,2,price=observed;tvl=observed;lp_amount=none,False
2024-06-06T20:00:00+00:00,1.1798456796811586e-05,1.1830161975408247e-05,1.1758753462581387e-05,1.179201092093705e-05,1.1794830294357728e-05,WETH,pool_swap_ratio,4,877,43378409.34812053,,20035256,367678.26466667,,4,2,0.0,0.0,0.0,0.0,,0,0,,,,200622.22569542,167056.03897125,33566.186724169995,4,-0.007508251850355723,0.0007740989280041198,0.0,0.0,0.0007743986199046765,0.0,0.008482629947410454,-0.00023903467454100547,2,2,price=observed;tvl=observed;lp_amount=none,False
2024-06-06T21:00:00+00:00,1.1788151832785138e-05,1.1907723248437117e-05,1.1785152906033406e-05,1.1822200391772423e-05,1.1861758184047553e-05,WETH,pool_swap_ratio,7,445,43311532.197262265,,20035591,197523.67593002997,,7,6,0.0,0.0,0.0,0.0,,0,0,,,,65323.26253588,132200.41339415,-66877.15085827,7,0.002556891431439276,-0.001542904815325585,0.0,0.0,-0.0015417151496166515,0.0,0.004553502050867343,-0.003334901256740297,2,2,price=observed;tvl=observed;lp_amount=none,False
2024-06-06T22:00:00+00:00,1.1893809690211113e-05,1.1893809690211113e-05,1.1893809690211113e-05,1.1893809690211113e-05,1.1893809690211113e-05,WETH,pool_swap_ratio,1,3277,43289413.414796606,,20035655,22118.78246566,,1,1,0.0,0.0,0.0,0.0,,0,0,,,,0.0,22118.78246566,-22118.78246566,1,0.006038917660669986,-0.0005108208181862523,0.0,0.0,-0.0005106903714447242,0.0,0.0005106903714447242,0.0,2,2,price=observed;tvl=observed;lp_amount=none,False
2024-06-06T23:00:00+00:00,1.1811598765991224e-05,1.2021357179369791e-05,1.1811598765991224e-05,1.2021357179369791e-05,1.1825973495273237e-05,WETH,pool_swap_ratio,2,1369,43358012.9120486,,20036113,79495.08198028,,2,2,0.0,0.0,0.0,0.0,,0,0,,,,74047.28961614,5447.79236414,68599.497252,2,0.010666762160830285,0.001583417176778052,0.0,0.0,0.0015846714436780112,0.0,0.001836363113044818,0.016521572974491194,2,2,price=observed;tvl=observed;lp_amount=none,False
2024-06-07T00:00:00+00:00,1.1884824632652565e-05,1.1943916336909047e-05,1.1787853998370905e-05,1.182413853757093e-05,1.188398491536595e-05,WETH,pool_swap_ratio,9,49,43288576.64077778,,20036521,262871.09079722,,9,6,0.0,0.0,0.0,0.0,,0,0,,,,96717.4097632,166153.68103402003,-69436.27127082003,9,-0.01654175205165486,-0.0016027471246855378,0.0,0.0,-0.0016014634114268791,0.0,0.0060628030009228515,-0.005035884698712301,2,2,price=observed;tvl=observed;lp_amount=none,False
2024-06-07T01:00:00+00:00,1.1907549708396425e-05,1.1907549708396425e-05,1.1793129454004339e-05,1.1888689052848956e-05,1.1806200648021815e-05,WETH,pool_swap_ratio,7,157,43376007.63179281,,20036809,196529.04263585,,7,4,5218812.88511777,5316845.34598178,-98032.46086401027,10535658.23109955,0.9906951745478385,1,1,,,1.0,5409956.62354001,5322525.632524979,87430.991015031,9,0.00544436756668528,0.002017687418922368,-0.0022646265705965445,0.24338195082106195,0.002019724319895312,0.12282328869582926,0.004539974697405964,0.006986871330275202,2,2,price=observed;tvl=observed;lp_amount=quantified,False
2024-06-07T02:00:00+00:00,1.1882054488334125e-05,1.1882054488334125e-05,1.1812505284257352e-05,1.1812505284257352e-05,1.1848719856471448e-05,WETH,pool_swap_ratio,2,1237,43368541.44133476,,20037017,180304.98568723002,,2,2,0.0,0.0,0.0,0.0,,0,0,,,,86419.39761459,93885.58807264,-7466.190458050012,2,-0.006428708181248336,-0.00017214200906608905,0.0,0.0,-0.00017212719348051766,0.0,0.004156790712916463,-0.0030564122245085867,2,2,price=observed;tvl=observed;lp_amount=none,False
2024-06-07T03:00:00+00:00,1.1799104485741894e-05,1.1799104485741894e-05,1.1445108272777239e-05,1.1765859112335107e-05,1.1680449795756334e-05,WETH,pool_swap_ratio,8,121,43453823.03438366,,20037410,123572.69580477,,8,3,0.0,0.0,0.0,0.0,,0,0,,,,104427.14442937999,19145.55138048,85281.59304889999,7,-0.003956697928086166,0.0019645081308505923,0.0,0.0,0.001966439041171389,0.0,0.0028493625032773705,0.007312159897284287,2,2,price=observed;tvl=observed;lp_amount=none,False
2024-06-07T04:00:00+00:00,1.1836606841647303e-05,1.1851951506034703e-05,1.1707718351126498e-05,1.1820184456698583e-05,1.179638048359802e-05,WETH,pool_swap_ratio,7,1069,43376403.89725085,,20037631,545144.01119998,,7,5,0.0,0.0,0.0,0.0,,0,0,,,,233862.43703359002,311281.57416639,-77419.13713279998,7,0.004606575093628734,-0.0017832305726729091,0.0,0.0,-0.0017816415616996603,0.0,0.012545363632760794,0.002017904825438732,2,2,price=observed;tvl=observed;lp_amount=none,False
2024-06-07T05:00:00+00:00,1.1791909293869505e-05,1.1861750196228645e-05,1.1770561710839255e-05,1.1801440257005959e-05,1.1824572373557136e-05,WETH,pool_swap_ratio,8,913,43382922.168338925,,20037941,219927.50361561,,8,5,0.0,0.0,0.0,0.0,,0,0,,,,113222.88735183999,106704.61626376999,6518.271088070003,8,-0.0015870376279395403,0.00015026098970399252,0.0,0.0,0.0001502722794519885,0.0,0.005070210618117856,-0.0019562751041134474,2,2,price=observed;tvl=observed;lp_amount=none,False
2024-06-07T06:00:00+00:00,1.178894460607655e-05,1.178894460607655e-05,1.1775073720772462e-05,1.1775073720772462e-05,1.1781753271194553e-05,WETH,pool_swap_ratio,3,1237,43423712.233059414,,20038213,40790.06472049,,3,2,0.0,0.0,0.0,0.0,,0,0,,,,40790.06472049,0.0,40790.06472049,3,-0.0022366790315488895,0.0009397914803158954,0.0,0.0,0.0009402332227002172,0.0,0.0009402332227002172,-0.0005669402735178908,2,2,price=observed;tvl=observed;lp_amount=none,False
2024-06-07T07:00:00+00:00,1.1828338113038384e-05,1.1871184506296065e-05,1.1769565906357243e-05,1.1871184506296065e-05,1.185488774773386e-05,WETH,pool_swap_ratio,4,877,43303740.13800225,,20038542,154083.03888317,,4,3,0.0,0.0,0.0,0.0,,0,0,,,,17055.471913,137027.56697017,-119972.09505717001,4,0.00812909288796372,-0.002766648121277215,0.0,0.0,-0.002762824477402295,0.0,0.003548361735085911,0.0013746868725366124,2,2,price=observed;tvl=observed;lp_amount=none,False
2024-06-07T08:00:00+00:00,1.1895946374012927e-05,1.1920281285067949e-05,1.1754181695982017e-05,1.1920281285067949e-05,1.1915164344495285e-05,WETH,pool_swap_ratio,5,769,43183181.802720435,,20038851,120245.87120619,,5,5,0.0,0.0,0.0,0.0,,0,1,,,1.0,1782.0991548,122340.43443662,-120558.33528182,6,0.004127265541064431,-0.0027878992722133664,0.0,0.0,-0.002784016689958406,0.0,0.002776801052818653,0.00042944775453546136,2,2,price=observed;tvl=observed;lp_amount=quantified,False
2024-06-07T09:00:00+00:00,1.1850880537255162e-05,1.1850880537255162e-05,1.1819300287681502e-05,1.18206457114763e-05,1.1845370412921721e-05,WETH,pool_swap_ratio,4,37,43309196.33928901,,20039212,126014.53656857999,,4,3,0.0,0.0,0.0,0.0,,0,0,,,,126014.53656857999,0.0,126014.53656857999,4,-0.00839361989302408,0.0029138897192734253,0.0,0.0,0.002918139222447045,0.0,0.002918139222447045,-0.0020872881626774475,2,2,price=observed;tvl=observed;lp_amount=none,False
2024-06-07T10:00:00+00:00,1.1814249179018972e-05,3.248743424032816e-05,1.1440497110937769e-05,1.188065331351627e-05,1.785535462286397e-05,WETH,pool_swap_ratio,11,337,43333583.96165116,,20039486,3270548.7765487502,,11,6,0.0,0.0,0.0,0.0,,0,0,,,,1647468.19945545,1623080.5770932997,24387.622362150345,10,0.005063665936322422,0.000562946454892097,0.0,0.0,0.0005631049389855916,0.0,0.07551626566623197,-0.33461678222268587,2,2,price=observed;tvl=observed;lp_amount=none,False
2024-06-07T11:00:00+00:00,1.1899802855009546e-05,1.1921214638293128e-05,1.1841521716214532e-05,1.185210125480625e-05,1.1892729554594014e-05,WETH,pool_swap_ratio,5,133,43243311.2596538,,20039801,199916.32148476,,5,5,0.0,0.0,0.0,0.0,,0,0,,,,54821.8097437,145094.51174106,-90272.70199736001,5,-0.002406132200367613,-0.002085377039253186,0.0,0.0,-0.0020832041512478744,0.0,0.004613426889907827,-0.0034162300253494093,2,2,price=observed;tvl=observed;lp_amount=none,False
2024-06-07T12:00:00+00:00,1.184753563606756e-05,1.190478911515377e-05,1.1709666001295035e-05,1.1709666001295035e-05,1.1798563030791707e-05,WETH,pool_swap_ratio,9,1321,43652383.318282284,,20040001,615196.2762275,,9,4,0.0,0.0,0.0,0.0,,0,0,,,,512134.16742799,103062.10879951,409072.05862848,9,-0.012090518259098897,0.00941531298107799,0.0,0.0,0.00945977647669516,0.0,0.014226391511361455,-0.007534564104516028,2,2,price=observed;tvl=observed;lp_amount=none,False
2024-06-07T13:00:00+00:00,1.1750045195008912e-05,1.1785080231619212e-05,1.167862997228352e-05,1.1785080231619212e-05,1.1752639122139837e-05,WETH,pool_swap_ratio,5,793,43562388.024216585,,20040340,153149.19022716,,5,3,0.0,0.0,0.0,0.0,,0,0,,,,31576.94808073,121572.24214643,-89995.2940657,5,0.006419689625637367,-0.002063763388291286,0.0,0.0,-0.002061635292843417,0.0,0.0035083809539219082,0.002760325501551586,2,2,price=observed;tvl=observed;lp_amount=none,False
2024-06-07T14:00:00+00:00,1.183249743137083e-05,1.1904432498301563e-05,1.1759055464977667e-05,1.1764074897224613e-05,1.1805288186223242e-05,WETH,pool_swap_ratio,6,673,43519811.38059859,,20040648,401218.87923620996,,6,5,0.0,0.0,0.0,0.0,,0,0,,,,179321.11780911,221897.7614271,-42576.64361798999,6,-0.0017839569912777155,-0.0009778496019073098,0.0,0.0,-0.0009773716627821548,0.0,0.009210213154824525,-0.003491087074581123,2,2,price=observed;tvl=observed;lp_amount=none,False
2024-06-07T15:00:00+00:00,1.1730010799769232e-05,1.1798324207056978e-05,1.1721283674314887e-05,1.1721283674314887e-05,1.1740853383648677e-05,WETH,pool_swap_ratio,4,601,43559032.90042249,,20040952,64140.31293726001,,4,3,0.0,0.0,0.0,0.0,,0,0,,,,51680.916380580005,12459.39655668,39221.5198239,4,-0.0036440806413558847,0.0009008278141507784,0.0,0.0,0.0009012336813891893,0.0,0.0014738187253691584,-0.0016668046771664002,2,2,price=observed;tvl=observed;lp_amount=none,False
2024-06-07T16:00:00+00:00,1.1717568076024805e-05,1.1717568076024805e-05,1.1473981223751182e-05,1.1598174001017011e-05,1.1576245539982988e-05,WETH,pool_swap_ratio,9,757,43854159.41747003,,20041239,1087808.4858158,,9,7,0.0,0.0,0.0,0.0,,0,0,,,,691467.50143167,396340.98438413,295126.51704754005,9,-0.01055863466016536,0.006752473639295575,0.0,0.0,0.006775322990347601,0.0,0.02497320104196457,0.0018942636417209613,2,2,price=observed;tvl=observed;lp_amount=none,False
2024-06-07T17:00:00+00:00,1.1493789172775712e-05,1.1558629899032758e-05,1.140138522131877e-05,1.140138522131877e-05,1.1553537646655133e-05,WETH,pool_swap_ratio,3,25,43975226.199561395,,20041597,121066.78209136,,3,2,0.0,0.0,0.0,0.0,,0,0,,,,121066.78209136,0.0,121066.78209136,3,-0.017112813355424143,0.0027568645259099887,0.0,0.0,0.002760668171492327,0.0,0.002760668171492327,-0.013169336526151598,2,2,price=observed;tvl=observed;lp_amount=none,False
2024-06-07T18:00:00+00:00,1.1473105718145526e-05,1.1473105718145526e-05,1.0180789265643407e-05,1.0614419634714274e-05,1.0774548015386402e-05,WETH,pool_swap_ratio,25,121,45528242.75383052,,20041887,4954593.104822469,,25,8,0.0,0.0,0.0,0.0,,0,0,,,,3253804.8295457996,1700788.27527667,1553016.5542691296,25,-0.0715214390731675,0.03470641882227823,0.0,0.0,0.03531571497145862,0.0,0.11266782534189411,-0.014861726027250444,2,2,price=observed;tvl=observed;lp_amount=none,False
2024-06-07T19:00:00+00:00,1.0619051025175578e-05,1.0768832078620877e-05,1.0513313474785003e-05,1.074026776213267e-05,1.0635400722943378e-05,WETH,pool_swap_ratio,10,517,45309516.56729836,,20042153,456696.02227516,,10,7,0.0,0.0,0.0,0.0,,0,0,,,,118984.9178715,337711.10440365993,-218726.18653215992,10,0.011786600479748562,-0.004815764080573161,0.0,0.0,-0.004804186880543668,0.0,0.01003104874362268,0.00986018692864743,2,2,price=observed;tvl=observed;lp_amount=none,False
2024-06-07T20:00:00+00:00,1.0654063920699225e-05,1.0877703868636254e-05,1.0650839468845957e-05,1.0877703868636254e-05,1.0730290833721996e-05,WETH,pool_swap_ratio,11,445,45210157.83239091,,20042456,680390.21288437,,11,7,0.0,0.0,0.0,0.0,,0,0,,,,290515.73898846,389874.47389590996,-99358.73490744998,11,0.012715157602562071,-0.0021952967787368387,0.0,0.0,-0.0021928888771053684,0.0,0.015016496851688639,0.013738027906101458,2,2,price=observed;tvl=observed;lp_amount=none,False
2024-06-07T21:00:00+00:00,1.0738767461621671e-05,1.0859210877943878e-05,1.0720267227304904e-05,1.0859210877943878e-05,1.0761683195788434e-05,WETH,pool_swap_ratio,7,121,45197624.905004576,,20042781,689787.6597655,,7,4,0.0,19597.36056458,-19597.36056458,19597.36056458,0.0,0,1,,,1.0,348533.96270263,361066.89008896996,-12532.927386339987,8,-0.00170152897683222,-0.00027725328698796723,-0.0004334725093691098,0.0004334725093691098,-0.0002772148558473013,0.0004334725093691098,0.015257360134038288,0.009062493327587573,2,2,price=observed;tvl=observed;lp_amount=quantified,False
2024-06-07T22:00:00+00:00,1.0763377247398898e-05,1.1131664117662662e-05,1.0685999360246068e-05,1.0685999360246068e-05,1.0912832825049646e-05,WETH,pool_swap_ratio,18,61,45247575.394302405,,20043083,1734436.9501310997,,18,9,0.0,0.0,0.0,0.0,,0,0,,,,892193.7197144701,842243.2304166299,49950.48929784016,18,-0.016079235025779747,0.0011045471558674281,0.0,0.0,0.001105157392735239,0.0,0.03837451533739888,-0.02078593784401217,2,2,price=observed;tvl=observed;lp_amount=none,False
2024-06-07T23:00:00+00:00,1.0773476273043605e-05,1.0870240818330468e-05,1.0747621813931524e-05,1.081604432129973e-05,1.0818201067551122e-05,WETH,pool_swap_ratio,11,445,45230490.99047729,,20043351,60243.96524741,,11,5,0.0,0.0,0.0,0.0,,0,0,,,,21579.78071114,38664.184536270004,-17084.403825130004,11,0.012096203378357689,-0.0003776474169000618,0.0,0.0,-0.0003775761170902713,0.0,0.0013314296892689623,-0.00019936274413134836,2,2,price=observed;tvl=observed;lp_amount=none,False
2024-06-08T00:00:00+00:00,1.0852125607363187e-05,1.0852125607363187e-05,1.0725517641696945e-05,1.076831290493401e-05,1.0767276012678312e-05,WETH,pool_swap_ratio,8,1501,45259182.17427224,,20043563,210852.20293396,,8,5,0.0,0.0,0.0,0.0,,0,0,,,,119771.69336445999,91080.50956949999,28691.18379496,8,-0.0044227857861807805,0.0006341316915614428,0.0,0.0,0.000634332795569267,0.0,0.004661727041131442,9.630033208751776e-05,2,2,price=observed;tvl=observed;lp_amount=none,False
2024-06-08T01:00:00+00:00,1.0847825743398937e-05,1.0869633364793982e-05,1.0760582935039395e-05,1.0760582935039395e-05,1.0839650603106385e-05,WETH,pool_swap_ratio,6,301,45218624.11043537,,20043959,67558.06383688,,6,6,0.0,0.0,0.0,0.0,,0,0,,,,13500.0,54058.06383688,-40558.06383688,6,-0.0007181018742668963,-0.000896530723254946,0.0,0.0,-0.0008961289596597127,0.0,0.0014926929871765038,-0.007294300431079481,2,2,price=observed;tvl=observed;lp_amount=none,False
2024-06-08T02:00:00+00:00,1.0713017330592355e-05,1.0852585461033454e-05,1.0419961871145582e-05,1.0723731130290457e-05,1.0586186330695663e-05,WETH,pool_swap_ratio,10,265,45256556.09743263,,20044262,1251356.83605871,,10,6,0.0,0.0,0.0,0.0,,0,0,,,,644644.4115279899,606712.4245307199,37931.986997270025,10,-0.0034305811001393983,0.0008385059666659864,0.0,0.0,0.0008388576110726076,0.0,0.02767348323121417,0.012992856473343029,2,2,price=observed;tvl=observed;lp_amount=none,False
2024-06-08T03:00:00+00:00,1.0770873255939323e-05,1.0896817542396738e-05,1.0770873255939323e-05,1.0896817542396738e-05,1.0848296344989443e-05,WETH,pool_swap_ratio,5,1669,45192710.2561959,,20044445,67401.84123673,,5,4,0.0,0.0,0.0,0.0,,0,0,,,,1778.0,65623.84123673,-63845.841236730004,5,0.016011629731587696,-0.0014117494682827274,0.0,0.0,-0.001410753418781504,0.0,0.0014893276698213823,0.0044727020597761236,2,2,price=observed;tvl=observed;lp_amount=none,False
2024-06-08T04:00:00+00:00,1.0814958124115527e-05,1.0814958124115527e-05,1.0734304499430266e-05,1.0734304499430266e-05,1.0792948532076047e-05,WETH,pool_swap_ratio,8,85,45254339.0625275,,20044875,62367.89270042,,8,4,0.0,0.0,0.0,0.0,,0,0,,,,61998.34951601,369.54318441,61628.8063316,8,-0.015026136914072006,0.0013627601195053728,0.0,0.0,0.0013636890990212456,0.0,0.0013800432049075745,-0.005433550662406583,2,2,price=observed;tvl=observed;lp_amount=none,False
2024-06-08T05:00:00+00:00,1.0663265503503193e-05,1.0826443284086453e-05,1.0663265503503193e-05,1.0826443284086453e-05,1.0787476967901089e-05,WETH,pool_swap_ratio,4,733,45251948.513444886,,20045119,66517.53990664,,4,4,0.0,0.0,0.0,0.0,,0,0,,,,32063.49541201,34454.04449463,-2390.5490826199966,4,0.008546952682584583,-5.282614384477049e-05,0.0,0.0,-5.2824748568684145e-05,0.0,0.0014698599357452404,0.0036121807074360746,2,2,price=observed;tvl=observed;lp_amount=none,False
2024-06-08T06:00:00+00:00,1.0751401191894152e-05,1.080848071782029e-05,1.058125487680786e-05,1.080848071782029e-05,1.0767675281268236e-05,WETH,pool_swap_ratio,4,925,45264394.94506001,,20045402,109278.33794281,,4,3,0.0,0.0,0.0,0.0,,0,0,,,,60862.38477897,48415.95316383999,12446.431615130008,4,-0.001660516153599465,0.0002750095997696319,0.0,0.0,0.00027504741837651534,0.0,0.0024148869061481875,0.0037896236175547493,2,2,price=observed;tvl=observed;lp_amount=none,False
2024-06-08T07:00:00+00:00,1.0739439330109937e-05,1.081758947510602e-05,1.0739439330109937e-05,1.081758947510602e-05,1.0778323871743581e-05,WETH,pool_swap_ratio,4,697,45270135.1582316,,20045718,28259.83138751,,4,2,0.0,0.0,0.0,0.0,,0,0,,,,17000.02227955,11259.80910796,5740.213171590001,4,0.0008423867806876086,0.00012680715684354813,0.0,0.0,0.00012681519721090335,0.0,0.000624328049050707,0.0036430157257916207,2,2,price=observed;tvl=observed;lp_amount=none,False
2024-06-08T08:00:00+00:00,1.0703422063226646e-05,1.0822425219278902e-05,1.0615771789220977e-05,1.0615771789220977e-05,1.0685261866889757e-05,WETH,pool_swap_ratio,7,169,45446514.01557226,,20046061,177110.71556513998,,7,4,0.0,0.0,0.0,0.0,,0,0,,,,176744.7864529,365.92911224,176378.85734066,7,-0.018832664483941053,0.0038885713085486605,0.0,0.0,0.003896141611333107,0.0,0.003912308080064025,-0.006503357478220395,2,2,price=observed;tvl=observed;lp_amount=none,False
2024-06-08T09:00:00+00:00,1.0656184354531889e-05,1.0698344438221048e-05,1.0656184354531889e-05,1.0698344438221048e-05,1.0667261264614499e-05,WETH,pool_swap_ratio,2,49,45448187.470343016,,20046371,3526.54522924,,2,1,0.0,0.0,0.0,0.0,,0,0,,,,2600.0,926.54522924,1673.45477076,2,0.0077482041685726765,3.6821833255283605e-05,0.0,0.0,3.682251118725169e-05,0.0,7.759770591054857e-05,0.0029138850952923345,2,2,price=observed;tvl=observed;lp_amount=none,False
2024-06-08T10:00:00+00:00,1.0607759995633592e-05,1.0700982872177541e-05,1.0607759995633592e-05,1.0700982872177541e-05,1.0631685348022327e-05,WETH,pool_swap_ratio,5,613,45454361.38053773,,20046622,18544.88554767,,5,3,0.0,0.0,0.0,0.0,,0,0,,,,12359.39787119,6185.487676479999,6173.910194710001,5,0.0002465903653505667,0.00013583579959544753,0.0,0.0,0.00013584502569522172,0.0,0.00040804455754745714,0.0065180187229774145,2,2,price=observed;tvl=observed;lp_amount=none,False
2024-06-08T11:00:00+00:00,1.060501657451232e-05,1.060501657451232e-05,1.046130721186399e-05,1.050168043590705e-05,1.0522950241150428e-05,WETH,pool_swap_ratio,7,61,45651538.14456784,,20046965,207574.79683476998,,7,6,0.0,0.0,0.0,0.0,,0,0,,,,202375.78043244,5199.01640233,197176.76403011,7,-0.01880030858894156,0.004328524780909763,0.0,0.0,0.004337906375570277,0.0,0.004566664023656212,-0.0020212777553771932,2,2,price=observed;tvl=observed;lp_amount=none,False
2024-06-08T12:00:00+00:00,1.0528022444256709e-05,1.0566111583746554e-05,1.040371791178931e-05,1.040371791178931e-05,1.0496001486151587e-05,WETH,pool_swap_ratio,10,13,45740256.76748252,,20047268,369110.24879494,,10,5,28000.0,0.0,28000.0,28000.0,0.0,1,0,,,,242914.43585481003,154195.81294013,88718.62291468002,11,-0.009372052092495574,0.0019415014415301245,0.0006133418749512993,0.0006133418749512993,0.0019433873757709697,0.0,0.008085384716415324,-0.008792260031978416,2,2,price=observed;tvl=observed;lp_amount=quantified,False
2024-06-08T13:00:00+00:00,1.036925946647518e-05,1.0470979866782384e-05,1.033934037483454e-05,1.0470979866782384e-05,1.0412250797149597e-05,WETH,pool_swap_ratio,6,829,45718673.77495355,,20047498,181312.29221519,,6,3,14000.0,0.0,14000.0,14000.0,0.0,1,0,,,,86864.64984311,108447.64237208,-21582.99252896999,7,0.006444374763038107,-0.00047197125095618217,0.0003060761130215785,0.0003060761130215785,-0.00047185989004577876,0.0,0.0039639544031612834,0.005640381774982384,2,2,price=observed;tvl=observed;lp_amount=quantified,False
2024-06-08T14:00:00+00:00,1.0423650741063582e-05,1.0437981106849671e-05,1.0366429500153662e-05,1.0437981106849671e-05,1.0405540862365006e-05,WETH,pool_swap_ratio,5,1477,45774158.19574447,,20047742,81474.79594298001,,5,4,0.0,0.0,0.0,0.0,,0,0,,,,68479.60836695001,12995.18757603,55484.420790920005,5,-0.0031564253595958458,0.0012128693887275056,0.0,0.0,0.001213605212260477,0.0,0.001782090100514137,0.0031175933008917855,2,2,price=observed;tvl=observed;lp_amount=none,False
2024-06-08T15:00:00+00:00,1.0448467949956735e-05,1.04638568951717e-05,1.0193891475982338e-05,1.0408507314319323e-05,1.0378078039952734e-05,WETH,pool_swap_ratio,9,1801,45746831.07491677,,20048013,90069.62737198,,9,6,0.0,0.0,0.0,0.0,,0,0,,,,31371.25327214,58698.374099839995,-27327.120827699997,8,-0.0028277004331832825,-0.0005971771471787528,0.0,0.0,-0.0005969988723952229,0.0,0.0019676959866048085,0.0029320722246879427,2,2,price=observed;tvl=observed;lp_amount=none,False
2024-06-08T16:00:00+00:00,1.0401001219041213e-05,1.0401001219041213e-05,1.0241290457650559e-05,1.0241290457650559e-05,1.0320084197708163e-05,WETH,pool_swap_ratio,6,265,45938918.01774762,,20048439,196514.03378105,,6,5,0.0,0.0,0.0,0.0,,0,0,,,,194300.48830595,2213.5454751,192086.94283085002,6,-0.016195849824633346,0.004190121709705334,0.0,0.0,0.004198912543609437,0.0,0.004295686262054546,-0.007634990039626088,2,2,price=observed;tvl=observed;lp_amount=none,False
2024-06-08T17:00:00+00:00,1.029839818343226e-05,1.0369530392795786e-05,1.0220015492878226e-05,1.0220015492878226e-05,1.0264189149196335e-05,WETH,pool_swap_ratio,10,1513,45987777.89120428,,20048632,238662.22472611998,,10,7,0.0,0.0,0.0,0.0,,0,0,,,,143761.04909138998,94901.17563473001,48859.873456659974,10,-0.0020795322146743437,0.0010630182576356155,0.0,0.0,0.0010635834617999471,0.0,0.005195207789480749,-0.004303667408698142,2,2,price=observed;tvl=observed;lp_amount=none,False
2024-06-08T18:00:00+00:00,1.0292188420199994e-05,1.0421258098066752e-05,1.0245812857268136e-05,1.0342946259357678e-05,1.0316663836704315e-05,WETH,pool_swap_ratio,9,925,45827939.24418588,,20048978,648138.82770024,,9,7,0.0,0.0,0.0,0.0,,0,0,,,,244150.09034092,403988.73735932,-159838.6470184,9,0.01195666582386408,-0.003481730872990773,0.0,0.0,-0.0034756766764538773,0.0,0.014093719188467342,0.002547569938244676,2,2,price=observed;tvl=observed;lp_amount=none,False
2024-06-08T19:00:00+00:00,9.881579348028814e-06,1.0374605769208422e-05,9.881579348028814e-06,1.029938982483461e-05,1.0108918806956275e-05,WETH,pool_swap_ratio,7,517,45889484.60225809,,20049312,135162.74389833998,,7,3,0.0,0.0,0.0,0.0,,0,0,,,,98354.05098528,36808.69291306,61545.358072220006,6,-0.004220113361982945,0.0013420648929889974,0.0,0.0,0.0013429658650869441,0.0,0.002949352428398531,0.01884187829733741,2,2,price=observed;tvl=observed;lp_amount=none,False
2024-06-08T20:00:00+00:00,1.03761033730378e-05,1.0404306467040541e-05,1.0328317599618884e-05,1.0328317599618884e-05,1.036786877251e-05,WETH,pool_swap_ratio,6,685,45842450.53290052,,20049598,79015.45734318,,6,4,0.0,0.0,0.0,0.0,,0,0,,,,15990.6939928,63024.76335038,-47034.06935758,6,0.0028047512166720734,-0.0010254678135801327,0.0,0.0,-0.0010249422011435183,0.0,0.0017218641270007173,-0.003814783323259574,2,2,price=observed;tvl=observed;lp_amount=none,False
2024-06-08T21:00:00+00:00,1.0310497440198929e-05,1.0390272033985023e-05,1.0255655362796814e-05,1.0305174266525117e-05,1.0293923351853256e-05,WETH,pool_swap_ratio,5,1141,45840650.35176256,,20049860,6478.18113796,,5,4,0.0,0.0,0.0,0.0,,0,0,,,,2339.0,4139.18113796,-1800.1811379600003,5,-0.0022432793197834883,-3.926963902440452e-05,0.0,0.0,-3.926886798226535e-05,0.0,0.000141314023632107,0.0010929666257750714,2,2,price=observed;tvl=observed;lp_amount=none,False
2024-06-08T22:00:00+00:00,1.0327243402277852e-05,1.0327243402277852e-05,1.0123800607214641e-05,1.022549730354405e-05,1.027293546090379e-05,WETH,pool_swap_ratio,8,85,45930754.993386365,,20050246,146126.66716552002,,8,4,0.0,0.0,0.0,0.0,,0,0,,,,118115.65439466001,28011.012770859998,90104.64162380001,8,-0.007761788280783539,0.001963676381302722,0.0,0.0,0.001965605656385185,0.0,0.0031877092939171505,-0.004617780140864003,2,2,price=observed;tvl=observed;lp_amount=none,False
2024-06-08T23:00:00+00:00,1.0336763599033553e-05,1.0336763599033553e-05,1.0234622729097554e-05,1.0316775920097067e-05,1.0278853194691874e-05,WETH,pool_swap_ratio,7,61,36073018.60401066,,20050547,109509.28841011997,,7,4,0.0,9812746.52812317,-9812746.52812317,9812746.52812317,0.0,0,1,,,1.0,45393.32047245,9903129.70984815,-9857736.3893757,8,0.008886963610076048,-0.24158975731673327,-0.21364217787267206,0.21364217787267206,-0.21462169282423355,0.21364217787267206,0.0023842257421174194,0.003689392647885814,2,2,price=observed;tvl=observed;lp_amount=quantified,False
2024-06-09T00:00:00+00:00,1.0216101104187126e-05,1.0272527125036904e-05,1.0216101104187126e-05,1.0259943052142583e-05,1.0256628993150784e-05,WETH,pool_swap_ratio,4,1273,36084184.63909797,,20050743,13794.40488097,,4,4,0.0,0.0,0.0,0.0,,0,0,,,,12480.21998414,1314.18489683,11166.03508731,4,-0.005524011145888395,0.0003094919058552333,0.0,0.0,0.00030953980341607846,0.0,0.0003824022888795981,0.00032311386070538184,2,2,price=observed;tvl=observed;lp_amount=none,False
2024-06-09T01:00:00+00:00,1.0322133809464643e-05,1.0374894448403252e-05,1.029835856386981e-05,1.0374894448403252e-05,1.0353027170698756e-05,WETH,pool_swap_ratio,4,853,36003168.88223291,,20051074,85205.20102898,,4,4,0.0,0.0,0.0,0.0,,0,0,,,,2094.72208196,83110.47894701999,-81015.75686505999,4,0.011141603163343651,-0.0022477116169930967,0.0,0.0,-0.002245187404824376,0.0,0.002361289353803449,0.0021121626886466682,2,2,price=observed;tvl=observed;lp_amount=none,False
2024-06-09T02:00:00+00:00,1.0283989016967466e-05,1.0334565008818389e-05,1.0203250527945274e-05,1.0203250527945274e-05,1.0296841971856145e-05,WETH,pool_swap_ratio,5,325,36097437.16239582,,20051414,242315.87496269,,5,4,0.0,0.0,0.0,0.0,,0,0,,,,168292.07756280003,74023.79739989,94268.28016291003,5,-0.01668254368401843,0.002614910998664097,0.0,0.0,0.0026183328604008015,0.0,0.006730404086243355,-0.009089334785041814,2,2,price=observed;tvl=observed;lp_amount=none,False
2024-06-09T03:00:00+00:00,1.0232255225574556e-05,1.0273458793149527e-05,1.0214377941245315e-05,1.0273458793149527e-05,1.0229266925707e-05,WETH,pool_swap_ratio,3,1153,36137568.783967525,,20051644,41868.3784283,,3,2,0.0,0.0,0.0,0.0,,0,0,,,,41000.0,868.3784283,40131.6215717,3,0.006857404598158231,0.0011111406491885493,0.0,0.0,0.0011117581946650428,0.0,0.0011598712185560919,0.004320140217620949,2,2,price=observed;tvl=observed;lp_amount=none,False
2024-06-09T04:00:00+00:00,1.028635480837919e-05,1.0319770367079804e-05,1.028635480837919e-05,1.0319770367079804e-05,1.0305368994897314e-05,WETH,pool_swap_ratio,2,2329,36061810.954164796,,20051846,75757.82980273,,2,2,0.0,0.0,0.0,0.0,,0,0,,,,0.0,75757.82980273,-75757.82980273,2,0.004497755222626321,-0.002098573640956391,0.0,0.0,-0.0020963731748423558,0.0,0.0020963731748423558,0.0013974630301565316,2,2,price=observed;tvl=observed;lp_amount=none,False
2024-06-09T05:00:00+00:00,1.0275149167157566e-05,1.0302219014199636e-05,1.0225188854219128e-05,1.0302219014199636e-05,1.0270167113092178e-05,WETH,pool_swap_ratio,7,1717,36084482.707719654,,20052197,102508.85475504,,7,5,0.0,0.0,0.0,0.0,,0,0,,,,62590.30415495,39918.55060009,22671.75355486,7,-0.0017021982499894168,0.0006284939433588707,0.0,0.0,0.0006286914870602644,0.0,0.0028425875474010604,0.0031208743494153257,2,2,price=observed;tvl=observed;lp_amount=none,False
2024-06-09T06:00:00+00:00,1.025568588618665e-05,1.025568588618665e-05,1.025568588618665e-05,1.025568588618665e-05,1.025568588618665e-05,WETH,pool_swap_ratio,1,1153,36088482.707719654,,20052544,4000.0,,1,1,1467188.15630349,1458830.71554482,8357.440758669982,2926018.8718483103,0.9971437502201101,1,1,,,1.0,1471188.15630349,1467188.15630349,4000.0,3,-0.004527037916513724,0.00011084482897637081,0.00023160760890946765,0.08108800936814702,0.0001108509724914047,0.04042820087961877,0.0001108509724914047,0.0,2,2,price=observed;tvl=observed;lp_amount=quantified,False
2024-06-09T07:00:00+00:00,1.0306649855877943e-05,1.0306649855877943e-05,1.0306649855877943e-05,1.0306649855877943e-05,1.0306649855877943e-05,WETH,pool_swap_ratio,1,1681,36039667.253773876,,20052829,1804.5,,1,1,0.0,46413.77337043,-46413.77337043,46413.77337043,0.0,0,1,,,1.0,0.0,48815.45394578,-48815.45394578,2,0.004957031602679572,-0.0013535758625450546,-0.0012861104121870348,0.0012861104121870348,-0.0013526601919270475,0.0012861104121870348,5.000210218353129e-05,0.0,2,2,price=observed;tvl=observed;lp_amount=quantified,False
2024-06-09T08:00:00+00:00,1.0248582122009326e-05,1.0295611734341043e-05,1.0223756559668404e-05,1.0295611734341043e-05,1.0264028568920852e-05,WETH,pool_swap_ratio,4,133,36045222.308297865,,20053220,96657.22845241,,4,3,0.0,0.0,0.0,0.0,,0,0,,,,51106.1414882,45551.08696421,5555.054523990002,4,-0.001071544747137031,0.0001541253532810156,0.0,0.0,0.00015413723120344036,0.0,0.0026819678375995157,0.0030770730233373733,2,2,price=observed;tvl=observed;lp_amount=none,False
2024-06-09T09:00:00+00:00,1.0263837338328467e-05,1.0263837338328467e-05,1.0263837338328467e-05,1.0263837338328467e-05,1.0263837338328467e-05,WETH,pool_swap_ratio,1,1777,36045678.66726938,,20053392,279.70224491,,1,1,925.88565849,0.0,925.88565849,925.88565849,0.0,1,1,,,1.0,1205.5879034,749.22893188,456.35897151999995,3,-0.0030909798407915434,1.266065385077783e-05,2.5686778973668712e-05,2.5686778973668712e-05,1.2660733997330429e-05,0.0,7.759759185771774e-06,0.0,2,2,price=observed;tvl=observed;lp_amount=quantified,False
2024-06-09T10:00:00+00:00,1.0245821376076066e-05,1.0319132007054363e-05,1.0245821376076066e-05,1.0319132007054363e-05,1.0303557591127633e-05,WETH,pool_swap_ratio,3,3073,36041175.30824044,,20053574,6863.35902893,,3,2,0.0,0.0,0.0,0.0,,0,0,,,,1180.0,5683.35902893,-4503.35902893,3,0.005372869270439481,-0.00012494258762702333,0.0,0.0,-0.00012493478262677832,0.0,0.00019040726330288651,0.0015115571285924112,2,2,price=observed;tvl=observed;lp_amount=none,False
2024-06-09T11:00:00+00:00,1.0320431939643239e-05,1.0320431939643239e-05,1.0239593192048233e-05,1.0302654322231345e-05,1.0276122421398888e-05,WETH,pool_swap_ratio,6,433,36051967.20423797,,20054089,75838.49436006,,6,4,0.0,0.0,0.0,0.0,,0,0,,,,43315.195178789996,32523.29918127,10791.895997519998,6,-0.0015980854487323728,0.0002993875894996338,0.0,0.0,0.0002994324104367524,0.0,0.0021042181258367648,0.0025818980880576436,2,2,price=observed;tvl=observed;lp_amount=none,False
2024-06-09T12:00:00+00:00,1.024543942110153e-05,1.0355196104983118e-05,1.0185979288007163e-05,1.0291401220672902e-05,1.0257924238819904e-05,WETH,pool_swap_ratio,7,97,35981199.94906699,,20054417,611028.84728543,,7,5,2955.72946082,134127.26087428,-131171.53141346,137082.9903351,0.04312321249477715,1,1,,,1.0,338869.64056992996,409636.89574090997,-70767.25517098,9,-0.0010928495997287388,-0.0019648526015145335,-0.003638401496105893,0.003802371991478614,-0.001962923542287623,0.0037203867437922535,0.016948557725682233,0.0032635239911704694,2,2,price=observed;tvl=observed;lp_amount=quantified,False
2024-06-09T13:00:00+00:00,1.0275233700301236e-05,1.0335308023659705e-05,1.0247775191492013e-05,1.0266006045896353e-05,1.0290190592939471e-05,WETH,pool_swap_ratio,5,1249,36057044.67185568,,20054621,185312.79196469003,,5,4,0.0,0.0,0.0,0.0,,0,0,,,,130578.75737669,54734.034588,75844.72278869001,5,-0.002470660561934866,0.002105680148418859,0.0,0.0,0.0021078986497407434,0.0,0.0051502671458152766,-0.0023502525851866185,2,2,price=observed;tvl=observed;lp_amount=none,False
2024-06-09T14:00:00+00:00,1.0311448570640619e-05,1.0336847368888526e-05,1.017959793398251e-05,1.021634314184703e-05,1.0324979457818533e-05,WETH,pool_swap_ratio,4,289,35989262.921585135,,20054997,73081.75027055,,4,4,0.0,0.0,0.0,0.0,,0,0,,,,2650.0,70431.75027055001,-67781.75027055001,4,-0.004849346226593837,-0.0018816167693526831,0.0,0.0,-0.0018798476383023437,0.0,0.0020268369450587263,-0.010521698025194537,2,2,price=observed;tvl=observed;lp_amount=none,False
2024-06-09T15:00:00+00:00,1.0243445570796161e-05,1.0243445570796161e-05,1.0243445570796161e-05,1.0243445570796161e-05,1.0243445570796161e-05,WETH,pool_swap_ratio,1,685,35987710.6213456,,20055262,1552.30023953,,1,1,0.0,0.0,0.0,0.0,,0,0,,,,0.0,1552.30023953,-1552.30023953,1,0.002649337701617894,-4.3133245630267945e-05,0.0,0.0,-4.3132315405075524e-05,0.0,4.3132315405075524e-05,0.0,2,2,price=observed;tvl=observed;lp_amount=none,False
2024-06-09T16:00:00+00:00,1.0361579375723651e-05,1.0361579375723651e-05,1.0300624859049204e-05,1.0300624859049204e-05,1.0335297557591241e-05,WETH,pool_swap_ratio,2,133,35984654.27294535,,20055608,22202.466300469998,,2,1,0.0,0.0,0.0,0.0,,0,0,,,,9573.05895011,12629.40735036,-3056.348400249999,2,0.0055665147853821845,-8.493116508191902e-05,0.0,0.0,-8.492755853263889e-05,0.0,0.0006169457828001129,-0.003354784741206651,2,2,price=observed;tvl=observed;lp_amount=none,False
2024-06-09T17:00:00+00:00,1.0378834829115969e-05,1.0378834829115969e-05,1.0109758560517559e-05,1.0261286945233781e-05,1.0336137835321465e-05,WETH,pool_swap_ratio,5,685,35958432.38184487,,20055859,102345.53049014001,,5,5,0.0,0.0,0.0,0.0,,0,0,,,,38061.81969483,64283.71079531,-26221.891100479996,5,-0.0038262941874111344,-0.0007289621138293425,0.0,0.0,-0.0007286964854958916,0.0,0.0028441437762287275,-0.007241669110864435,2,2,price=observed;tvl=observed;lp_amount=none,False
2024-06-09T18:00:00+00:00,1.0277037005241775e-05,1.0462254411208482e-05,1.0213514620592819e-05,1.0353483572368442e-05,1.0420669351081144e-05,WETH,pool_swap_ratio,9,1045,35825098.16547028,,20056127,174163.77604285,,9,6,0.0,0.0,0.0,0.0,,0,0,,,,20414.77983413,153748.99620872,-133334.21637459,9,0.008944774987278492,-0.003714901418132159,0.0,0.0,-0.0037080097085074653,0.0,0.004843475215865748,-0.006447357309704027,2,2,price=observed;tvl=observed;lp_amount=none,False
2024-06-09T19:00:00+00:00,1.0473973260051276e-05,1.0493156827957153e-05,1.0423288328153885e-05,1.0439268319817644e-05,1.0479405353981342e-05,WETH,pool_swap_ratio,5,661,35783070.10599712,,20056459,68446.21407316,,5,5,0.0,0.0,0.0,0.0,,0,0,,,,13209.0773,55237.136773160004,-42028.05947316,5,0.008251455567356361,-0.0011738343631317078,0.0,0.0,-0.001173145689065226,0.0,0.0019105659880405102,-0.0038300869951984895,2,2,price=observed;tvl=observed;lp_amount=none,False
2024-06-09T20:00:00+00:00,1.0437042150261936e-05,1.0437042150261936e-05,1.0340230940483387e-05,1.0429954241978805e-05,1.0412808113779659e-05,WETH,pool_swap_ratio,3,685,35807397.32466784,,20056754,24327.21867072,,3,3,0.0,0.0,0.0,0.0,,0,0,,,,24327.21867072,0.0,24327.21867072,3,-0.0008926138412375457,0.0006796217563643354,0.0,0.0,0.0006798527515570231,0.0,0.0006798527515570231,0.0016466382566346915,2,2,price=observed;tvl=observed;lp_amount=none,False
2024-06-09T21:00:00+00:00,1.024615115947696e-05,1.0496855619488437e-05,1.024615115947696e-05,1.0386744928978669e-05,1.0453352888841207e-05,WETH,pool_swap_ratio,3,397,35775366.97768682,,20057077,37154.799754600004,,3,3,0.0,0.0,0.0,0.0,,0,0,,,,2562.22638679,34592.57336781,-32030.34698102,3,-0.004151414660116189,-0.0008949179158107903,0.0,0.0,-0.0008945175961994362,0.0,0.0010376291641002327,-0.006371923015594416,2,2,price=observed;tvl=observed;lp_amount=none,False
2024-06-09T22:00:00+00:00,1.0403573220516957e-05,1.0505356450330302e-05,1.0403573220516957e-05,1.0505356450330302e-05,1.0460999681803839e-05,WETH,pool_swap_ratio,6,289,35777541.336091064,,20057384,21780.79302798,,6,4,0.0,0.0,0.0,0.0,,0,0,,,,11977.575716110001,9803.21731187,2174.3584042400016,6,0.011354798025490706,6.0776241138334685e-05,0.0,0.0,6.077808805137216e-05,0.0,0.0006088209532990878,0.004240203601536985,2,2,price=observed;tvl=observed;lp_amount=none,False
2024-06-09T23:00:00+00:00,1.0408128645606863e-05,1.0490243871868564e-05,1.0365787725665856e-05,1.0459315824081982e-05,1.043329800994266e-05,WETH,pool_swap_ratio,8,1045,35796683.06136514,,20057621,202474.04932974,,8,7,0.0,0.0,0.0,0.0,,0,0,,,,110807.88730191,91666.16202783,19141.725274080003,8,-0.004392217503999484,0.0005348776292465775,0.0,0.0,0.000535020701793461,0.0,0.005659249958730161,0.0024937286478856624,2,2,price=observed;tvl=observed;lp_amount=none,False
2024-06-10T00:00:00+00:00,1.0426314214395081e-05,1.0496066630945335e-05,1.0426314214395081e-05,1.0442725414689686e-05,1.0479190388618525e-05,WETH,pool_swap_ratio,3,157,35778761.88163575,,20057993,35394.03059427,,3,2,0.0,0.0,0.0,0.0,,0,0,,,,8736.425432439999,26657.60516183,-17921.17972939,3,-0.001587444277497547,-0.0005007633586676453,0.0,0.0,-0.0005006379976230837,0.0,0.0009887516822046085,-0.0034797510663079345,2,2,price=observed;tvl=observed;lp_amount=none,False
2024-06-10T01:00:00+00:00,1.0432549204264502e-05,1.0498660880785942e-05,1.0385178460614297e-05,1.0498660880785942e-05,1.045637630591143e-05,WETH,pool_swap_ratio,6,1537,35787168.831831746,,20058177,47499.45365266,,6,4,0.0,0.0,0.0,0.0,,0,0,,,,27953.20192433,19546.25172833,8406.950195999998,6,0.0053421104344756965,0.00023494280451205732,0.0,0.0,0.00023497040573433186,0.0,0.0013275879643292006,0.004043903321517384,2,2,price=observed;tvl=observed;lp_amount=none,False
2024-06-10T02:00:00+00:00,1.0428079898783889e-05,1.0490134616845153e-05,1.0360873870705779e-05,1.0425309006606923e-05,1.0439461878759992e-05,WETH,pool_swap_ratio,10,25,35804480.56796632,,20058603,216961.47130586999,,10,5,0.0,0.0,0.0,0.0,,0,0,,,,117136.60372022,99824.86758565,17311.73613456999,10,-0.007011305699824534,0.00048362446227000444,0.0,0.0,0.00048374142743506595,0.0,0.006062549186983701,-0.0013557089740290351,2,2,price=observed;tvl=observed;lp_amount=none,False
2024-06-10T03:00:00+00:00,1.0465708760984843e-05,1.0471895219974573e-05,1.037618030284676e-05,1.037618030284676e-05,1.0400954982195531e-05,WETH,pool_swap_ratio,8,1141,35876834.088588275,,20058808,143060.56654448,,8,5,988.78549522,0.0,988.78549522,988.78549522,0.0,1,1,,,1.0,108695.82907844,36342.308456479994,72353.52062196001,10,-0.004723584391186692,0.0020187560884154187,2.7616250243961093e-05,2.7616250243961093e-05,0.0020207951483785388,0.0,0.003995605138661722,-0.0023819619824507754,2,2,price=observed;tvl=observed;lp_amount=quantified,False
2024-06-10T04:00:00+00:00,1.0365299711723797e-05,1.0387179706084014e-05,1.0331164653265767e-05,1.0387179706084014e-05,1.0348799017447085e-05,WETH,pool_swap_ratio,5,205,35938997.575143635,,20059184,70060.95516573,,5,4,483567.78331642,478291.42428524,5276.359031179978,961859.2076016599,0.9945144164660686,1,2,,,1.0,551703.2880166799,489539.80146132,62163.48655535991,8,0.0010595013775676018,0.0017311921519450317,0.00014706869112674257,0.026810035836122136,0.001732691530190868,0.013331483572497698,0.0019528187741631037,0.0037087094427308287,2,2,price=observed;tvl=observed;lp_amount=quantified,False
2024-06-10T05:00:00+00:00,1.039233927765399e-05,1.0397055500127882e-05,1.0235428310763299e-05,1.027849478378809e-05,1.0307611471918248e-05,WETH,pool_swap_ratio,10,97,36011311.04548891,,20059492,173470.22693079003,,10,5,0.0,0.0,0.0,0.0,,0,0,,,,122891.84863803,50578.378292760004,72313.47034527,10,-0.010518497657687587,0.0020100954694996934,0.0,0.0,0.002012117065704802,0.0,0.004826796478340471,-0.0028247754787306123,2,2,price=observed;tvl=observed;lp_amount=none,False
2024-06-10T06:00:00+00:00,1.026819676477418e-05,1.026819676477418e-05,1.0187055163649853e-05,1.023649637543693e-05,1.0213549855136715e-05,WETH,pool_swap_ratio,5,1021,36066675.81102734,,20059714,355362.24172260996,,5,4,0.0,0.0,0.0,0.0,,0,0,,,,205363.50363052002,149998.73809209,55364.765538430016,5,-0.004094417267630099,0.0015362464697381993,0.0,0.0,0.0015374271008487899,0.0,0.009868072875039793,0.00224667433220338,2,2,price=observed;tvl=observed;lp_amount=none,False
2024-06-10T07:00:00+00:00,1.0156129004337695e-05,1.0306646535530995e-05,1.0156129004337695e-05,1.0184027149044195e-05,1.0227981436314739e-05,WETH,pool_swap_ratio,6,37,36148512.80772637,,20060095,139799.91828429,,6,5,0.0,0.0,0.0,0.0,,0,0,,,,110818.45749166,28981.46079263,81836.99669902999,6,-0.005138883123890766,0.0022664769918018988,0.0,0.0,0.0022690473923301915,0.0,0.003876152019575543,-0.0042974547367169436,2,2,price=observed;tvl=observed;lp_amount=none,False
2024-06-10T08:00:00+00:00,1.0238405286432594e-05,1.026910008412952e-05,1.0185495988686345e-05,1.026910008412952e-05,1.0248256797021004e-05,WETH,pool_swap_ratio,4,1381,36103556.96874691,,20060282,53555.05296394,,4,4,0.0,0.0,0.0,0.0,,0,0,,,,4299.60699224,49255.4459717,-44955.83897946,4,0.008318867303501905,-0.0012444168013453292,0.0,0.0,-0.0012436428358361443,0.0,0.0014815285278484032,0.0020338373170520896,2,2,price=observed;tvl=observed;lp_amount=none,False
2024-06-10T09:00:00+00:00,1.0287960995616051e-05,1.0300194492680509e-05,1.023129419718998e-05,1.0300194492680509e-05,1.0279198292009312e-05,WETH,pool_swap_ratio,3,1849,36040924.10944555,,20060542,121489.13912398,,3,3,0.0,0.0,0.0,0.0,,0,0,,,,29428.13991131,92060.99921267,-62632.85930135999,3,0.003023383434044595,-0.00173631784720819,0.0,0.0,-0.0017348113194380877,0.0,0.0033650185556272816,0.0020425912677954905,2,2,price=observed;tvl=observed;lp_amount=none,False
2024-06-10T10:00:00+00:00,1.0252642491569937e-05,1.0252642491569937e-05,1.0245423504622341e-05,1.0245423504622341e-05,1.0249043973576021e-05,WETH,pool_swap_ratio,2,2485,36060985.10944555,,20060789,20061.0,,2,1,0.0,0.0,0.0,0.0,,0,0,,,,20061.0,0.0,20061.0,2,-0.00533165931648651,0.0005564623942689816,0.0,0.0,0.0005566172481893283,0.0,0.0005566172481893283,-0.0003532494311678791,2,2,price=observed;tvl=observed;lp_amount=none,False
2024-06-10T11:00:00+00:00,1.023471491350848e-05,1.023471491350848e-05,1.0157674948735983e-05,1.022624058727472e-05,1.0230087711725231e-05,WETH,pool_swap_ratio,4,445,36085801.69798289,,20061253,24816.588537339998,,4,3,0.0,0.0,0.0,0.0,,0,0,,,,24816.58853734,0.0,24816.58853734,4,-0.001874095127399554,0.0006879471869574282,0.0,0.0,0.0006881838768969105,0.0,0.0006881838768969104,-0.0003760597718142078,2,2,price=observed;tvl=observed;lp_amount=none,False
2024-06-10T12:00:00+00:00,1.0204294742305889e-05,1.048686194274472e-05,1.0082987144551344e-05,1.0362846397539578e-05,1.0195454068621387e-05,WETH,pool_swap_ratio,7,361,36223585.48165024,,20061559,178773.35605373,,7,4,0.0,0.0,0.0,0.0,,0,0,,,,158278.56986054,20494.78619319,137783.78366735,7,0.013269924494112894,0.0038109561095375916,0.0,0.0,0.003818227036232142,0.0,0.004954119006415839,0.01641832995289305,2,2,price=observed;tvl=observed;lp_amount=none,False
2024-06-10T13:00:00+00:00,1.0266227435786106e-05,1.0266227435786106e-05,1.006933625024284e-05,1.0128540940582965e-05,1.0090669479984098e-05,WETH,pool_swap_ratio,5,37,36263552.4444918,,20061883,65326.32099942,,5,3,0.0,0.0,0.0,0.0,,0,0,,,,52646.64192049,12679.67907893,39966.96284156,5,-0.022869673511408152,0.0011027326512004457,0.0,0.0,0.0011033408844026784,0.0,0.0018034195160639831,0.003753116745523144,2,2,price=observed;tvl=observed;lp_amount=none,False
2024-06-10T14:00:00+00:00,1.006790121503883e-05,1.021530001599836e-05,1.005982019695427e-05,1.0182045793346945e-05,1.0171395906946256e-05,WETH,pool_swap_ratio,6,709,36153717.09820436,,20062126,209542.17795658,,6,6,0.0,0.0,0.0,0.0,,0,0,,,,49853.41583457,159688.76212201,-109835.34628744,6,0.0052686785699325245,-0.0030334043578896753,0.0,0.0,-0.003028808235364246,0.0,0.005778313591238028,0.0010470427557949247,2,2,price=observed;tvl=observed;lp_amount=none,False
2024-06-10T15:00:00+00:00,1.0265170428851608e-05,1.0359906812304422e-05,1.022821510664509e-05,1.0359906812304422e-05,1.0311958655004877e-05,WETH,pool_swap_ratio,5,877,35943398.70771685,,20062411,227734.20631251,,5,5,0.0,0.0,0.0,0.0,,0,0,,,,8707.907912499999,219026.29840000998,-210318.39048750998,5,0.01731728888899237,-0.00583432456979236,0.0,0.0,-0.005817337949407028,0.0,0.006299053723685326,0.00464976236849779,2,2,price=observed;tvl=observed;lp_amount=none,False
2024-06-10T16:00:00+00:00,1.0299628429001585e-05,1.0329712425768461e-05,1.0231167750755213e-05,1.0317402467320673e-05,1.029286789764572e-05,WETH,pool_swap_ratio,6,817,36010761.25408965,,20062713,219337.85908695997,,6,6,0.0,0.0,0.0,0.0,,0,0,,,,143350.20272988,75987.65635707999,67362.5463728,6,-0.0041112123706756164,0.0018723744697581235,0.0,0.0,0.0018741284573719967,0.0,0.006102312718687599,0.0023836475818916902,2,2,price=observed;tvl=observed;lp_amount=none,False
2024-06-10T17:00:00+00:00,1.0236201711016803e-05,1.0382311958596506e-05,1.0138284004491308e-05,1.0382311958596506e-05,1.0218090511024024e-05,WETH,pool_swap_ratio,6,97,36032625.653128885,,20063071,458737.45960791,,6,4,0.0,0.0,0.0,0.0,,0,0,,,,240300.92932357,218436.53028434003,21864.39903922996,6,0.006271555509800543,0.000606978673522536,0.0,0.0,0.0006071629223541303,0.0,0.012738899252117653,0.016071637591711374,2,2,price=observed;tvl=observed;lp_amount=none,False
2024-06-10T18:00:00+00:00,1.0411195706088466e-05,1.0411195706088466e-05,1.0255806353872441e-05,1.0255806353872441e-05,1.0285325501022012e-05,WETH,pool_swap_ratio,3,385,36045718.01079876,,20063344,15973.87107592,,3,3,0.0,0.0,0.0,0.0,,0,0,,,,14533.1143729,1440.75670302,13092.357669879999,3,-0.012259566231322428,0.0003632813171986053,0.0,0.0,0.00036334731184773175,0.0,0.000443316877035102,-0.0028700255666811447,2,2,price=observed;tvl=observed;lp_amount=none,False
2024-06-10T19:00:00+00:00,1.0249269912642216e-05,1.0308619716789745e-05,1.0190322695005214e-05,1.024460365498367e-05,1.0237903319262297e-05,WETH,pool_swap_ratio,4,661,36065352.95281423,,20063621,22545.12793989,,4,3,0.0,0.0,0.0,0.0,,0,0,,,,21090.03497768,1455.09296221,19634.94201547,4,-0.0010929244828813023,0.0005445749796345107,0.0,0.0,0.0005447232875091478,0.0,0.0006254592551918598,0.0006544636643293078,2,2,price=observed;tvl=observed;lp_amount=none,False
2024-06-10T20:00:00+00:00,1.0239541908060456e-05,1.0239541908060456e-05,1.0204241106326425e-05,1.0204241106326425e-05,1.0206724716391928e-05,WETH,pool_swap_ratio,2,289,36155537.636035495,,20063951,90184.68322127,,2,2,0.0,0.0,0.0,0.0,,0,0,,,,90184.68322127,0.0,90184.68322127,2,-0.0039476656550604125,0.002497469343346162,0.0,0.0,0.0025005906177949315,0.0,0.0025005906177949315,-0.00024333075834936935,2,2,price=observed;tvl=observed;lp_amount=none,False
2024-06-10T21:00:00+00:00,1.0138760222661707e-05,1.0160135010596938e-05,1.0104197784640364e-05,1.0160135010596938e-05,1.0133780542589616e-05,WETH,pool_swap_ratio,3,421,36235111.857666865,,20064236,80164.76496507,,3,3,0.0,0.0,0.0,0.0,,0,0,,,,79869.49329822,295.27166685,79574.22163136999,3,-0.004331698102806531,0.0021984677368735014,0.0,0.0,0.0022008861390035027,0.0,0.0022172195521488083,0.0026006550957524688,2,2,price=observed;tvl=observed;lp_amount=none,False
2024-06-10T22:00:00+00:00,1.0123505200628501e-05,1.0123505200628501e-05,9.778017921328223e-06,1.00856315983403e-05,9.918543165532385e-06,WETH,pool_swap_ratio,7,769,36328369.42048532,,20064504,806397.20982609,,7,6,0.0,0.0,0.0,0.0,,0,0,,,,449827.38632227003,356569.82350382,93257.56281845004,7,-0.007359933561193083,0.0025703732103376353,0.0,0.0,0.0025736794517088814,0.0,0.022254580391352294,0.01684606600176508,2,2,price=observed;tvl=observed;lp_amount=none,False
2024-06-10T23:00:00+00:00,1.008364317755002e-05,1.008364317755002e-05,9.96929949492052e-06,1.0047512114869681e-05,9.991432795994267e-06,WETH,pool_swap_ratio,5,37,36355891.75014162,,20064863,222867.07221201996,,5,4,0.0,0.0,0.0,0.0,,0,0,,,,125194.70093415999,97672.37127785999,27522.329656300004,5,-0.0037867438453304692,0.000757311982770993,0.0,0.0,0.000757598815893464,0.0,0.006134794260442274,0.005612740436776731,2,2,price=observed;tvl=observed;lp_amount=none,False
2024-06-11T00:00:00+00:00,1.0035083818269213e-05,1.0089218352734583e-05,1.0028878068897741e-05,1.0073365812533724e-05,1.0060434587478112e-05,WETH,pool_swap_ratio,5,61,36339245.61964873,,20065159,101404.35406716999,,5,5,0.0,0.0,0.0,0.0,,0,0,,,,42379.11178714,59025.24228003,-16646.13049289,5,0.002569839346536858,-0.00045797095613578506,0.0,0.0,-0.00045786610344457183,0.0,0.0027892137748697907,0.001285354518552051,2,2,price=observed;tvl=observed;lp_amount=none,False
2024-06-11T01:00:00+00:00,1.0089707023931446e-05,1.0120883629043889e-05,9.728368037450973e-06,9.816410788684153e-06,9.861878616471644e-06,WETH,pool_swap_ratio,7,397,36572548.96179127,,20065429,792147.1818009,,7,4,0.0,0.0,0.0,0.0,,0,0,,,,512725.26197172,279421.91982918,233303.34214254003,7,-0.02583933702571531,0.006399626829390631,0.0,0.0,0.006420148194171435,0.0,0.021798668857687675,-0.0046104631334185076,2,2,price=observed;tvl=observed;lp_amount=none,False
2024-06-11T02:00:00+00:00,1.009655029774444e-05,1.009655029774444e-05,9.875709039572192e-06,9.993662417711531e-06,9.936748243639526e-06,WETH,pool_swap_ratio,7,1,36437052.28558018,,20065761,141356.67621109,,7,5,0.0,0.0,0.0,0.0,,0,0,,,,2930.0,138426.67621109003,-135496.67621109003,7,0.017895578434638966,-0.003711753781937531,0.0,0.0,-0.003704873738842993,0.0,0.0038651032051053016,0.005727645772694023,2,2,price=observed;tvl=observed;lp_amount=none,False
2024-06-11T03:00:00+00:00,9.93232895530066e-06,1.0073129705534673e-05,9.931231204237035e-06,1.0073129705534673e-05,9.974462453960901e-06,WETH,pool_swap_ratio,7,181,36410773.32247096,,20066045,95678.96310922,,7,5,0.0,0.0,0.0,0.0,,0,0,,,,34700.0,60978.96310922,-26278.96310922,7,0.00792031957669793,-0.0007214755973779356,0.0,0.0,-0.0007212153964391844,0.0,0.0026258700171277183,0.00989198686437387,2,2,price=observed;tvl=observed;lp_amount=none,False
2024-06-11T04:00:00+00:00,1.0037904202582724e-05,1.0121028564610562e-05,1.000188869484942e-05,1.0003691187605774e-05,1.0044165119892944e-05,WETH,pool_swap_ratio,14,469,36356231.24049018,,20066318,518717.38947004004,,14,7,0.0,0.0,0.0,0.0,,0,0,,,,232087.65374463,286629.73572541,-54542.08198078,14,-0.006917309785207797,-0.00149908856418035,0.0,0.0,-0.0014979654921835805,0.0,0.014246261261084308,-0.0040295964676057006,2,2,price=observed;tvl=observed;lp_amount=none,False
2024-06-11T05:00:00+00:00,1.0063648371468077e-05,1.0063648371468077e-05,9.982409565517777e-06,1.0003232972388997e-05,9.987770807407966e-06,WETH,pool_swap_ratio,4,1813,36407432.80646713,,20066504,57111.45052425,,4,4,0.0,0.0,0.0,0.0,,0,0,,,,54156.5082506,2954.94227365,51201.565976950005,4,-4.580566339861393e-05,0.0014073390915206735,0.0,0.0,0.0014083298579069018,0.0,0.0015708847857872734,0.0015481097112843845,2,2,price=observed;tvl=observed;lp_amount=none,False
2024-06-11T06:00:00+00:00,9.953410985757582e-06,9.983222470829482e-06,9.940098640603374e-06,9.983222470829482e-06,9.948046356103923e-06,WETH,pool_swap_ratio,3,181,36439781.00840038,,20066938,32348.20193325,,3,2,0.0,0.0,0.0,0.0,,0,0,,,,32348.201933250002,0.0,32348.201933250002,3,-0.0020024069102794035,0.0008881109479810333,0.0,0.0,0.0008885054352830921,0.0,0.000888505435283092,0.003535982188500375,2,2,price=observed;tvl=observed;lp_amount=none,False
2024-06-11T07:00:00+00:00,9.933401177452247e-06,1.0035296337876516e-05,9.917734157024663e-06,9.989120189608187e-06,9.984864935351785e-06,WETH,pool_swap_ratio,5,1621,36379483.96892859,,20067118,152638.86764299,,5,5,0.0,0.0,0.0,0.0,,0,0,,,,46170.9140856,106467.95355738999,-60297.03947178999,5,0.0005905886004860502,-0.0016560742070483737,0.0,0.0,-0.0016547036728318935,0.0,0.004188797611264527,0.000426170437352269,2,2,price=observed;tvl=observed;lp_amount=none,False
2024-06-11T08:00:00+00:00,9.972389817622862e-06,1.0102758103266324e-05,9.972389817622862e-06,1.0042698474426126e-05,1.004932027284629e-05,WETH,pool_swap_ratio,5,1921,36332942.662560195,,20067393,203277.28116654,,5,4,0.0,0.0,0.0,0.0,,0,0,,,,78367.98739907,124909.29376747,-46541.30636839999,5,0.005349330830103638,-0.001280147421297742,0.0,0.0,-0.001279328382121927,0.0,0.005587690065646819,-0.000658929981369627,2,2,price=observed;tvl=observed;lp_amount=none,False
2024-06-11T09:00:00+00:00,1.0019990248531137e-05,1.0147328208688051e-05,1.0019990248531137e-05,1.0147328208688051e-05,1.0114631134972265e-05,WETH,pool_swap_ratio,4,541,36223088.132930554,,20067802,151794.52962964,,4,2,0.0,0.0,0.0,0.0,,0,0,,,,20970.0,130824.52962963999,-109854.52962963999,4,0.010364589661429642,-0.003028131841517548,0.0,0.0,-0.0030235516745755133,0.0,0.004177876012945653,0.0032326511248375045,2,2,price=observed;tvl=observed;lp_amount=none,False
2024-06-11T10:00:00+00:00,1.0209318090154379e-05,1.0209318090154379e-05,1.0097444062635852e-05,1.0097444062635852e-05,1.0200533687241907e-05,WETH,pool_swap_ratio,2,1081,36152040.75631561,,20068057,71047.37661494,,2,2,0.0,0.0,0.0,0.0,,0,0,,,,0.0,71047.37661494,-71047.37661494,2,-0.004928111449412558,-0.0019633097868517703,0.0,0.0,-0.001961383754864085,0.0,0.001961383754864085,-0.010106297157274402,2,2,price=observed;tvl=observed;lp_amount=none,False
2024-06-11T11:00:00+00:00,1.0153040973646345e-05,1.0153040973646345e-05,1.0103047257318082e-05,1.0103047257318082e-05,1.0138715329079406e-05,WETH,pool_swap_ratio,3,2341,36239496.1450181,,20068249,87455.38870249,,3,3,0.0,0.0,0.0,0.0,,0,0,,,,87455.38870249,0.0,87455.38870249,3,0.0005547582716860617,0.0024161783267048916,0.0,0.0,0.0024190996378873,0.0,0.0024190996378873,-0.0035180070259022145,2,2,price=observed;tvl=observed;lp_amount=none,False
2024-06-11T12:00:00+00:00,1.0098798000955375e-05,1.0098798000955375e-05,1.0052537749832759e-05,1.0088084258856523e-05,1.0064486776671818e-05,WETH,pool_swap_ratio,4,169,36322080.66465479,,20068727,93786.35478881,,4,3,0.0,0.0,0.0,0.0,,0,0,,,,88185.43721275,5600.91757606,82584.51963668999,4,-0.0014821359752629983,0.0022762613197252813,0.0,0.0,0.002278853969332656,0.0,0.0025879596783991974,0.0023446284652488547,2,2,price=observed;tvl=observed;lp_amount=none,False
2024-06-11T13:00:00+00:00,9.99537761308384e-06,1.0028771234010528e-05,9.439746022760212e-06,9.95314768689376e-06,9.862651073426893e-06,WETH,pool_swap_ratio,7,1093,36430555.34601051,,20068950,162290.33897182,,7,4,0.0,0.0,0.0,0.0,,0,0,,,,135382.51016377,26907.82880805,108474.68135572001,6,-0.013466099428569678,0.0029820159842274445,0.0,0.0,0.0029864666167452596,0.0,0.004468090373736369,0.009175688442501384,2,2,price=observed;tvl=observed;lp_amount=none,False
2024-06-11T14:00:00+00:00,9.9027741636122e-06,9.963435201893346e-06,9.9027741636122e-06,9.963435201893346e-06,9.933398937769387e-06,WETH,pool_swap_ratio,2,2485,36428596.01434796,,20069134,201959.33166255,,2,2,0.0,0.0,0.0,0.0,,0,0,,,,100000.0,101959.33166255,-1959.331662550001,2,0.0010330603369008045,-5.378409236010371e-05,0.0,0.0,-5.378264602174301e-05,0.0,0.005543679742029143,0.0030237650085465084,2,2,price=observed;tvl=observed;lp_amount=none,False
2024-06-11T15:00:00+00:00,9.952778239138625e-06,9.952778239138625e-06,9.944689322496808e-06,9.944689322496808e-06,9.94531578498268e-06,WETH,pool_swap_ratio,2,61,36434682.03406706,,20069634,7201.48715274,,2,2,0.0,0.0,0.0,0.0,,0,0,,,,6643.75343592,557.73371682,6086.0197191,2,-0.0018832396707085836,0.00016705314106797508,0.0,0.0,0.0001670670952210985,0.0,0.00019768774920404791,-6.299070833104548e-05,2,2,price=observed;tvl=observed;lp_amount=none,False
2024-06-11T16:00:00+00:00,1.0044159107793325e-05,1.0044159107793325e-05,1.0044159107793325e-05,1.0044159107793325e-05,1.0044159107793325e-05,WETH,pool_swap_ratio,1,2137,36336012.98781468,,20069760,98669.04625238,,1,1,0.0,0.0,0.0,0.0,,0,0,,,,0.0,98669.04625238,-98669.04625238,1,0.009952609998429618,-0.002711781347928372,0.0,0.0,-0.002708107790267601,0.0,0.002708107790267601,0.0,2,2,price=observed;tvl=observed;lp_amount=none,False
2024-06-11T17:00:00+00:00,9.872076377057324e-06,9.993900049660555e-06,9.872076377057324e-06,9.993900049660555e-06,9.976671943513018e-06,WETH,pool_swap_ratio,5,457,36441985.68599536,,20070198,117129.600192,,5,3,0.0,0.0,0.0,0.0,,0,0,,,,111551.14918634,5578.45100566,105972.69818068,5,-0.005016370411019477,0.0029122200392476733,0.0,0.0,0.002916464671460186,0.0,0.003223512723624343,0.0017268389945144236,2,2,price=observed;tvl=observed;lp_amount=none,False
2024-06-11T18:00:00+00:00,9.99561651079042e-06,9.997805186632776e-06,9.632557698302079e-06,9.89583786080255e-06,9.791258218471153e-06,WETH,pool_swap_ratio,7,1,36432484.70560248,,20070536,864182.23090824,,7,5,0.0,0.0,0.0,0.0,,0,0,,,,427340.62525767996,436841.60565056,-9500.98039288004,7,-0.009860661198113116,-0.0002607492142490565,0.0,0.0,-0.0002607152221271867,0.0,0.02371391719305638,0.01068091965280904,2,2,price=observed;tvl=observed;lp_amount=none,False
2024-06-11T19:00:00+00:00,9.901158760530766e-06,9.946357165129313e-06,9.794674100476097e-06,9.903334358904194e-06,9.907030150809106e-06,WETH,pool_swap_ratio,8,205,36497293.26898646,,20070816,237807.13927572,,8,5,0.0,0.0,0.0,0.0,,0,0,,,,151307.85132985,86499.28794587,64808.56338398,8,0.0007572537252252142,0.0017772871999162032,0.0,0.0,0.0017788675108951306,0.0,0.0065273379292505596,-0.00037304740660448754,2,2,price=observed;tvl=observed;lp_amount=none,False
2024-06-11T20:00:00+00:00,9.889157157697676e-06,1.1620700986345839e-05,9.817856618520105e-06,9.871972393066535e-06,1.054704682609859e-05,WETH,pool_swap_ratio,7,421,36525452.82377118,,20071095,167721.73749524,,7,5,0.0,0.0,0.0,0.0,,0,0,,,,97940.64613998,69781.09135526,28159.554784720007,7,-0.003171833693825595,0.0007712543744876646,0.0,0.0,0.0007715518676188669,0.0,0.004595456881120589,-0.06400601458994082,2,2,price=observed;tvl=observed;lp_amount=none,False
2024-06-11T21:00:00+00:00,9.862165113264598e-06,9.889372176525917e-06,9.862165113264598e-06,9.889372176525917e-06,9.865707195167962e-06,WETH,pool_swap_ratio,2,469,36523122.71818752,,20071389,2330.10558366,,2,2,0.0,0.0,0.0,0.0,,0,0,,,,0.0,2330.10558366,-2330.10558366,2,0.0017609923145295652,-6.379605809315841e-05,0.0,0.0,-6.379402316796305e-05,0.0,6.379402316796305e-05,0.002398711099955042,2,2,price=observed;tvl=observed;lp_amount=none,False
2024-06-11T22:00:00+00:00,9.869787943932794e-06,9.904734022765835e-06,9.479100408765465e-06,9.822076718818613e-06,9.637221557610389e-06,WETH,pool_swap_ratio,8,709,36540489.153182015,,20071669,1201643.23175094,,8,5,0.0,0.0,0.0,0.0,,0,0,,,,609504.8333727199,592138.39837822,17366.434994499898,8,-0.0068280844825365575,0.00047537850584550555,0.0,0.0,0.0004754915161143077,0.0,0.032900889691793916,0.019181375057445438,2,2,price=observed;tvl=observed;lp_amount=none,False
2024-06-11T23:00:00+00:00,9.848278627058572e-06,9.848278627058572e-06,9.776751086415564e-06,9.776751086415564e-06,9.838956687984673e-06,WETH,pool_swap_ratio,3,2077,36582458.18011542,,20071855,42365.48150772,,3,2,0.0,0.0,0.0,0.0,,0,0,,,,42167.25422056,198.22728716,41969.0269334,3,-0.0046253493995619425,0.0011479031705489656,0.0,0.0,0.0011485622635608657,0.0,0.001159411997199023,-0.006322377823359537,2,2,price=observed;tvl=observed;lp_amount=none,False
2024-06-12T00:00:00+00:00,9.807117323394273e-06,9.853749771457574e-06,9.757353530489834e-06,9.853749771457574e-06,9.78857330274011e-06,WETH,pool_swap_ratio,6,121,36626529.70460161,,20072321,89424.99327128,,6,4,0.0,39190.36164791,-39190.36164791,39190.36164791,0.0,0,1,,,1.0,86578.12059027,42506.596104079996,44071.52448619001,7,0.007844841095378929,0.0012039923261722998,-0.0010712883605293677,0.0010712883605293677,0.0012047174159046893,0.0010712883605293677,0.0024444774277057033,0.006658423725469653,2,2,price=observed;tvl=observed;lp_amount=quantified,False
2024-06-12T01:00:00+00:00,9.739472174447405e-06,9.807054940340147e-06,9.63652436647567e-06,9.689103222898997e-06,9.711066446472503e-06,WETH,pool_swap_ratio,9,61,36747230.93282227,,20072617,312471.88155316,,9,5,0.0,0.0,0.0,0.0,,0,0,,,,216586.55488691002,95885.32666625,120701.22822066002,9,-0.01685019523501533,0.0032900409096737566,0.0,0.0,0.0032954590345886797,0.0,0.008531299144999324,-0.0022616695802224474,2,2,price=observed;tvl=observed;lp_amount=none,False
2024-06-12T02:00:00+00:00,9.733030826950982e-06,9.878456438191594e-06,9.733030826950982e-06,9.878456438191594e-06,9.802203858506052e-06,WETH,pool_swap_ratio,7,241,36525325.39280905,,20072902,302253.15987934,,7,5,0.0,0.0,0.0,0.0,,0,0,,,,40173.80993306,262079.34994628,-221905.54001322002,7,0.019354393638663692,-0.006057007686579758,0.0,0.0,-0.006038700995427008,0.0,0.008225195537369603,0.0077791260808530716,2,2,price=observed;tvl=observed;lp_amount=none,False
2024-06-12T03:00:00+00:00,9.799047475249239e-06,9.904520350665712e-06,9.799047475249239e-06,9.847207751221009e-06,9.880203039282251e-06,WETH,pool_swap_ratio,3,2617,36519934.47322033,,20073004,18390.91958872,,3,3,0.0,0.0,0.0,0.0,,0,0,,,,6500.0,11890.91958872,-5390.91958872,3,-0.0031683306387939665,-0.00014760491258128841,0.0,0.0,-0.00014759401951231738,0.0,0.0005035114510531021,-0.0033395354255432164,2,2,price=observed;tvl=observed;lp_amount=none,False
2024-06-12T04:00:00+00:00,9.833919231874154e-06,9.87192160270767e-06,9.811691046729224e-06,9.811691046729224e-06,9.83074851066509e-06,WETH,pool_swap_ratio,5,529,36562211.9087067,,20073475,67153.73210354999,,5,3,0.0,0.0,0.0,0.0,,0,0,,,,54715.58379496,12438.14830859,42277.43548637,5,-0.0036132993509742158,0.0011569840869620595,0.0,0.0,0.0011576536512509785,0.0,0.0018388240031699148,-0.001938556755387566,2,2,price=observed;tvl=observed;lp_amount=none,False
2024-06-12T05:00:00+00:00,9.869803058928892e-06,9.890690871932783e-06,9.869803058928892e-06,9.890690871932783e-06,9.885987773184454e-06,WETH,pool_swap_ratio,3,2077,36512441.12647336,,20073645,49770.78223334,,3,2,0.0,0.0,0.0,0.0,,0,0,,,,0.0,49770.78223334,-49770.78223334,3,0.008019360187350055,-0.0013621902496190564,0.0,0.0,-0.001361262889608927,0.0,0.001361262889608927,0.0004757338220755525,2,2,price=observed;tvl=observed;lp_amount=none,False
2024-06-12T06:00:00+00:00,9.846439245875253e-06,9.908775444820092e-06,9.842684196196056e-06,9.900456813056932e-06,9.860094984612393e-06,WETH,pool_swap_ratio,4,1945,36587126.819118224,,20073952,12292.799940379999,,4,2,69000.0,0.0,69000.0,69000.0,0.0,1,0,,,,77989.24629262,3303.55364776,74685.69264486,5,0.0009869000092603253,0.0020433969921075075,0.001889766826627528,0.001889766826627528,0.0020454861504921157,0.0,0.0003366742830970866,0.004093452295087063,2,2,price=observed;tvl=observed;lp_amount=quantified,False
2024-06-12T07:00:00+00:00,9.83295051641605e-06,9.869613198205883e-06,9.80314303495186e-06,9.869613198205883e-06,9.83950982491335e-06,WETH,pool_swap_ratio,4,553,36601257.26215735,,20074366,109166.51001963,,4,4,0.0,0.0,0.0,0.0,,0,0,,,,61648.47652938,47518.03349025,14130.443039129997,4,-0.0031202357763625193,0.00038613895885469026,0.0,0.0,0.0003862135200992684,0.0,0.0029837409906313325,0.0030594383082287457,2,2,price=observed;tvl=observed;lp_amount=none,False
2024-06-12T08:00:00+00:00,9.917793904861902e-06,9.941178885073279e-06,9.872294965595822e-06,9.872294965595822e-06,9.916816708288925e-06,WETH,pool_swap_ratio,3,1153,36535129.54118214,,20074616,70659.45081141,,3,3,0.0,0.0,0.0,0.0,,0,0,,,,2265.8649181,68393.58589331001,-66127.72097521002,3,0.0002716826949233749,-0.0018083403319704928,0.0,0.0,-0.001806706269720974,0.0,0.0019305197716381723,-0.004489519570921363,2,2,price=observed;tvl=observed;lp_amount=none,False
2024-06-12T09:00:00+00:00,,,,9.872294965595822e-06,,WETH,pool_swap_ratio,0,4753,36535129.54118214,,20074616,0.0,,0,0,0.0,0.0,0.0,0.0,,0,0,,,,0.0,0.0,0.0,0,0.0,0.0,0.0,0.0,0.0,0.0,0.0,,2,2,price=carried;tvl=carried;lp_amount=none,True
2024-06-12T10:00:00+00:00,1.0071706125190979e-05,1.0071706125190979e-05,9.95677211873258e-06,1.0010456010639267e-05,1.000699227291746e-05,WETH,pool_swap_ratio,3,877,36393389.01762379,,20075236,141740.52355835,,3,3,0.0,0.0,0.0,0.0,,0,0,,,,0.0,141740.52355835,-141740.52355835,3,0.013897802070341587,-0.0038871131576545797,0.0,0.0,-0.0038795681126183247,0.0,0.0038795681126183247,0.0003461317474162673,2,2,price=observed;tvl=observed;lp_amount=none,False
2024-06-12T11:00:00+00:00,1.013337080074121e-05,1.013337080074121e-05,9.961009531521333e-06,9.961009531521333e-06,9.973527248258893e-06,WETH,pool_swap_ratio,4,577,36484122.96242368,,20075559,95706.90289651,,4,4,0.0,0.0,0.0,0.0,,0,0,,,,93220.4238482,2486.47904831,90733.94479989,4,-0.004951722751375259,0.0024900408703917125,0.0,0.0,0.002493143596930513,0.0,0.0026297881422959308,-0.001255094253614808,2,2,price=observed;tvl=observed;lp_amount=none,False
2024-06-12T12:00:00+00:00,9.925453921302751e-06,1.020558893523744e-05,9.890049883564898e-06,1.0190971760639273e-05,1.0160174464483061e-05,WETH,pool_swap_ratio,6,1561,36251416.647437915,,20075777,567178.15436877,,6,4,0.0,0.0,0.0,0.0,,0,0,,,,167235.91969150002,399942.23467727,-232706.31498576998,6,0.0228237817863799,-0.0063987181567496,0.0,0.0,-0.006378289954384888,0.0,0.015545889782054711,0.003031177886154479,2,2,price=observed;tvl=observed;lp_amount=none,False
2024-06-12T13:00:00+00:00,1.0110955309393713e-05,1.0110955309393713e-05,9.903356361700868e-06,9.903356361700868e-06,1.008586947605606e-05,WETH,pool_swap_ratio,3,181,36281220.52761347,,20076188,35833.424760559996,,3,3,0.0,0.0,0.0,0.0,,0,0,,,,32818.65246806,3014.7722925,29803.88017556,3,-0.02862848071443199,0.0008218061003627456,0.0,0.0,0.0008221438755184868,0.0,0.000988469639933162,-0.018095922695458122,2,2,price=observed;tvl=observed;lp_amount=none,False
2024-06-12T14:00:00+00:00,1.0093842518810099e-05,1.0192390203450384e-05,1.0052124606207795e-05,1.0052124606207795e-05,1.0109933445652694e-05,WETH,pool_swap_ratio,8,349,36368029.60753993,,20076473,451687.48423882,,8,6,0.0,0.0,0.0,0.0,,0,0,,,,269248.28208264,182439.20215618,86809.07992645999,8,0.014910289646758043,0.002389814652743195,0.0,0.0,0.0023926725359305376,0.0,0.012449622081898891,-0.005718023739291533,2,2,price=observed;tvl=observed;lp_amount=none,False
2024-06-12T15:00:00+00:00,1.0121073806757782e-05,1.0121073806757782e-05,9.955308264080625e-06,1.0086549283831718e-05,1.0112221570204866e-05,WETH,pool_swap_ratio,3,1081,36304411.09834686,,20076709,103932.17097845001,,3,2,0.0,0.0,0.0,0.0,,0,0,,,,20156.83089269,83775.34008576,-63618.50919307001,3,0.0034187664333225503,-0.0017508294706079254,0.0,0.0,-0.0017492976627988784,0.0,0.0028577894403413726,-0.002538738515064809,2,2,price=observed;tvl=observed;lp_amount=none,False
2024-06-12T16:00:00+00:00,1.0069701101899834e-05,1.015041977642809e-05,9.812835706338904e-06,1.008741322649827e-05,9.854129203801821e-06,WETH,pool_swap_ratio,10,169,36304213.179890096,,20077084,26094454.080938213,,10,6,0.0,0.0,0.0,0.0,,1,1,,,1.0,13065217.94887045,13065415.867327219,-197.91845676861703,11,8.564927853299709e-05,-5.451651473365631e-06,0.0,0.0,-5.451636613315822e-06,0.0,0.7187681411564458,0.02367373289630148,2,2,price=observed;tvl=observed;lp_amount=quantified,False
2024-06-12T17:00:00+00:00,1.0073178425140698e-05,1.0118889085935632e-05,1.0030710010302763e-05,1.0112747841045665e-05,1.0086082582940682e-05,WETH,pool_swap_ratio,8,2101,36265621.8695383,,20077223,235252.97991239,,8,4,0.0,0.0,0.0,0.0,,0,0,,,,98330.8347803,136922.14513209,-38591.31035178999,8,0.0025083589924039394,-0.0010635635030252077,0.0,0.0,-0.0010629981198206158,0.0,0.006480046234487823,0.002643767576331779,2,2,price=observed;tvl=observed;lp_amount=none,False
2024-06-12T18:00:00+00:00,1.0234922572126101e-05,1.0234922572126101e-05,9.871419484467266e-06,1.0129431899353125e-05,1.016610872916438e-05,WETH,pool_swap_ratio,8,1921,36247312.787777476,,20077536,484175.13611304,,8,6,0.0,0.0,0.0,0.0,,0,0,,,,232933.02717611,251242.10893693002,-18309.08176082003,8,0.0016484452069386681,-0.000504988033829706,0.0,0.0,-0.0005048605488328587,0.0,0.013350801975899057,-0.0036077550209586695,2,2,price=observed;tvl=observed;lp_amount=none,False
2024-06-12T19:00:00+00:00,1.003200164363341e-05,1.0197161098647535e-05,1.000787944627974e-05,1.000787944627974e-05,1.0093350415910174e-05,WETH,pool_swap_ratio,8,409,36453311.448540635,,20077959,360875.18991465,,8,4,0.0,0.0,0.0,0.0,,0,0,,,,283436.9253389,77438.26457575,205998.66076315002,8,-0.012072508319833811,0.005667054835895941,0.0,0.0,0.005683142967569513,0.0,0.009955915684771435,-0.008468047388477173,2,2,price=observed;tvl=observed;lp_amount=none,False
2024-06-12T20:00:00+00:00,1.0056867806594183e-05,1.0108182316545025e-05,1.0021906674037777e-05,1.0038938781836556e-05,1.0063538165576754e-05,WETH,pool_swap_ratio,6,277,36386748.459186055,,20078269,279777.46299696004,,6,4,0.0,0.0,0.0,0.0,,0,0,,,,106607.23682119,173170.22617577,-66562.98935457999,6,0.0030986823001626553,-0.0018276483563373113,0.0,0.0,-0.001825979224097205,0.0,0.007674953299974085,-0.002444407059968512,2,2,price=observed;tvl=observed;lp_amount=none,False
2024-06-12T21:00:00+00:00,9.973635072689067e-06,1.0103966691871313e-05,9.973635072689067e-06,1.0103966691871313e-05,1.0098001709573312e-05,WETH,pool_swap_ratio,2,2713,36310109.70897372,,20078365,84360.75021233,,2,2,0.0,0.0,0.0,0.0,,0,0,,,,3861.0,80499.75021233,-76638.75021233,2,0.0064566788570042406,-0.00210844816503236,0.0,0.0,-0.002106226949580104,0.0,0.0023184470661607747,0.0005907091788612817,2,2,price=observed;tvl=observed;lp_amount=none,False
2024-06-12T22:00:00+00:00,1.0047899714933553e-05,1.0091620987879219e-05,1.0013674565887056e-05,1.0013674565887056e-05,1.0041090068047885e-05,WETH,pool_swap_ratio,4,1573,36421787.670066446,,20078759,169925.74195847998,,4,2,0.0,0.0,0.0,0.0,,0,0,,,,140801.8515256,29123.890432879998,111677.96109272001,4,-0.008976473048319063,0.003070951065056372,0.0,0.0,0.0030756712658766712,0.0,0.0046798465584499275,-0.002730331266330155,2,2,price=observed;tvl=observed;lp_amount=none,False
2024-06-12T23:00:00+00:00,1.0066744100561759e-05,1.0066744100561759e-05,1.0066744100561759e-05,1.0066744100561759e-05,1.0066744100561759e-05,WETH,pool_swap_ratio,1,3421,36368604.55719104,,20078903,53183.11287541,,1,1,0.0,0.0,0.0,0.0,,0,0,,,,0.0,53183.11287541,-53183.11287541,1,0.005285712326444198,-0.0014612676401817724,0.0,0.0,-0.001460200508475288,0.0,0.001460200508475288,0.0,2,2,price=observed;tvl=observed;lp_amount=none,False
2024-06-13T00:00:00+00:00,1.0022729049122974e-05,1.0022729049122974e-05,1.0022729049122974e-05,1.0022729049122974e-05,1.0022729049122974e-05,WETH,pool_swap_ratio,1,2329,36382604.55719104,,20079289,14000.0,,1,1,0.0,0.0,0.0,0.0,,0,0,,,,14000.0,0.0,14000.0,1,-0.004381909026585781,0.0003848733331924181,0.0,0.0,0.0003849474064363525,0.0,0.0003849474064363525,0.0,2,2,price=observed;tvl=observed;lp_amount=none,False
2024-06-13T01:00:00+00:00,1.0015138717186626e-05,1.0085464017259767e-05,1.00139306785379e-05,1.00139306785379e-05,1.0036984423022782e-05,WETH,pool_swap_ratio,3,589,36413801.57109208,,20079731,87361.38425152,,3,3,0.0,0.0,0.0,0.0,,0,0,,,,59279.19907628,28082.18517524,31197.013901039998,3,-0.0008782273363089127,0.0008571031859982702,0.0,0.0,0.00085747060389809,0.0,0.002401185547730474,-0.002296879571916155,2,2,price=observed;tvl=observed;lp_amount=none,False
2024-06-13T02:00:00+00:00,9.988982608702658e-06,1.000542857372404e-05,9.95406906142683e-06,1.000542857372404e-05,9.957116703223662e-06,WETH,pool_swap_ratio,3,1297,36496618.002815194,,20079972,85788.56827688,,3,1,0.0,0.0,0.0,0.0,,0,0,,,,84302.5,1486.06827688,82816.43172312,3,-0.0008493883563291236,0.0022717320191942714,0.0,0.0,0.0022743143574678482,0.0,0.0023559355127860423,0.004851993999903437,2,2,price=observed;tvl=observed;lp_amount=none,False
2024-06-13T03:00:00+00:00,9.858497121969974e-06,9.880803866024044e-06,9.794248202264263e-06,9.871870750893121e-06,9.864546792074049e-06,WETH,pool_swap_ratio,4,517,36588816.42509326,,20080337,231401.57772193,,4,4,0.0,0.0,0.0,0.0,,0,0,,,,161800.0,69601.57772193,92198.42227807,4,-0.013438428489984774,0.0025230327194106124,0.0,0.0,0.0025262182449606206,0.0,0.006340356733987808,0.0007424526411041743,2,2,price=observed;tvl=observed;lp_amount=none,False
2024-06-13T04:00:00+00:00,9.935961406689762e-06,9.935961406689762e-06,9.896039714678132e-06,9.896039714678132e-06,9.927765642695057e-06,WETH,pool_swap_ratio,2,373,36543444.22250052,,20080646,76979.28055606,,2,2,557194.67146148,548985.44657681,8209.224884669995,1106180.11803829,0.9925787629421253,1,1,,,1.0,572998.21044314,618370.41303588,-45372.20259273995,4,0.002445273704575099,-0.0012408260872126215,0.00022436431912129198,0.03023273847359686,-0.0012400565808306082,0.015004187077237786,0.0021039019043880914,-0.0031956765659824082,2,2,price=observed;tvl=observed;lp_amount=quantified,False
2024-06-13T05:00:00+00:00,9.97629296668701e-06,1.0013245662003522e-05,9.97629296668701e-06,1.0013245662003522e-05,9.982835948895001e-06,WETH,pool_swap_ratio,2,2257,36460533.09035841,,20080788,82911.13214212,,2,2,0.0,0.0,0.0,0.0,,0,0,,,,0.0,82911.13214212,-82911.13214212,2,0.011774134443178602,-0.0022714150883567314,0.0,0.0,-0.002268837377158609,0.0,0.002268837377158609,0.003046199823797169,2,2,price=observed;tvl=observed;lp_amount=none,False
2024-06-13T06:00:00+00:00,9.904217732996216e-06,1.0059821466473811e-05,9.896222058513548e-06,9.964119512436433e-06,9.920187947020675e-06,WETH,pool_swap_ratio,6,457,36543885.042234175,,20081234,192415.10843051,,6,5,0.0,0.0,0.0,0.0,,0,0,,,,137883.53015314,54531.57827737,83351.95187577,6,-0.00491819097888969,0.0022834779106844084,0.0,0.0,0.0022860870319477452,0.0,0.00527735313012722,0.0044285013197709056,2,2,price=observed;tvl=observed;lp_amount=none,False
2024-06-13T07:00:00+00:00,9.944420253987524e-06,9.944420253987524e-06,9.944420253987524e-06,9.944420253987524e-06,9.944420253987524e-06,WETH,pool_swap_ratio,1,2065,36542982.792234175,,20081400,902.25,,1,1,0.0,0.0,0.0,0.0,,0,0,,,,0.0,902.25,-902.25,1,-0.0019789763698517104,-2.4689797956250277e-05,0.0,0.0,-2.4689493165744682e-05,0.0,2.4689493165744682e-05,0.0,2,2,price=observed;tvl=observed;lp_amount=none,False
2024-06-13T08:00:00+00:00,9.950424346341746e-06,9.950424346341746e-06,9.950424346341746e-06,9.950424346341746e-06,9.950424346341746e-06,WETH,pool_swap_ratio,1,2725,36528661.794954054,,20081643,14320.99728012,,1,1,0.0,0.0,0.0,0.0,,0,0,,,,0.0,14320.99728012,-14320.99728012,1,0.0006035827529310691,-0.0003919714013386176,0.0,0.0,-0.0003918945905850736,0.0,0.0003918945905850736,0.0,2,2,price=observed;tvl=observed;lp_amount=none,False
2024-06-13T09:00:00+00:00,9.908212806714117e-06,9.956813688320979e-06,9.908212806714117e-06,9.956813688320979e-06,9.927869859749967e-06,WETH,pool_swap_ratio,2,2413,36529544.34451331,,20081966,4618.6845455,,2,2,0.0,0.0,0.0,0.0,,0,0,,,,2750.61705238,1868.06749312,882.54955926,2,0.0006419114683313916,2.416017600028809e-05,0.0,0.0,2.4160467859841295e-05,0.0,0.00012644001500591542,0.0029154117630365572,2,2,price=observed;tvl=observed;lp_amount=none,False
2024-06-13T10:00:00+00:00,9.798222947367992e-06,9.905063453331252e-06,9.661731619813438e-06,9.865469713403604e-06,9.78339484950477e-06,WETH,pool_swap_ratio,6,229,36584796.98419968,,20082442,698501.70995327,,6,4,0.0,0.0,0.0,0.0,,0,0,,,,376877.17481982,321624.53513345,55252.63968636998,6,-0.009216357130787865,0.0015114038969714406,0.0,0.0,0.0015125466434860923,0.0,0.019121555510401105,0.008389200800066776,2,2,price=observed;tvl=observed;lp_amount=none,False
2024-06-13T11:00:00+00:00,9.85797521207454e-06,9.869293819525408e-06,9.852064720382186e-06,9.852064720382186e-06,9.858514669653847e-06,WETH,pool_swap_ratio,3,1825,36593917.52186963,,20082608,21279.29729919,,3,3,0.0,0.0,0.0,0.0,,0,0,,,,15200.0,6079.46233005,9120.537669950001,3,-0.0013597029721629304,0.00024926750295456033,0.0,0.0,0.0002492985726800397,0.0,0.0005816431702048298,-0.0006542516279369748,2,2,price=observed;tvl=observed;lp_amount=none,False
2024-06-13T12:00:00+00:00,9.839726712786908e-06,9.906929377200517e-06,9.827024386573865e-06,9.858168356334175e-06,9.875921548040446e-06,WETH,pool_swap_ratio,4,853,36599605.305502795,,20082987,132604.77060013002,,4,4,0.0,0.0,0.0,0.0,,0,0,,,,69146.27711665,63458.49348348,5687.783633170002,4,0.0006193367803752718,0.0001554176769993336,0.0,0.0,0.00015542975495233083,0.0,0.0036236833763666166,-0.001797623808564408,2,2,price=observed;tvl=observed;lp_amount=none,False
2024-06-13T13:00:00+00:00,9.94180093031326e-06,9.94180093031326e-06,9.94180093031326e-06,9.94180093031326e-06,9.94180093031326e-06,WETH,pool_swap_ratio,1,3397,36599495.629699826,,20083075,109.67580297,,1,1,0.0,0.0,0.0,0.0,,0,0,,,,0.0,109.67580297,-109.67580297,1,0.008447798088941418,-2.9966434441316953e-06,0.0,0.0,-2.9966389542870322e-06,0.0,2.9966389542870322e-06,0.0,2,2,price=observed;tvl=observed;lp_amount=none,False
2024-06-13T14:00:00+00:00,9.819796376911099e-06,9.832393010095832e-06,9.817492554998864e-06,9.817492554998864e-06,9.827943399921108e-06,WETH,pool_swap_ratio,3,409,36643481.03727658,,20083620,43985.40757675,,3,3,0.0,0.0,0.0,0.0,,0,0,,,,43985.40757675,0.0,43985.40757675,3,-0.012582435239421598,0.001201082065916643,0.0,0.0,0.0012018036538475312,0.0,0.0012018036538475312,-0.0010633806582898142,2,2,price=observed;tvl=observed;lp_amount=none,False
2024-06-13T15:00:00+00:00,9.770106141912421e-06,9.856648842356681e-06,9.770106141912421e-06,9.779797994925187e-06,9.794306188400594e-06,WETH,pool_swap_ratio,6,169,36705205.20657456,,20083939,271009.2653973,,6,5,0.0,0.0,0.0,0.0,,0,0,,,,166366.71734764002,104642.54804965999,61724.16929798003,6,-0.0038469202121396025,0.0016830344762492641,0.0,0.0,0.0016844515736698005,0.0,0.0073958384336250274,-0.0014812885360464545,2,2,price=observed;tvl=observed;lp_amount=none,False
2024-06-13T16:00:00+00:00,9.738281037554762e-06,9.861965367960154e-06,9.738281037554762e-06,9.861965367960154e-06,9.854615667418349e-06,WETH,pool_swap_ratio,3,1009,36626653.29633329,,20084167,81706.42226681,,3,3,0.0,0.0,0.0,0.0,,0,0,,,,1577.25601277,80129.16625404,-78551.91024127,3,0.008366647213022304,-0.002142368730026888,0.0,0.0,-0.0021400754960824997,0.0,0.0022260173129933876,0.0007458130068029867,2,2,price=observed;tvl=observed;lp_amount=none,False
2024-06-13T17:00:00+00:00,9.91539325041924e-06,9.91539325041924e-06,9.880564707300315e-06,9.880564707300315e-06,9.911494124067496e-06,WETH,pool_swap_ratio,2,1237,36548299.429566525,,20084444,78353.86676676,,2,2,0.0,0.0,0.0,0.0,,0,0,,,,0.0,78353.86676676,-78353.86676676,2,0.0018841906049359735,-0.002141549636691413,0.0,0.0,-0.002139258155333674,0.0,0.002139258155333674,-0.0031205604705022427,2,2,price=observed;tvl=observed;lp_amount=none,False
2024-06-13T18:00:00+00:00,9.875379437193717e-06,9.875379437193717e-06,9.83095883656432e-06,9.858012068680881e-06,9.840495681174855e-06,WETH,pool_swap_ratio,3,673,36651025.551361084,,20084786,125967.41696832,,3,3,0.0,0.0,0.0,0.0,,0,0,,,,114346.76938144,11620.64758688,102726.12179456,3,-0.002285134200833487,0.0028067523644460806,0.0,0.0,0.0028106949816509796,0.0,0.00344660131755449,0.0017800310140407838,2,2,price=observed;tvl=observed;lp_amount=none,False
2024-06-13T19:00:00+00:00,9.875576140608632e-06,1.0014850746800557e-05,9.875576140608632e-06,9.94950063360354e-06,9.964806636235101e-06,WETH,pool_swap_ratio,3,1021,36655682.059166774,,20085054,26354.63011071,,3,2,0.0,0.0,0.0,0.0,,0,0,,,,15505.5689582,10849.06115251,4656.50780569,3,0.009237829798619188,0.0001270417936839667,0.0,0.0,0.00012704986383435795,0.0,0.0007190693770295136,-0.0015360059848932295,2,2,price=observed;tvl=observed;lp_amount=none,False
2024-06-13T20:00:00+00:00,9.797282507840585e-06,9.851543312381195e-06,9.77582828266912e-06,9.851543312381195e-06,9.799193319657192e-06,WETH,pool_swap_ratio,4,217,36673002.128941305,,20085421,21658.55923841,,4,3,0.0,0.0,0.0,0.0,,0,0,,,,19489.31450647,2169.24473194,17320.06977453,4,-0.009894237962769737,0.00047239549675237255,0.0,0.0,0.00047250709307695537,0.0,0.0005908649906841298,0.005342275738043689,2,2,price=observed;tvl=observed;lp_amount=none,False
2024-06-13T21:00:00+00:00,9.769361984118011e-06,9.769361984118011e-06,9.710529364917486e-06,9.710529364917486e-06,9.74472285116081e-06,WETH,pool_swap_ratio,4,421,36798424.299730025,,20085703,125422.17078872,,4,3,0.0,0.0,0.0,0.0,,0,0,,,,125422.17078872,0.0,125422.17078872,4,-0.014417326054324482,0.0034141787826493315,0.0,0.0,0.0034200137296570097,0.0,0.0034200137296570097,-0.0035089234209724207,2,2,price=observed;tvl=observed;lp_amount=none,False
2024-06-13T22:00:00+00:00,9.811782316754747e-06,9.811782316754747e-06,9.685765262167045e-06,9.732764335632432e-06,9.695900330048048e-06,WETH,pool_swap_ratio,3,157,36829538.60091874,,20086017,34145.09610853,,3,1,0.0,0.0,0.0,0.0,,0,0,,,,32629.69864862,1515.39745991,31114.30118871,3,0.0022871619130161074,0.0008451762568206488,0.0,0.0,0.0008455335189158703,0.0,0.0009278956030946278,0.003802019856798733,2,2,price=observed;tvl=observed;lp_amount=none,False
2024-06-13T23:00:00+00:00,9.766332516010509e-06,9.812087283476886e-06,9.738376720775323e-06,9.763395849413705e-06,9.77759520481434e-06,WETH,pool_swap_ratio,5,457,36713672.78974561,,20086289,121457.81117313998,,5,5,0.0,0.0,0.0,0.0,,0,0,,,,2796.0,118661.81117314001,-115865.81117314001,5,0.0031423150708170594,-0.0031509613150467464,0.0,0.0,-0.0031460022464210196,0.0,0.003297836893620767,-0.0014522339187904576,2,2,price=observed;tvl=observed;lp_amount=none,False
2024-06-14T00:00:00+00:00,9.671758361289311e-06,9.742156971810763e-06,9.645072214988224e-06,9.645072214988224e-06,9.720056995631962e-06,WETH,pool_swap_ratio,6,517,36819816.11299387,,20086579,109280.96584121,,6,5,0.0,0.0,0.0,0.0,,0,0,,,,107712.14454474,1568.82129647,106143.32324827,6,-0.012193141672707453,0.0028869403193676766,0.0,0.0,0.002891111544631857,0.0,0.0029765740536787963,-0.007714438369799126,2,2,price=observed;tvl=observed;lp_amount=none,False
2024-06-14T01:00:00+00:00,9.763852406614316e-06,9.810042731227383e-06,9.686832156035603e-06,9.810042731227383e-06,9.740801153490001e-06,WETH,pool_swap_ratio,5,805,36706793.26176947,,20086854,321105.6472244,,5,2,0.0,0.0,0.0,0.0,,0,0,,,,104041.398,217064.2492244,-113022.8512244,5,0.01695949582476905,-0.003074341145492677,0.0,0.0,-0.0030696201979268914,0.0,0.008721000839302955,0.007108406859591243,2,2,price=observed;tvl=observed;lp_amount=none,False
2024-06-14T02:00:00+00:00,9.76997053123852e-06,9.76997053123852e-06,9.766102624449392e-06,9.766102624449392e-06,9.767253772679225e-06,WETH,pool_swap_ratio,2,613,36716873.38878237,,20087169,10080.1270129,,2,2,0.0,0.0,0.0,0.0,,0,0,,,,10080.1270129,0.0,10080.1270129,2,-0.004489155527975695,0.0002745743310312789,0.0,0.0,0.0002746120300134897,0.0,0.0002746120300134897,-0.00011785792164553666,2,2,price=observed;tvl=observed;lp_amount=none,False
2024-06-14T03:00:00+00:00,9.749844034810564e-06,9.816038396899608e-06,9.620417600397373e-06,9.771988239323594e-06,9.786466570048092e-06,WETH,pool_swap_ratio,6,1897,36710434.55076055,,20087361,102517.15327303999,,6,4,0.0,0.0,0.0,0.0,,0,0,,,,48039.157625609994,54477.99564743,-6438.838021820004,6,0.0006024759628017909,-0.00017537992932052432,0.0,0.0,-0.0001753645511599356,0.0,0.0027920992124661884,-0.0014794237144598599,2,2,price=observed;tvl=observed;lp_amount=none,False
2024-06-14T04:00:00+00:00,9.700889940248029e-06,9.768072818460434e-06,9.700889940248029e-06,9.758679832345053e-06,9.753420386544375e-06,WETH,pool_swap_ratio,3,1417,36731945.134307146,,20087700,27489.4164534,,3,3,0.0,0.0,0.0,0.0,,0,0,,,,24500.0,2989.4164534,21510.5835466,3,-0.0013628216904301258,0.0005857812411288992,0.0,0.0,0.0005859528444659708,0.0,0.0007488175171391559,0.0005392411679427944,2,2,price=observed;tvl=observed;lp_amount=none,False
2024-06-14T05:00:00+00:00,9.748715458112257e-06,9.748715458112257e-06,9.72332969048948e-06,9.72332969048948e-06,9.728304663582042e-06,WETH,pool_swap_ratio,3,13,36789930.32001711,,20088112,57985.18570996,,3,2,0.0,0.0,0.0,0.0,,0,0,,,,57985.18570996,0.0,57985.18570996,3,-0.0036290076349688692,0.0015773590478807178,0.0,0.0,0.0015786037330161047,0.0,0.0015786037330161047,-0.0005113915799930258,2,2,price=observed;tvl=observed;lp_amount=none,False
2024-06-14T06:00:00+00:00,9.782317995595412e-06,9.8361393332422e-06,9.727392495496016e-06,9.767449728448214e-06,9.789579859978492e-06,WETH,pool_swap_ratio,6,385,36672211.75381694,,20088380,196298.56620017003,,6,4,0.0,0.0,0.0,0.0,,0,0,,,,39290.0,157008.56620017,-117718.56620017,6,0.004527280553373368,-0.003204879782612768,0.0,0.0,-0.0031997496373653163,0.0,0.00533566017909432,-0.002260580315683325,2,2,price=observed;tvl=observed;lp_amount=none,False
2024-06-14T07:00:00+00:00,9.874379964211955e-06,9.89648622498819e-06,9.813994867108936e-06,9.89648622498819e-06,9.872496922265016e-06,WETH,pool_swap_ratio,6,193,36582891.296003126,,20088695,153168.25781381,,6,3,0.0,0.0,0.0,0.0,,0,0,,,,31923.9,121244.35781381,-89320.45781381,6,0.013124366255131149,-0.002438615150609554,0.0,0.0,-0.0024356441442208157,0.0,0.00417668448366406,0.002429912403322243,2,2,price=observed;tvl=observed;lp_amount=none,False
2024-06-14T08:00:00+00:00,,,,9.89648622498819e-06,,WETH,pool_swap_ratio,0,3793,36582891.296003126,,20088695,0.0,,0,0,0.0,0.0,0.0,0.0,,0,0,,,,0.0,0.0,0.0,0,0.0,0.0,0.0,0.0,0.0,0.0,0.0,,2,2,price=carried;tvl=carried;lp_amount=none,True
2024-06-14T09:00:00+00:00,9.922008885387408e-06,9.922008885387408e-06,9.846391800566082e-06,9.846391800566082e-06,9.848803385640517e-06,WETH,pool_swap_ratio,3,1489,36620475.99770369,,20089181,38464.85135368,,3,3,0.0,0.0,0.0,0.0,,0,0,,,,38024.77652712,440.07482656,37584.70170056,3,-0.005074693959211246,0.0010268572715328621,0.0,0.0,0.0010273846699663765,0.0,0.001051443721122242,-0.0002448607186078533,2,2,price=observed;tvl=observed;lp_amount=none,False
2024-06-14T10:00:00+00:00,9.82761853182679e-06,9.900120573562478e-06,9.7692064526993e-06,9.85957109406651e-06,9.880534425974153e-06,WETH,pool_swap_ratio,4,157,36588341.91739109,,20089591,64388.79580618,,4,3,0.0,0.0,0.0,0.0,,0,0,,,,16127.35774679,48261.43805939,-32134.0803126,4,0.0013375946697845712,-0.0008778746411006928,0.0,0.0,-0.0008774894218910478,0.0,0.0017582730440264499,-0.002121679962222789,2,2,price=observed;tvl=observed;lp_amount=none,False
2024-06-14T11:00:00+00:00,9.849919382120238e-06,9.930558087933458e-06,9.812316626153354e-06,9.812316626153354e-06,9.904979318666927e-06,WETH,pool_swap_ratio,4,841,36546179.23594607,,20089834,91616.80408248,,4,4,0.0,0.0,0.0,0.0,,0,0,,,,24727.06131873,66889.74276375,-42162.68144501999,4,-0.004804272927476345,-0.0011530173562692325,0.0,0.0,-0.001152352887163201,0.0,0.0025039889560814696,-0.009355162644200665,2,2,price=observed;tvl=observed;lp_amount=none,False
2024-06-14T12:00:00+00:00,9.875981431447285e-06,9.875981431447285e-06,9.857159430554029e-06,9.857159430554029e-06,9.873526387852511e-06,WETH,pool_swap_ratio,2,61,36594479.23594607,,20090198,48300.0,,2,2,0.0,0.0,0.0,0.0,,0,0,,,,48300.0,0.0,48300.0,2,0.004559641747727939,0.0013207430184573052,0.0,0.0,0.0013216155836201099,0.0,0.0013216155836201099,-0.001657660764305957,2,2,price=observed;tvl=observed;lp_amount=none,False
2024-06-14T13:00:00+00:00,9.816531760213962e-06,9.852182188388243e-06,9.816531760213962e-06,9.844930726207772e-06,9.84728790237882e-06,WETH,pool_swap_ratio,3,1225,36613044.366973974,,20090400,18768.8689721,,3,3,0.0,0.0,0.0,0.0,,0,0,,,,18667.0,101.8689721,18565.1310279,3,-0.0012413612788597986,0.0005071918981055349,0.0,0.0,0.0005073205416642143,0.0,0.0005128879919587349,-0.00023937313445243635,2,2,price=observed;tvl=observed;lp_amount=none,False
2024-06-14T14:00:00+00:00,9.911501683582256e-06,9.918350283958505e-06,9.775779505034528e-06,9.775779505034528e-06,9.816197005519148e-06,WETH,pool_swap_ratio,6,937,36705339.67129074,,20090722,108793.79427893,,6,4,0.0,0.0,0.0,0.0,,0,0,,,,100544.54929785,8249.24498108,92295.30431677,6,-0.0070488281696758585,0.002517659227747664,0.0,0.0,0.002520831193158661,0.0,0.0029714490056736488,-0.004117429638167969,2,2,price=observed;tvl=observed;lp_amount=none,False
2024-06-14T15:00:00+00:00,9.722820467895461e-06,9.74311945215166e-06,9.722820467895461e-06,9.74311945215166e-06,9.74240234707413e-06,WETH,pool_swap_ratio,2,625,36776106.790686,,20091047,70767.11939526,,2,2,0.0,0.0,0.0,0.0,,0,0,,,,70767.11939526,0.0,70767.11939526,2,-0.003346508779498811,0.0019261227066456315,0.0,0.0,0.001927978872529297,0.0,0.001927978872529297,7.360659640021083e-05,2,2,price=observed;tvl=observed;lp_amount=none,False
2024-06-14T16:00:00+00:00,9.786891281262421e-06,9.786891281262421e-06,9.436663421592622e-06,9.537260222103025e-06,9.55616772864134e-06,WETH,pool_swap_ratio,8,457,37153486.17573451,,20091360,629385.68249921,,8,6,0.0,0.0,0.0,0.0,,0,0,,,,503382.53377385996,126003.14872535001,377379.3850485099,8,-0.021355082918161693,0.010209244977914544,0.0,0.0,0.010261537122360269,0.0,0.01711398343716496,-0.0019785657886315366,2,2,price=observed;tvl=observed;lp_amount=none,False
2024-06-14T17:00:00+00:00,9.500131768613655e-06,9.518042673820657e-06,9.187731115192139e-06,9.518042673820657e-06,9.360755463658951e-06,WETH,pool_swap_ratio,14,901,37119194.97227806,,20091623,1146984.2404639702,,14,6,0.0,0.0,0.0,0.0,,0,0,,,,556346.51850376,590637.72196021,-34291.20345645002,14,-0.0020170295799267265,-0.0009233867786361165,0.0,0.0,-0.0009229605882541948,0.0,0.03087151055055185,0.016802832930775446,2,2,price=observed;tvl=observed;lp_amount=none,False
2024-06-14T18:00:00+00:00,9.515335358764827e-06,9.515335358764827e-06,9.02759759674122e-06,9.51094740409315e-06,9.219219947760808e-06,WETH,pool_swap_ratio,12,97,37121997.058478534,,20091989,1437886.50631603,,12,9,0.0,0.0,0.0,0.0,,0,1,,,1.0,723688.9617766901,720886.87557621,2802.0862004801165,13,-0.0007457326980855975,7.548602400263648e-05,0.0,0.0,7.54888731442806e-05,0.0,0.03873700675324168,0.03164339911460701,2,2,price=observed;tvl=observed;lp_amount=quantified,False
2024-06-14T19:00:00+00:00,9.5216156306074e-06,9.5216156306074e-06,9.401984930348626e-06,9.44260599275131e-06,9.440900596873882e-06,WETH,pool_swap_ratio,5,169,37200767.5633816,,20092282,122711.59927411999,,5,5,0.0,0.0,0.0,0.0,,0,0,,,,100741.05208858999,21970.54718553,78770.50490305999,5,-0.007211492862455683,0.002119687952872093,0.0,0.0,0.0021219360795426035,0.0,0.0033056303269679045,0.00018063910957732965,2,2,price=observed;tvl=observed;lp_amount=none,False
2024-06-14T20:00:00+00:00,9.465427862053643e-06,9.465427862053643e-06,9.350003019838162e-06,9.457945398041485e-06,9.438990158100175e-06,WETH,pool_swap_ratio,7,373,37172653.290693045,,20092562,132695.52548485002,,7,3,0.0,0.0,0.0,0.0,,0,0,,,,52290.62639815,80404.8990867,-28114.272688549994,7,0.001623170492847944,-0.0007560301436946542,0.0,0.0,-0.0007557444249140749,0.0,0.00356701041877072,0.0020081851579263343,2,2,price=observed;tvl=observed;lp_amount=none,False
2024-06-14T21:00:00+00:00,9.480484001300087e-06,9.480484001300087e-06,9.404634393974859e-06,9.432318164156041e-06,9.448720850054445e-06,WETH,pool_swap_ratio,5,97,37165612.8046154,,20092883,108758.08521505,,5,4,0.0,0.0,0.0,0.0,,0,0,,,,50858.7995687,57899.28564635,-7040.486077649999,5,-0.002713276024242414,-0.00018941754949380557,0.0,0.0,-0.0001893996111225327,0.0,0.00292575524175133,-0.0017359689378811938,2,2,price=observed;tvl=observed;lp_amount=none,False
2024-06-14T22:00:00+00:00,9.376048332419043e-06,9.464518875851793e-06,9.376048332419043e-06,9.464518875851793e-06,9.427286096237746e-06,WETH,pool_swap_ratio,3,325,37178067.66862638,,20093162,29360.10791178,,3,2,0.0,0.0,0.0,0.0,,0,0,,,,20907.48596138,8452.6219504,12454.86401098,3,0.0034080563635881245,0.00033506181152782947,0.0,0.0,0.00033511795100640173,0.0,0.0007899804603284766,0.003949469575226461,2,2,price=observed;tvl=observed;lp_amount=none,False
2024-06-14T23:00:00+00:00,9.485371888296065e-06,9.513196684542102e-06,9.270027480142366e-06,9.468368470416015e-06,9.458799666264594e-06,WETH,pool_swap_ratio,7,49,37112724.85836791,,20093485,112317.62274523,,7,7,0.0,0.0,0.0,0.0,,0,0,,,,23487.40624338,88830.21650185001,-65342.81025847001,7,0.0004066568977955914,-0.001759109706221617,0.0,0.0,-0.0017575633795946617,0.0,0.003021072094072602,0.0010116298567510729,2,2,price=observed;tvl=observed;lp_amount=none,False
2024-06-15T00:00:00+00:00,9.463168697991766e-06,9.51709912641213e-06,9.279073676579393e-06,9.51709912641213e-06,9.417389972431212e-06,WETH,pool_swap_ratio,9,145,37118225.02508839,,20093773,106926.7052898,,9,5,0.0,0.0,0.0,0.0,,0,0,,,,56213.43600514,50713.269284660004,5500.166720479996,8,0.005133480412065446,0.0001481906600731104,0.0,0.0,0.00014820164085148973,0.0,0.002881133241977271,0.010587769464024621,2,2,price=observed;tvl=observed;lp_amount=none,False
2024-06-15T01:00:00+00:00,9.44955287885891e-06,9.545447023529573e-06,9.390437506878113e-06,9.523360855091983e-06,9.460047759641637e-06,WETH,pool_swap_ratio,9,745,37133993.83426176,,20094023,124408.33296261,,9,5,0.0,0.0,0.0,0.0,,0,0,,,,70088.57106799,54319.76189462,15768.809173369991,9,0.0006577287430739273,0.00042473638236439047,0.0,0.0,0.0004248265956335944,0.0,0.003351677858478464,0.0066926824323712,2,2,price=observed;tvl=observed;lp_amount=none,False
2024-06-15T02:00:00+00:00,9.439744425662332e-06,9.439744425662332e-06,8.52117578110372e-06,9.29687777086023e-06,9.267609236035123e-06,WETH,pool_swap_ratio,13,337,37209124.49914915,,20094354,670928.40705078,,13,9,0.0,0.0,0.0,0.0,,0,0,,,,373029.53596967,297898.87108228,75130.66488738998,12,-0.024069197271528602,0.0020211874924971986,0.0,0.0,0.0020232314687915554,0.0,0.01806776858005902,0.0031581537459846043,2,2,price=observed;tvl=observed;lp_amount=none,False
2024-06-15T03:00:00+00:00,9.415355753257936e-06,9.504828738453082e-06,9.415355753257936e-06,9.504828738453082e-06,9.475078757915215e-06,WETH,pool_swap_ratio,8,277,37133181.58411061,,20094656,119242.91503854,,8,8,0.0,0.0,0.0,0.0,,0,0,,,,21650.0,97592.91503853998,-75942.91503853998,8,0.02212133750197198,-0.0020430612246435404,0.0,0.0,-0.002040975595657365,0.0,0.003204668657045846,0.0031398135359048673,2,2,price=observed;tvl=observed;lp_amount=none,False
2024-06-15T04:00:00+00:00,9.4493470372498e-06,9.4493470372498e-06,9.396730758715004e-06,9.396730758715004e-06,9.414916741398991e-06,WETH,pool_swap_ratio,3,1345,37212361.71602877,,20094863,79180.13191783,,3,3,0.0,0.0,0.0,0.0,,0,0,,,,79180.13191816,0.0,79180.13191816,3,-0.011438120573633477,0.002130058059732317,0.0,0.0,0.0021323282449904964,0.0,0.00213232824498161,-0.001931613755437822,2,2,price=observed;tvl=observed;lp_amount=none,False
2024-06-15T05:00:00+00:00,9.37668030721621e-06,9.37668030721621e-06,9.328231854779436e-06,9.356924690836015e-06,9.338333094160384e-06,WETH,pool_swap_ratio,3,337,37281416.348087855,,20095241,147773.10383072,,3,3,0.0,0.0,0.0,0.0,,0,0,,,,108413.8679449,39359.23588582,69054.63205908,3,-0.004245159325451784,0.0018539709928321688,0.0,0.0,0.0018556906596265714,0.0,0.003971075659169156,0.0019908902893233105,2,2,price=observed;tvl=observed;lp_amount=none,False
2024-06-15T06:00:00+00:00,9.393814925946226e-06,9.393814925946226e-06,9.393814925946226e-06,9.393814925946226e-06,9.393814925946226e-06,WETH,pool_swap_ratio,1,1753,37285566.348087855,,20095420,4150.0,,1,1,0.0,0.0,0.0,0.0,,0,0,,,,4150.0,0.0,4150.0,1,0.0039348082753957285,0.00011130931825938021,0.0,0.0,0.00011131551337139184,0.0,0.00011131551337139184,0.0,2,2,price=observed;tvl=observed;lp_amount=none,False
2024-06-15T07:00:00+00:00,9.390528368329383e-06,9.410161377262322e-06,9.3489169793405e-06,9.410161377262322e-06,9.389322370269825e-06,WETH,pool_swap_ratio,5,301,37239972.57029665,,20095835,67074.18306132,,5,3,43373.21401817,42878.42358538,494.79043279000325,86251.63760355,0.9942634082489624,1,1,,,1.0,54113.41665323,99707.19444443,-45593.7777912,7,0.0017386168935941547,-0.0012235747407200015,1.3270294144677192e-05,0.0023132714895176404,-0.0012228264783629395,0.0011500005976864817,0.0017989315874977938,0.0022194367357628586,2,2,price=observed;tvl=observed;lp_amount=quantified,False
2024-06-15T08:00:00+00:00,9.35666523903917e-06,9.411086759111753e-06,9.34201136751122e-06,9.411086759111753e-06,9.365210248448506e-06,WETH,pool_swap_ratio,3,2329,37245005.01975266,,20095964,7845.90747535,,3,2,0.0,0.0,0.0,0.0,,0,0,,,,6439.17846568,1406.72900967,5032.44945601,3,9.833373891809228e-05,0.00013512656179781878,0.0,0.0,0.00013513569180295215,0.0,0.00021068510350107114,0.004898609795850106,2,2,price=observed;tvl=observed;lp_amount=none,False
2024-06-15T09:00:00+00:00,9.346393148980385e-06,9.410829376190863e-06,9.346393148980385e-06,9.410829376190863e-06,9.351726996475224e-06,WETH,pool_swap_ratio,2,529,37263200.06789776,,20096411,21804.9518549,,2,2,0.0,0.0,0.0,0.0,,0,0,,,,20000.0,1804.9518549,18195.0481451,2,-2.7349279324751946e-05,0.0004884038874747544,0.0,0.0,0.000488523176072882,0.0,0.0005854463395383052,0.006319942801785716,2,2,price=observed;tvl=observed;lp_amount=none,False
2024-06-15T10:00:00+00:00,9.331882878042954e-06,9.385836501761975e-06,9.038748085310836e-06,9.258234141795474e-06,9.280536060562273e-06,WETH,pool_swap_ratio,9,385,37279399.31901143,,20096722,105293.69163197,,9,3,0.0,0.0,0.0,0.0,,0,0,,,,60746.47137282,44547.22025915,16199.251113669998,8,-0.016347754416765222,0.00043463070786137437,0.0,0.0,0.00043472517347284005,0.0,0.0028256749672629566,-0.0024030851904742745,2,2,price=observed;tvl=observed;lp_amount=none,False
2024-06-15T11:00:00+00:00,9.168532799620162e-06,9.32421688607861e-06,9.168532799620162e-06,9.317311406561733e-06,9.251357608831273e-06,WETH,pool_swap_ratio,7,73,37291649.03851143,,20097046,29656.46881074,,7,4,0.0,0.0,0.0,0.0,,0,0,,,,20953.09415537,8703.37465537,12249.7195,6,0.006360778346855891,0.0003285382163720436,0.0,0.0,0.0003285921909625028,0.0,0.0007955189555754469,0.007129093968597733,2,2,price=observed;tvl=observed;lp_amount=none,False
2024-06-15T12:00:00+00:00,9.389931214896846e-06,9.389931214896846e-06,9.333224924779807e-06,9.333224924779807e-06,9.384620253620875e-06,WETH,pool_swap_ratio,3,1285,37255685.765762165,,20097244,41910.35140847,,3,3,0.0,0.0,0.0,0.0,,0,0,,,,2973.5393296,38936.81207887,-35963.27274927001,3,0.0017064948478909454,-0.0009648440318788659,0.0,0.0,-0.0009643787195393371,0.0,0.001123853529920031,-0.005476548592495023,2,2,price=observed;tvl=observed;lp_amount=none,False
2024-06-15T13:00:00+00:00,9.409568379170699e-06,9.409568379170699e-06,9.315872292415553e-06,9.315872292415553e-06,9.346898713331204e-06,WETH,pool_swap_ratio,6,685,37311294.85887812,,20097591,95406.6742332,,6,4,0.0,0.0,0.0,0.0,,0,0,,,,75507.88367457999,19898.79055862,55609.09311595999,6,-0.0018609627232998671,0.001491520857067919,0.0,0.0,0.001492633727522593,0.0,0.0025608621146595125,-0.0033194348058354084,2,2,price=observed;tvl=observed;lp_amount=none,False
2024-06-15T14:00:00+00:00,9.295992750721353e-06,9.370614663485656e-06,9.27437960960263e-06,9.370614663485656e-06,9.318065461017569e-06,WETH,pool_swap_ratio,7,793,37286144.52513491,,20097880,134677.27038213,,7,4,0.0,0.0,0.0,0.0,,0,0,,,,54763.46831946,79913.80206267,-25150.33374321,7,0.005859049675949295,-0.0006742948525798577,0.0,0.0,-0.000674067566894574,0.0,0.00360955766588958,0.00563949702735278,2,2,price=observed;tvl=observed;lp_amount=none,False
2024-06-15T15:00:00+00:00,9.323536786322594e-06,9.323536786322594e-06,9.309837004925493e-06,9.309837004925493e-06,9.312945506573704e-06,WETH,pool_swap_ratio,2,2005,37287428.3141355,,20098078,1283.78900059,,2,1,0.0,0.0,0.0,0.0,,0,0,,,,1283.78900059,0.0,1283.78900059,2,-0.006507109581205935,3.443013260145605e-05,0.0,0.0,3.44307253254513e-05,0.0,3.44307253254513e-05,-0.00033378286665763923,2,2,price=observed;tvl=observed;lp_amount=none,False
2024-06-15T16:00:00+00:00,9.402076314950816e-06,9.406672071709529e-06,9.346490250302597e-06,9.346490250302597e-06,9.385965776995727e-06,WETH,pool_swap_ratio,5,1225,37259195.51284914,,20098443,98642.83693482,,5,3,0.0,0.0,0.0,0.0,,0,0,,,,35205.01782423,63437.81911059,-28232.801286359994,5,0.00392931492192286,-0.0007574535555556497,0.0,0.0,-0.0007571667600271877,0.0,0.0026454717151256297,-0.004205803391046037,2,2,price=observed;tvl=observed;lp_amount=none,False
2024-06-15T17:00:00+00:00,9.397582870915536e-06,9.4304850682803e-06,9.328522357289221e-06,9.4304850682803e-06,9.385640122802467e-06,WETH,pool_swap_ratio,8,301,37224030.40872266,,20098817,83386.77705378,,8,5,0.0,0.0,0.0,0.0,,0,0,,,,24110.836463649997,59275.940590130005,-35165.10412648001,8,0.008946635633619464,-0.0009442423123899221,0.0,0.0,-0.0009437966558980866,0.0,0.002238018720104233,0.00477803803374921,2,2,price=observed;tvl=observed;lp_amount=none,False
2024-06-15T18:00:00+00:00,9.325932973019097e-06,9.356398906668114e-06,9.283477362616133e-06,9.33623224623945e-06,9.336937768895062e-06,WETH,pool_swap_ratio,9,253,37308488.88719939,,20099120,85647.60913535,,9,4,0.0,0.0,0.0,0.0,,0,0,,,,85053.04380604,594.56532931,84458.47847673,9,-0.010044763071510357,0.0022663534099025746,0.0,0.0,0.0022689235300253504,0.0,0.002300868771998432,-7.55625316430919e-05,2,2,price=observed;tvl=observed;lp_amount=none,False
2024-06-15T19:00:00+00:00,9.281280363084755e-06,9.285301272602135e-06,9.246505876248917e-06,9.261514802419726e-06,9.279173721666339e-06,WETH,pool_swap_ratio,7,253,37358892.119170204,,20099419,50403.23197081,,7,3,0.0,0.0,0.0,0.0,,0,0,,,,50403.23197080999,0.0,50403.23197080999,7,-0.008035150239037812,0.001350073859490245,0.0,0.0,0.0013509856194712682,0.0,0.0013509856194712684,-0.0019030702276194855,2,2,price=observed;tvl=observed;lp_amount=none,False
2024-06-15T20:00:00+00:00,9.237814553948795e-06,9.259576875285092e-06,9.198159941301262e-06,9.251183377966763e-06,9.22742224994099e-06,WETH,pool_swap_ratio,10,565,37431641.96575651,,20099691,83744.14346385,,10,7,0.0,0.0,0.0,0.0,,0,0,,,,78246.99502508,5497.14843877,72749.84658631,10,-0.001116144759110883,0.001945429870801085,0.0,0.0,0.001947323447233046,0.0,0.002241612069135151,0.0025750558912511767,2,2,price=observed;tvl=observed;lp_amount=none,False
2024-06-15T21:00:00+00:00,9.194913915751888e-06,9.241775398066381e-06,9.189464852712863e-06,9.241775398066381e-06,9.192496059218733e-06,WETH,pool_swap_ratio,3,1597,37443959.1295532,,20099899,12682.83620331,,3,2,0.0,0.0,0.0,0.0,,0,0,,,,12500.0,182.83620331,12317.16379669,3,-0.0010174662503653273,0.00032900340638637255,0.0,0.0,0.0003290575339430228,0.0,0.0003388266059745016,0.005360822406687671,2,2,price=observed;tvl=observed;lp_amount=none,False
2024-06-15T22:00:00+00:00,9.255223631985033e-06,9.255223631985033e-06,9.169663236864019e-06,9.203477583444471e-06,9.19674108000495e-06,WETH,pool_swap_ratio,4,2773,37473968.28340228,,20100099,147002.85603326,,4,3,0.0,0.0,0.0,0.0,,0,0,,,,88506.00494117,58496.85109209,30009.15384908,4,-0.004152599012276349,0.0008011208128767587,0.0,0.0,0.0008014417958648724,0.0,0.0039259431815060345,0.0007324881043098141,2,2,price=observed;tvl=observed;lp_amount=none,False
2024-06-15T23:00:00+00:00,9.218315612913461e-06,9.218315612913461e-06,8.942085111956528e-06,9.195119930694056e-06,9.069733787888322e-06,WETH,pool_swap_ratio,5,613,37464323.71551533,,20100577,587952.84144818,,5,4,36847.08498206,91037.0410652,-54189.95608314,127884.12604726,0.5762573686188861,1,1,,,1.0,353177.72932694,362822.29721388995,-9644.567886949924,7,-0.0009085098273227899,-0.0002574002604793236,-0.0014460693266675326,0.0034126123254446363,-0.0002573671358744687,0.0024293408260560845,0.01568963385467218,0.01382467729903758,2,2,price=observed;tvl=observed;lp_amount=quantified,False
2024-06-16T00:00:00+00:00,9.1658070544707e-06,9.234205882532087e-06,9.1658070544707e-06,9.177971298067143e-06,9.200856162469307e-06,WETH,pool_swap_ratio,4,841,37477063.10204502,,20100855,90306.38545433,,4,3,0.0,0.0,0.0,0.0,,0,0,,,,51522.88599201,38783.49946232,12739.386529690004,4,-0.0018667122906096357,0.000339982676952954,0.0,0.0,0.00034004047761348387,0.0,0.002410463515638769,-0.0024872537944361506,2,2,price=observed;tvl=observed;lp_amount=none,False
2024-06-16T01:00:00+00:00,9.140006037264386e-06,9.18278911133727e-06,9.105167297359136e-06,9.13993910139264e-06,9.144246038364183e-06,WETH,pool_swap_ratio,5,1957,37501865.95625414,,20101062,141950.62355054,,5,2,0.0,0.0,0.0,0.0,,0,0,,,,83376.73887983,58573.88467071,24802.854209119992,5,-0.004152466137690881,0.0006615953421936864,0.0,0.0,0.0006618142446644003,0.0,0.0037876666899972255,-0.0004709996814907802,2,2,price=observed;tvl=observed;lp_amount=none,False
2024-06-16T02:00:00+00:00,9.136242839442489e-06,9.207018162175142e-06,9.131881496529346e-06,9.137086632384977e-06,9.172493527368054e-06,WETH,pool_swap_ratio,6,289,37519252.85596344,,20101497,117636.89970929999,,6,6,0.0,0.0,0.0,0.0,,0,0,,,,67511.8997093,50125.0,17386.899709300007,6,-0.000312137113813877,0.0004635201472832457,0.0,0.0,0.0004636275893466686,0.0,0.0031368279073506165,-0.003860116649571088,2,2,price=observed;tvl=observed;lp_amount=none,False
2024-06-16T03:00:00+00:00,9.10116173496847e-06,9.11272669048676e-06,9.064663253072769e-06,9.064663253072769e-06,9.09317831705913e-06,WETH,pool_swap_ratio,4,1309,37596916.340374105,,20101711,77663.48441067,,4,3,0.0,0.0,0.0,0.0,,0,0,,,,77663.48441067,0.0,77663.48441067,4,-0.007957889979804598,0.0020678240894070406,0.0,0.0,0.002069963512035286,0.0,0.002069963512035286,-0.0031358742776290693,2,2,price=observed;tvl=observed;lp_amount=none,False
2024-06-16T04:00:00+00:00,9.120427557638212e-06,9.14306569686405e-06,9.055426774249115e-06,9.107092235116862e-06,9.083925501169135e-06,WETH,pool_swap_ratio,6,1477,37605396.37496698,,20101996,41918.78176713,,6,5,0.0,0.0,0.0,0.0,,0,0,,,,25199.40818,16719.373587129998,8480.03459287,6,0.004669780987884587,0.00022552590000559207,0.0,0.0,0.00022555133288321223,0.0,0.0011149526569580598,0.002550299861524108,2,2,price=observed;tvl=observed;lp_amount=none,False
2024-06-16T05:00:00+00:00,9.046829422490778e-06,9.15411199136509e-06,9.046829422490778e-06,9.15411199136509e-06,9.119079681287778e-06,WETH,pool_swap_ratio,5,373,37534608.77647587,,20102387,115025.73760073,,5,3,0.0,0.0,0.0,0.0,,0,0,,,,22119.069554809997,92906.66804592,-70787.59849111,5,0.005149699831004351,-0.0018841526371990935,0.0,0.0,-0.001882378735894182,0.0,0.0030587561544039438,0.0038416497389752724,2,2,price=observed;tvl=observed;lp_amount=none,False
2024-06-16T06:00:00+00:00,9.17305830890565e-06,9.173357563388993e-06,9.07887337245069e-06,9.173357563388993e-06,9.1521920355521e-06,WETH,pool_swap_ratio,6,409,37512786.51183434,,20102683,68440.48073963,,6,4,0.0,0.0,0.0,0.0,,0,0,,,,23309.10804905,45131.37269058,-21822.26464153,6,0.002100189449550413,-0.0005815595643990275,0.0,0.0,-0.0005813904914124669,0.0,0.0018233966723138946,0.0023126184147659323,2,2,price=observed;tvl=observed;lp_amount=none,False
2024-06-16T07:00:00+00:00,9.2039942340379e-06,9.2039942340379e-06,9.153222418399772e-06,9.153222418399772e-06,9.190390141089767e-06,WETH,pool_swap_ratio,3,121,37492287.2760854,,20103006,49834.76697746,,3,3,0.0,0.0,0.0,0.0,,0,0,,,,14667.765614259999,35167.0013632,-20499.23574894,3,-0.0021973715893538466,-0.0005466093218520743,0.0,0.0,-0.0005464599581924687,0.0,0.0013284741447223173,-0.004044194220201747,2,2,price=observed;tvl=observed;lp_amount=none,False
2024-06-16T08:00:00+00:00,9.209717365350305e-06,9.226942981690118e-06,9.209717365350305e-06,9.226942981690118e-06,9.223793583465792e-06,WETH,pool_swap_ratio,2,2293,37452952.67621979,,20103125,39334.59986561,,2,2,0.0,0.0,0.0,0.0,,0,0,,,,0.0,39334.59986561,-39334.59986561,2,0.008021794908453688,-0.0010496891731180452,0.0,0.0,-0.0010491384421536672,0.0,0.0010491384421536672,0.0003414428343204712,2,2,price=observed;tvl=observed;lp_amount=none,False
2024-06-16T09:00:00+00:00,9.183155623760765e-06,9.246059938641235e-06,9.04396209677646e-06,9.200700333504695e-06,9.171939911614733e-06,WETH,pool_swap_ratio,7,961,37438474.19526591,,20103534,92284.97015608,,7,4,0.0,0.0,0.0,0.0,,0,0,,,,38903.24471646,53381.72567034,-14478.480953879996,6,-0.0028481847056540514,-0.00038665256462809886,0.0,0.0,-0.00038657782415838464,0.0,0.0024640238902892964,0.0031356967192448515,2,2,price=observed;tvl=observed;lp_amount=none,False
2024-06-16T10:00:00+00:00,9.27253795304828e-06,9.30112876884649e-06,8.960556492297871e-06,9.30112876884649e-06,9.225360888330305e-06,WETH,pool_swap_ratio,7,661,37361765.144934654,,20103859,124506.89821166999,,7,3,0.0,0.0,0.0,0.0,,0,0,,,,23898.92394021,100607.97427146,-76709.05033125001,6,0.010856161423548212,-0.0020510382827450637,0.0,0.0,-0.002048936341026148,0.0,0.0033256402908485483,0.008212999082998218,2,2,price=observed;tvl=observed;lp_amount=none,False
2024-06-16T11:00:00+00:00,9.257367376201215e-06,9.257367376201215e-06,9.257367376201215e-06,9.257367376201215e-06,9.257367376201215e-06,WETH,pool_swap_ratio,1,709,37371172.019934654,,20104154,9406.875,,1,1,0.0,0.0,0.0,0.0,,0,0,,,,9406.875,0.0,9406.875,1,-0.004716058177565608,0.0002517464295276083,0.0,0.0,0.0002517781203192254,0.0,0.0002517781203192254,0.0,2,2,price=observed;tvl=observed;lp_amount=none,False
2024-06-16T12:00:00+00:00,9.24990036145953e-06,9.296551623794755e-06,9.240014577427439e-06,9.296551623794755e-06,9.249782739412736e-06,WETH,pool_swap_ratio,4,73,37388884.07202623,,20104506,27258.554709789998,,4,4,0.0,0.0,0.0,0.0,,0,0,,,,22485.30340068,4773.25130911,17712.05209157,4,0.00422383064730206,0.00047383732299992115,0.0,0.0,0.00047394960163737917,0.0,0.0007294005843661968,0.0050562143673646975,2,2,price=observed;tvl=observed;lp_amount=none,False
2024-06-16T13:00:00+00:00,9.290051896012689e-06,9.290051896012689e-06,9.228785786195717e-06,9.228785786195717e-06,9.238141980179626e-06,WETH,pool_swap_ratio,3,721,37419813.32242939,,20104752,19397.25670106,,3,1,15800.0,0.0,15800.0,15800.0,0.0,1,0,,,,33063.25355211,2134.00314895,30929.25040316,4,-0.007316049188253852,0.000826889205205197,0.0004225854927780877,0.0004225854927780877,0.0008272311723339391,0.0,0.0005187974228835762,-0.0010127787604892191,2,2,price=observed;tvl=observed;lp_amount=quantified,False
2024-06-16T14:00:00+00:00,9.324078791872565e-06,9.324078791872565e-06,9.209286366649426e-06,9.209286366649426e-06,9.235522084993202e-06,WETH,pool_swap_ratio,4,145,37438509.34266356,,20105098,26427.23013527,,4,2,0.0,0.0,0.0,0.0,,0,0,,,,22561.62518472,3865.60495055,18696.02023417,4,-0.002115126424746562,0.0004995041287937988,0.0,0.0,0.0004996289017552,0.0,0.000706236290051975,-0.002840740144664511,2,2,price=observed;tvl=observed;lp_amount=none,False
2024-06-16T15:00:00+00:00,9.201401688523512e-06,9.242131357919658e-06,8.989157721292723e-06,9.190171520675469e-06,9.117829236234608e-06,WETH,pool_swap_ratio,11,781,37476305.45491095,,20105342,782254.86839575,,11,8,58941.87897772,141362.448588,-82420.56961028,200304.32756572,0.588523270505787,1,1,,,1.0,510301.65696743,472505.54472004005,37796.112247389974,13,-0.0020777626131959354,0.0010090424852926526,-0.002201491754276566,0.005350221765839927,0.0010095517399331632,0.003775856760058246,0.020894391420235338,0.007934156537322545,2,2,price=observed;tvl=observed;lp_amount=quantified,False
2024-06-16T16:00:00+00:00,9.195831352113997e-06,9.267294686341485e-06,9.195831352113997e-06,9.224292532022157e-06,9.238731584131913e-06,WETH,pool_swap_ratio,3,541,37476463.17635422,,20105661,5859.861807109999,,3,2,0.0,0.0,0.0,0.0,,0,0,,,,3008.7916251899996,2851.07018192,157.72144326999978,3,0.0037058966581479196,4.208555498364463e-06,0.0,0.0,4.208564354342771e-06,0.0,0.0001563617794224728,-0.001562882521076392,2,2,price=observed;tvl=observed;lp_amount=none,False
2024-06-16T17:00:00+00:00,9.16176672297035e-06,9.224568715268013e-06,9.1515288204806e-06,9.157055686778355e-06,9.184265400400332e-06,WETH,pool_swap_ratio,9,121,37514876.39507588,,20105991,126540.85020586,,9,6,0.0,0.0,0.0,0.0,,0,0,,,,82477.03446376,44063.8157421,38413.21872166001,9,-0.007315801248616225,0.0010244708869282407,0.0,0.0,0.0010249958364773556,0.0,0.0033765419540897593,-0.002962644526887326,2,2,price=observed;tvl=observed;lp_amount=none,False
2024-06-16T18:00:00+00:00,9.135522937614308e-06,9.213442519107535e-06,9.135522937614308e-06,9.142527076867435e-06,9.167203201406577e-06,WETH,pool_swap_ratio,6,97,37518661.211364925,,20106293,70080.42331671,,6,4,0.0,0.0,0.0,0.0,,0,0,,,,36932.61980288,33147.80351383,3784.8162890500025,6,-0.001587862756343772,0.00010088332265790327,0.0,0.0,0.00010088841155149826,0.0,0.0018680702177632286,-0.0026917833058784923,2,2,price=observed;tvl=observed;lp_amount=none,False
2024-06-16T19:00:00+00:00,9.204527952658696e-06,9.204527952658696e-06,9.139288638256439e-06,9.139288638256439e-06,9.170249775092104e-06,WETH,pool_swap_ratio,3,169,37527173.886842676,,20106586,51187.32452225,,3,3,0.0,0.0,0.0,0.0,,0,0,,,,29850.0,21337.32452225,8512.67547775,3,-0.00035427976031827767,0.00022686603468718508,0.0,0.0,0.00022689177073225073,0.0,0.0013643163926847328,-0.003376258836456203,2,2,price=observed;tvl=observed;lp_amount=none,False
2024-06-16T20:00:00+00:00,9.115998529970917e-06,9.171871338249528e-06,9.033554299282633e-06,9.033554299282633e-06,9.131947027480637e-06,WETH,pool_swap_ratio,9,1657,37559069.79146865,,20106760,248162.32344217,,9,5,0.0,0.0,0.0,0.0,,1,0,,,,140029.11403407002,108133.2094081,31895.904625970026,9,-0.011636652831185292,0.0008495805618171531,0.0,0.0,0.0008499415576069527,0.0,0.006612870028275102,-0.010774561865275034,2,2,price=observed;tvl=observed;lp_amount=quantified,False
2024-06-16T21:00:00+00:00,9.00026615833886e-06,9.112696284298317e-06,9.00026615833886e-06,9.104503358663727e-06,9.106623188612175e-06,WETH,pool_swap_ratio,6,421,37578844.11044025,,20107159,20265.18184908,,6,5,0.0,0.0,0.0,0.0,,0,0,,,,20019.75041034,245.43143874,19774.318971599998,6,0.007823265597620163,0.0005263473099330613,0.0,0.0,0.0005264858549849291,0.0,0.0005395549453592466,-0.000232778924145971,2,2,price=observed;tvl=observed;lp_amount=none,False
2024-06-16T22:00:00+00:00,9.075573863688494e-06,9.151536243099835e-06,9.075573863688494e-06,9.081098294728051e-06,9.103311348199191e-06,WETH,pool_swap_ratio,7,457,37619422.626381375,,20107452,259723.19833661002,,7,6,0.0,0.0,0.0,0.0,,0,0,,,,150150.85713887002,109572.34119774,40578.51594113003,7,-0.002574022823601496,0.0010792408293619146,0.0,0.0,0.0010798234193120486,0.0,0.006911420627343168,-0.0024401069700350497,2,2,price=observed;tvl=observed;lp_amount=none,False
2024-06-16T23:00:00+00:00,9.146849807677448e-06,9.146849807677448e-06,8.875240190705718e-06,9.092183021687661e-06,9.067081670355774e-06,WETH,pool_swap_ratio,7,1657,37604576.94565975,,20107651,93259.70442243,,7,4,0.0,0.0,0.0,0.0,,0,0,,,,39207.01204935,54052.69277098,-14845.68072163,6,0.001219892890144316,-0.000394705971467118,0.0,0.0,-0.0003946280853130151,0.0,0.002479030721673803,0.0027684046801910167,2,2,price=observed;tvl=observed;lp_amount=none,False
2024-06-17T00:00:00+00:00,9.15514447454839e-06,9.15514447454839e-06,9.111799233610534e-06,9.111799233610534e-06,9.153591217429707e-06,WETH,pool_swap_ratio,2,529,37563008.71026602,,20108045,44777.39049533,,2,2,0.0,0.0,0.0,0.0,,0,0,,,,1604.5775508,43172.81294453,-41568.23539373,2,0.0021551569585586392,-0.0011060150267813023,0.0,0.0,-0.0011054036175914945,0.0,0.0011907430991720844,-0.004565637991305049,2,2,price=observed;tvl=observed;lp_amount=none,False
2024-06-17T01:00:00+00:00,9.10845679752883e-06,9.10845679752883e-06,9.040101646215506e-06,9.040101646215506e-06,9.07472681672989e-06,WETH,pool_swap_ratio,5,289,37696160.30425253,,20108365,133151.59398651,,5,4,0.0,0.0,0.0,0.0,,0,0,,,,133151.59398651,0.0,133151.59398651,5,-0.007899774325037611,0.0035384853343793845,0.0,0.0,0.0035447531643044215,0.0,0.0035447531643044215,-0.00381556064591948,2,2,price=observed;tvl=observed;lp_amount=none,False
2024-06-17T02:00:00+00:00,9.091716143588798e-06,9.091716143588798e-06,8.960278354381429e-06,8.960278354381429e-06,9.007242912668963e-06,WETH,pool_swap_ratio,9,1921,37842902.59459871,,20108527,249084.25171950003,,9,3,0.0,0.0,0.0,0.0,,0,0,,,,197913.27103283998,51170.980686660005,146742.29034617997,9,-0.008869125549755665,0.0038852077137951275,0.0,0.0,0.003892764917216937,0.0,0.006607682313240818,-0.005214088122512783,2,2,price=observed;tvl=observed;lp_amount=none,False
2024-06-17T03:00:00+00:00,9.030116534646797e-06,9.038116567912905e-06,8.94995961450732e-06,8.94995961450732e-06,8.995391827068178e-06,WETH,pool_swap_ratio,8,289,37870837.79594868,,20108959,195065.05627107,,8,4,483567.78331641,483567.78331641,0.0,967135.56663282,1.0,1,1,,,1.0,595067.91212693,567132.71077696,27935.201349969953,10,-0.0011522729104710761,0.0007379163273000673,0.0,0.025556590544691952,0.0007381886545340505,0.012778295272345976,0.005154600807468492,-0.005050609627047953,2,2,price=observed;tvl=observed;lp_amount=quantified,False
2024-06-17T04:00:00+00:00,8.919007397534823e-06,8.997393179346247e-06,8.76469900683175e-06,8.997393179346247e-06,8.940015193500604e-06,WETH,pool_swap_ratio,9,1669,37850120.83486379,,20109143,207747.19738867,,9,6,0.0,0.0,0.0,0.0,,0,0,,,,93515.11815189,114232.07923677999,-20716.96108488999,9,0.0052858687101624575,-0.000547192269522546,0.0,0.0,-0.0005470425871356413,0.0,0.005485677357021509,0.006418108314553805,2,2,price=observed;tvl=observed;lp_amount=none,False
2024-06-17T05:00:00+00:00,9.004994361192506e-06,9.031576127584115e-06,8.86828197259482e-06,8.901912144327978e-06,8.925412057319736e-06,WETH,pool_swap_ratio,11,13,38003584.33390353,,20109579,326181.55395128997,,11,6,0.0,0.0,0.0,0.0,,0,1,,,1.0,240233.41263469,86769.91359494999,153463.49903974,12,-0.010668787302256903,0.004046307509470727,0.0,0.0,0.004054504864311677,0.0,0.008617714996852632,-0.0026329219133905957,2,2,price=observed;tvl=observed;lp_amount=quantified,False
2024-06-17T06:00:00+00:00,8.92122753185524e-06,8.92122753185524e-06,8.840214789788156e-06,8.87255782453116e-06,8.847701677894443e-06,WETH,pool_swap_ratio,3,3061,38073170.453637354,,20109623,71547.22276004,,3,3,0.0,0.0,0.0,0.0,,0,0,,,,70566.67124693,980.55151311,69586.11973382,3,-0.0033029785456777554,0.001829366653045789,0.0,0.0,0.001831040965042375,0.0,0.0018826440719753824,0.002809333716440765,2,2,price=observed;tvl=observed;lp_amount=none,False
2024-06-17T07:00:00+00:00,8.809948807303141e-06,8.816513758169145e-06,8.720012898830798e-06,8.73960009266797e-06,8.76678985226429e-06,WETH,pool_swap_ratio,10,517,38203579.54158984,,20110132,235287.01188826998,,10,6,0.0,0.0,0.0,0.0,,0,0,,,,182848.04992038,52438.96196788999,130409.08795249001,10,-0.015098690160299822,0.0034193699921282713,0.0,0.0,0.003425222706664064,0.0,0.006179863906390061,-0.0031014499097747894,2,2,price=observed;tvl=observed;lp_amount=none,False
2024-06-17T08:00:00+00:00,8.802273001697428e-06,8.802273001697428e-06,8.690174221968605e-06,8.732409609933149e-06,8.73982600052065e-06,WETH,pool_swap_ratio,10,805,38303117.74975697,,20110405,191610.46684581,,10,7,0.0,0.0,0.0,0.0,,0,0,,,,145574.33750647,46036.12933934,99538.20816713001,10,-0.000823085983027431,0.0026020797617494398,0.0,0.0,0.002605468109572534,0.0,0.005015510827649427,-0.0008485741692177973,2,2,price=observed;tvl=observed;lp_amount=none,False
2024-06-17T09:00:00+00:00,8.670707170823148e-06,8.748605808350723e-06,8.593859800427328e-06,8.63003867482902e-06,8.650288295770068e-06,WETH,pool_swap_ratio,8,217,38468295.051724255,,20110751,241291.33752856997,,8,7,0.0,0.0,0.0,0.0,,0,0,,,,203234.31974792999,38057.017780639995,165177.30196729,8,-0.011792360124427106,0.004303100615647064,0.0,0.0,0.004312372247252328,0.0,0.006299522119974188,-0.0023409186201284182,2,2,price=observed;tvl=observed;lp_amount=none,False
2024-06-17T10:00:00+00:00,8.568154159019314e-06,8.609086441206357e-06,8.493546296214188e-06,8.609086441206357e-06,8.552123783084454e-06,WETH,pool_swap_ratio,8,469,38473470.92881418,,20111028,308714.08130582003,,8,6,0.0,0.0,0.0,0.0,,0,0,,,,156944.97919787,151769.10210795,5175.877089920017,8,-0.0024307781048409833,0.00013454011697734713,0.0,0.0,0.0001345491679046488,0.0,0.008025156323947416,0.006660644720153819,2,2,price=observed;tvl=observed;lp_amount=none,False
2024-06-17T11:00:00+00:00,8.64497953653616e-06,8.64497953653616e-06,8.549458231455615e-06,8.549458231455615e-06,8.603338367098958e-06,WETH,pool_swap_ratio,7,85,38519335.72645653,,20111357,176721.29931741,,7,6,0.0,0.0,0.0,0.0,,0,0,,,,111293.04847988,65428.25083753,45864.79764235,7,-0.006950292221659481,0.001191404887288201,0.0,0.0,0.0011921148920307106,0.0,0.004593328728889314,-0.006262700982375913,2,2,price=observed;tvl=observed;lp_amount=none,False
2024-06-17T12:00:00+00:00,8.520027442354692e-06,8.588780297105843e-06,8.520027442354692e-06,8.588780297105843e-06,8.563151272557785e-06,WETH,pool_swap_ratio,2,1861,38517492.66078776,,20111508,7243.06566877,,2,1,0.0,0.0,0.0,0.0,,0,0,,,,2700.0,4543.06566877,-1843.0656687700002,2,0.004588818691711795,-4.7848949851767397e-05,0.0,0.0,-4.7847805109061455e-05,0.0,0.00018803713854793165,0.002992943103806933,2,2,price=observed;tvl=observed;lp_amount=none,False
2024-06-17T13:00:00+00:00,8.532068144178582e-06,8.547323001199919e-06,8.486610724975049e-06,8.547323001199919e-06,8.514103621724926e-06,WETH,pool_swap_ratio,5,181,38621192.66078776,,20111947,103700.0,,5,5,0.0,0.0,0.0,0.0,,0,0,,,,103700.0,0.0,103700.0,5,-0.004838600242723375,0.0026886655388959632,0.0,0.0,0.002692283241623629,0.0,0.002692283241623629,0.0039016884161744425,2,2,price=observed;tvl=observed;lp_amount=none,False
2024-06-17T14:00:00+00:00,8.537638863611578e-06,8.59125691271369e-06,8.505909727507077e-06,8.505909727507077e-06,8.561553006791635e-06,WETH,pool_swap_ratio,5,733,38533451.24821123,,20112201,113800.86121791,,5,4,0.0,0.0,0.0,0.0,,0,0,,,,13029.72432069,100771.13689722,-87741.41257653,5,-0.004856950674763951,-0.002274430830220363,0.0,0.0,-0.002271846272256998,0.0,0.0029465910651032905,-0.006499203969235201,2,2,price=observed;tvl=observed;lp_amount=none,False
2024-06-17T15:00:00+00:00,8.451324913084121e-06,8.603144416034916e-06,8.33587366307591e-06,8.55939846891199e-06,8.475343168437907e-06,WETH,pool_swap_ratio,8,529,38532116.17212522,,20112515,962801.5736545499,,8,5,0.0,0.0,0.0,0.0,,0,0,,,,480733.24878426996,482068.32487028,-1335.0760860100272,8,0.00626873138783974,-3.464779747510902e-05,0.0,0.0,-3.464719724714519e-05,0.0,0.024986123548931902,0.009917627971349319,2,2,price=observed;tvl=observed;lp_amount=none,False
2024-06-17T16:00:00+00:00,8.526715163454638e-06,8.526715163454638e-06,8.387497187017049e-06,8.51622761072644e-06,8.456932241468803e-06,WETH,pool_swap_ratio,6,1417,38587484.389225185,,20112739,572269.95208281,,6,5,0.0,0.0,0.0,0.0,,0,0,,,,313819.08459139,258450.86749142,55368.217099969974,6,-0.005056441264927087,0.0014359054302728127,0.0,0.0,0.0014369368360833573,0.0,0.014851765460439457,0.007011451382675338,2,2,price=observed;tvl=observed;lp_amount=none,False
2024-06-17T17:00:00+00:00,8.56655187157643e-06,8.56655187157643e-06,8.43300165671555e-06,8.467275969980702e-06,8.453578866745043e-06,WETH,pool_swap_ratio,6,541,38658006.65341217,,20113107,591087.05067744,,6,4,0.0,0.0,0.0,0.0,,0,0,,,,330804.65743221,260282.39324523002,70522.26418697997,6,-0.0057646263707642805,0.00182592622115719,0.0,0.0,0.001827594239511295,0.0,0.015318102748426113,0.0016202727213607826,2,2,price=observed;tvl=observed;lp_amount=none,False
2024-06-17T18:00:00+00:00,8.512120506805714e-06,8.64931550091351e-06,8.45634841809701e-06,8.634661224400607e-06,8.561175936917407e-06,WETH,pool_swap_ratio,12,409,38447163.15382675,,20113415,788579.73949754,,12,8,0.0,0.0,0.0,0.0,,0,0,,,,288868.11995606,499711.61954148,-210843.49958541995,12,0.019575630260625126,-0.0054689983989061166,0.0,0.0,-0.005454070652833563,0.0,0.020398872258664057,0.008583550673957996,2,2,price=observed;tvl=observed;lp_amount=none,False
2024-06-17T19:00:00+00:00,8.57290272840763e-06,8.666865715582557e-06,8.57290272840763e-06,8.613729441871108e-06,8.638917732649179e-06,WETH,pool_swap_ratio,4,13,38449733.286187604,,20113746,138812.75800476997,,4,4,0.0,0.0,0.0,0.0,,0,0,,,,70691.44518281,68121.31282195999,2570.1323608500097,4,-0.0024271009637872164,6.684619226000363e-05,0.0,0.0,6.684842651633186e-05,0.0,0.003610481154341125,-0.0029156766573753545,2,2,price=observed;tvl=observed;lp_amount=none,False
2024-06-17T20:00:00+00:00,8.569671386338674e-06,8.569671386338674e-06,8.506814534049958e-06,8.506814534049958e-06,8.539569618023372e-06,WETH,pool_swap_ratio,7,829,38615781.58156638,,20113978,166048.29537878002,,7,4,0.0,0.0,0.0,0.0,,0,0,,,,166048.29537878002,0.0,166048.29537878002,7,-0.012489824835427536,0.004309282890596492,0.0,0.0,0.0043185812016654475,0.0,0.0043185812016654475,-0.0038356832297826715,2,2,price=observed;tvl=observed;lp_amount=none,False
2024-06-17T21:00:00+00:00,8.471477613430522e-06,8.807314355848705e-06,8.428639066991325e-06,8.56107486607302e-06,8.628075528842515e-06,WETH,pool_swap_ratio,16,469,38637312.41794458,,20114306,1494964.4684779698,,16,8,67223.67234773,0.0,67223.67234773,67223.67234773,0.0,1,0,,,,791859.48860195,770328.65222375,21530.83637819998,16,0.0063581985502761725,0.0005574103462008806,0.0017408341769733823,0.0017408341769733823,0.0005575657282171374,0.0,0.03871382132510315,-0.0077654237663451475,2,2,price=observed;tvl=observed;lp_amount=quantified,False
2024-06-17T22:00:00+00:00,8.568107440556287e-06,8.568107440556287e-06,8.435498831557756e-06,8.435498831557756e-06,8.467456866135147e-06,WETH,pool_swap_ratio,7,745,38800058.65687483,,20114581,169327.26349551,,7,4,0.0,0.0,0.0,0.0,,0,0,,,,166036.75121288,3290.51228263,162746.23893025,7,-0.014776898188059079,0.004203305878931991,0.0,0.0,0.004212152159285921,0.0,0.00438248037709963,-0.003774218762802928,2,2,price=observed;tvl=observed;lp_amount=none,False
2024-06-17T23:00:00+00:00,8.467526953674866e-06,8.467526953674866e-06,8.372960153734291e-06,8.408901181346523e-06,8.393504596068806e-06,WETH,pool_swap_ratio,6,361,38908397.65045266,,20114909,115055.03614140999,,6,5,0.0,0.0,0.0,0.0,,0,0,,,,111697.01485962002,3358.02128179,108338.99357783001,6,-0.0031580433017789444,0.0027883468265768653,0.0,0.0,0.0027922378812856217,0.0,0.002965331500111633,0.0018343452489355538,2,2,price=observed;tvl=observed;lp_amount=none,False
2024-06-18T00:00:00+00:00,8.343639563774997e-06,8.42853373001121e-06,8.008579984812476e-06,8.267402278089951e-06,8.221071280573108e-06,WETH,pool_swap_ratio,23,241,39071461.64921282,,20115217,739387.14650738,,23,9,0.0,0.0,0.0,0.0,,0,0,,,,451225.5726337699,288161.57387361,163063.99876015988,23,-0.01697046345053619,0.004182214174346612,0.0,0.0,0.004190971836596895,0.0,0.01900327927019575,0.005635639922783042,2,2,price=observed;tvl=observed;lp_amount=none,False
2024-06-18T01:00:00+00:00,8.319913763123992e-06,8.319913763123992e-06,7.6282560867523665e-06,7.728200740062318e-06,7.86314210267222e-06,WETH,pool_swap_ratio,14,25,39667577.0742563,,20115534,952550.8865332,,14,6,0.0,0.0,0.0,0.0,,0,0,,,,774333.1557883401,178217.73074486002,596115.4250434801,14,-0.06744427354289417,0.015141836227745615,0.0,0.0,0.015257054634798648,0.0,0.02437970954568553,-0.01716125193312268,2,2,price=observed;tvl=observed;lp_amount=none,False
2024-06-18T02:00:00+00:00,7.752557422202078e-06,7.939680691407506e-06,7.752557422202078e-06,7.887499005009655e-06,7.855141486051565e-06,WETH,pool_swap_ratio,13,121,39456084.801062934,,20115823,272849.17611777,,13,8,0.0,0.0,0.0,0.0,,0,0,,,,30678.4514622,242170.72465557003,-211492.27319337003,13,0.02040302946578134,-0.005345879395793287,0.0,0.0,-0.00533161561134586,0.0,0.0068783927893303395,0.00411927894813191,2,2,price=observed;tvl=observed;lp_amount=none,False
2024-06-18T03:00:00+00:00,7.884492132043887e-06,7.924659846710846e-06,7.710974091961175e-06,7.864729665495307e-06,7.860307816743304e-06,WETH,pool_swap_ratio,14,121,39479363.38842983,,20116117,182928.0871279,,14,5,0.0,0.0,0.0,0.0,,0,0,,,,103103.33724739999,79824.7498805,23278.587366899985,13,-0.002890937637912222,0.0005898132860627857,0.0,0.0,0.0005899872601214823,0.0,0.004636245285111816,0.0005625541461091732,2,2,price=observed;tvl=observed;lp_amount=none,False
2024-06-18T04:00:00+00:00,7.945418468262183e-06,8.25772242594276e-06,7.896502046346451e-06,7.9005169324939e-06,8.077266888815444e-06,WETH,pool_swap_ratio,12,841,39468791.320557736,,20116355,856731.2512843102,,12,6,586754.86745862,492358.78298568,94396.08447294001,1079113.6504443,0.9125244274001403,1,1,,,1.0,962636.41692826,973208.48480035,-10572.067872090032,14,0.004540027743465959,-0.0002678230536041017,0.00239102347077371,0.027333613255794153,-0.00026778719221162456,0.012471294892510223,0.021700736226546943,-0.0218823964534699,2,2,price=observed;tvl=observed;lp_amount=quantified,False
2024-06-18T05:00:00+00:00,7.959933727215095e-06,7.987224223877548e-06,7.930919558822592e-06,7.948987306430344e-06,7.966053187067761e-06,WETH,pool_swap_ratio,5,1165,39408604.801169634,,20116626,67868.19579752999,,5,3,0.0,0.0,0.0,0.0,,0,0,,,,3840.83820471,64027.35759282,-60186.51938811,5,0.006116345888275801,-0.001526078040811332,0.0,0.0,-0.0015249141758430596,0.0,0.0017195407694732248,-0.0021423257209883806,2,2,price=observed;tvl=observed;lp_amount=none,False
2024-06-18T06:00:00+00:00,7.946854603250742e-06,7.983765972314267e-06,7.94023384791397e-06,7.983765972314267e-06,7.947931297372521e-06,WETH,pool_swap_ratio,3,1993,39419870.49764975,,20116856,15735.39162446,,3,3,0.0,0.0,0.0,0.0,,0,0,,,,13500.54405229,2234.84757217,11265.696480120001,3,0.004365688781261592,0.0002858280973749101,0.0,0.0,0.0002858689501178595,0.0,0.00039928821900320053,0.0045086795042621475,2,2,price=observed;tvl=observed;lp_amount=none,False
2024-06-18T07:00:00+00:00,7.923891348556554e-06,8.072309229493994e-06,7.923891348556554e-06,8.00791533012192e-06,7.978263229616102e-06,WETH,pool_swap_ratio,7,913,39368984.019051485,,20117244,136009.41306515,,7,4,0.0,0.0,0.0,0.0,,0,0,,,,42561.467233439995,93447.94583171,-50886.47859827001,7,0.0030202423007559746,-0.001291717870145412,0.0,0.0,-0.001290883961714281,0.0,0.003450275491728442,0.003716610953089061,2,2,price=observed;tvl=observed;lp_amount=none,False
2024-06-18T08:00:00+00:00,7.973418095596318e-06,8.039367689517031e-06,7.973418095596318e-06,8.016337919764583e-06,7.985140657487547e-06,WETH,pool_swap_ratio,3,829,39380258.292285316,,20117548,18693.49639974,,3,3,0.0,0.0,0.0,0.0,,0,0,,,,14983.88481679,3709.61158295,11274.27323384,3,0.0010512303178135504,0.00028633350569368636,0.0,0.0,0.00028637450304493865,0.0,0.0004748280115812443,0.00390691455732628,2,2,price=observed;tvl=observed;lp_amount=none,False
2024-06-18T09:00:00+00:00,7.961907633121182e-06,8.022323402215491e-06,7.95339564191451e-06,7.95339564191451e-06,7.968316405639305e-06,WETH,pool_swap_ratio,4,1729,39401830.7149013,,20117844,21572.422615980002,,4,4,43373.21401816,43373.21401816,0.0,86746.42803632,1.0,1,1,,,1.0,64945.63663414,43373.21401816,21572.422615980002,6,-0.007882736869695345,0.000547647908985418,0.0,0.0022027897174385427,0.000547797895480185,0.0011013948587192714,0.000547797895480185,-0.001872511452260417,2,2,price=observed;tvl=observed;lp_amount=quantified,False
2024-06-18T10:00:00+00:00,8.120365775136073e-06,8.304386552847838e-06,7.946233131103642e-06,7.986754527499543e-06,8.10398896144068e-06,WETH,pool_swap_ratio,6,133,39414370.29996279,,20118192,54721.14155097,,6,5,0.0,0.0,0.0,0.0,,0,0,,,,33630.36330623,21090.77824474,12539.585061490001,6,0.00418552321409378,0.00031819816245459015,0.0,0.0,0.00031824879285996424,0.0,0.0013887969304501155,-0.014466262787245499,2,2,price=observed;tvl=observed;lp_amount=none,False
2024-06-18T11:00:00+00:00,7.92148581805015e-06,7.96334800025757e-06,7.839890382855711e-06,7.860202973596041e-06,7.890582112363895e-06,WETH,pool_swap_ratio,8,913,39532029.6889086,,20118425,317816.75312239,,8,5,0.0,0.0,0.0,0.0,,0,0,,,,217738.07103410002,100078.68208828999,117659.38894581003,8,-0.015972055737217546,0.0029807432910860226,0.0,0.0,0.002985190123560622,0.0,0.008063474075664481,-0.0038500503936524932,2,2,price=observed;tvl=observed;lp_amount=none,False
2024-06-18T12:00:00+00:00,7.89298788998519e-06,7.89298788998519e-06,7.722585290197715e-06,7.822081211271952e-06,7.78772490179023e-06,WETH,pool_swap_ratio,7,1,39590189.10892317,,20118797,195200.47645022997,,7,3,0.0,0.0,0.0,0.0,,0,0,,,,126679.94823239998,68520.52821783,58159.42001456999,7,-0.004861771023203971,0.0014701162675400431,0.0,0.0,0.00147119741820106,0.0,0.0049377802755469664,0.004411597727832506,2,2,price=observed;tvl=observed;lp_amount=none,False
2024-06-18T13:00:00+00:00,7.73458091908179e-06,7.769693702157655e-06,7.73458091908179e-06,7.769693702157655e-06,7.749829880819136e-06,WETH,pool_swap_ratio,2,2509,39613421.595374435,,20118887,176767.51354873,,2,2,0.0,0.0,0.0,0.0,,0,0,,,,100000.0,76767.51354873,23232.48645127,2,-0.006719915666400671,0.0005866522223163192,0.0,0.0,0.0005868243363867557,0.0,0.004464932285683088,0.0025631299840120914,2,2,price=observed;tvl=observed;lp_amount=none,False
2024-06-18T14:00:00+00:00,7.701249696641437e-06,7.781871697774718e-06,7.695044342321925e-06,7.781871697774718e-06,7.716552441739647e-06,WETH,pool_swap_ratio,4,2113,39754172.6958588,,20119217,219248.89951564002,,4,4,120000.0,0.0,120000.0,120000.0,0.0,1,0,,,,240000.0,99248.89951563999,140751.10048436,5,0.0015661443453538933,0.0035468190586968092,0.003029276320175587,0.003029276320175587,0.003553116464466053,0.0,0.005534712496060709,0.008464823705694347,2,2,price=observed;tvl=observed;lp_amount=quantified,False
2024-06-18T15:00:00+00:00,7.857136127013402e-06,7.857136127013402e-06,7.70802496599569e-06,7.70802496599569e-06,7.82129379704502e-06,WETH,pool_swap_ratio,5,13,39778795.22390228,,20119689,364216.67179656,,5,5,0.0,0.0,0.0,0.0,,0,0,,,,194419.59992002,169797.07187654,24622.528043480008,5,-0.00953489785735728,0.0006191779201543915,0.0,0.0,0.0006193696503724486,0.0,0.009161721829379197,-0.014482109224962847,2,2,price=observed;tvl=observed;lp_amount=none,False
2024-06-18T16:00:00+00:00,7.695186335815996e-06,7.695186335815996e-06,7.585430010372917e-06,7.632006617490809e-06,7.63781196650068e-06,WETH,pool_swap_ratio,5,73,39891782.477597445,,20119982,215468.82020615,,5,4,0.0,0.0,0.0,0.0,,0,0,,,,164228.03695066,51240.78325549,112987.25369516999,5,-0.009911188301555018,0.002836362750288635,0.0,0.0,0.0028403890328804683,0.0,0.00541667536669585,-0.0007600801165743576,2,2,price=observed;tvl=observed;lp_amount=none,False
2024-06-18T17:00:00+00:00,7.68084749484937e-06,7.737827846900835e-06,7.587335909166247e-06,7.649946538074038e-06,7.666129506298698e-06,WETH,pool_swap_ratio,6,145,39869205.31964402,,20120276,89474.49162689001,,6,3,0.0,0.0,0.0,0.0,,0,0,,,,33448.66683673,56025.824790160004,-22577.157953430004,6,0.0023478581097147225,-0.0005661203347632369,0.0,0.0,-0.0005659601188818513,0.0,0.0022429303999423286,-0.0021109698461738713,2,2,price=observed;tvl=observed;lp_amount=none,False
2024-06-18T18:00:00+00:00,7.662299985954545e-06,7.710604357246511e-06,7.575994830023084e-06,7.585965484830751e-06,7.691936111282321e-06,WETH,pool_swap_ratio,5,169,39817256.23630985,,20120574,70056.42486637,,5,4,0.0,0.0,0.0,0.0,,0,0,,,,9053.6707661,61002.75410027,-51949.083334170005,5,-0.008398765921556802,-0.001303837306343751,0.0,0.0,-0.0013029876797813697,0.0,0.0017571562890382564,-0.013776846936642606,2,2,price=observed;tvl=observed;lp_amount=none,False
2024-06-18T19:00:00+00:00,7.684211132223791e-06,7.743884969620485e-06,7.270956067566469e-06,7.715152741860589e-06,7.457944384776021e-06,WETH,pool_swap_ratio,14,49,39794109.89721392,,20120882,1409259.24065607,,14,9,0.0,0.0,0.0,0.0,,0,0,,,,693056.4507800699,716202.7898759999,-23146.339095929987,14,0.016886390251396755,-0.0005814832949681513,0.0,0.0,-0.0005813142663211071,0.0,0.03539317808068726,0.034487835228378616,2,2,price=observed;tvl=observed;lp_amount=none,False
2024-06-18T20:00:00+00:00,7.705603804988391e-06,7.765185184763331e-06,7.705603804988391e-06,7.71794114511756e-06,7.73690519563256e-06,WETH,pool_swap_ratio,3,1117,39805795.793101475,,20121092,85933.70288677001,,3,2,0.0,0.0,0.0,0.0,,0,0,,,,48809.799387160005,37123.90349961,11685.895887550003,3,0.00036135376454431677,0.0002936158245455796,0.0,0.0,0.0002936589338908209,0.0,0.0021594578471219035,-0.0024511157931345062,2,2,price=observed;tvl=observed;lp_amount=none,False
2024-06-18T21:00:00+00:00,7.5358715022775755e-06,7.85007467699795e-06,7.5358715022775755e-06,7.821703290623982e-06,7.741882132166068e-06,WETH,pool_swap_ratio,9,457,39702892.696156144,,20121440,216722.74168498002,,9,6,0.0,0.0,0.0,0.0,,0,0,,,,56909.82236983,159812.91931515,-102903.09694532001,9,0.013354705518506088,-0.0025884757089214335,0.0,0.0,-0.002585128494357437,0.0,0.0054445021727850765,0.010310304018485539,2,2,price=observed;tvl=observed;lp_amount=none,False
2024-06-18T22:00:00+00:00,7.796044435729006e-06,7.796044435729006e-06,7.770880511521708e-06,7.770880511521708e-06,7.77952996537147e-06,WETH,pool_swap_ratio,2,769,39733367.696156144,,20121714,30475.0,,2,2,0.0,0.0,0.0,0.0,,0,0,,,,30475.0,0.0,30475.0,2,-0.006518863034586393,0.0007672818771830268,0.0,0.0,0.0007675763132229016,0.0,0.0007675763132229016,-0.001111822165125953,2,2,price=observed;tvl=observed;lp_amount=none,False
2024-06-18T23:00:00+00:00,7.791486990334855e-06,7.814146872871004e-06,7.506911152641875e-06,7.695675447620227e-06,7.613458532778004e-06,WETH,pool_swap_ratio,9,265,39776234.71318,,20122054,737951.5920396899,,9,6,25405.96175162,196424.58523116,-171018.62347954,221830.54698277998,0.22905737823016942,1,1,,,1.0,501581.87785788,458714.86083403,42867.01702385,11,-0.009724938998133597,0.0010782853863768851,-0.004304156264511265,0.0055829787366410465,0.0010788669450739008,0.0049435675005761555,0.01857259111995886,0.010798891789882026,2,2,price=observed;tvl=observed;lp_amount=quantified,False
2024-06-19T00:00:00+00:00,7.711555286283608e-06,7.788143840575329e-06,7.711555286283608e-06,7.788143840575329e-06,7.760759150992073e-06,WETH,pool_swap_ratio,3,301,39736283.51671621,,20122349,80989.12602233,,3,3,0.0,0.0,0.0,0.0,,0,0,,,,20518.96477927,60470.16124306,-39951.196463789995,3,0.011944015946290357,-0.0010049033967272614,0.0,0.0,-0.0010043986503969421,0.0,0.002036118466373942,0.003528609643781655,2,2,price=observed;tvl=observed;lp_amount=none,False
2024-06-19T01:00:00+00:00,7.824146233843099e-06,9.30534151937769e-06,7.578569544067782e-06,7.845036796595099e-06,8.450600824057414e-06,WETH,pool_swap_ratio,30,793,39669648.71602122,,20122606,11336703.24819923,,30,10,0.0,0.0,0.0,0.0,,0,0,,,,5635034.22375212,5701669.02444711,-66634.80069498997,28,0.007278519772456452,-0.0016783334560222902,0.0,0.0,-0.0016769258420193756,0.0,0.2852985293259778,-0.07165928672649857,2,2,price=observed;tvl=observed;lp_amount=none,False
2024-06-19T02:00:00+00:00,7.895666977568736e-06,7.908101790374338e-06,7.84405638900412e-06,7.863570343261388e-06,7.8716098304848e-06,WETH,pool_swap_ratio,7,277,39675830.47715292,,20122946,131908.82612256,,7,5,0.0,0.0,0.0,0.0,,0,0,,,,69045.29362713,62863.532495429994,6181.761131700005,7,0.0023596688237097515,0.00015581886219784706,0.0,0.0,0.00015583100258720976,0.0,0.0033251826116949337,-0.0010213269453825946,2,2,price=observed;tvl=observed;lp_amount=none,False
2024-06-19T03:00:00+00:00,7.874043955777707e-06,7.874043955777707e-06,7.819016438829162e-06,7.82386482390829e-06,7.846231977771576e-06,WETH,pool_swap_ratio,6,1189,38210975.32249994,,20123168,108030.6155701,,6,4,0.0,1477333.50564502,-1477333.50564502,1477333.50564502,0.0,0,1,,,1.0,60691.541814109994,1525546.69646709,-1464855.15465298,7,-0.005062089974169008,-0.03761941174109713,-0.037235099754137045,0.037235099754137045,-0.036920592134713034,0.037235099754137045,0.002722831866929887,-0.002850687301452659,2,2,price=observed;tvl=observed;lp_amount=quantified,False
2024-06-19T04:00:00+00:00,7.787967880700671e-06,7.88996948547237e-06,7.787967880700671e-06,7.88996948547237e-06,7.833877051198439e-06,WETH,pool_swap_ratio,9,337,38158183.32495914,,20123535,218085.20595630002,,9,4,0.0,0.0,0.0,0.0,,0,0,,,,82646.60420774999,135438.60174855002,-52791.99754080003,9,0.008413611880878878,-0.0013825477950741873,0.0,0.0,-0.0013815925161615617,0.0,0.005707397000879063,0.007160239292414161,2,2,price=observed;tvl=observed;lp_amount=none,False
2024-06-19T05:00:00+00:00,7.842502660157574e-06,7.918708375444851e-06,7.842502660157574e-06,7.918708375444851e-06,7.876884779200542e-06,WETH,pool_swap_ratio,6,253,38136456.82857037,,20123836,110123.08468237,,6,3,0.0,0.0,0.0,0.0,,0,0,,,,44198.2941468,65924.79053556999,-21726.496388769992,6,0.0036358412619214614,-0.0005695418952718612,0.0,0.0,-0.0005693797370735615,0.0,0.0028859624616966203,0.005309662057612963,2,2,price=observed;tvl=observed;lp_amount=none,False
2024-06-19T06:00:00+00:00,7.898832291444752e-06,7.969361983088831e-06,7.861166673411671e-06,7.969361983088831e-06,7.955287274560645e-06,WETH,pool_swap_ratio,4,1117,38071227.02396785,,20124061,65397.87415632,,4,2,0.0,0.0,0.0,0.0,,0,0,,,,84.0347769,65313.83937942,-65229.80460252,4,0.006376328669478063,-0.0017118961562691607,0.0,0.0,-0.0017104316978302067,0.0,0.0017148387552177217,0.0017692269358007273,2,2,price=observed;tvl=observed;lp_amount=none,False
2024-06-19T07:00:00+00:00,7.896248909892604e-06,7.972589235077017e-06,7.896248909892604e-06,7.972589235077017e-06,7.920614760093211e-06,WETH,pool_swap_ratio,6,1453,38076858.22703951,,20124332,197816.79692834002,,6,5,0.0,0.0,0.0,0.0,,0,0,,,,101724.0,96092.79692834,5631.203071659998,6,0.0004048754118121606,0.00014790137042492994,0.0,0.0,0.00014791230837174905,0.0,0.005195965887934316,0.006561924365476202,2,2,price=observed;tvl=observed;lp_amount=none,False
2024-06-19T08:00:00+00:00,7.91643745209129e-06,7.91643745209129e-06,7.91643745209129e-06,7.91643745209129e-06,7.91643745209129e-06,WETH,pool_swap_ratio,1,2269,38112641.53097466,,20124561,35783.30393515,,1,1,0.0,0.0,0.0,0.0,,0,0,,,,35783.30393515,0.0,35783.30393515,1,-0.0070680247261851225,0.0009393238354327392,0.0,0.0,0.0009397651382313683,0.0,0.0009397651382313683,0.0,2,2,price=observed;tvl=observed;lp_amount=none,False
2024-06-19T09:00:00+00:00,7.881605841923551e-06,7.911834897544587e-06,7.881605841923551e-06,7.911834897544587e-06,7.883385261282277e-06,WETH,pool_swap_ratio,2,1081,38150197.95352988,,20124958,42567.902257899994,,2,2,0.0,0.0,0.0,0.0,,0,0,,,,40062.16240656,2505.73985134,37556.42255522,2,-0.0005815612184015765,0.000984920725352294,0.0,0.0,0.000985405919049127,0.0,0.0011168971907471825,0.0036088095810864473,2,2,price=observed;tvl=observed;lp_amount=none,False
2024-06-19T10:00:00+00:00,7.932427666751418e-06,7.932427666751418e-06,7.842266492990502e-06,7.889183374326347e-06,7.876702924234111e-06,WETH,pool_swap_ratio,6,373,38171269.50834278,,20125315,90975.44573334,,6,3,0.0,0.0,0.0,0.0,,0,0,,,,56023.50027312,34951.94546022,21071.5548129,6,-0.0028670986065925017,0.0005521789884037457,0.0,0.0,0.0005523314672853575,0.0,0.002384665103026613,0.001584476425261272,2,2,price=observed;tvl=observed;lp_amount=none,False
2024-06-19T11:00:00+00:00,7.816670767577171e-06,7.903119866047237e-06,7.816670767577171e-06,7.835764074805022e-06,7.852630342978903e-06,WETH,pool_swap_ratio,5,253,38186357.25859332,,20125624,25292.571257559997,,5,4,0.0,0.0,0.0,0.0,,0,0,,,,20190.160754049997,5102.41050351,15087.750250539997,5,-0.006794236379809722,0.00039518646887619916,0.0,0.0,0.0003952645653360413,0.0,0.0006626075470723343,-0.002147849502295851,2,2,price=observed;tvl=observed;lp_amount=none,False
2024-06-19T12:00:00+00:00,7.843783483138873e-06,7.951140500329899e-06,7.833749054723873e-06,7.951140500329899e-06,7.909264353470295e-06,WETH,pool_swap_ratio,5,517,38089002.57174422,,20125900,136491.50910176,,5,4,0.0,0.0,0.0,0.0,,0,0,,,,19568.41112633,116923.09797542999,-97354.68684909999,5,0.014616985769421957,-0.0025527179401640173,0.0,0.0,-0.0025494625263631724,0.0,0.0035743526982020372,0.005294569126549797,2,2,price=observed;tvl=observed;lp_amount=none,False
2024-06-19T13:00:00+00:00,7.867965058179457e-06,7.988522132770748e-06,7.838197111126153e-06,7.838197111126153e-06,7.968335531979836e-06,WETH,pool_swap_ratio,3,25,38056884.677422404,,20126238,35549.85978692,,3,2,0.0,0.0,0.0,0.0,,0,0,,,,1715.98273255,33833.87705437,-32117.89432182,3,-0.014306529936105627,-0.0008435884691032085,0.0,0.0,-0.0008432327483851258,0.0,0.0009333365902653528,-0.016331945402071724,2,2,price=observed;tvl=observed;lp_amount=none,False
2024-06-19T14:00:00+00:00,7.927840619402433e-06,7.927840619402433e-06,7.899329153544712e-06,7.913251093567358e-06,7.925042676630904e-06,WETH,pool_swap_ratio,3,997,38113689.55580736,,20126456,66914.50324762,,3,3,0.0,0.0,0.0,0.0,,0,0,,,,61859.69081629,5054.81243133,56804.87838496,3,0.009529860300783496,0.001491517938195508,0.0,0.0,0.0014926308042933429,0.0,0.001758275902370896,-0.0014878889041590737,2,2,price=observed;tvl=observed;lp_amount=none,False
2024-06-19T15:00:00+00:00,7.907138157087781e-06,7.955011363018178e-06,7.87457506587013e-06,7.926554959432517e-06,7.877121339325614e-06,WETH,pool_swap_ratio,6,241,38164591.41287159,,20126817,54817.27264277,,6,4,0.0,0.0,0.0,0.0,,0,0,,,,52859.5648535,1957.70778927,50901.857064230004,6,0.0016798020062843298,0.0013346358615733776,0.0,0.0,0.0013355268843678273,0.0,0.0014382567859903641,0.006275594595720024,2,2,price=observed;tvl=observed;lp_amount=none,False
2024-06-19T16:00:00+00:00,7.844893952713342e-06,7.879425387544497e-06,7.819596318514596e-06,7.879425387544497e-06,7.855604245110655e-06,WETH,pool_swap_ratio,3,3253,38142456.66726332,,20126981,124238.92490896,,3,2,0.0,8854.97294383,-8854.97294383,8854.97294383,0.0,0,1,,,1.0,55808.61767039,77943.36327866,-22134.74560827001,4,-0.00596352906031948,-0.0005801494563348099,-0.00023202064049462155,0.00023202064049462155,-0.0005799812021780148,0.00023202064049462155,0.0032553453426219185,0.00303237557424918,2,2,price=observed;tvl=observed;lp_amount=quantified,False
2024-06-19T17:00:00+00:00,7.95238999959515e-06,7.992280753431834e-06,7.857096274209575e-06,7.964174536517609e-06,7.95128698180245e-06,WETH,pool_swap_ratio,8,229,38042857.65408611,,20127414,172543.37346761,,8,5,0.0,0.0,0.0,0.0,,0,0,,,,36472.1801452,136071.19332241,-99599.01317721,8,0.010698320798494176,-0.0026146527268687647,0.0,0.0,-0.002611237499620554,0.0,0.004523656537721114,0.001620813680182076,2,2,price=observed;tvl=observed;lp_amount=none,False
2024-06-19T18:00:00+00:00,7.922523163509008e-06,7.922523163509008e-06,7.888164746101773e-06,7.888164746101773e-06,7.920844281074242e-06,WETH,pool_swap_ratio,2,745,38117505.21678762,,20127671,74647.56270151,,2,2,0.0,0.0,0.0,0.0,,0,0,,,,74647.56270151,0.0,74647.56270151,2,-0.00958979890286818,0.0019602739218016036,0.0,0.0,0.001962196514790267,0.0,0.001962196514790267,-0.004125764099485174,2,2,price=observed;tvl=observed;lp_amount=none,False
2024-06-19T19:00:00+00:00,7.87048932017896e-06,7.87048932017896e-06,7.84647080235203e-06,7.84647080235203e-06,7.862425787669508e-06,WETH,pool_swap_ratio,2,2821,38170193.959974475,,20127797,52688.74318685,,2,2,0.0,0.0,0.0,0.0,,0,0,,,,52688.74318685,0.0,52688.74318685,2,-0.005299651359198849,0.001381317096546375,0.0,0.0,0.001382271554425995,0.0,0.001382271554425995,-0.0020292700685964338,2,2,price=observed;tvl=observed;lp_amount=none,False
