transaction_hash,token_id,owner_before,event_timestamp,event_utc,S_nft_pct,E_pct,R_pct,normal_30d_weth_volume_per_day,normal_30d_swaps_per_day,baseline_14d_weth_per_day,baseline_60d_weth_per_day,overlapping_candidate_events_next_24h,real_1h_complete,real_1h_return_pct,real_1h_weth_volume_x_day,real_1h_swap_count_x_day,real_6h_complete,real_6h_return_pct,real_6h_weth_volume_x_day,real_6h_swap_count_x_day,real_24h_complete,real_24h_return_pct,real_24h_weth_volume_x_day,real_24h_swap_count_x_day,real_3d_complete,real_3d_return_pct,real_3d_weth_volume_x_day,real_3d_swap_count_x_day,real_7d_complete,real_7d_return_pct,real_7d_weth_volume_x_day,real_7d_swap_count_x_day,volume_0_25x_elapsed_hours,volume_0_25x_return_pct,volume_0_25x_actual_weth,volume_0_25x_swap_count,volume_0_25x_largest_trade_share,count_0_25x_elapsed_hours,volume_1_0x_elapsed_hours,volume_1_0x_return_pct,volume_1_0x_actual_weth,volume_1_0x_swap_count,volume_1_0x_largest_trade_share,count_1_0x_elapsed_hours,volume_3_0x_elapsed_hours,volume_3_0x_return_pct,volume_3_0x_actual_weth,volume_3_0x_swap_count,volume_3_0x_largest_trade_share,count_3_0x_elapsed_hours,is_latest_30d
c2cf25d123444162e29b8d7d16be1099cfff575af715505615d9fc9689ec364c,1324966,0xC216BfA5dA000965E820845c32e6FD88DB275743,1783231283,2026-07-05 06:01:23+00:00,80.18907886335347,80.18907886335347,100.0,7.608917076180475,56.63333333333333,8.449482072146916,,23,True,,0.0,0.0,True,-0.4379631686478036,0.4018227637789027,0.45909358446144793,True,-0.3320492609168557,0.8764011254542577,1.024131842260153,True,-6.624980486136279,1.677599669686412,2.1012360211889347,True,-7.296890883605145,4.567660729150942,5.120659211300765,4.116666666666666,1.3830103815199335,2.2111620974795425,13.0,0.6141271645266112,4.126666666666667,31.946666666666665,0.05548454112906942,7.622258743921355,64.0,0.17815384584218683,23.456666666666667,124.69,-6.007703201405102,22.865602822684334,175.0,0.2576574440040973,122.78,False
4cc11f2cd0e985314f5accf82b33ebb0cf4f09161aba8a333991b512531e2960,1325152,0xC216BfA5dA000965E820845c32e6FD88DB275743,1783231763,2026-07-05 06:09:23+00:00,80.13894298128153,80.13894298128153,100.0,7.608917076180475,56.63333333333333,8.449482072146916,,22,True,,0.0,0.0,True,-0.4379631686478036,0.4018227637789027,0.45909358446144793,True,-0.3320492609168557,0.8764011254542577,1.024131842260153,True,-6.624980486136279,1.677599669686412,2.1012360211889347,True,-7.296890883605145,4.567660729150942,5.120659211300765,3.9833333333333334,1.3830103815199335,2.2111620974795425,13.0,0.6141271645266112,3.993333333333333,31.813333333333333,0.05548454112906942,7.622258743921355,64.0,0.17815384584218683,23.323333333333334,124.55666666666667,-6.007703201405102,22.865602822684334,175.0,0.2576574440040973,122.64666666666666,False
6f09aa21a042d26daa63141e3d8fee36306860911bb5aaa70c07f4bc1c7961bd,1325176,0xC216BfA5dA000965E820845c32e6FD88DB275743,1783237751,2026-07-05 07:49:11+00:00,80.11360311283087,80.11360311283087,100.0,7.553096443571974,56.36666666666667,8.449482072146916,,22,True,1.1221334391981586,0.0829387881085742,0.19515079834417504,True,-0.4379631686478036,0.4047924068965572,0.4612655233589592,True,-0.3320492609168557,0.8828781068627626,1.028976936723832,True,-6.624980486136279,1.6899978530705795,2.111176818450621,True,-5.535346822214859,4.607865464339275,5.1803666469544645,2.32,1.3830103815199335,2.2111620974795425,13.0,0.6141271645266112,2.33,30.15,0.05548454112906942,7.622258743921355,64.0,0.17815384584218683,21.66,121.44666666666667,-5.642613881513892,22.667463659142882,172.0,0.25990966027332285,120.98333333333333,False
e2b30acffc3bf3baedd6fc7639df7bd1f9d5894e2fac1a6526869f6329e35129,1325284,0xC216BfA5dA000965E820845c32e6FD88DB275743,1783239095,2026-07-05 08:11:35+00:00,76.37383435706367,76.37383435706367,100.0,7.567725725740875,56.666666666666664,8.480830533937418,,21,True,-1.6124614351035294,0.05475210627273455,0.052941176470588235,True,-1.1928530111694258,0.3460164544470097,0.3,True,-1.0877421538347254,0.8231779598983515,0.8647058823529412,True,-7.332959712150644,1.628737451025675,1.9411764705882353,True,-8.181093172092947,4.550600591844052,5.011764705882353,1.9566666666666668,1.2050766460627305,2.0717696165182673,6.0,0.6554467728491531,3.3033333333333332,35.653333333333336,-2.166768822833298,7.634278791692511,62.0,0.17787334550992642,30.11,125.69,-7.306333610988014,22.75468972926379,170.0,0.2589133426560825,125.69,False
cf1684b2ce3791577e483b4e52d4daa10568e3a19cdd1159cf092ad9136f286d,1325286,0xC216BfA5dA000965E820845c32e6FD88DB275743,1783239419,2026-07-05 08:16:59+00:00,76.36392124358869,76.36392124358869,100.0,7.567725725740875,56.666666666666664,8.480830533937418,,20,True,-1.6124614351035294,0.05475210627273455,0.052941176470588235,True,-1.1928530111694258,0.3460164544470097,0.3,True,-1.0877421538347254,0.8231779598983515,0.8647058823529412,True,-7.332959712150644,1.628737451025675,1.9411764705882353,True,-8.181093172092947,4.550600591844052,5.011764705882353,1.8666666666666667,1.2050766460627305,2.0717696165182673,6.0,0.6554467728491531,3.2133333333333334,35.56333333333333,-2.166768822833298,7.634278791692511,62.0,0.17787334550992642,30.02,125.6,-7.306333610988014,22.75468972926379,170.0,0.2589133426560825,125.6,False
7b8fa8f5f505a056a78882c26ecc33a4d346d6e78a9d3c64a547d8e081504d15,1325291,0xC216BfA5dA000965E820845c32e6FD88DB275743,1783240379,2026-07-05 08:32:59+00:00,76.38375004459654,76.38375004459654,100.0,7.567725725740875,56.666666666666664,8.480830533937418,,19,True,-1.6124614351035294,0.05475210627273455,0.052941176470588235,True,-1.1928530111694258,0.3460164544470097,0.3,True,-1.0877421538347254,0.8231779598983515,0.8647058823529412,True,-7.332959712150644,1.628737451025675,1.9411764705882353,True,-8.181093172092947,4.550600591844052,5.011764705882353,1.6,1.2050766460627305,2.0717696165182673,6.0,0.6554467728491531,2.9466666666666668,35.29666666666667,-2.166768822833298,7.634278791692511,62.0,0.17787334550992642,29.753333333333334,125.33333333333333,-7.306333610988014,22.75468972926379,170.0,0.2589133426560825,125.33333333333333,False
27185102a02f3a9eb4edaf0120cd9937b38bfae75420a102e8b4b682dc8872cf,1325294,0xC216BfA5dA000965E820845c32e6FD88DB275743,1783246103,2026-07-05 10:08:23+00:00,78.68407281211536,78.68407281211536,100.0,7.581537356513497,56.766666666666666,8.506274620839699,,18,True,0.908183674425711,0.06066564191312437,0.14092777451556077,True,0.4264853354953413,0.1116230062110988,0.22900763358778625,True,0.5333188419209156,0.5879152448868121,0.7927187316500294,True,-5.8682153691432255,1.403432467987313,1.9025249559600705,True,-5.198548064018738,4.333048248287913,5.020551967116853,6.66,3.611006259259586,2.08084606868295,18.0,0.31992064097392753,6.596666666666667,52.153333333333336,-2.7811897047762435,7.617794526498207,80.0,0.08738823366073936,33.666666666666664,147.88333333333333,-4.050914132137695,22.772248514459257,201.0,0.25871370476063926,126.94,False
b36ab6b013071bcdad24d2973b518c7164dae3be8a53e5cb81e97309a23eb673,1325349,0xC216BfA5dA000965E820845c32e6FD88DB275743,1783249259,2026-07-05 11:00:59+00:00,78.17920101351648,78.17920101351648,100.0,7.63494407438634,56.93333333333333,8.59507608185579,,17,True,-0.6206508070003336,0.061115350827099464,0.12295081967213116,True,1.2658102979078434,0.368019928537928,0.3337236533957846,True,-0.5149312420358543,0.5340759075719241,0.6850117096018736,True,-5.028968460732086,1.3448465866518473,1.8266978922716628,True,-6.187032589307062,4.253011566269489,4.900468384074942,5.796666666666667,3.586699163856144,2.09293180385661,14.0,0.31807324387466535,5.8,51.67666666666667,-4.526956791758141,7.6369966427450136,77.0,0.08716850866937764,34.13,148.0,-4.026684316390039,22.935652597160257,200.0,0.25687050996033856,129.69333333333333,False
6fdaf525fa1d6bdfd7033b47385bf179a9f7bf0591e69dbc670a9d0920ca8190,1325391,0xC216BfA5dA000965E820845c32e6FD88DB275743,1783249991,2026-07-05 11:13:11+00:00,79.39366158536336,79.39366158536336,100.0,7.640179724204147,57.03333333333333,8.606295331465379,,16,True,-0.4773630060417644,0.05056623992635245,0.08766803039158387,True,1.4118180488913668,0.35726050257204117,0.29807130333138515,True,-0.37149101178381994,0.5232026870373544,0.6487434248977206,True,-4.892036689951407,1.3334177625174355,1.788427819988311,True,-8.015070458250639,4.24677068558148,4.909409701928697,5.593333333333334,3.7360532344178354,2.0126546792197644,12.0,0.33075997334982343,5.616666666666666,54.28666666666667,-4.722082698585906,7.7278949797701975,77.0,0.08614320067803542,34.54,150.67333333333335,-5.904146699489587,22.953555073422038,200.0,0.2566701654737347,133.21,False
bc5f98928e2452ef1d2f221374e583ec921e370780fdb5575cd88cec2d04e1b1,1325413,0xC216BfA5dA000965E820845c32e6FD88DB275743,1783251143,2026-07-05 11:32:23+00:00,81.62349443573841,81.62349443573841,100.0,7.645618036945681,57.13333333333333,8.617948858768667,,15,True,-0.20372924380259727,0.029191332563311956,0.03500583430571762,True,1.213771826414889,0.36426256266215445,0.2975495915985998,True,-0.09756615846245875,0.5014915943195112,0.5950991831971996,True,-4.63054090762991,1.3111303654449835,1.7327887981330221,True,-8.197964623829012,4.22407224037145,4.883313885647608,5.276666666666666,4.48713253850237,2.017195937584534,10.0,0.3300153424155055,5.706666666666667,54.233333333333334,-4.670471036134128,7.674564660394858,75.0,0.08674180719286245,35.653333333333336,152.65666666666667,-3.6672211532779664,23.058019180040148,199.0,0.2555073240638817,134.98333333333332,False
99bf0a139a4a74490c7cd452abe1df98b041a00a147a2ac967b3afc04d3b41d9,1325422,0xC216BfA5dA000965E820845c32e6FD88DB275743,1783252259,2026-07-05 11:50:59+00:00,81.73988331795539,81.73988331795539,100.0,7.647589062497805,57.166666666666664,8.622172484951788,,15,True,,0.0,0.0,True,1.116553566622458,0.3534513432774856,0.27988338192419826,True,0.021253821399103145,0.4721785350425136,0.5597667638483965,True,-4.517112267575573,1.2816086366522947,1.6967930029154519,True,-8.08877893560095,4.193799754337439,4.845481049562682,4.983333333333333,2.572562528712208,1.9143241812633272,9.0,0.3477496730056479,5.45,54.63666666666666,-5.006954808582753,7.712145153078497,76.0,0.08631912325916136,36.79666666666667,152.45333333333335,-3.1280828428727037,22.991127189441634,199.0,0.25625071491106827,140.39666666666668,False
a2f5a9d8210b23de677d5a72d0738b1f73ffc311bae5c33179830f85e8a24924,1325436,0xC216BfA5dA000965E820845c32e6FD88DB275743,1783253771,2026-07-05 12:16:11+00:00,81.36368199965466,81.36368199965466,100.0,7.652187906903967,57.166666666666664,8.633890700109276,,14,True,,0.0,0.0,True,1.2026117439845718,0.35323892458721595,0.27988338192419826,True,-1.318953983985005,0.5819122851536462,0.6472303206997084,True,-6.333336692684332,1.2815465890593143,1.7142857142857144,True,-8.010555223607863,4.191279346739582,4.845481049562682,4.5633333333333335,2.6598598847555666,1.9143241812633272,9.0,0.3477496730056479,5.03,54.21666666666667,-4.926108220730407,7.712145153078497,76.0,0.08631912325916136,36.376666666666665,152.03333333333333,-3.045637186508199,22.991127189441634,199.0,0.25625071491106827,139.97666666666666,False
94f538f096e4b6201b2c08a3fe343ebab0a42c6b85151ff40f85d0983b312c64,1325482,0xC216BfA5dA000965E820845c32e6FD88DB275743,1783259759,2026-07-05 13:55:59+00:00,81.22874675683973,81.22874675683973,100.0,7.652187906903967,57.166666666666664,8.62264088386368,,13,True,,0.0,0.0,True,0.8617616950968854,0.378759241490114,0.3673469387755102,True,-1.318953983985005,0.5819122851536462,0.6472303206997084,True,-6.631642909455715,1.3104890726008933,1.749271137026239,True,-8.010555223607863,4.191279346739582,4.845481049562682,2.9,2.6598598847555666,1.9143241812633272,9.0,0.3477496730056479,3.3666666666666667,52.553333333333335,-4.926108220730407,7.712145153078497,76.0,0.08631912325916136,34.71333333333333,150.37,-3.045637186508199,22.991127189441634,199.0,0.25625071491106827,138.31333333333333,False
50f7977ac8058619e9059f758c104365cf7bf1447493beb43ba47e3cb83f0ae4,1325565,0xC216BfA5dA000965E820845c32e6FD88DB275743,1783265723,2026-07-05 15:35:23+00:00,81.14463927075049,81.14463927075049,100.0,7.5412802606751175,57.06666666666667,8.62264088386368,,12,True,-0.07138997105298195,0.031248728643644863,0.017523364485981307,True,0.8617616950968854,0.3843295550852929,0.36799065420560745,True,1.0700255162433558,0.6407943248314879,0.7359813084112149,True,-4.69339710762664,1.3527165410558464,1.769859813084112,True,-8.527867430804648,4.254248435723156,4.8890186915887845,1.2433333333333334,2.6598598847555666,1.9143241812633272,9.0,0.3477496730056479,1.71,50.39,-4.697473603488145,7.57880766287365,74.0,0.0878377757654707,33.056666666666665,148.60666666666665,-3.470562460131088,22.83483340127161,197.0,0.258004631580874,136.65666666666667,False
14f4e15e4dd11088b8c9e9de9b6f7f1424486d0b86203fe2e9f7acc2f509fa48,1325655,0xC216BfA5dA000965E820845c32e6FD88DB275743,1783269839,2026-07-05 16:43:59+00:00,81.02718098317023,81.02718098317023,100.0,7.511092902501252,57.0,8.422869525705753,,11,True,1.492850546489355,0.30969810255430896,0.24561403508771928,True,0.8736404149022325,0.35531044448713706,0.38596491228070173,True,1.2373496504337833,0.6186632687884739,0.7368421052631579,True,-3.2089163803847964,1.4180019909647834,1.7894736842105263,True,-8.893229964196813,4.248838533740096,4.9298245614035086,0.10333333333333333,2.40852275326473,1.903867404212651,9.0,0.3496596488747759,1.02,50.333333333333336,-5.104142040194127,7.612187240144362,76.0,0.08745260554685225,31.913333333333334,147.46333333333334,-3.401600890969503,22.599177980780098,196.0,0.26069500332783124,135.51333333333332,False
0e514c6752f2f80e849fc633986427d166ff4438b686d72999de2c18f34d0bfd,1325716,0xC216BfA5dA000965E820845c32e6FD88DB275743,1783280459,2026-07-05 19:40:59+00:00,75.0337122811891,75.0337122811891,100.0,7.536407843555673,57.2,8.527139931232677,,10,True,-2.2032981428393272,0.0205208609848413,0.05244755244755245,True,-0.277906938547523,0.021353858559190367,0.1048951048951049,True,-1.9092008458108767,0.2837969285167638,0.43706293706293703,True,-8.192547532488948,1.0921749387996382,1.5209790209790208,True,-11.472670518496885,3.9192681661582363,4.685314685314685,18.4,-2.377763137908595,1.903364897613329,21.0,0.16084568169272212,16.243333333333332,68.57333333333334,-6.845564608814813,8.093468606549175,84.0,0.08313360744196413,46.803333333333335,145.16333333333333,-2.0291996564782533,22.63694132481589,201.0,0.2602601073338089,139.12,False
bf95eb25d069c879c05701ac3e9c08cbc7e54183c03422a873efe78a1b6f90fa,1325776,0xC216BfA5dA000965E820845c32e6FD88DB275743,1783299815,2026-07-06 01:03:35+00:00,76.77331909319545,76.77331909319545,100.0,7.522218542548208,57.166666666666664,8.425942049246109,,9,True,,0.0,0.0,True,-2.6652248434719583,0.09391015420914693,0.13994169096209913,True,-5.477987188538513,0.43974248996153764,0.6297376093294461,True,-7.976423780554686,1.0917340971694784,1.469387755102041,True,-11.093945461772437,3.931630777758675,4.705539358600583,13.31,-1.7282592063491697,1.9277948961925817,18.0,0.1588073633098937,13.023333333333333,63.196666666666665,-6.585960511498746,7.932537219413515,78.0,0.08482018090429651,42.46,139.84666666666666,-3.4489522009775953,22.627967890857086,196.0,0.2603633170827592,136.96333333333334,False
2b9aa0542025f805011591f0db911add817d0cd26c316db10b147211b70474c3,1325930,0xC216BfA5dA000965E820845c32e6FD88DB275743,1783307567,2026-07-06 03:12:47+00:00,76.65384805198562,76.65384805198562,100.0,7.525970243526099,57.166666666666664,8.433296861819901,,8,True,,0.0,0.0,True,-2.71153558313445,0.06425909338953523,0.12244897959183675,True,-5.522959649004444,0.4099190315014563,0.6122448979591837,True,-6.164824592627182,1.0620229879428982,1.469387755102041,True,-12.812250329254438,3.902304627182565,4.740524781341108,16.633333333333333,-3.772848407021079,1.8883057924324729,20.0,0.16212841463153124,11.09,61.04333333333334,-6.630405811306728,7.709736540813514,77.0,0.08727136633254176,40.32333333333333,137.72666666666666,-3.8363210816495075,22.622165305003293,196.0,0.2604301002788053,136.98333333333332,False
5bac0f9c5e8cfe301af0b0c843a87a65bec519a9e7018097595e3a8a187b0fd4,1325990,0xC216BfA5dA000965E820845c32e6FD88DB275743,1783308431,2026-07-06 03:27:11+00:00,76.14034836839761,76.14034836839761,100.0,7.525970243526099,57.166666666666664,8.433296861819901,,9,True,,0.0,0.0,True,-2.71153558313445,0.06425909338953523,0.12244897959183675,True,-5.607399848175132,0.4109221986851247,0.6297376093294461,True,-6.164824592627182,1.0620229879428982,1.469387755102041,True,-12.812250329254438,3.902304627182565,4.740524781341108,16.393333333333334,-3.772848407021079,1.8883057924324729,20.0,0.16212841463153124,10.85,60.803333333333335,-6.630405811306728,7.709736540813514,77.0,0.08727136633254176,40.083333333333336,137.48666666666668,-3.8363210816495075,22.622165305003293,196.0,0.2604301002788053,136.74333333333334,False
123dd823bf90f93a59db62dfcf7e86a1f80b03ad6086491838869b1b85ce82c8,1326015,0xC216BfA5dA000965E820845c32e6FD88DB275743,1783310135,2026-07-06 03:55:35+00:00,76.19155937616802,76.19155937616802,100.0,7.521927421268303,57.1,8.42969245865274,,8,True,-2.051143338263839,0.009998957335347796,0.03502626970227671,True,-2.71153558313445,0.06429363082634781,0.12259194395796848,True,-5.607399848175132,0.4111430576908058,0.6304728546409807,True,-6.164824592627182,1.06259379512216,1.4711033274956218,True,-12.812250329254438,3.904402005037989,4.746059544658494,15.92,-3.772848407021079,1.8883057924324729,20.0,0.16212841463153124,10.376666666666667,60.33,-6.630405811306728,7.709736540813514,77.0,0.08727136633254176,39.61,137.01333333333332,-3.8363210816495075,22.622165305003293,196.0,0.2604301002788053,136.27,False
b53b6f574c7a63a129bc3fba9c1bda965163d2e95c207d2b367fcec18d3b8d38,1326017,0xC216BfA5dA000965E820845c32e6FD88DB275743,1783310879,2026-07-06 04:07:59+00:00,76.1884970220687,76.1884970220687,100.0,7.5085303595655875,57.03333333333333,8.42969245865274,,7,True,-2.305967161981748,0.033970652215868515,0.08766803039158387,True,-2.71153558313445,0.06440834644951565,0.12273524254821742,True,-5.607399848175132,0.4118766378521365,0.6312098188194039,True,-6.164824592627182,1.0644897233473203,1.472822910578609,True,-10.977270767635726,3.911728015575577,4.769140853302162,15.713333333333333,-3.772848407021079,1.8883057924324729,20.0,0.16212841463153124,10.17,60.123333333333335,-6.630405811306728,7.709736540813514,77.0,0.08727136633254176,39.403333333333336,136.80666666666667,-3.8363210816495075,22.622165305003293,196.0,0.2604301002788053,136.06333333333333,False
da5ba53808975bb5210503f19a89d8f72cab7db60924559775bafdd465cba572,1326023,0xC216BfA5dA000965E820845c32e6FD88DB275743,1783311791,2026-07-06 04:23:11+00:00,76.1435088067451,76.1435088067451,100.0,7.477893677784747,56.8,8.42969245865274,,6,True,-2.305967161981748,0.03410982884857687,0.08802816901408451,True,-2.71153558313445,0.06467222530353922,0.12323943661971831,True,-5.607399848175132,0.413564082743781,0.6338028169014085,True,-8.032790860845395,1.0697636059425328,1.4964788732394367,True,-10.377831028569773,3.9297723793633272,4.823943661971831,15.46,-3.772848407021079,1.8883057924324729,20.0,0.16212841463153124,9.916666666666666,59.87,-6.630405811306728,7.709736540813514,77.0,0.08727136633254176,39.13333333333333,136.55333333333334,-3.8363210816495075,22.622165305003293,196.0,0.2604301002788053,133.63666666666666,False
7fbf80d0c2025447f6d33406db61435532e6b391f1a927909b2c54d38dfe932e,1326053,0xC216BfA5dA000965E820845c32e6FD88DB275743,1783315127,2026-07-06 05:18:47+00:00,79.45777559665717,79.45777559665717,100.0,7.481445731532926,56.93333333333333,8.44315833838166,,5,True,-0.4151414465867753,0.030547885987497008,0.035128805620608904,True,-0.4151414465867753,0.030547885987497008,0.035128805620608904,True,-3.379359609063659,0.37927409594804024,0.544496487119438,True,-3.94928383453671,1.0362679898819727,1.440281030444965,True,-6.809335137499339,3.899752893025153,4.77751756440281,15.396666666666667,-2.1225302502332677,2.0194681927786355,19.0,0.15159833938527034,14.533333333333333,58.97666666666667,-3.7819051810550453,7.5039150616508925,73.0,0.08966509301515097,38.766666666666666,135.63,-2.008650541486756,22.617874709511792,192.0,0.2604795036921878,135.06,False
fb9f7c4e15465865e499e245062a13297b3e37b9dcbd6c5f21dc584521fb6e99,1326068,0xC216BfA5dA000965E820845c32e6FD88DB275743,1783317479,2026-07-06 05:57:59+00:00,81.40923854557904,81.40923854557904,100.0,7.486831834558799,56.96666666666667,8.453365678914865,,4,True,,0.0,0.0,True,-0.1426696442013431,0.004281648003392187,0.017554125219426564,True,-3.0259294209117216,0.37655134387765254,0.5266237565827969,True,-3.140042331426607,1.040033217356862,1.4394382679929782,True,-6.420849297569653,3.866421461573213,4.7396138092451725,15.786666666666667,0.06315983412450432,1.9879708318529568,20.0,0.15400025974287476,14.62,66.80666666666667,-5.456630406287555,7.505849765934769,76.0,0.08964198098320517,39.39,135.01,-1.9391221737274145,22.49652588037154,191.0,0.26188455987535875,134.68666666666667,False
31e50d29d65248b60e5a232343df5c99e88e7351f56f9deb22d68cca9e21e07a,1326076,0xC216BfA5dA000965E820845c32e6FD88DB275743,1783318691,2026-07-06 06:18:11+00:00,81.40923854557904,81.40923854557904,100.0,7.486831834558799,56.96666666666667,8.453365678914865,,3,True,,0.0,0.0,True,-1.4238191399857936,0.11244739694942436,0.08777062609713282,True,-3.0259294209117216,0.37655134387765254,0.5266237565827969,True,-3.140042331426607,1.040033217356862,1.4394382679929782,True,-6.420849297569653,3.866421461573213,4.7396138092451725,15.45,0.06315983412450432,1.9879708318529568,20.0,0.15400025974287476,14.283333333333333,66.47,-5.456630406287555,7.505849765934769,76.0,0.08964198098320517,39.053333333333335,134.67333333333335,-1.9391221737274145,22.49652588037154,191.0,0.26188455987535875,134.35,False
a835c8e86f93574411967a8b2f8813b10a7ed6d51fa72351755dbd9c44dcf6a4,1326077,0xC216BfA5dA000965E820845c32e6FD88DB275743,1783338371,2026-07-06 11:46:11+00:00,81.41760568369654,81.41760568369654,100.0,7.4017246598208,55.96666666666667,8.434322714105063,,3,True,-1.4238191399857936,0.11374034970041734,0.08933889219773675,True,1.0575714811418502,0.17177960083971325,0.19654556283502084,True,-3.1213520880554846,0.40917247548577873,0.5717689100655152,True,-3.020681340300857,1.057133933505487,1.5008933889219773,True,-5.673481224568199,3.9243793568213756,4.860035735556879,9.976666666666667,-1.9857333125721355,1.868817661925425,19.0,0.1638190984085589,8.736666666666666,59.36,-5.433257835033745,7.4367174256561,75.0,0.09047530025269969,32.98,129.17333333333335,-1.6001519890147753,22.38933235828328,190.0,0.2631383859343206,128.57333333333332,False
ca0730f7f445a9b37f9b96d0dfd8a25d914e25d6562d0de6828d56d2bc168e02,1326543,0xC216BfA5dA000965E820845c32e6FD88DB275743,1783394051,2026-07-07 03:14:11+00:00,75.80872565028996,75.80872565028996,100.0,7.400801780324106,55.7,8.195270223242698,,5,True,,0.0,0.0,True,-0.14921853010269048,0.05669734163879659,0.05385996409335727,True,-1.4817922050150867,0.47055736090466965,0.5565529622980251,True,0.3569153422300353,1.745124407986184,1.4183123877917414,True,-6.315628597120726,4.379531185893339,4.973070017953321,16.27,-0.11948245584825212,2.4301618419343045,19.0,0.27687013694740936,14.746666666666666,68.33,1.5160271184964103,11.507404167402228,70.0,0.5119740901770821,56.653333333333336,116.73333333333333,-1.5326543924238378,22.49957538489754,183.0,0.26184906506548045,114.03333333333333,False
14a417479eb8b63d659658ad7a1f898ab02b7ccc2a3dfe26ef29a6ba94b501a1,1326552,0xC216BfA5dA000965E820845c32e6FD88DB275743,1783394111,2026-07-07 03:15:11+00:00,75.88536372911085,75.88536372911085,100.0,7.400801780324106,55.7,8.195270223242698,,4,True,,0.0,0.0,True,-0.14921853010269048,0.05669734163879659,0.05385996409335727,True,-1.4817922050150867,0.47055736090466965,0.5565529622980251,True,0.3569153422300353,1.745124407986184,1.4183123877917414,True,-6.315628597120726,4.379531185893339,4.973070017953321,16.253333333333334,-0.11948245584825212,2.4301618419343045,19.0,0.27687013694740936,14.73,68.31333333333333,1.5160271184964103,11.507404167402228,70.0,0.5119740901770821,56.63666666666666,116.71666666666667,-1.5326543924238378,22.49957538489754,183.0,0.26184906506548045,114.01666666666667,False
ff918119ba60c1c8a47bd1c26cb56b7a2ab118b7282072187cdfa038e2b71b7f,1326561,0xC216BfA5dA000965E820845c32e6FD88DB275743,1783411895,2026-07-07 08:11:35+00:00,75.92767088262366,75.92767088262366,100.0,7.407864366721922,55.766666666666666,8.174296218671188,,6,True,,0.0,0.0,True,-0.10455576170572689,0.002007871863297005,0.03586371787208607,True,-3.34272847018412,0.414110076917276,0.5200239091452481,True,-1.7061237985055322,1.7118362155546927,1.4166168559474,True,-4.82381025396923,4.334534678091092,4.9491930663478785,11.313333333333333,-0.01916955919053498,2.0105560549942543,16.0,0.3346533116096792,10.946666666666667,63.373333333333335,1.617982604789714,11.087798380462178,67.0,0.531349198167882,51.79,111.95333333333333,-2.090117347794851,22.34642068985376,183.0,0.2636436886548328,109.48666666666666,False
f69725439faf28262a82b3dcb95d94748ef29fda0e3407c668881ef32493fb34,1326711,0xC216BfA5dA000965E820845c32e6FD88DB275743,1783431383,2026-07-07 13:36:23+00:00,77.20380896377071,77.20380896377071,100.0,7.361545472140682,54.86666666666667,8.164407670859502,,13,True,-0.3976616748036843,0.032343161807121885,0.07290400972053462,True,-2.191490270141383,0.3435116573930279,0.3645200486026731,True,-3.7258058741558964,0.4602972628844778,0.6561360874848117,True,-3.0407982055555505,1.8165287722355554,1.6038882138517618,True,-6.565450134516871,4.50024242512335,5.103280680437424,5.9,0.029780512297139516,2.0105560549942543,16.0,0.3346533116096792,5.533333333333333,57.96,1.6677342170838605,11.087798380462178,67.0,0.531349198167882,46.32666666666667,106.41333333333333,-1.749761457742427,22.146856241617332,181.0,0.2660193715365661,103.66333333333333,False
bf4054313727d26d81aeb5876af1cbcb02b06aaf60f2e988cb4a94ac4030b720,1326977,0xC216BfA5dA000965E820845c32e6FD88DB275743,1783457351,2026-07-07 20:49:11+00:00,79.3064903789998,79.3064903789998,100.0,7.431138652849654,55.4,8.308899049971242,,14,True,-0.15651254324817732,0.0004611602299578431,0.036101083032490974,True,1.872224597244232,0.003402244308495566,0.07220216606498195,True,0.804798927878414,0.17460800091815498,0.3068592057761733,True,-1.0457034838218582,1.4636455439259344,1.371841155234657,True,-3.4972262953904987,4.057516928557079,4.693140794223827,39.09,3.552343073494768,1.8793617194607428,30.0,0.33837944036370343,19.436666666666667,50.74666666666667,4.9721035968931515,8.050184962261634,43.0,0.7318456416249287,59.983333333333334,108.23,-1.4698810799554485,22.32314356797719,183.0,0.26391859914197446,103.91333333333333,False
a6972ff8e2663d7c709d81ba6c56367271ef683b33802d14443b48a24f25f1d5,1326981,0xC216BfA5dA000965E820845c32e6FD88DB275743,1783476155,2026-07-08 02:02:35+00:00,79.25842077487172,79.25842077487172,100.0,7.190866059754273,55.0,8.288326346268764,,14,True,,0.0,0.0,True,-1.987363156725075,0.000664080691872048,0.01818181818181818,True,-1.0905075464289316,0.1966900488579325,0.2909090909090909,True,-3.509706376728239,1.580957175440518,1.3818181818181818,True,-6.772870124557984,4.194353132791437,4.7272727272727275,33.86666666666667,1.649240980937594,1.8540791702734436,26.0,0.3429936418401724,20.606666666666666,45.52333333333333,3.0429089105537876,8.024902413074335,39.0,0.734151329903673,55.61666666666667,98.37666666666667,-1.9335393559397729,21.596349843558613,161.0,0.2728003955104909,99.30333333333333,False
3bab8826443827c5ecba85985522cf3abb4c5ab1f5335926fe067d81e7687e46,1327269,0xC216BfA5dA000965E820845c32e6FD88DB275743,1783483247,2026-07-08 04:00:47+00:00,79.55567108038585,79.55567108038585,100.0,7.186617499535286,54.96666666666667,8.266009440600387,,13,True,,0.0,0.0,True,2.0398122895308735,0.001427274925391699,0.018192844147968464,True,2.9506622947846672,0.1965998741335143,0.2910855063674954,True,0.4660240343528521,1.5936810992089268,1.4190418435415402,True,-4.835284994771594,4.222015153406779,4.730139478471801,31.89666666666667,3.7103421097400835,1.849303854965323,25.0,0.34387932797772613,19.116666666666667,43.553333333333335,5.132268888268388,8.020127097766213,38.0,0.734588455655102,53.986666666666665,96.40666666666667,0.0549151645326873,21.591574528250497,160.0,0.2728607295960407,97.36666666666666,False
8c4a5f01c0b66850b688f7a5658a2e32686cb88b6b7684aaee823b990b48baca,1327361,0xC216BfA5dA000965E820845c32e6FD88DB275743,1783484315,2026-07-08 04:18:35+00:00,79.58167734701007,79.58167734701007,100.0,7.186617499535286,54.96666666666667,8.266009440600387,,12,True,,0.0,0.0,True,-0.05729586503995243,0.012053098304345351,0.03638568829593693,True,0.9012350557721982,0.19754956992620018,0.30927835051546393,True,0.4660240343528521,1.5936810992089268,1.4190418435415402,True,-4.835284994771594,4.222015153406779,4.730139478471801,31.6,3.7103421097400835,1.849303854965323,25.0,0.34387932797772613,18.82,43.25666666666667,5.132268888268388,8.020127097766213,38.0,0.734588455655102,53.69,96.11,0.0549151645326873,21.591574528250497,160.0,0.2728607295960407,97.07,False
6d7540373c0ba5df85047b114d75078b6271dc7dbea2203f2f04351664176fdc,1327403,0xC216BfA5dA000965E820845c32e6FD88DB275743,1783487063,2026-07-08 05:04:23+00:00,79.56232619457097,79.56232619457097,100.0,7.186617499535286,54.96666666666667,8.248910119056019,,11,True,,0.0,0.0,True,1.8962201299541626,0.01307089285252054,0.07277137659187385,True,2.9513675216493507,0.19870086224451777,0.34566403881140084,True,0.4660240343528521,1.5936810992089268,1.4190418435415402,True,-4.835284994771594,4.222015153406779,4.730139478471801,30.836666666666666,3.7103421097400835,1.849303854965323,25.0,0.34387932797772613,18.05666666666667,42.49333333333333,5.132268888268388,8.020127097766213,38.0,0.734588455655102,52.92666666666667,95.34666666666666,0.0549151645326873,21.591574528250497,160.0,0.2728607295960407,96.30666666666667,False
8d1005f7f3d2c5a13d487bd0b7f0e3ea8ac66454a67d10672608cde39110daef,1327411,0xC216BfA5dA000965E820845c32e6FD88DB275743,1783499255,2026-07-08 08:27:35+00:00,79.54298445073141,79.54298445073141,100.0,7.186417232649794,54.9,8.239750836875034,,12,True,2.0398122895308735,0.0014273146998571655,0.018214936247723135,True,1.62160668713629,0.06873158746652895,0.14571948998178508,True,3.4786924740572323,0.2355250601296237,0.40072859744990896,True,-1.5423400304394153,1.604847643088574,1.4389799635701275,True,-4.776784926945576,4.228460998161633,4.754098360655738,27.45,3.7103421097400835,1.849303854965323,25.0,0.34387932797772613,14.67,39.10666666666667,5.132268888268388,8.020127097766213,38.0,0.734588455655102,49.54,91.96,0.0549151645326873,21.591574528250497,160.0,0.2728607295960407,92.92,False
d5fdf3fc7438543f910601919b73526158d8f5a3279d356c0eaf2d29a925e963,1327701,0xC216BfA5dA000965E820845c32e6FD88DB275743,1783508963,2026-07-08 11:09:23+00:00,78.94226506850916,78.94226506850916,100.0,7.182538680778225,54.86666666666667,8.208614974115434,,15,True,-1.985564548574681,0.000754485163219879,0.018226002430133656,True,1.2115770017627314,0.1510864008848403,0.10935601458080195,True,1.58881112048892,0.22755540694928605,0.3462940461725395,True,-1.1447340024886343,1.606250285107727,1.4216281895504252,True,-8.399533009361903,4.219015696455059,4.702308626974483,24.826666666666668,1.9697597510476728,1.825608707850714,23.0,0.34834264546249977,17.656666666666666,36.41,3.1758280672110395,7.926191590457739,34.0,0.7432942683341677,50.24333333333333,89.57666666666667,-1.9875816851052552,21.605879726876495,158.0,0.2726800691932499,90.46666666666667,False
c1c27d459ce73c986e16b6a738f74c71bbb51f1f30d5661246d35d5aa1bd2731,1327708,0xC216BfA5dA000965E820845c32e6FD88DB275743,1783509239,2026-07-08 11:13:59+00:00,78.9622622589871,78.9622622589871,100.0,7.182538680778225,54.86666666666667,8.208614974115434,,14,True,-1.985564548574681,0.000754485163219879,0.018226002430133656,True,1.2115770017627314,0.1510864008848403,0.10935601458080195,True,1.58881112048892,0.22755540694928605,0.3462940461725395,True,-1.1447340024886343,1.606250285107727,1.4216281895504252,True,-8.399533009361903,4.219015696455059,4.702308626974483,24.75,1.9697597510476728,1.825608707850714,23.0,0.34834264546249977,17.58,36.333333333333336,3.1758280672110395,7.926191590457739,34.0,0.7432942683341677,50.166666666666664,89.5,-1.9875816851052552,21.605879726876495,158.0,0.2726800691932499,90.39,False
d49d687cb157b60f7015deec448ff98214b65a3f98e7f23e3e96f313a5f7b40e,1327736,0xC216BfA5dA000965E820845c32e6FD88DB275743,1783510607,2026-07-08 11:36:47+00:00,78.9622622589871,78.9622622589871,100.0,7.180570917873947,54.833333333333336,8.199863879985845,,14,True,-1.985564548574681,0.000754691922255197,0.0182370820668693,True,1.2115770017627314,0.15112780458635683,0.1094224924012158,True,1.58881112048892,0.22761776620923685,0.3465045592705167,True,-1.0588226500553688,1.6180078834362404,1.4407294832826747,True,-8.399533009361903,4.220171875075812,4.7051671732522795,24.37,1.9697597510476728,1.825608707850714,23.0,0.34834264546249977,17.2,35.95333333333333,3.1758280672110395,7.926191590457739,34.0,0.7432942683341677,49.78666666666667,89.12,-1.9875816851052552,21.605879726876495,158.0,0.2726800691932499,90.01,False
51c17a8fc1abeeea2579118113a9746cf9b7318f278c5ba22ea7441069cf2510,1327737,0xC216BfA5dA000965E820845c32e6FD88DB275743,1783510631,2026-07-08 11:37:11+00:00,78.9622622589871,78.9622622589871,100.0,7.180570917873947,54.833333333333336,8.199863879985845,,13,True,-1.985564548574681,0.000754691922255197,0.0182370820668693,True,1.2115770017627314,0.15112780458635683,0.1094224924012158,True,1.58881112048892,0.22761776620923685,0.3465045592705167,True,-1.0588226500553688,1.6180078834362404,1.4407294832826747,True,-8.399533009361903,4.220171875075812,4.7051671732522795,24.363333333333333,1.9697597510476728,1.825608707850714,23.0,0.34834264546249977,17.19333333333333,35.946666666666665,3.1758280672110395,7.926191590457739,34.0,0.7432942683341677,49.78,89.11333333333333,-1.9875816851052552,21.605879726876495,158.0,0.2726800691932499,90.00333333333333,False
19c98e5f8c9870a4cccaa1e08c2ee272d69114b1a7a85d8b51e306e7c91c38cb,1327739,0xC216BfA5dA000965E820845c32e6FD88DB275743,1783510835,2026-07-08 11:40:35+00:00,78.9622622589871,78.9622622589871,100.0,7.180570917873947,54.833333333333336,8.199863879985845,,12,True,-1.985564548574681,0.000754691922255197,0.0182370820668693,True,1.2115770017627314,0.15112780458635683,0.1094224924012158,True,1.58881112048892,0.22761776620923685,0.3465045592705167,True,-0.9059368336770568,1.6281913356083602,1.458966565349544,True,-8.399533009361903,4.220171875075812,4.7051671732522795,24.30666666666667,1.9697597510476728,1.825608707850714,23.0,0.34834264546249977,17.136666666666667,35.89,3.1758280672110395,7.926191590457739,34.0,0.7432942683341677,49.723333333333336,89.05666666666667,-1.9875816851052552,21.605879726876495,158.0,0.2726800691932499,89.94666666666667,False
7a4dcd9dfde0cd705d28f2744c64bb6ad88f9a4a99ca17f4d31335cf03943fdb,1327749,0xC216BfA5dA000965E820845c32e6FD88DB275743,1783511195,2026-07-08 11:46:35+00:00,78.88233422239374,78.88233422239374,100.0,7.180570917873947,54.833333333333336,8.199863879985845,,11,True,-1.985564548574681,0.000754691922255197,0.0182370820668693,True,1.2115770017627314,0.15112780458635683,0.1094224924012158,True,1.58881112048892,0.22761776620923685,0.3465045592705167,True,-0.9059368336770568,1.6281913356083602,1.458966565349544,True,-8.399533009361903,4.220171875075812,4.7051671732522795,24.206666666666667,1.9697597510476728,1.825608707850714,23.0,0.34834264546249977,17.036666666666665,35.79,3.1758280672110395,7.926191590457739,34.0,0.7432942683341677,49.623333333333335,88.95666666666666,-1.9875816851052552,21.605879726876495,158.0,0.2726800691932499,89.84666666666666,False
15d2f74cf8aa0193a88f7fd6d08c40031d74b62976a547386afc63def80698bb,1327768,0xC216BfA5dA000965E820845c32e6FD88DB275743,1783512563,2026-07-08 12:09:23+00:00,78.84243085261927,78.84243085261927,100.0,7.180751555169577,54.86666666666667,8.200250959905052,,10,True,-0.09606937278680006,0.013150252825401476,0.018226002430133656,True,3.2619088561927967,0.15036932991348032,0.09113001215066828,True,4.1281811927679435,0.25805820175293825,0.4374240583232078,True,1.732788129947127,1.6694088179635505,1.5674362089914946,True,-6.543901856136181,4.219311040488233,4.68408262454435,23.826666666666668,4.03545077967884,1.8201895889818136,22.0,0.34937974083668244,16.786666666666665,35.41,5.265951481548492,7.920772471588839,33.0,0.7438028045923576,49.72666666666667,88.57666666666667,-0.0020579994378211452,21.600460608007594,157.0,0.2727484791098232,89.47,False
d5efcb3f424c89ebbb416b8284f3d84f97eed05edfb3d99e10451236bcf82dbf,1327903,0xC216BfA5dA000965E820845c32e6FD88DB275743,1783535987,2026-07-08 18:39:47+00:00,80.01343337935255,80.01343337935255,100.0,7.187509250110127,54.6,8.203712262102483,,12,True,-0.083626570671258,0.0005549230226966547,0.018315018315018316,True,-0.10205162922257704,0.010709447806330076,0.054945054945054944,True,2.9271804032408477,0.10574162055859046,0.42124542124542125,True,-0.3177164179147929,1.6209892392737437,1.684981684981685,True,-8.695979859467295,4.057480217349665,4.670329670329671,28.903333333333332,4.04695028610087,6.756637211900656,27.0,0.8719563584868617,17.246666666666666,28.91,2.1408218074639107,7.584600979110213,29.0,0.7767703001294708,47.88333333333333,106.56333333333333,-1.1453186243330693,21.587504113843153,198.0,0.2729121786305881,86.15666666666667,False
039286883fd1d1850e28bdac19718463ef8d235b7152b698924db05165c37cfe,1327905,0xC216BfA5dA000965E820845c32e6FD88DB275743,1783536011,2026-07-08 18:40:11+00:00,80.01417228059857,80.01417228059857,100.0,7.187509250110127,54.6,8.203712262102483,,11,True,-0.083626570671258,0.0005549230226966547,0.018315018315018316,True,-0.10205162922257704,0.010709447806330076,0.054945054945054944,True,2.9271804032408477,0.10574162055859046,0.42124542124542125,True,-0.3177164179147929,1.6209892392737437,1.684981684981685,True,-8.695979859467295,4.057480217349665,4.670329670329671,28.89666666666667,4.04695028610087,6.756637211900656,27.0,0.8719563584868617,17.24,28.903333333333332,2.1408218074639107,7.584600979110213,29.0,0.7767703001294708,47.876666666666665,106.55666666666667,-1.1453186243330693,21.587504113843153,198.0,0.2729121786305881,86.15,False
91af52fdd07526b4b5e7e33e2c19ca03d2a7dee0cbc3efeadf673113c429279c,1327907,0xC216BfA5dA000965E820845c32e6FD88DB275743,1783545143,2026-07-08 21:12:23+00:00,80.00622980732545,80.00622980732545,100.0,7.098500121308325,54.46666666666667,8.005583816264892,,13,True,,0.0,0.0,True,1.9731418515100296,0.020484566196395087,0.07343941248470012,True,0.8649656932220307,0.11642148476803077,0.44063647490820074,True,2.661306470008462,2.198487805881597,2.258261933904529,True,-8.619561532512577,4.1077956725605445,4.663402692778457,26.36,4.134034007643095,6.752648697541924,26.0,0.8724713875683061,14.726666666666667,26.366666666666667,2.226310164978651,7.580612464751482,28.0,0.7771789952724962,46.096666666666664,93.05333333333333,-3.5786298593328048,21.302519192728354,179.0,0.2765631954420108,83.62666666666667,False
1b854f5cb19fd800dd6ef8d1bda88214f9d977d491a93243d13eac576e160d0b,1328012,0xC216BfA5dA000965E820845c32e6FD88DB275743,1783574783,2026-07-09 05:26:23+00:00,79.9553007009012,79.9553007009012,100.0,7.074097060442934,54.4,7.928444170686299,,24,True,0.42387572933875184,0.03708083449612253,0.03676470588235294,True,0.5476285538109416,0.042461097634974077,0.07352941176470588,True,-1.0596295684056622,1.1340597433204826,0.5514705882352942,True,-3.2314622722231734,2.8801742244845614,2.683823529411765,True,-10.085516122579508,4.106100852865126,4.650735294117647,18.126666666666665,2.1183801819440795,6.592140003987012,19.0,0.8937147535310941,10.046666666666667,18.133333333333333,0.24758289166462166,7.42010377119657,21.0,0.7939906179985476,42.99,86.66,-5.416117701821388,21.22792882910553,175.0,0.27753497886369,77.82,False
0b95d8de439a53b97089476bad3c4003ced00b6972091572a7d26c4dc91e58b7,1328264,0xC216BfA5dA000965E820845c32e6FD88DB275743,1783585271,2026-07-09 08:21:11+00:00,76.98551427033038,76.98551427033038,100.0,7.082679830526496,54.46666666666667,7.9045025026571505,,24,True,0.03524023333465465,0.005051713442041292,0.01835985312117503,True,0.5099622901276524,0.038661202459522925,0.16523867809057527,True,-1.725464974035129,1.118333464008996,0.5140758873929009,True,-4.246227521839119,2.882987512582645,2.7906976744186047,True,-10.544459044297394,4.064075475994158,4.626682986536108,15.213333333333333,1.5979873485797214,6.327545746929807,16.0,0.931086556231432,11.596666666666666,15.22,-0.263276403263224,7.155509514139364,18.0,0.8233505618662186,42.17,99.25,-2.701152199415291,21.258340824421083,189.0,0.2771379397651631,78.50333333333333,False
8bee26d927cfe174bddd6385c8d49ac31c03811ca8996ca48f872af27fc29908,1328381,0xC216BfA5dA000965E820845c32e6FD88DB275743,1783585739,2026-07-09 08:28:59+00:00,76.8368273639341,76.8368273639341,100.0,7.082679830526496,54.46666666666667,7.9045025026571505,,23,True,0.03524023333465465,0.005051713442041292,0.01835985312117503,True,0.5099622901276524,0.038661202459522925,0.16523867809057527,True,-1.725464974035129,1.118333464008996,0.5140758873929009,True,-4.246227521839119,2.882987512582645,2.7906976744186047,True,-10.544459044297394,4.064075475994158,4.626682986536108,15.083333333333334,1.5979873485797214,6.327545746929807,16.0,0.931086556231432,11.466666666666667,15.09,-0.263276403263224,7.155509514139364,18.0,0.8233505618662186,42.04,99.12,-2.701152199415291,21.258340824421083,189.0,0.2771379397651631,78.37333333333333,False
c00f2f713e4566e29d8365c196afe40d7c0ef1849281acf9e64bf412579f6cf8,1328388,0xC216BfA5dA000965E820845c32e6FD88DB275743,1783586027,2026-07-09 08:33:47+00:00,76.82933292131447,76.82933292131447,100.0,7.082679830526496,54.46666666666667,7.9045025026571505,,22,True,0.03524023333465465,0.005051713442041292,0.01835985312117503,True,0.5099622901276524,0.038661202459522925,0.16523867809057527,True,-1.725464974035129,1.118333464008996,0.5140758873929009,True,-4.246227521839119,2.882987512582645,2.7906976744186047,True,-10.544459044297394,4.064075475994158,4.626682986536108,15.003333333333334,1.5979873485797214,6.327545746929807,16.0,0.931086556231432,11.386666666666667,15.01,-0.263276403263224,7.155509514139364,18.0,0.8233505618662186,41.96,99.04,-2.701152199415291,21.258340824421083,189.0,0.2771379397651631,78.29333333333334,False
e67cef84ff1ef225fdb92999a89db22c40c301a7373bd8ac48190903cec3b906,1328414,0xC216BfA5dA000965E820845c32e6FD88DB275743,1783590479,2026-07-09 09:47:59+00:00,76.43091499242591,76.43091499242591,100.0,7.08380950864711,54.46666666666667,7.900021570038073,,21,True,,0.0,0.0,True,-1.5311301110705333,0.03779939899333186,0.1835985312117503,True,-2.4838985985727646,1.1556807703564718,0.5691554467564259,True,-4.670527070997177,2.9030600919797096,2.8457772337821297,True,-10.57565433284302,4.058607745683232,4.6450428396572825,13.766666666666667,1.5621965935203708,6.291766078024262,15.0,0.9363814079934394,11.98,13.773333333333333,-0.29841147569754645,7.119729845233819,17.0,0.8274882484269648,40.78333333333333,98.89333333333333,-2.604082108396588,21.29597650948969,189.0,0.27664816291849365,77.94333333333333,False
ee6c99a372a5c97b64f912c760fa940ce7c9d5477ad5d9638dbbce23e3f51ba3,1328464,0xC216BfA5dA000965E820845c32e6FD88DB275743,1783590863,2026-07-09 09:54:23+00:00,76.45792266454819,76.45792266454819,100.0,7.08380950864711,54.46666666666667,7.900021570038073,,20,True,,0.0,0.0,True,-1.5311301110705333,0.03779939899333186,0.1835985312117503,True,-2.4838985985727646,1.1556807703564718,0.5691554467564259,True,-2.7642786550091336,2.9036991241686416,2.8641370869033045,True,-10.57565433284302,4.058607745683232,4.6450428396572825,13.66,1.5621965935203708,6.291766078024262,15.0,0.9363814079934394,11.873333333333333,13.666666666666666,-0.29841147569754645,7.119729845233819,17.0,0.8274882484269648,40.67666666666667,98.78666666666666,-2.604082108396588,21.29597650948969,189.0,0.27664816291849365,77.83666666666667,False
4d2cc9f4087942cb486762f2c84d02393bda1532eb3380538cda19b5e214a9b5,1328469,0xC216BfA5dA000965E820845c32e6FD88DB275743,1783596779,2026-07-09 11:32:59+00:00,76.43101764705825,76.43101764705825,100.0,7.081770008859786,54.43333333333333,7.897514352953361,,19,True,0.4644584538746166,0.031636926886470775,0.11022657685241886,True,0.4691680264185427,0.04167711485135212,0.20208205756276792,True,-2.857019541993777,1.1830631720777867,0.6246172688303736,True,-5.246095932006556,2.914075916227242,2.9577464788732395,True,-10.57565433284302,4.059776596072865,4.647887323943662,12.016666666666667,1.5621965935203708,6.291766078024262,15.0,0.9363814079934394,10.23,12.023333333333333,-0.29841147569754645,7.119729845233819,17.0,0.8274882484269648,39.03333333333333,97.14333333333333,-2.604082108396588,21.29597650948969,189.0,0.27664816291849365,76.19333333333333,False
c593254883951f9b6db3eb8ae8baad041ecbd00d497bde506841f1c72fe99b64,1328603,0xC216BfA5dA000965E820845c32e6FD88DB275743,1783599443,2026-07-09 12:17:23+00:00,78.4628815538271,78.4628815538271,100.0,7.089230520868873,54.6,7.91351759866744,,18,True,0.010049692047320313,0.001974799654223199,0.03663003663003663,True,0.0046877996620953155,0.010029621946092002,0.09157509157509157,True,-3.397403780476016,1.1627683333323082,0.5311355311355311,True,-5.684153852780682,2.879405589505326,2.838827838827839,True,-11.007332275714553,4.035338957250576,4.542124542124542,11.276666666666667,1.092663173165609,6.067720638027163,9.0,0.9709564975656587,11.323333333333334,11.306666666666667,-1.5355811579950918,7.110341422823948,13.0,0.8285808554838494,47.346666666666664,98.10666666666667,-1.714373227299082,22.277872085227475,186.0,0.2644549154590211,78.47,False
1ffa65a9bfe4b309baa4748228d49cb27b63fa19ef19c7aedcf4bbc4c240b67c,1328615,0xC216BfA5dA000965E820845c32e6FD88DB275743,1783600139,2026-07-09 12:28:59+00:00,78.44329381457848,78.44329381457848,100.0,7.089062701035889,54.56666666666667,7.8995486669019135,,17,True,0.010049692047320313,0.001974846403781233,0.03665241295051924,True,0.0046877996620953155,0.010029859377971344,0.0916310323762981,True,-3.397403780476016,1.162795859621146,0.531459987782529,True,-5.684153852780682,2.879473753857301,2.8405620036652413,True,-11.007332275714553,4.035434486086813,4.544899205864386,11.083333333333334,1.092663173165609,6.067720638027163,9.0,0.9709564975656587,11.13,11.113333333333333,-1.5355811579950918,7.110341422823948,13.0,0.8285808554838494,47.153333333333336,97.91333333333333,-1.714373227299082,22.277872085227475,186.0,0.2644549154590211,78.27666666666667,False
17cf51fb8d1f7f8c727c49c2c0e7cd5b162f7b2b544c3269f254bc22f3d0103e,1328620,0xC216BfA5dA000965E820845c32e6FD88DB275743,1783612955,2026-07-09 16:02:35+00:00,78.4628815538271,78.4628815538271,100.0,7.087997767384024,54.666666666666664,6.291584464327152,,16,True,2.031401538115918,0.0038634323681660306,0.01829268292682927,True,-0.16491588807886481,0.01869492083056046,0.07317073170731708,True,-2.008674180417036,1.1949545912998014,0.5670731707317074,True,-4.482725070312387,2.8761357332615454,2.8170731707317076,True,-9.203790199169271,4.029872854534066,4.463414634146342,7.523333333333333,3.141426024366978,6.024002336014152,5.0,0.9780030700990547,10.333333333333334,7.57,0.18532042340442256,7.224525248475756,10.0,0.8154851116547369,43.78666666666667,94.35333333333334,0.2775016983226575,22.234153783214467,182.0,0.2649749046601208,79.14333333333333,False
66d545c01556196cdb4df94423d43c0948b1d60e55884315468934acab0cd2ca,1328797,0xC216BfA5dA000965E820845c32e6FD88DB275743,1783625483,2026-07-09 19:31:23+00:00,78.50788074971953,78.50788074971953,100.0,7.08736775116969,54.666666666666664,6.259620680595316,,15,True,-2.0855177548118387,0.009931411024829659,0.03658536585365854,True,-1.9771914276368707,1.0436102458027285,0.21951219512195122,True,-4.509600166310202,1.235772336069084,0.6219512195121951,True,-6.393498575750245,2.899538719182326,2.908536585365854,True,-9.17203893441334,4.026653344592513,4.463414634146342,4.043333333333333,1.087924373788396,5.996618336014151,4.0,0.9824691932656318,8.803333333333333,4.09,-1.8093264297872502,7.197141248475757,9.0,0.8185879053233039,40.31333333333333,90.87333333333333,-1.7189804446017143,22.20676978321447,181.0,0.26530165514477244,76.6,False
fae45b62db88cc7a9c625c6a07f3473b57159e38fddc6a785431e4fe491f2867,1329020,0xC216BfA5dA000965E820845c32e6FD88DB275743,1783625855,2026-07-09 19:37:35+00:00,78.67009012131058,78.67009012131058,100.0,7.08736775116969,54.666666666666664,6.259620680595316,,14,True,-2.0855177548118387,0.009931411024829659,0.03658536585365854,True,-1.9771914276368707,1.0436102458027285,0.21951219512195122,True,-4.509600166310202,1.235772336069084,0.6219512195121951,True,-6.393498575750245,2.899538719182326,2.908536585365854,True,-9.17203893441334,4.026653344592513,4.463414634146342,3.94,1.087924373788396,5.996618336014151,4.0,0.9824691932656318,8.7,3.986666666666667,-1.8093264297872502,7.197141248475757,9.0,0.8185879053233039,40.21,90.77,-1.7189804446017143,22.20676978321447,181.0,0.26530165514477244,76.49666666666667,False
3628e548c3c507f4b67a9be66d4fec63e797c2224487b94de3916ac28974a18b,1329048,0xC216BfA5dA000965E820845c32e6FD88DB275743,1783630403,2026-07-09 20:53:23+00:00,77.84000514401411,77.84000514401411,100.0,7.076130730634196,54.56666666666667,6.1689009335142755,,13,True,-0.06850052193526635,0.004909179353775371,0.01832620647525962,True,2.062226537558809,1.0364628228462394,0.20158827122785583,True,-2.677534427505923,1.2369187512574757,0.6414172266340867,True,-4.351216946179304,2.9069819011034537,2.9138668295662797,True,-7.184607687133759,4.023466428745502,4.4532681734880875,2.6766666666666667,3.2410344780801514,5.926230773793163,2.0,0.9941382649084368,11.043333333333333,2.723333333333333,0.28207402898068334,7.126753686254767,7.0,0.8266727093807841,38.97,89.50666666666666,0.3743443276269076,22.136382220993475,179.0,0.2661452409020298,75.8,False
912b1e8b8c6b3ffcf6d51aeb88d9b52826a09f13fe48dc8b4907617ad780fb9c,1329116,0xC216BfA5dA000965E820845c32e6FD88DB275743,1783634447,2026-07-09 22:00:47+00:00,77.4128278053133,77.4128278053133,100.0,7.07728866379711,54.6,6.161522436601547,,12,True,,0.0,0.0,True,2.132187619141823,1.0313848683824087,0.18315018315018314,True,-3.04986254531574,1.2715000363497866,0.6593406593406593,True,-4.268569115600451,2.9090277244437965,2.912087912087912,True,-7.119758282909993,4.0184649512338915,4.450549450549451,1.5533333333333332,3.3118036027687925,5.891492778905718,1.0,1.0,10.79,1.6,0.3508148609267181,7.092015691367322,6.0,0.8307219040811025,38.376666666666665,88.38333333333334,0.44314840853496573,22.101644226106032,178.0,0.26656355150024547,75.05,False
32a3c14c23c00ed50b932cae2cf29fa9e360342520d01f2410bbaac3d3d50f3b,1329124,0xC216BfA5dA000965E820845c32e6FD88DB275743,1783634879,2026-07-09 22:07:59+00:00,77.39228640813774,77.39228640813774,100.0,7.07728866379711,54.6,6.161522436601547,,11,True,,0.0,0.0,True,2.132187619141823,1.0313848683824087,0.18315018315018314,True,-3.04986254531574,1.2715000363497866,0.6593406593406593,True,-4.268569115600451,2.9090277244437965,2.912087912087912,True,-7.119758282909993,4.0184649512338915,4.450549450549451,1.4333333333333333,3.3118036027687925,5.891492778905718,1.0,1.0,10.67,1.48,0.3508148609267181,7.092015691367322,6.0,0.8307219040811025,38.25666666666667,88.26333333333334,0.44314840853496573,22.101644226106032,178.0,0.26656355150024547,74.93,False
3b599de4e50cbc6f72a63ba13ab87bc99079c7667fbaa25c4c4da604afbd1483,1329162,0xC216BfA5dA000965E820845c32e6FD88DB275743,1783639451,2026-07-09 23:24:11+00:00,77.42310259350441,77.42310259350441,100.0,7.077024330463777,54.56666666666667,6.161522436601547,,10,True,0.17925692463460763,1.030281047981967,0.1649358582773366,True,0.09665351332515115,1.0345875794140416,0.21991447770311545,True,-3.04986254531574,1.2715475280394073,0.6597434331093464,True,-4.250401047049223,2.9108292284901216,2.9321930360415394,True,-7.119758282909993,4.018615044576212,4.4532681734880875,0.16333333333333333,3.3118036027687925,5.891492778905718,1.0,1.0,9.4,0.21,0.3508148609267181,7.092015691367322,6.0,0.8307219040811025,36.986666666666665,86.99333333333334,0.44314840853496573,22.101644226106032,178.0,0.26656355150024547,73.66,False
61b145ef03d40a7ddefda45ddb3f1f2a83920e52819572ca2f5e015f5902d383,1329176,0xC216BfA5dA000965E820845c32e6FD88DB275743,1783640039,2026-07-09 23:33:59+00:00,77.40255574388618,77.40255574388618,100.0,7.077024330463777,54.56666666666667,6.161522436601547,,9,True,0.17925692463460763,0.19779941392212871,0.14660965180207697,True,0.09665351332515115,0.20210594535420331,0.20158827122785583,True,-3.04986254531574,0.439065893979569,0.6414172266340867,True,-4.250401047049223,2.0783475944302836,2.9138668295662797,True,-7.119758282909993,3.186133410516373,4.434941967012828,9.653333333333334,-0.5013085894437386,1.7858797985366452,14.0,0.27995558818371896,9.653333333333334,45.276666666666664,5.276281581426057,7.1961245570062085,85.0,0.06947726174889175,37.24333333333333,107.05333333333333,-3.015318067868855,21.99849358304489,211.0,0.05067830403711203,74.01666666666667,False
8d566a208af9d75ac0cccf4ec0419a6906668c5fdc46b5b1228f9ef573fbb45c,1329185,0xC216BfA5dA000965E820845c32e6FD88DB275743,1783640759,2026-07-09 23:45:59+00:00,78.34474071467928,78.34474071467928,100.0,7.314803842875879,54.8,6.671049963198909,,8,True,0.02365022369168468,0.02159164822647453,0.03649635036496351,True,-0.058824881172747645,0.02575818889924758,0.09124087591240876,True,-3.2004535110346732,0.2550153717012739,0.5291970802919709,True,-4.39912723715149,1.8410095730184501,2.791970802919708,True,-7.264027550221986,2.9127850220647544,4.306569343065694,21.89666666666667,-3.2004535110346732,1.865387420912899,29.0,0.08820991299671078,12.13,45.23,2.140998682543871,7.434313761509089,88.0,0.05892356453058841,39.24,,,,,,77.46,False
059192417b543763612f66a9dad96d60f4da402b6e4c4f25e9eabf65ce97aa45,1329245,0xC216BfA5dA000965E820845c32e6FD88DB275743,1783644323,2026-07-10 00:45:23+00:00,78.29614670916501,78.29614670916501,100.0,7.319666966697114,54.833333333333336,6.68233129687184,,7,True,,0.0,0.0,True,-0.08245560392966533,0.00416377245896085,0.0547112462006079,True,-3.3834325750350724,0.26468959973072953,0.5106382978723404,True,-4.363377272205893,1.8241214592233321,2.8085106382978724,True,-7.285954629345759,2.8892724898100743,4.267477203647417,23.673333333333332,-3.3834325750350724,1.937439719577302,28.0,0.11870871014021578,13.126666666666667,44.28666666666667,1.804071056456169,7.4162986951619665,88.0,0.05906669683526756,41.026666666666664,,,,,,82.84666666666666,False
65fe1e4342a00dc1d7f5c7f5eb9b03f89538bf82c4ad7561dce7029845cd0327,1329247,0xC216BfA5dA000965E820845c32e6FD88DB275743,1783644395,2026-07-10 00:46:35+00:00,78.29614670916501,78.29614670916501,100.0,7.319666966697114,54.833333333333336,6.68233129687184,,6,True,,0.0,0.0,True,-0.08245560392966533,0.00416377245896085,0.0547112462006079,True,-3.3834325750350724,0.26468959973072953,0.5106382978723404,True,-4.363377272205893,1.8241214592233321,2.8085106382978724,True,-7.285954629345759,2.8892724898100743,4.267477203647417,23.653333333333332,-3.3834325750350724,1.937439719577302,28.0,0.11870871014021578,13.106666666666667,44.266666666666666,1.804071056456169,7.4162986951619665,88.0,0.05906669683526756,41.00666666666667,,,,,,82.82666666666667,False
72c564b96d6c89e7bd42d7730834394fc650e7d6826061872e51409e878c1d44,1329248,0xC216BfA5dA000965E820845c32e6FD88DB275743,1783644467,2026-07-10 00:47:47+00:00,78.29614670916501,78.29614670916501,100.0,7.319666966697114,54.833333333333336,6.68233129687184,,5,True,,0.0,0.0,True,-0.08245560392966533,0.00416377245896085,0.0547112462006079,True,-3.3834325750350724,0.26468959973072953,0.5106382978723404,True,-4.363377272205893,1.8241214592233321,2.8085106382978724,True,-7.285954629345759,2.8892724898100743,4.267477203647417,23.633333333333333,-3.3834325750350724,1.937439719577302,28.0,0.11870871014021578,13.086666666666666,44.24666666666667,1.804071056456169,7.4162986951619665,88.0,0.05906669683526756,40.986666666666665,,,,,,82.80666666666667,False
25d5ad80cb9f01f80012197d3c09cb8a7d71b4f647222051d8cd9e98e8f21a93,1329249,0xC216BfA5dA000965E820845c32e6FD88DB275743,1783647419,2026-07-10 01:36:59+00:00,78.29614670916501,78.29614670916501,100.0,7.319666966697114,54.833333333333336,6.67906547927771,,4,True,1.9494361951360784,0.0011044755543359612,0.0182370820668693,True,-0.08245560392966533,0.00416377245896085,0.0547112462006079,True,-3.3834325750350724,0.26468959973072953,0.5106382978723404,True,-6.165468455309286,1.8258985200406566,2.8449848024316107,True,-7.285954629345759,2.8892724898100743,4.267477203647417,22.813333333333333,-3.3834325750350724,1.937439719577302,28.0,0.11870871014021578,12.266666666666667,43.42666666666667,1.804071056456169,7.4162986951619665,88.0,0.05906669683526756,40.166666666666664,,,,,,81.98666666666666,False
13888e1880a664f63f20f2d0a600fe3df3090bc93b1686ccd581403252fc37f1,1329314,0xC216BfA5dA000965E820845c32e6FD88DB275743,1783648235,2026-07-10 01:50:35+00:00,78.19613742839567,78.19613742839567,100.0,7.319666966697114,54.833333333333336,6.67906547927771,,3,True,1.9494361951360784,0.0011044755543359612,0.0182370820668693,True,-0.08245560392966533,0.00416377245896085,0.0547112462006079,True,-3.3834325750350724,0.26468959973072953,0.5106382978723404,True,-6.165468455309286,1.8258985200406566,2.8449848024316107,True,-7.285954629345759,2.8892724898100743,4.267477203647417,22.586666666666666,-3.3834325750350724,1.937439719577302,28.0,0.11870871014021578,12.04,43.2,1.804071056456169,7.4162986951619665,88.0,0.05906669683526756,39.94,,,,,,81.76,False
c57323d1eda85b743a4648651960f4a4d6f1eff5d972c3a205832c370cc046c3,1329317,0xC216BfA5dA000965E820845c32e6FD88DB275743,1783648295,2026-07-10 01:51:35+00:00,77.97701380776422,77.97701380776422,100.0,7.319666966697114,54.833333333333336,6.67906547927771,,2,True,1.9494361951360784,0.0011044755543359612,0.0182370820668693,True,-0.08245560392966533,0.00416377245896085,0.0547112462006079,True,-3.3834325750350724,0.26468959973072953,0.5106382978723404,True,-6.165468455309286,1.8258985200406566,2.8449848024316107,True,-7.285954629345759,2.8892724898100743,4.267477203647417,22.57,-3.3834325750350724,1.937439719577302,28.0,0.11870871014021578,12.023333333333333,43.18333333333333,1.804071056456169,7.4162986951619665,88.0,0.05906669683526756,39.92333333333333,,,,,,81.74333333333334,False
d5a3223bbe437d89ba1165e19371d8c96c6183c6656b7c8675e5343095642f52,1329325,0xC216BfA5dA000965E820845c32e6FD88DB275743,1783650503,2026-07-10 02:28:23+00:00,78.01676307545591,78.01676307545591,100.0,7.318182903875473,54.833333333333336,6.679642935937039,,1,True,,0.0,0.0,True,-2.153971625077633,0.02532547583668762,0.0547112462006079,True,-5.28058972705675,0.2657267128762814,0.5288753799392097,True,-7.959734701144461,1.825164096592717,2.8267477203647413,True,-9.05879538833827,2.888753709206098,4.249240121580547,21.956666666666667,-5.230895794228618,1.9293553263467045,27.0,0.11920612390302314,11.6,42.57,-0.14258552484947007,7.408214301931368,87.0,0.0591311547983592,39.42,,,,,,82.22,False
24036220a82e79aeb6cdfb6e73468d19d30fda134b21dc07c705f44b274ecaf7,1329346,0xC216BfA5dA000965E820845c32e6FD88DB275743,1783667723,2026-07-10 07:15:23+00:00,78.05877239364264,78.05877239364264,100.0,7.318929338358611,54.9,6.669789622233762,,4,True,-0.16420552516155373,0.022263287739706462,0.018214936247723135,True,-1.3721545480538722,0.10180497614916027,0.1639344262295082,True,-1.368971135470043,0.2736384781566094,0.5282331511839709,True,-1.938559012092611,1.830945154656284,2.9143897996357016,True,-9.190365929159006,2.9856026117751147,4.225865209471767,17.173333333333332,-3.3037010577646075,1.906962291852603,25.0,0.12060593493015952,7.86,37.78666666666667,1.8880834910310673,7.385821267437266,85.0,0.059310434250315826,36.94,,,,,,77.54,False
c2e735689b90a4b5410852b30ef68dc8d139bec37a40dff0bf80767596913ea5,1330062,0xC216BfA5dA000965E820845c32e6FD88DB275743,1783745279,2026-07-11 04:47:59+00:00,99.09106399426318,99.09106399426318,100.0,6.969593589445947,54.766666666666666,6.7066765054083435,,16,True,,0.0,0.0,True,0.2625319545171312,0.025498450170951564,0.07303712720632989,True,-0.5923141870456949,1.4701917158337536,1.5337796713329277,True,-1.9890570460147639,2.523647470038529,3.0858186244674375,True,-7.127904537899155,3.1489266605092414,3.9805234327449788,15.5,2.7428840306584545,1.7565863193595044,27.0,0.16338039800053697,7.59,16.936666666666667,2.3177200251289776,7.008389990109301,67.0,0.0625045505865307,16.24,146.56,-5.850580444222198,21.478060546793067,204.0,0.07586284064738731,64.36666666666666,False
de58ac96837362f36a0f8fc2f6fa73eac0b1f9a4d592462777ff86c6bd3504bb,1330193,0xC216BfA5dA000965E820845c32e6FD88DB275743,1783745915,2026-07-11 04:58:35+00:00,99.06798698344248,99.06798698344248,100.0,6.959095485178303,54.666666666666664,6.7066765054083435,,16,True,,0.0,0.0,True,0.2625319545171312,0.02553691571422915,0.07317073170731708,True,-0.5923141870456949,1.472409565259605,1.5365853658536586,True,-1.9890570460147639,2.5274545042043437,3.0914634146341466,True,-7.127904537899155,3.1536769560733124,3.9878048780487805,15.323333333333334,2.7428840306584545,1.7565863193595044,27.0,0.16338039800053697,7.413333333333333,16.76,2.3177200251289776,7.008389990109301,67.0,0.0625045505865307,16.063333333333333,146.38333333333333,-5.850580444222198,21.478060546793067,204.0,0.07586284064738731,62.663333333333334,False
f7afeb0799624bda006757b6876e96b2be2bbdcaa19b2003ac6606fb49398ba4,1330194,0xC216BfA5dA000965E820845c32e6FD88DB275743,1783746035,2026-07-11 05:00:35+00:00,99.06798698344248,99.06798698344248,100.0,6.959095485178303,54.666666666666664,6.7066765054083435,,15,True,,0.0,0.0,True,0.2625319545171312,0.02553691571422915,0.07317073170731708,True,-0.5923141870456949,1.472409565259605,1.5365853658536586,True,-1.9890570460147639,2.5274545042043437,3.0914634146341466,True,-7.127904537899155,3.1536769560733124,3.9878048780487805,15.29,2.7428840306584545,1.7565863193595044,27.0,0.16338039800053697,7.38,16.726666666666667,2.3177200251289776,7.008389990109301,67.0,0.0625045505865307,16.03,146.35,-5.850580444222198,21.478060546793067,204.0,0.07586284064738731,62.63,False
bf0932a0794d05937d6ee664051bae59f6d431f4db7b197caad769f4df3b1c10,1330199,0xC216BfA5dA000965E820845c32e6FD88DB275743,1783747187,2026-07-11 05:19:47+00:00,99.06689623758538,99.06689623758538,100.0,6.9448081321156545,54.5,6.7066765054083435,,16,True,,0.0,0.0,True,0.2625319545171312,0.025589452072901617,0.07339449541284404,True,-0.5923141870456949,1.4754387109050264,1.5412844036697249,True,-1.9890570460147639,2.5326541633114625,3.1009174311926606,True,-7.127904537899155,3.1601649245325985,4.0,14.97,2.7428840306584545,1.7565863193595044,27.0,0.16338039800053697,7.06,16.4,2.464082242121579,6.954559471795365,66.0,0.0629883558323839,15.71,146.03,-5.850580444222198,21.478060546793067,204.0,0.07586284064738731,62.31,False
7f2a8b33d277708ce27ca8e70cab12bd5e0a6407de0b9621a901377ed1cf2186,1330214,0xC216BfA5dA000965E820845c32e6FD88DB275743,1783754807,2026-07-11 07:26:47+00:00,99.0658055157464,99.0658055157464,100.0,6.9448081321156545,54.5,6.702372885633506,,20,True,-1.999048020558225,0.011509069839670578,0.01834862385321101,True,1.2372251964572367,0.09825264327528185,0.27522935779816515,True,-1.1801070564443572,1.5172569594230687,1.7064220183486238,True,-1.9890570460147639,2.5326541633114625,3.1009174311926606,True,-5.399342883645453,3.160336160688543,4.018348623853211,12.853333333333333,2.7428840306584545,1.7565863193595044,27.0,0.16338039800053697,4.943333333333333,14.283333333333333,2.464082242121579,6.954559471795365,66.0,0.0629883558323839,13.593333333333334,143.91333333333333,-5.850580444222198,21.478060546793067,204.0,0.07586284064738731,60.193333333333335,False
cf46b3055b05bf22e88010fc2dd713abe0a460556f8b0843a299ffacf68b9504,1330261,0xC216BfA5dA000965E820845c32e6FD88DB275743,1783759115,2026-07-11 08:38:35+00:00,99.0658055157464,99.0658055157464,100.0,6.920386511811163,54.2,6.687831304422374,,21,True,,0.0,0.0,True,3.4680192312766867,0.09906803312616952,0.2952029520295203,True,0.63691518325526,1.5286363097987603,1.7527675276752768,True,0.010194772950322673,2.5300420601513576,3.099630996309963,True,-3.468280947653535,3.1607493992010345,4.040590405904059,11.66,4.997972742886869,1.7507417466161679,27.0,0.16392581746219945,4.166666666666667,13.093333333333334,4.404822563961175,6.92846170829367,66.0,0.06322561704318144,12.4,142.71666666666667,-3.9300969489275306,21.398132264977434,203.0,0.07614621054301708,58.99666666666667,False
8e4910224aad914460382e6dc4677f4c0f4a7bc399547a4042d7119454eae745,1330289,0xC216BfA5dA000965E820845c32e6FD88DB275743,1783762655,2026-07-11 09:37:35+00:00,99.05039687561138,99.05039687561138,100.0,6.919880548754114,54.13333333333333,6.675081853379202,,20,True,2.3077122511522052,0.014131104192867238,0.05541871921182266,True,4.58464056613237,0.1775543464987401,0.3879310344827586,True,0.22628521938439228,1.5549373821705506,1.828817733990148,True,0.03399770477237052,2.530275421799486,3.12192118226601,True,-5.810691734528451,3.1625456089941806,4.082512315270936,10.676666666666666,4.997972742886869,1.7507417466161679,27.0,0.16392581746219945,3.183333333333333,12.11,4.404822563961175,6.92846170829367,66.0,0.06322561704318144,11.416666666666666,141.73333333333332,-3.9300969489275306,21.398132264977434,203.0,0.07614621054301708,58.013333333333335,False
b5ff027cae4d929dd8b02ea9706bc792b48552ca707df2801ddf960e6f3db776,1330306,0xC216BfA5dA000965E820845c32e6FD88DB275743,1783762859,2026-07-11 09:40:59+00:00,99.04707140448112,99.04707140448112,100.0,6.919880548754114,54.13333333333333,6.675081853379202,,19,True,2.3077122511522052,0.014131104192867238,0.05541871921182266,True,4.58464056613237,0.1775543464987401,0.3879310344827586,True,0.22628521938439228,1.5549373821705506,1.828817733990148,True,0.03399770477237052,2.530275421799486,3.12192118226601,True,-5.810691734528451,3.1625456089941806,4.082512315270936,10.62,4.997972742886869,1.7507417466161679,27.0,0.16392581746219945,3.1266666666666665,12.053333333333333,4.404822563961175,6.92846170829367,66.0,0.06322561704318144,11.36,141.67666666666668,-3.9300969489275306,21.398132264977434,203.0,0.07614621054301708,57.95666666666666,False
1dc46c32b2ed93c6bfaf9200fa2384151b450e4b13af0e20c5d977b8caec1249,1330308,0xC216BfA5dA000965E820845c32e6FD88DB275743,1783763663,2026-07-11 09:54:23+00:00,99.03598811322352,99.03598811322352,100.0,6.919880548754114,54.13333333333333,6.675081853379202,,18,True,2.3077122511522052,0.014131104192867238,0.05541871921182266,True,4.58464056613237,0.1775543464987401,0.3879310344827586,True,2.2304523627620476,1.5555915527540451,1.8472906403940887,True,0.03399770477237052,2.530275421799486,3.12192118226601,True,-5.810691734528451,3.1625456089941806,4.082512315270936,10.396666666666667,4.997972742886869,1.7507417466161679,27.0,0.16392581746219945,2.9033333333333333,11.83,4.404822563961175,6.92846170829367,66.0,0.06322561704318144,11.136666666666667,141.45333333333335,-3.9300969489275306,21.398132264977434,203.0,0.07614621054301708,57.733333333333334,False
fc09d673231e4bcddc3b6e27894773bb9104ad12f0d09c1589984462d2a9923f,1330327,0xC216BfA5dA000965E820845c32e6FD88DB275743,1783769243,2026-07-11 11:27:23+00:00,81.42617534087216,81.42617534087216,100.0,6.921607292469696,54.166666666666664,6.6820665357389615,,18,True,0.9233156156215561,0.06627625492669578,0.18461538461538463,True,2.225568595836269,0.16338247286537905,0.3323076923076923,True,-2.6259616403779606,1.5508372090674865,1.883076923076923,True,-1.5939734915834114,2.6580226043392905,3.101538461538462,True,-8.22482603112925,3.1484216540950083,4.0430769230769235,8.916666666666666,2.9347390807433316,1.8078336343585202,26.0,0.15874899466680653,3.3366666666666664,10.373333333333333,1.8245084447083837,6.924004361102233,65.0,0.06326631871115518,9.82,139.90333333333334,-6.097105548374215,21.300346711940797,200.0,0.07649578228521878,63.24333333333333,False
adf0b89caac512d4c12876c02bd0a79c71fa6cf8df0b402f595f2842de234521,1330658,0xC216BfA5dA000965E820845c32e6FD88DB275743,1783805987,2026-07-11 21:39:47+00:00,80.92715517336734,80.92715517336734,100.0,7.103737929199409,55.8,7.083992523749558,,32,True,-3.951757368562603,0.17409079749135997,0.21505376344086022,True,-4.098213277579266,0.5713121695740144,0.35842293906810035,True,-8.593642815499381,0.7408011795148864,1.0573476702508962,True,-11.82178034860657,1.787314727364017,2.132616487455197,True,-11.816154441552806,2.3644467009001846,3.0286738351254483,2.4833333333333334,-4.955332468891482,1.8245435883352719,17.0,0.1706986323408291,2.3066666666666666,40.79,-4.57033893144928,7.182604192894997,80.0,0.1552147823017741,21.096666666666668,,,,,,163.58666666666667,False
3dc1e925336e1005748a3113f00ed9d0003b859064d506d0c4938df380f70234,1330686,0xC216BfA5dA000965E820845c32e6FD88DB275743,1783812203,2026-07-11 23:23:23+00:00,80.2160664211693,80.2160664211693,100.0,7.139491920371975,56.13333333333333,7.136097259383112,,37,True,-2.9368430795715605,0.0809438813737345,0.07125890736342043,True,-4.5383993374066955,0.434452188373773,0.2672209026128266,True,-6.634705552882525,0.5641567236921632,0.83729216152019,True,-8.858924131058243,1.6038642246051162,1.9061757719714965,True,-9.943370189759904,2.1779931237293066,2.7790973871733966,1.81,-3.781408445418666,2.807328823447164,6.0,0.3971199728541487,5.99,41.20333333333333,-5.03250250983136,7.249323970112685,82.0,0.15378624969118018,29.596666666666668,,,,,,,False
33fc811490ade8013b17c2d299d5e9a2c12a5efa475c6c1b64e9e182809dcf6a,1330746,0xC216BfA5dA000965E820845c32e6FD88DB275743,1783825067,2026-07-12 02:57:47+00:00,78.57512758315373,78.57512758315373,100.0,7.2314384511684375,56.266666666666666,7.319705503210405,,40,True,,0.0,0.0,True,-3.380266877717175,0.1036861879239898,0.35545023696682465,True,-6.408663575130791,0.17593590897300843,0.7997630331753555,True,-6.892426136346074,1.2209673493260573,1.830568720379147,True,-8.047755341944185,1.7614694321681952,2.6481042654028437,35.43333333333333,0.003562133089318742,2.7176207977278772,58.0,0.40597340056683373,4.85,42.67666666666667,-4.322365497353831,7.3889419370364084,87.0,0.14931525597388132,33.833333333333336,,,,,,,False
670bfb8d97b8e7a6f01a983d8c9b9a27c0533c028ee1eaaa6817ca4b44403653,1330826,0xC216BfA5dA000965E820845c32e6FD88DB275743,1783826231,2026-07-12 03:17:11+00:00,80.00477689304613,80.00477689304613,100.0,7.2314384511684375,56.266666666666666,7.319705503210405,,39,True,-2.0288535864676716,0.005593296681849439,0.017772511848341232,True,-3.452684519152094,0.10792153753545645,0.3732227488151659,True,-6.410311418825487,0.17646633617697,0.8175355450236967,True,-6.892426136346074,1.2209673493260573,1.830568720379147,True,-8.047755341944185,1.7614694321681952,2.6481042654028437,35.11,0.003562133089318742,2.7176207977278772,58.0,0.40597340056683373,4.526666666666666,42.35333333333333,-4.322365497353831,7.3889419370364084,87.0,0.14931525597388132,33.51,,,,,,,False
b3d1ab59d17b0bd51d928f6779c15b2a94f1c838a2928015f923a3564246a1d8,1330843,0xC216BfA5dA000965E820845c32e6FD88DB275743,1783827251,2026-07-12 03:34:11+00:00,79.98266481653785,79.98266481653785,100.0,7.2314384511684375,56.266666666666666,7.319705503210405,,38,True,-2.1079356609061017,0.010913012887372467,0.0533175355450237,True,-3.452684519152094,0.10792153753545645,0.3732227488151659,True,-6.410311418825487,0.17646633617697,0.8175355450236967,True,-6.892426136346074,1.2209673493260573,1.830568720379147,True,-8.047755341944185,1.7614694321681952,2.6481042654028437,34.82666666666667,0.003562133089318742,2.7176207977278772,58.0,0.40597340056683373,4.243333333333333,42.07,-4.322365497353831,7.3889419370364084,87.0,0.14931525597388132,33.22666666666667,,,,,,,False
1bd2e6b687e17c0688154c18874fa0ed44d0088cc19a031c8996f8426c3271b1,1330991,0xC216BfA5dA000965E820845c32e6FD88DB275743,1783829939,2026-07-12 04:18:59+00:00,79.40844999256547,79.40844999256547,100.0,7.232786703858235,56.3,7.322594616117113,,38,True,-0.2644360191717099,0.020284008399437174,0.07104795737122559,True,0.5172645171996004,0.10293503573779411,0.3730017761989343,True,-1.804905197396467,0.1733010310988931,0.852575488454707,True,-4.9642907406119985,1.2151474966288462,1.8117229129662522,True,-6.143545294520669,1.755548825305699,2.6287744227353467,34.08,2.0745043759907045,2.677173217033958,57.0,0.41210697525469203,3.5033333333333334,41.32333333333333,-2.341007526037653,7.34849435634249,86.0,0.1501371169663476,34.08,,,,,,,False
dff9e485703865a761c3314e66b8aa983ebf9b594933ea325f918d07e25d2052,1330992,0xC216BfA5dA000965E820845c32e6FD88DB275743,1783829987,2026-07-12 04:19:47+00:00,79.43101233205401,79.43101233205401,100.0,7.232786703858235,56.3,7.322594616117113,,37,True,-0.2644360191717099,0.020284008399437174,0.07104795737122559,True,0.5172645171996004,0.10293503573779411,0.3730017761989343,True,-1.804905197396467,0.1733010310988931,0.852575488454707,True,-4.9642907406119985,1.2151474966288462,1.8117229129662522,True,-6.143545294520669,1.755548825305699,2.6287744227353467,34.06666666666667,2.0745043759907045,2.677173217033958,57.0,0.41210697525469203,3.49,41.31,-2.341007526037653,7.34849435634249,86.0,0.1501371169663476,34.06666666666667,,,,,,,False
27c9a017cd84ea3475de430a8e2cc6a382b40318ff541000a5ee19a860c8533a,1331046,0xC216BfA5dA000965E820845c32e6FD88DB275743,1783832231,2026-07-12 04:57:11+00:00,77.8351288246513,77.8351288246513,100.0,7.237677034066648,56.43333333333333,7.333073895135141,,37,True,-0.5912951947243283,0.040126094465388604,0.15948021264028353,True,0.7837731147954052,0.08259518195953627,0.3012404016538689,True,-1.5445535341043093,0.15291363265248561,0.7796810395747195,True,-4.712315781704223,1.1940561467324184,1.7365623154164207,True,-5.894696977378167,1.7340923387874165,2.5516834022445365,33.443333333333335,2.345141794768435,2.5304633107815606,53.0,0.4359999024700253,3.8866666666666667,47.733333333333334,-1.4050652598403435,7.342158471270548,85.0,0.15026667716609726,33.54666666666667,,,,,,,False
feae12b5c5a70a467b9472a49a7daeaa23743b31a2602ff682c1a083ce7b9c9c,1331062,0xC216BfA5dA000965E820845c32e6FD88DB275743,1783832783,2026-07-12 05:06:23+00:00,77.85511317385617,77.85511317385617,100.0,7.237677034066648,56.43333333333333,7.333073895135141,,37,True,-0.5912951947243283,0.040126094465388604,0.15948021264028353,True,-1.3028597495305938,0.0890361438131877,0.33668044890726523,True,-0.788542094631095,0.15490864820943626,0.8151210868281158,True,-4.712315781704223,1.1940561467324184,1.7365623154164207,True,-5.894696977378167,1.7340923387874165,2.5516834022445365,33.29,2.345141794768435,2.5304633107815606,53.0,0.4359999024700253,3.7333333333333334,47.58,-1.4050652598403435,7.342158471270548,85.0,0.15026667716609726,33.39333333333333,,,,,,,False
ee78795f44031025c79e92f97abb1bd1c5d1ae64da1f6921da2beab07c1a2d07,1331065,0xC216BfA5dA000965E820845c32e6FD88DB275743,1783833143,2026-07-12 05:12:23+00:00,77.8351288246513,77.8351288246513,100.0,7.237677034066648,56.43333333333333,7.333073895135141,,36,True,-0.5912951947243283,0.040126094465388604,0.15948021264028353,True,-1.3223737921772782,0.09017537012170193,0.3544004725339634,True,-0.788542094631095,0.15490864820943626,0.8151210868281158,True,-4.712315781704223,1.1940561467324184,1.7365623154164207,True,-5.894696977378167,1.7340923387874165,2.5516834022445365,33.19,2.345141794768435,2.5304633107815606,53.0,0.4359999024700253,3.6333333333333333,47.48,-1.4050652598403435,7.342158471270548,85.0,0.15026667716609726,33.29333333333334,,,,,,,False
081f0bbd60299c2b4b236357b58ec804ec18880754deb14168edb3222b42f7d4,1331097,0xC216BfA5dA000965E820845c32e6FD88DB275743,1783835219,2026-07-12 05:46:59+00:00,77.93751271713826,77.93751271713826,100.0,7.247357691145945,56.733333333333334,7.328080863303376,,36,True,,0.0,0.0,True,-1.204430183420313,0.05173492412480254,0.2291421856639248,True,0.6098098684543807,0.11876867264277549,0.6698002350176263,True,-4.145532923954953,1.152388690352033,1.5687426556991775,True,-7.218475163341531,1.692783362477301,2.4148061104582843,32.61333333333334,2.9539032776301877,2.2400435984026283,44.0,0.49252691219558686,9.073333333333334,52.836666666666666,-0.5910137101605817,8.028385734247202,78.0,0.13742261436173872,33.69,,,,,,,False
c392d93455621e76b275af196407ad34f50227d9478f8b810c7f5ca016aae99e,1331100,0xC216BfA5dA000965E820845c32e6FD88DB275743,1783835279,2026-07-12 05:47:59+00:00,77.9387509590294,77.9387509590294,100.0,7.247357691145945,56.733333333333334,7.325486769088215,,35,True,,0.0,0.0,True,-1.204430183420313,0.05173492412480254,0.2291421856639248,True,0.6098098684543807,0.11876867264277549,0.6698002350176263,True,-4.145532923954953,1.152388690352033,1.5687426556991775,True,-7.218475163341531,1.692783362477301,2.4148061104582843,32.596666666666664,2.9539032776301877,2.2400435984026283,44.0,0.49252691219558686,9.056666666666667,52.82,-0.5910137101605817,8.028385734247202,78.0,0.13742261436173872,33.67333333333333,,,,,,,False
89e46b7b075b22915aa687aefdd96e7b9f6c8148edfd24bc8b5cb06aa6a0556a,1331105,0xC216BfA5dA000965E820845c32e6FD88DB275743,1783835999,2026-07-12 05:59:59+00:00,77.94846776102608,77.94846776102608,100.0,7.247241556775478,56.7,7.325486769088215,,34,True,,0.0,0.0,True,-1.204430183420313,0.05173575315786254,0.2292768959435626,True,0.6098098684543807,0.11877057586690849,0.6701940035273368,True,-4.145532923954953,1.152407156955366,1.5696649029982364,True,-7.218475163341531,1.692810488705756,2.4162257495590826,32.39666666666667,2.9539032776301877,2.2400435984026283,44.0,0.49252691219558686,8.856666666666667,52.62,-0.5910137101605817,8.028385734247202,78.0,0.13742261436173872,33.473333333333336,,,,,,,False
7bdef65ed0ca7504b57735165e302acd1e6d5f4101afccb4310a59bba3a21a1e,1331118,0xC216BfA5dA000965E820845c32e6FD88DB275743,1783840607,2026-07-12 07:16:47+00:00,78.0546528904708,78.0546528904708,100.0,7.2420925785420875,56.6,7.318402962592326,,33,True,-0.19708382130442237,0.016794028795175466,0.053003533568904596,True,-1.204430183420313,0.051772536209723434,0.22968197879858657,True,0.6098098684543807,0.11885501929306931,0.6713780918727915,True,-4.145532923954953,1.1532264946402704,1.5724381625441697,True,-7.218475163341531,1.694014041997166,2.420494699646643,31.116666666666667,2.9539032776301877,2.2400435984026283,44.0,0.49252691219558686,7.576666666666667,51.34,-0.5910137101605817,8.028385734247202,78.0,0.13742261436173872,32.193333333333335,,,,,,,False
65feebce5bd840e7b32ee4dd1b6553bfd6925ea028520c523f672a4552f6120a,1331145,0xC216BfA5dA000965E820845c32e6FD88DB275743,1783840727,2026-07-12 07:18:47+00:00,78.01550343499521,78.01550343499521,100.0,7.2420925785420875,56.6,7.318402962592326,,32,True,-0.19708382130442237,0.016794028795175466,0.053003533568904596,True,-1.204430183420313,0.051772536209723434,0.22968197879858657,True,0.6098098684543807,0.11885501929306931,0.6713780918727915,True,-4.145532923954953,1.1532264946402704,1.5724381625441697,True,-7.218475163341531,1.694014041997166,2.420494699646643,31.083333333333332,2.9539032776301877,2.2400435984026283,44.0,0.49252691219558686,7.543333333333333,51.306666666666665,-0.5910137101605817,8.028385734247202,78.0,0.13742261436173872,32.16,,,,,,,False
7c240dbdb23f8134b4b0a062d694d681857e1089c5b942b9e59c38bff0b70546,1331149,0xC216BfA5dA000965E820845c32e6FD88DB275743,1783841363,2026-07-12 07:29:23+00:00,78.01941661321563,78.01941661321563,100.0,7.2420925785420875,56.6,7.318402962592326,,32,True,-0.19708382130442237,0.016794028795175466,0.053003533568904596,True,-1.204430183420313,0.051772536209723434,0.22968197879858657,True,0.6098098684543807,0.11885501929306931,0.6713780918727915,True,-4.145532923954953,1.1532264946402704,1.5724381625441697,True,-7.218475163341531,1.694014041997166,2.420494699646643,30.906666666666666,2.9539032776301877,2.2400435984026283,44.0,0.49252691219558686,7.366666666666666,51.13,-0.5910137101605817,8.028385734247202,78.0,0.13742261436173872,31.983333333333334,,,,,,,False
e02196c0013d7b7ea3983562614c6e6fc13e5dc4a37c46ea92417e61edc5d021,1331151,0xC216BfA5dA000965E820845c32e6FD88DB275743,1783841927,2026-07-12 07:38:47+00:00,78.01636239170944,78.01636239170944,100.0,7.2420925785420875,56.6,7.318402962592326,,31,True,-0.19708382130442237,0.016794028795175466,0.053003533568904596,True,-1.204430183420313,0.051772536209723434,0.22968197879858657,True,0.6098098684543807,0.11885501929306931,0.6713780918727915,True,-4.145532923954953,1.1532264946402704,1.5724381625441697,True,-7.489634913828658,1.6946277691631875,2.4381625441696113,30.75,2.9539032776301877,2.2400435984026283,44.0,0.49252691219558686,7.21,50.973333333333336,-0.5910137101605817,8.028385734247202,78.0,0.13742261436173872,31.826666666666668,,,,,,,False
0e75e2a0ffd5157b198255cc639049ebd938d0d495ac2fd76fd1c17a1907921d,1331270,0xC216BfA5dA000965E820845c32e6FD88DB275743,1783851971,2026-07-12 10:26:11+00:00,81.98624166439927,81.98624166439927,100.0,7.249700699040968,56.766666666666666,7.340358501107622,,30,True,-2.5523719500079256,0.009319551778395156,0.08807985907222549,True,-3.271369954401626,0.011663368673472905,0.14092777451556077,True,-0.7628849305321594,0.07633163587068621,0.5284791544333529,True,-7.268780855257417,1.1172277025451292,1.462125660598943,True,-9.371827797318089,1.6595954806637636,2.360540223135643,27.96,1.5492262610515395,1.9326660591884686,36.0,0.5708600052551285,9.663333333333334,48.18333333333333,-1.9473247759602463,7.7210081950330425,70.0,0.14289348344617528,30.266666666666666,,,,,,,False
4217d8de16df98c649660e4a391102ac69bfdd7399f14fd765a494b57892858d,1331375,0xC216BfA5dA000965E820845c32e6FD88DB275743,1783856111,2026-07-12 11:35:11+00:00,98.83992343321609,98.83992343321609,100.0,7.251952831075721,56.93333333333333,7.344690751718041,,31,True,,0.0,0.0,True,-1.0302441107765348,0.01056532569203567,0.08782201405152225,True,2.5470123943277523,0.07229963427097257,0.4566744730679157,True,-4.83994223320644,1.1075640840724204,1.3700234192037473,True,-6.998072691735169,1.649763427029358,2.265807962529274,26.81,4.209028267938231,1.8651020981458888,31.0,0.5915396040793252,12.54,47.03333333333333,0.620894716634135,7.653444233990464,65.0,0.14415493508201765,31.366666666666667,,,,,,,False
529e362f28dbb0ad0ecbded127239e7029987ae8f55ef3e458ffdc4e78924d28,1331395,0xC216BfA5dA000965E820845c32e6FD88DB275743,1783860551,2026-07-12 12:49:11+00:00,98.83313515588534,98.83313515588534,100.0,7.251952831075721,56.93333333333333,7.229992837188898,,31,True,,0.0,0.0,True,-0.747442414513988,0.028741158607507335,0.15807962529274006,True,3.0114055033667597,0.10505037183593294,0.5269320843091335,True,-4.83994223320644,1.1075640840724204,1.3700234192037473,True,-7.000548574271681,1.6501838888505227,2.2833723653395785,25.576666666666668,4.209028267938231,1.8651020981458888,31.0,0.5915396040793252,11.306666666666667,45.8,0.620894716634135,7.653444233990464,65.0,0.14415493508201765,30.133333333333333,,,,,,,False
7db915497a7c363ce06ba8e3a899fdef42678dac86c4114dc57acb7751b42eeb,1331536,0xC216BfA5dA000965E820845c32e6FD88DB275743,1783865423,2026-07-12 14:10:23+00:00,98.65108334898038,98.65108334898038,100.0,7.25226404928464,56.96666666666667,7.17829438172924,,30,True,-0.230531285486113,9.460142071501548e-05,0.017554125219426564,True,-0.391811036823142,0.03880207999655718,0.15798712697483908,True,3.355160477240249,0.10375846632994325,0.5090696313633704,True,-4.522387657462346,1.1062291574464305,1.3516676418958455,True,-6.690204065924443,1.64882567664604,2.2644821533060266,24.223333333333333,4.556779777730591,1.8557655518782958,30.0,0.5945157003200439,10.516666666666667,44.446666666666665,0.9566724187771714,7.644107687722871,64.0,0.14433100654464984,29.466666666666665,,,,,,,False
ed38a6a816d7e8097a9f42068413fdccfb2b9bc851d1911ae5663b37716cddf8,1331540,0xC216BfA5dA000965E820845c32e6FD88DB275743,1783865831,2026-07-12 14:17:11+00:00,98.65288797901007,98.65288797901007,100.0,7.25226404928464,56.96666666666667,7.151062242066116,,29,True,-0.230531285486113,9.460142071501548e-05,0.017554125219426564,True,-0.391811036823142,0.03880207999655718,0.15798712697483908,True,3.355160477240249,0.10375846632994325,0.5090696313633704,True,-4.522387657462346,1.1062291574464305,1.3516676418958455,True,-7.440725072730714,1.6527357304895003,2.2820362785254535,24.11,4.556779777730591,1.8557655518782958,30.0,0.5945157003200439,10.403333333333334,44.333333333333336,0.9566724187771714,7.644107687722871,64.0,0.14433100654464984,29.35333333333333,,,,,,,False
b0260ebf673709e9eadb00843f83f531d38851724baca1f798a406182427011c,1331563,0xC216BfA5dA000965E820845c32e6FD88DB275743,1783866575,2026-07-12 14:29:35+00:00,98.65179782726004,98.65179782726004,100.0,7.25226404928464,56.96666666666667,7.0763686815446105,,28,True,-0.230531285486113,9.460142071501548e-05,0.017554125219426564,True,-0.36568793791192933,0.03992784773314282,0.17554125219426564,True,3.8640582717383465,0.31847900508054044,0.5792861322410766,True,-4.869277088623491,1.1073159063668983,1.3867758923346987,True,-7.440725072730714,1.6527357304895003,2.2820362785254535,23.903333333333332,4.556779777730591,1.8557655518782958,30.0,0.5945157003200439,10.196666666666667,44.126666666666665,0.9566724187771714,7.644107687722871,64.0,0.14433100654464984,29.14666666666667,,,,,,,False
76a1ec2e49e980a5b124a4644fd912193121fdde18238416e6132570d1cfb3b2,1331565,0xC216BfA5dA000965E820845c32e6FD88DB275743,1783867643,2026-07-12 14:47:23+00:00,98.6516873402517,98.6516873402517,100.0,7.246041522609567,56.9,7.068046732823284,,27,True,-0.40658661563616194,0.0010564974946926896,0.0351493848857645,True,-0.36568793791192933,0.039962135709111835,0.1757469244288225,True,3.3189928337235663,0.3558179702098567,0.632688927943761,True,-4.869277088623491,1.1082668121467785,1.3884007029876977,True,-7.440725072730714,1.654155014679044,2.2847100175746924,23.606666666666666,4.556779777730591,1.8557655518782958,30.0,0.5945157003200439,9.9,43.83,0.9566724187771714,7.644107687722871,64.0,0.14433100654464984,28.85,,,,,,,False
e22b6c7a216105bd8ad2cd1a0e08ea46f9b45943589a5afd4a94e38264c02315,1331613,0xC216BfA5dA000965E820845c32e6FD88DB275743,1783873991,2026-07-12 16:33:11+00:00,98.80005739883416,98.80005739883416,100.0,7.244590626132248,56.9,6.805696858447823,,26,True,-0.2945874913646951,0.008230592404468247,0.0351493848857645,True,0.058920876186796534,0.04617166865553484,0.15817223198594024,True,2.0579794823531117,0.47180475526399596,0.773286467486819,True,-4.664690571857799,1.1079819879086343,1.3708260105448156,True,-7.062855080533781,1.6534295883157681,2.249560632688928,21.843333333333334,4.983629162514469,1.8481101271632197,28.0,0.5969783621056362,9.03,42.06666666666667,1.3688244915876613,7.636452263007794,62.0,0.14447569613565353,29.086666666666666,,,,,,,False
4f42f8206986d8b713b5776c20d3b2d39fb6f03b0a12f685093fe3e656f72083,1331645,0xC216BfA5dA000965E820845c32e6FD88DB275743,1783875935,2026-07-12 17:05:35+00:00,98.92473486625312,98.92473486625312,100.0,7.2448932445503385,56.9,6.759735718469999,,25,True,-1.687429723004652,0.015530474090527397,0.01757469244288225,True,0.35455283585621444,0.037939491456358346,0.12302284710017575,True,1.9699775114241147,0.7031104506531822,0.8611599297012302,True,-4.3830148941158225,1.0997054590056747,1.335676625659051,True,-6.056142141137055,1.648392551463595,2.249560632688928,21.35,6.735519033981197,2.0712155223629267,27.0,0.5326735652531558,10.863333333333333,41.526666666666664,1.6683266646214445,7.576824990426868,60.0,0.14561267524308757,35.45666666666666,,,,,,,False
425131eacba8f2d39a2834c826401f2d2c2ccf6f617e69ed57355fa492f3546c,1331650,0xC216BfA5dA000965E820845c32e6FD88DB275743,1783880675,2026-07-12 18:24:35+00:00,98.92360088914111,98.92360088914111,100.0,7.2393075705482905,56.93333333333333,6.7144134350010445,,24,True,0.006016494061333866,0.0004984427536668677,0.035128805620608904,True,-0.4848664255110213,0.027310787986851156,0.14051522248243561,True,1.345916965888616,0.7021906510696334,0.8430913348946136,True,-5.2280232751574225,1.0852790561373307,1.3173302107728337,True,-6.6194602636885485,1.6562198270220716,2.3185011709601877,20.033333333333335,6.437799469945937,1.9430136197945183,25.0,0.5678198780826942,9.806666666666667,40.21,1.3847411237936758,7.44862308785846,58.0,0.1481188863621156,39.12,,,,,,,False
ebb86bf16211187d637fc6950e5490cdbb5d9443727c1be3949b28af6eaa9fe8,1331676,0xC216BfA5dA000965E820845c32e6FD88DB275743,1783884299,2026-07-12 19:24:59+00:00,98.9477692040228,98.9477692040228,100.0,7.238930513067681,56.96666666666667,6.5373175117140105,,23,True,0.05075424890277347,0.012498298505910908,0.03510825043885313,True,-1.7343827792886013,0.028948953240445337,0.1404330017554125,True,1.3540750981755334,0.7304602324391569,0.8425980105324751,True,-5.233724882472024,1.0848371168470357,1.2814511410181393,True,-5.42001216849588,1.6733358452824123,2.334698654183733,19.026666666666667,6.431396031324321,1.939405239394413,23.0,0.5688763412071847,9.66,39.20333333333333,1.3786416838373006,7.445014707458354,56.0,0.14819067524466797,39.20666666666666,,,,,,,False
eb4fdfa7329e0d296b164cee7bce7c813dff0df61fec8d1684375b4bac270e08,1331702,0xC216BfA5dA000965E820845c32e6FD88DB275743,1783884347,2026-07-12 19:25:47+00:00,98.94494696757978,98.94494696757978,100.0,7.238930513067681,56.96666666666667,6.5373175117140105,,22,True,0.05075424890277347,0.012498298505910908,0.03510825043885313,True,-1.7343827792886013,0.028948953240445337,0.1404330017554125,True,1.3540750981755334,0.7304602324391569,0.8425980105324751,True,-5.233724882472024,1.0848371168470357,1.2814511410181393,True,-5.42001216849588,1.6733358452824123,2.334698654183733,19.013333333333332,6.431396031324321,1.939405239394413,23.0,0.5688763412071847,9.646666666666667,39.19,1.3786416838373006,7.445014707458354,56.0,0.14819067524466797,39.193333333333335,,,,,,,False
8b31ead682425aa48d356e0df4026054c378be7409352a255f8e7e7ff79e0d11,1331704,0xC216BfA5dA000965E820845c32e6FD88DB275743,1783885823,2026-07-12 19:50:23+00:00,98.94491830897068,98.94491830897068,100.0,7.238930513067681,56.96666666666667,6.5373175117140105,,21,True,0.05075424890277347,0.012498298505910908,0.03510825043885313,True,-1.7384029620429065,0.02919236074902355,0.15798712697483908,True,1.1290560035745578,0.7343477132753186,0.8601521357519016,True,-5.233724882472024,1.0848371168470357,1.2814511410181393,True,-5.323354418926229,1.6738235609785617,2.35225277940316,18.60333333333333,6.431396031324321,1.939405239394413,23.0,0.5688763412071847,9.236666666666666,38.78,1.3786416838373006,7.445014707458354,56.0,0.14819067524466797,38.78333333333333,,,,,,,False
08ebcc2052eb544bcfb5ad325c4e5bd3427cb43ec6fc5de6cd492d067e73c57b,1331725,0xC216BfA5dA000965E820845c32e6FD88DB275743,1783886843,2026-07-12 20:07:23+00:00,98.9445514802404,98.9445514802404,100.0,7.2416741780520795,57.0,6.497108158388788,,20,True,0.0262258547044647,0.0011274140044340824,0.017543859649122806,True,-1.7624927273305113,0.017815151340778254,0.14035087719298245,True,1.1042632534430608,0.7227033405010173,0.8421052631578947,True,-5.256957736339441,1.0730599535770093,1.263157894736842,True,-5.479627149190502,1.6634190468288648,2.3684210526315788,18.32,6.405303362093262,1.8570952898624309,22.0,0.5940900085888787,9.103333333333333,38.49666666666667,1.3537877454019576,7.3627047579263705,55.0,0.14984734455323528,41.42333333333333,,,,,,,False
2915caaa8d8365382876d16e3a4916c9131ada32df0c9344b94cf61152590039,1331730,0xC216BfA5dA000965E820845c32e6FD88DB275743,1783890275,2026-07-12 21:04:35+00:00,98.9277733955632,98.9277733955632,100.0,7.241946323548209,57.03333333333333,6.276973492043699,,19,True,0.01784790168981587,0.00726088894065456,0.017533606078316773,True,-1.7882495982935565,0.01668711022695206,0.12273524254821742,True,1.0777547483442396,0.7215488103554606,0.8240794856808884,True,-5.281798394271231,1.071892257361169,1.244886031560491,True,-4.705948219324818,1.6645742167235618,2.402104032729398,17.366666666666667,6.37740497842525,1.8489309249785464,21.0,0.5967133448847146,14.366666666666667,37.54333333333334,1.327213817530093,7.354540393042487,54.0,0.15001369191587552,41.01,,,,,,,False
b0c0d110631b49e689d675b9a5eecb315a790267cb276bf932c05d6d626ef56c,1331753,0xC216BfA5dA000965E820845c32e6FD88DB275743,1783892111,2026-07-12 21:35:11+00:00,98.92853730915944,98.92853730915944,100.0,7.241946323548209,57.03333333333333,6.259973932661765,,19,True,,0.0,0.0,True,-1.7899787926808353,0.009955878854429554,0.12273524254821742,True,2.697511591772228,0.7158364163328844,0.8240794856808884,True,-5.281798394271231,1.0646313684205144,1.2273524254821742,True,-4.705948219324818,1.657313327782907,2.384570426651081,16.866666666666667,4.420191549681007,1.9201467559794385,21.0,0.5745819965422226,14.016666666666667,37.03333333333333,1.327213817530093,7.301957425073022,53.0,0.15109397281835077,43.86666666666667,,,,,,,False
e636a51ef507f77a35faec7e2ad67e346740d7f45ed01ce31342b74975bb5e2c,1331756,0xC216BfA5dA000965E820845c32e6FD88DB275743,1783892867,2026-07-12 21:47:47+00:00,98.91827253747142,98.91827253747142,100.0,7.243699089147193,57.06666666666667,6.2637298589452985,,19,True,,0.0,0.0,True,-1.8075040928171249,0.009953469819798362,0.12266355140186916,True,0.38312849135586635,0.8538367417558117,0.8411214953271028,True,-5.2987005890890675,1.0643737584321367,1.2266355140186915,True,-4.722953172975464,1.65691230590832,2.3831775700934577,16.656666666666666,4.401558062235433,1.9201467559794385,21.0,0.5745819965422226,13.806666666666667,36.82333333333333,1.3091322632009517,7.301957425073022,53.0,0.15109397281835077,43.656666666666666,,,,,,,False
919353dd1400b611ef399041c54d27f7897017373c6c64f1403f6d41d1fb957d,1331762,0xC216BfA5dA000965E820845c32e6FD88DB275743,1783893887,2026-07-12 22:04:47+00:00,98.91740496351312,98.91740496351312,100.0,7.243699089147193,57.06666666666667,6.26335631646571,,18,True,,0.0,0.0,True,0.2590846627642751,0.010326215557721431,0.14018691588785046,True,0.38312849135586635,0.8538367417558117,0.8411214953271028,True,-5.7730264307132355,1.0667980753387603,1.2441588785046729,True,-4.722953172975464,1.65691230590832,2.3831775700934577,16.373333333333335,4.401558062235433,1.9201467559794385,21.0,0.5745819965422226,13.523333333333333,36.54,1.3091322632009517,7.301957425073022,53.0,0.15109397281835077,43.373333333333335,,,,,,,False
bc93202494002bd75b663cb1972af6116030939b75ccc9e9a8b7204411bd9769,1331768,0xC216BfA5dA000965E820845c32e6FD88DB275743,1783894187,2026-07-12 22:09:47+00:00,98.9236789874784,98.9236789874784,100.0,7.243699089147193,57.06666666666667,6.26335631646571,,17,True,,0.0,0.0,True,0.2590846627642751,0.010326215557721431,0.14018691588785046,True,0.38312849135586635,0.8538367417558117,0.8411214953271028,True,-5.7730264307132355,1.0667980753387603,1.2441588785046729,True,-4.722953172975464,1.65691230590832,2.3831775700934577,16.29,4.401558062235433,1.9201467559794385,21.0,0.5745819965422226,13.44,36.45666666666666,1.3091322632009517,7.301957425073022,53.0,0.15109397281835077,43.29,,,,,,,False
d367d27c47460d83e72c84060d7c0ddaab3b0b91f205ac6d823d631734f4a93a,1331774,0xC216BfA5dA000965E820845c32e6FD88DB275743,1783894739,2026-07-12 22:18:59+00:00,98.9263115995602,98.9263115995602,100.0,7.243699089147193,57.06666666666667,6.26335631646571,,16,True,0.01897816462512747,0.00165389738373608,0.017523364485981307,True,0.9341850564218213,0.012409607934455124,0.17523364485981308,True,0.38312849135586635,0.8538367417558117,0.8411214953271028,True,-5.7730264307132355,1.0667980753387603,1.2441588785046729,True,-4.722953172975464,1.65691230590832,2.3831775700934577,16.136666666666667,4.401558062235433,1.9201467559794385,21.0,0.5745819965422226,13.286666666666667,36.303333333333335,1.3091322632009517,7.301957425073022,53.0,0.15109397281835077,43.13666666666666,,,,,,,False
c43dafe333b52c1b23b379a361bd5bcd6de0727218e585fb5ed54aedc06f5109,1331775,0xC216BfA5dA000965E820845c32e6FD88DB275743,1783895219,2026-07-12 22:26:59+00:00,98.9261876393456,98.9261876393456,100.0,7.243699089147193,57.06666666666667,6.241361894775386,,15,True,0.01897816462512747,0.00165389738373608,0.017523364485981307,True,0.9341850564218213,0.012409607934455124,0.17523364485981308,True,0.38312849135586635,0.8538367417558117,0.8411214953271028,True,-5.7730264307132355,1.0667980753387603,1.2441588785046729,True,-4.722953172975464,1.65691230590832,2.3831775700934577,16.003333333333334,4.401558062235433,1.9201467559794385,21.0,0.5745819965422226,13.153333333333334,36.17,1.3091322632009517,7.301957425073022,53.0,0.15109397281835077,43.00333333333333,,,,,,,False
6aea91fa77a328a1b7273724aed956bd001f187ab9314f8271eec0c8700b4e83,1331781,0xC216BfA5dA000965E820845c32e6FD88DB275743,1783895879,2026-07-12 22:37:59+00:00,98.92375572082558,98.92375572082558,100.0,7.243699089147193,57.06666666666667,6.241361894775386,,14,True,0.01897816462512747,0.00165389738373608,0.017523364485981307,True,0.9341850564218213,0.012409607934455124,0.17523364485981308,True,0.38312849135586635,0.8538367417558117,0.8411214953271028,True,-5.7730264307132355,1.0667980753387603,1.2441588785046729,True,-4.722953172975464,1.65691230590832,2.3831775700934577,15.82,4.401558062235433,1.9201467559794385,21.0,0.5745819965422226,12.97,35.986666666666665,1.3091322632009517,7.301957425073022,53.0,0.15109397281835077,42.82,,,,,,,False
122040c02d08c3e592cd29698c80a9a1f9ff8a0e75a11cf4f90fc63dba940aff,1331783,0xC216BfA5dA000965E820845c32e6FD88DB275743,1783898927,2026-07-12 23:28:47+00:00,98.92507201139364,98.92507201139364,100.0,7.240057026219778,57.0,6.205894103417401,,14,True,-0.5779494847516831,0.005395702869718769,0.03508771929824561,True,2.5134537263923784,0.016899094655667933,0.21052631578947367,True,0.36408123079541,0.8526115293304435,0.8245614035087719,True,-3.879842881663609,1.0673374372160183,1.2456140350877194,True,-6.401616611884764,1.6563822676901836,2.3859649122807016,14.973333333333333,4.381748322200263,1.9081664210073266,20.0,0.5781894831386416,13.213333333333333,35.14,1.289909297465841,7.28997709010091,52.0,0.1513422803760095,41.973333333333336,,,,,,,False
e42453ab73c6e7614d0f7cf3c35a903951768ff33fa1ba9c917bb133952c47fb,1331806,0xC216BfA5dA000965E820845c32e6FD88DB275743,1783899983,2026-07-12 23:46:23+00:00,98.91989984773424,98.91989984773424,100.0,7.236948764385344,56.96666666666667,6.205894103417401,,13,True,0.06105408712815397,0.005979918010160788,0.05266237565827969,True,2.5134537263923784,0.01690635279893588,0.21064950263311877,True,0.36408123079541,0.8529777250798534,0.8250438853130485,True,-3.879842881663609,1.0677958575155908,1.2463428905792862,True,-4.49928512987251,1.6583036967010292,2.404915155061439,14.68,4.381748322200263,1.9081664210073266,20.0,0.5781894831386416,12.92,34.846666666666664,1.289909297465841,7.28997709010091,52.0,0.1513422803760095,41.68,,,,,,,False
8c6b8de034592960dc1dea04948584bf52de931d6ed024be4deab8618f543779,1331810,0xC216BfA5dA000965E820845c32e6FD88DB275743,1783900379,2026-07-12 23:52:59+00:00,98.91988209735482,98.91988209735482,100.0,7.236948764385344,56.96666666666667,6.205894103417401,,12,True,0.06105408712815397,0.005979918010160788,0.05266237565827969,True,2.5134537263923784,0.01690635279893588,0.21064950263311877,True,0.36408123079541,0.8529777250798534,0.8250438853130485,True,-5.789959696408364,1.068222878970793,1.2638970157987126,True,-4.49928512987251,1.6583036967010292,2.404915155061439,14.57,4.381748322200263,1.9081664210073266,20.0,0.5781894831386416,12.81,34.736666666666665,1.289909297465841,7.28997709010091,52.0,0.1513422803760095,41.57,,,,,,,False
4b8db0882d6bc3745a5c18f8d2e950943c168cf3083860ac6bf50fc6854534e5,1331819,0xC216BfA5dA000965E820845c32e6FD88DB275743,1783902287,2026-07-13 00:24:47+00:00,98.92478974831462,98.92478974831462,100.0,7.238250937601121,57.03333333333333,6.208684474594065,,11,True,-1.249663407045809,0.0021354118883320275,0.03506721215663355,True,3.109373821122241,0.011506262112656495,0.17533606078316774,True,0.947506826368083,0.8474272237823854,0.7890122735242548,True,-5.24230810433478,1.062633654717097,1.2273524254821742,True,-3.944130728343209,1.6526083159403793,2.3670368205727645,14.04,4.988528984514651,1.869101224534025,18.0,0.5902739467627232,12.383333333333333,34.20666666666666,1.8787168163777457,7.250911893627608,50.0,0.15215765587695887,46.69,,,,,,,False
ef4abd96980440236c60ab25ae1c86ccc3b5db0d4cb217f00900cd598e5c2f32,1331861,0xC216BfA5dA000965E820845c32e6FD88DB275743,1783914299,2026-07-13 03:44:59+00:00,98.86312474305346,98.86312474305346,100.0,7.238952751228524,57.166666666666664,5.985968112559102,,11,True,2.7921575105194885,0.0024577485218341124,0.052478134110787174,True,4.420310280455042,0.008596658362294878,0.10495626822157435,True,1.4260769856089484,0.8476366876218939,0.7346938775510204,True,-1.4189233193502293,1.0617006591607043,1.1895043731778425,True,-4.672511571768623,1.657324479848565,2.309037900874636,10.703333333333333,6.323357093317705,1.848046815711911,14.0,0.5969988137339084,10.716666666666667,30.873333333333335,3.624067585761215,7.239915756844292,47.0,0.15238875613459238,52.47666666666667,,,,,,,False
1fa1558885738ebab712099f6ace0ebf10487ce40f8a52f97a964408c8f85e22,1332022,0xC216BfA5dA000965E820845c32e6FD88DB275743,1783917707,2026-07-13 04:41:47+00:00,99.24296944644232,99.24296944644232,100.0,7.239545802075989,57.266666666666666,5.916660764250065,,10,True,1.5839270323408927,0.006138406951773694,0.05238649592549476,True,1.5839270323408927,0.006138406951773694,0.05238649592549476,True,0.141676544336522,0.8612997492519352,0.7159487776484285,True,-5.8581235115575225,1.0592361116475126,1.1525029103608848,True,-7.277842070294072,1.6547537704630988,2.270081490104773,9.756666666666666,3.435281122917222,1.830255290287952,11.0,0.6028021132129385,9.996666666666666,32.85,-1.7389354252325462,7.254513244076663,45.0,0.1520821204104316,57.65,,,,,,,False
9aaa93f3317496521e11faacaf55d2d993428697a86b7f5ff25ee201bb598d61,1332041,0xC216BfA5dA000965E820845c32e6FD88DB275743,1783918967,2026-07-13 05:02:47+00:00,98.92642862525196,98.92642862525196,100.0,7.239792652314006,57.266666666666666,5.917256750175637,,10,True,1.1436535584646856,0.004889442359241077,0.034924330616996506,True,1.1436535584646856,0.004889442359241077,0.034924330616996506,True,-0.2923460919209475,0.8600216268104106,0.6984866123399301,True,-6.266142498513949,1.0579512403057756,1.1350407450523865,True,-7.679707874950481,1.6534485941647308,2.252619324796275,9.406666666666666,2.986983721234271,1.8212145608751513,10.0,0.6057944958306153,9.75,32.5,-2.164807327520135,7.245472514663862,44.0,0.15227188488698892,59.45333333333333,,,,,,,False
100e9e062dae5b10f5a63249cd3160af56e639a15409c550e3940522a2656bf4,1332056,0xC216BfA5dA000965E820845c32e6FD88DB275743,1783920611,2026-07-13 05:30:11+00:00,82.86286856864429,82.86286856864429,100.0,7.231100708594856,57.2,5.8949895604663824,,9,True,,0.0,0.0,True,0.6978398600676172,0.005323668705552366,0.01748251748251748,True,-1.4197624861905678,0.8561600723370135,0.6643356643356643,True,-7.3260118616295555,1.0543276016255867,1.1013986013986012,True,-8.723593743145674,1.6505407565352026,2.22027972027972,8.963333333333333,1.6519179050363597,1.833212832377062,9.0,0.6018296060442427,9.603333333333333,32.583333333333336,-3.634315035101743,7.252294386626056,44.0,0.1521286503122788,64.31,,,,,,,False
4421f27a88911ea37304c38b8108a377c4bf1ff1f4b562618a4a781b05922d91,1332074,0xC216BfA5dA000965E820845c32e6FD88DB275743,1783927439,2026-07-13 07:23:59+00:00,82.92509674950477,82.92509674950477,100.0,7.219094857064833,57.06666666666667,5.598227914104484,,8,True,,0.0,0.0,True,1.1538588296530872,0.03823232607658166,0.08761682242990654,True,-1.4197624861905678,0.8575839254540498,0.6658878504672897,True,-7.326779363097035,1.056383508692327,1.139018691588785,True,-8.747611256205767,1.6652485273087787,2.2429906542056073,7.066666666666666,1.6519179050363597,1.833212832377062,9.0,0.6018296060442427,7.706666666666667,30.68,-1.6124334176225275,7.230073965797515,43.0,0.15259619222761853,62.413333333333334,,,,,,,False
70ff258af678189fcd41a6772441382789a685f8cb46dac31db383203ed756ef,1332159,0xC216BfA5dA000965E820845c32e6FD88DB275743,1783938575,2026-07-13 10:29:35+00:00,82.85014796747384,82.85014796747384,100.0,7.214722219344089,56.93333333333333,5.363381459568463,,7,True,0.6978398600676172,0.005335754222917782,0.017564402810304452,True,-0.5218104774683652,0.4087761989695675,0.38641686182669793,True,-1.3962998914234026,0.8581500776372459,0.6850117096018736,True,-7.326449863098894,1.057250844713241,1.1768149882903982,True,-8.747611256205767,1.6662577870284945,2.24824355971897,3.973333333333333,1.6519179050363597,1.833212832377062,9.0,0.6018296060442427,4.613333333333333,27.586666666666666,-1.6124334176225275,7.230073965797515,43.0,0.15259619222761853,55.583333333333336,,,,,,,False
cd6f8cf7ed9a5e752b57d30191c1ffc30e0b905c49713b5804eb3b0df6d56f5d,1332314,0xC216BfA5dA000965E820845c32e6FD88DB275743,1783941671,2026-07-13 11:21:11+00:00,82.86969313154331,82.86969313154331,100.0,7.212605169583616,56.9,5.340894337113856,,7,True,0.7986480614447844,0.013854657672124427,0.0351493848857645,True,-1.2313820539190945,0.6658312186216344,0.5272407732864675,True,-0.7625362274401026,0.9951584461340413,0.7205623901581723,True,-7.326449863098894,1.0575611698447203,1.1775043936731107,True,-8.747611256205767,1.6667468683751057,2.249560632688928,3.1133333333333333,1.6519179050363597,1.833212832377062,9.0,0.6018296060442427,3.7533333333333334,26.726666666666667,-1.6124334176225275,7.230073965797515,43.0,0.15259619222761853,54.723333333333336,,,,,,,False
8eb19b0844ac8bf4d32f70a002eb4e8bed1d36744edf30016fae39f124c9e444,1332340,0xC216BfA5dA000965E820845c32e6FD88DB275743,1783946219,2026-07-13 12:36:59+00:00,81.48944507070063,81.48944507070063,100.0,7.205266352738784,56.766666666666666,5.3309335895039585,,7,True,0.352396361498597,0.024436933263039324,0.052847915443335294,True,-0.02947687229182261,0.6684318837765595,0.5108631826189078,True,-1.5488147102262873,0.982303280835981,0.6870229007633588,True,-8.07958100410957,1.0560237484324642,1.1626541397533765,True,-9.691072911048204,1.6556396919651781,2.237228420434527,1.8866666666666667,0.5320794638373316,1.953553638902615,9.0,0.5647563162506727,2.73,36.516666666666666,-5.528325998975758,7.2053340946483395,48.0,0.15312013880441502,58.71666666666667,,,,,,,False
677d1497535b5ef208947d6a6251680528d429bb550faac220d9df0690c802ab,1332592,0xC216BfA5dA000965E820845c32e6FD88DB275743,1783977767,2026-07-13 21:22:47+00:00,98.88861646997776,98.88861646997776,100.0,6.947659351663239,54.96666666666667,5.395375628381326,,7,True,-2.2361465070922293,0.14406111099467112,0.018192844147968464,True,-3.0058565457014796,0.14739539128400958,0.03638568829593693,True,-3.377365690080858,0.3197049173263243,0.2183141297756216,True,-5.509886287883859,0.38397947708727725,0.6731352334748332,True,-9.303833340515899,1.0206218476668794,1.873862947240752,13.24,-1.3343047489691173,2.117908521549164,6.0,0.47258298213985844,25.723333333333333,152.76,-8.877609271995269,6.971868919676366,94.0,0.23370873770700998,106.86333333333333,,,,,,,False
0c6c21d958b1275dd413d62aba5206e5ecd1255df0f6ee2963f35e59faf271bd,1332615,0xC216BfA5dA000965E820845c32e6FD88DB275743,1783978739,2026-07-13 21:38:59+00:00,98.89639270963576,98.89639270963576,100.0,6.9810222691636765,55.0,5.466867594453693,,7,True,,0.0,0.0,True,-0.7873155681870525,0.0033183454714955647,0.01818181818181818,True,-3.8998206690657122,0.17894536166399957,0.21818181818181817,True,-3.3486198260680444,0.238771775185692,0.6545454545454545,True,-7.229345592373148,0.8723715760573085,1.8545454545454545,80.26666666666667,-5.4119642338891545,2.4002506540952093,37.0,0.4067542890886627,25.776666666666667,,,,,,107.41666666666667,,,,,,,False
45936ca2ecdc026574214684022777e5e5eca5f226667968df12789a216937c8,1332643,0xC216BfA5dA000965E820845c32e6FD88DB275743,1783984331,2026-07-13 23:12:11+00:00,98.68471357111774,98.68471357111774,100.0,6.9810222691636765,55.0,5.466403308739406,,6,True,,0.0,0.0,True,0.6914076508064637,0.020107946339107282,0.05454545454545454,True,-2.7363940796697794,0.1790607679730334,0.23636363636363636,True,-3.3486198260680444,0.238771775185692,0.6545454545454545,True,-7.824287638014971,0.8725672122660204,1.8727272727272728,78.71333333333334,-5.4119642338891545,2.4002506540952093,37.0,0.4067542890886627,24.223333333333333,,,,,,105.86333333333333,,,,,,,False
0456c8465f3f58deb53abbccd03b6c28a62022d573f79dc9e59fb83f407dead5,1332795,0xC216BfA5dA000965E820845c32e6FD88DB275743,1783999451,2026-07-14 03:24:11+00:00,99.2131075537015,99.2131075537015,100.0,6.925110062482058,54.36666666666667,5.442737499006652,,6,True,,0.0,0.0,True,1.4904578254908651,0.01692515736062655,0.03678724708767627,True,-1.9139195950343635,0.2046527555635699,0.27590435315757206,True,-2.5816298314570107,0.2373544422190227,0.6437768240343348,True,-7.76569356185165,0.8798900841869652,1.894543225015328,74.51333333333334,-4.661348185655168,2.377085210461921,36.0,0.4107182376736823,21.73,,,,,,102.1,,,,,,,False
2a59e33064a04fd7a775137a67dea59fb3d238cf980b899b2b635a9486868e44,1332817,0xC216BfA5dA000965E820845c32e6FD88DB275743,1784005187,2026-07-14 04:59:47+00:00,99.215948267355,99.215948267355,100.0,6.865735756996288,53.96666666666667,5.444857648046406,,6,True,,0.0,0.0,True,0.666691697368238,0.14371442221453337,0.055589870290302656,True,-3.354381774864923,0.189351050686161,0.24088943792464484,True,-4.012286222956729,0.22233553877792045,0.6114885731933292,True,-9.597702253379726,0.8704834543644538,1.8900555898702902,72.92,-6.061462469431211,2.2598766329147537,34.0,0.43202015287970036,27.23,,,,,,101.50666666666666,,,,,,,False
a67cb75f0de1bcd0a07a6f76019afc1f5dfc50d4ca8ac096834acdade5aec8d5,1332896,0xC216BfA5dA000965E820845c32e6FD88DB275743,1784025431,2026-07-14 10:37:11+00:00,99.22700392114706,99.22700392114706,100.0,6.767196269880842,53.233333333333334,5.411009436041745,,5,True,0.642738217009553,0.001486327814011388,0.01878522229179712,True,-2.2697070609053904,0.012511489566292753,0.07514088916718847,True,-5.232673902572738,0.05594019236314827,0.24420788979336255,True,-3.6028271759186548,0.43696546687286114,0.6762680025046963,True,-9.619213337403076,0.7388380953868995,1.878522229179712,68.74,-3.962747410534395,2.9126163422354665,33.0,0.5594237253457576,27.69,,,,,,101.86,,,,,,,False
17c3b65584af55458776fddb32c864647b8f1c6ad4f414890c2e012f7d9fc6b2,1333050,0xC216BfA5dA000965E820845c32e6FD88DB275743,1784032319,2026-07-14 12:31:59+00:00,98.73535085391504,98.73535085391504,100.0,6.790714054922859,53.2,5.390607690509802,,5,True,,0.0,0.0,True,-2.4960176685167146,0.013729640843794397,0.09398496240601503,True,-5.8378897709574495,0.05426527844893947,0.22556390977443608,True,-4.218451791100675,0.43397097589664974,0.6578947368421052,True,-10.196415296536776,0.7347981509384844,1.8609022556390977,66.82666666666667,-4.576073454612716,2.9025580701966684,32.0,0.5613623036199571,25.813333333333333,,,,,,100.12666666666667,,,,,,,False
8139780675685256fb000551fa10686705de37a027819a4467689b612765514e,1333437,0xC216BfA5dA000965E820845c32e6FD88DB275743,1784063135,2026-07-14 21:05:35+00:00,99.19127161882408,99.19127161882408,100.0,6.704257122644994,52.666666666666664,5.3641348334579515,,5,True,-2.7647722518456153,0.00431192011124524,0.0189873417721519,True,-1.5367835744007907,0.03282913570483382,0.0949367088607595,True,-4.545886381953402,0.045456708585781734,0.2088607594936709,True,-1.5040446624942971,0.451425212314368,0.7025316455696203,True,-6.268467678140766,0.7836475671176922,1.9177215189873418,58.266666666666666,-2.133303416289656,2.809324005149671,27.0,0.5799924400637052,26.75,,,,,,104.58333333333333,,,,,,,False
1a6e245f0bf56b3f8721ccf3c3775ff4922c49ad0222d7f5fdadec5dee909fdd,1333468,0xC216BfA5dA000965E820845c32e6FD88DB275743,1784064935,2026-07-14 21:35:35+00:00,99.04853633685116,99.04853633685116,100.0,6.705220730015598,52.7,5.347588714869819,,4,True,,0.0,0.0,True,1.2629051279906545,0.02851311738411248,0.07590132827324478,True,-1.8317580689181767,0.0411388755563743,0.18975332068311193,True,1.3507789880196963,0.48211793302894884,0.7020872865275142,True,-3.5874235881842242,0.7878387411345609,1.954459203036053,57.766666666666666,0.6494239281173986,2.780415784031579,26.0,0.5860226711537734,27.05666666666667,,,,,,106.05,,,,,,,False
ec7f268ad3b9625ed8859d72f1554d3dfdc0ec5234591b7b68b0de16afaa2f20,1333491,0xC216BfA5dA000965E820845c32e6FD88DB275743,1784083715,2026-07-15 02:48:35+00:00,99.04951473442738,99.04951473442738,100.0,6.696253872301942,52.733333333333334,5.189409696504119,,4,True,,0.0,0.0,True,0.061472435264264824,0.006791409177018936,0.018963337547408345,True,-0.9084665867286068,0.019765696069154255,0.20859671302149177,True,-1.9543097007802324,0.45665944220639776,0.6826801517067004,True,-5.45939620633169,0.794023880746243,2.0859671302149176,52.55,-0.6058301399686772,2.58922903827026,22.0,0.6292941491822656,27.753333333333334,,,,,,102.74,,,,,,,False
fd43322b32faa3488e10e9ceb5aef5f6a26f7e022d319f4d560382e53441bae3,1333709,0xC216BfA5dA000965E820845c32e6FD88DB275743,1784088251,2026-07-15 04:04:11+00:00,99.01524705781,99.01524705781,100.0,6.688338645999865,52.63333333333333,5.084839865113897,,3,True,,0.0,0.0,True,-1.9201460544293392,0.008248828304186337,0.03799873337555415,True,-0.9084665867286068,0.019789087521902986,0.20899303356554783,True,-1.9543097007802324,0.4571998698102252,0.6839772007599747,True,-5.457772908587877,0.7955224923871431,2.1089297023432554,51.29,-0.6058301399686772,2.58922903827026,22.0,0.6292941491822656,26.493333333333332,,,,,,101.48,,,,,,,False
7286574a2c52cff219efb821cd4e09ba7cceea1f1e9c083c7a15de7cbb97261f,1333780,0xC216BfA5dA000965E820845c32e6FD88DB275743,1784112995,2026-07-15 10:56:35+00:00,99.01032854135896,99.01032854135896,100.0,6.659940327569708,52.1,5.0118300915315,,2,True,,0.0,0.0,True,-0.5550238527168405,0.0017816074677188185,0.05758157389635316,True,-0.8245999173498553,0.012250292729574145,0.2687140115163148,True,-0.9561901514340887,0.4543358500414726,0.7485604606525912,True,-3.6118083149748403,0.7968743756451611,2.2072936660268714,44.416666666666664,1.340046769635328,2.534058081139153,20.0,0.6429950034704134,22.116666666666667,,,,,,99.26666666666667,,,,,,,False
ff1e22d9dddbb9b5645a2c0608aa6a9c5b71938f54cf66e4c447953c39db564b,1334023,0xC216BfA5dA000965E820845c32e6FD88DB275743,1784120123,2026-07-15 12:55:23+00:00,99.00195251463506,99.00195251463506,100.0,6.624835607835903,51.733333333333334,4.9793860472744536,,1,True,,0.0,0.0,True,-1.1581602722960826,0.004451059625212244,0.07731958762886598,True,-0.8449441645063893,0.024555419221449208,0.2899484536082474,True,-1.1179643607686973,0.4627267345438938,0.7731958762886598,True,-3.6118083149748403,0.8010969787822089,2.222938144329897,42.43666666666667,1.340046769635328,2.534058081139153,20.0,0.6429950034704134,19.903333333333332,,,,,,95.39333333333333,,,,,,,False
3b920cf6f78c0760db79b534d9b3d2da6aa6c1bf8b964a1fa4f4ee4f2e9e73b7,1334640,0xC216BfA5dA000965E820845c32e6FD88DB275743,1784161235,2026-07-16 00:20:35+00:00,98.8565090510816,98.8565090510816,100.0,6.49024164258623,51.03333333333333,4.59050065523352,,5,True,2.7288090988212943,0.0023182910099019383,0.039190071848465055,True,0.8420181548408401,0.0024074962087785572,0.05878510777269758,True,2.96489566914222,0.01681800699250958,0.21554539516655782,True,2.3842208316922076,0.5841535498362107,0.7250163291966035,True,-2.1722200420839832,0.8116426813206833,2.155453951665578,31.016666666666666,3.0425541857590943,2.471919188280541,13.0,0.6591585568012419,31.016666666666666,,,,,,89.22,,,,,,,False
4c639f98d1a14981e30443d915bb0b6ae8a07a171614734519a3a6a6d70f0760,1334772,0xC216BfA5dA000965E820845c32e6FD88DB275743,1784209751,2026-07-16 13:49:11+00:00,99.10115402629398,99.10115402629398,100.0,6.426016750517561,50.333333333333336,4.475457579397007,,9,True,,0.0,0.0,True,2.067081728409792,0.0003154775196385055,0.01986754966887417,True,1.9793155729824763,0.39814935616074826,0.21854304635761587,True,-1.437700692153121,0.5870475848869964,0.7350993377483444,True,-3.924268186179025,0.8819649040952343,2.225165562913907,17.54,2.2036102100197352,2.371382465515558,5.0,0.6871041294985947,26.826666666666668,,,,,,78.04666666666667,,,,,,,False
9b10e6d9ce54c2e599e13240e5e91bce88ecd07a9da77b7f31c59249547cb209,1335327,0xC216BfA5dA000965E820845c32e6FD88DB275743,1784234231,2026-07-16 20:37:11+00:00,99.28155610033,99.28155610033,100.0,6.4152568347354615,50.266666666666666,4.274399282894012,,8,True,0.0013208518999663355,0.0006235136180896089,0.01989389920424403,True,0.0013208518999663355,0.0006235136180896089,0.01989389920424403,True,0.7202129869687157,0.402776227884173,0.25862068965517243,True,-2.3750845218727057,0.6455510046817939,1.0145888594164456,True,-6.273023974946024,1.2900671055011215,2.7851458885941645,10.74,0.07674417153351598,2.3667662589524494,3.0,0.6884442764523265,22.126666666666665,162.40333333333334,-3.263832869452621,6.4695289820710915,116.0,0.2518555352625815,71.82333333333334,,,,,,,False
8ec0d8985eacf98c7029cb95fd6499a87e4af950d5ab2d2fa99306a2035ca280,1335338,0xC216BfA5dA000965E820845c32e6FD88DB275743,1784238407,2026-07-16 21:46:47+00:00,99.27861324555808,99.27861324555808,100.0,6.4134098083029425,50.233333333333334,4.253315587072487,,7,True,,0.0,0.0,True,,0.0,0.0,True,0.7727775697664363,0.43893306648429276,0.258792302587923,True,-1.7981881337769123,0.6471388507523214,1.035169210351692,True,-6.274261953137783,1.289814944481515,2.7670869276708694,9.58,0.07542232341635202,2.3627662589524494,2.0,0.6896097650381633,23.63,161.24333333333334,-3.2651105940772807,6.465528982071091,115.0,0.2520113496041217,70.85666666666667,,,,,,,False
ca60ef078e9100f83c0a29cd6bf3dbaceac261836df6736f0b3e48ca6d3c12c1,1335357,0xC216BfA5dA000965E820845c32e6FD88DB275743,1784239799,2026-07-16 22:09:59+00:00,99.2755292564634,99.2755292564634,100.0,6.4134098083029425,50.233333333333334,4.253315587072487,,7,True,,0.0,0.0,True,,0.0,0.0,True,0.7727775697664363,0.43893306648429276,0.258792302587923,True,-1.7981881337769123,0.6471388507523214,1.035169210351692,True,-8.05830328443573,1.290887872886662,2.78699402786994,9.193333333333333,0.07542232341635202,2.3627662589524494,2.0,0.6896097650381633,23.243333333333332,160.85666666666665,-3.2651105940772807,6.465528982071091,115.0,0.2520113496041217,70.47,,,,,,,False
5d6d87f28bbdac4a43cd0ebae6ca90d21a65053eeb54aa02d3b7bf935e361be2,1335358,0xC216BfA5dA000965E820845c32e6FD88DB275743,1784240315,2026-07-16 22:18:35+00:00,99.27423625937828,99.27423625937828,100.0,6.4134092532032065,50.2,4.2495561052951984,,6,True,,0.0,0.0,True,,0.0,0.0,True,0.7727775697664363,0.4389331044752613,0.2589641434262948,True,-1.7981881337769123,0.6471389067641228,1.0358565737051793,True,-8.05830328443573,1.2908879846168648,2.788844621513944,9.05,0.07542232341635202,2.3627662589524494,2.0,0.6896097650381633,23.1,160.71333333333334,-3.2651105940772807,6.465528982071091,115.0,0.2520113496041217,70.32666666666667,,,,,,,False
608066661ce3e4c53fc9fa616df9b7be90e1f21a562e629db12c2858d9d46bb5,1335366,0xC216BfA5dA000965E820845c32e6FD88DB275743,1784267903,2026-07-17 05:58:23+00:00,99.2794082626983,99.2794082626983,100.0,6.252851093180706,48.56666666666667,4.28671831590774,,12,True,,0.0,0.0,True,2.6417042175502115,0.26768611549938065,0.08236101578586136,True,0.8711291699076584,0.33553736900787595,0.3088538091969801,True,-1.4345116866972152,0.5572450140840322,1.1324639670555936,True,-3.5955828186589156,1.2134856253288089,2.9032258064516125,1.3866666666666667,2.2584686393579245,1.6293866846762988,1.0,1.0,17.233333333333334,153.07333333333332,-8.145071416339245,6.399037333547755,123.0,0.2546299700634711,62.47,,,,,,,False
6565ce51465f7cd2ef80c5ecb12585d8c3cca1d1b3ddcfa7fd57949a57b2fab9,1335637,0xC216BfA5dA000965E820845c32e6FD88DB275743,1784271503,2026-07-17 06:58:23+00:00,99.13449572858858,99.13449572858858,100.0,6.228926176404733,48.43333333333333,4.28671831590774,,11,True,2.6431208899086345,0.2640432705810006,0.04129387474191329,True,2.6417042175502115,0.26871428116614776,0.08258774948382658,True,0.8711291699076584,0.33682614710564046,0.3097040605643496,True,-1.4604471721081702,0.5732498089468481,1.156228492773572,True,-5.1551925470242015,1.2184269031280475,2.9318651066758434,0.38666666666666666,2.2584686393579245,1.6293866846762988,1.0,1.0,16.233333333333334,152.07333333333332,-8.145071416339245,6.399037333547755,123.0,0.2546299700634711,61.47,,,,,,,False
bdd707af3e41be3f8d0464640f30e9fed866e38447f1c7d2797cb78efb4d592a,1335656,0xC216BfA5dA000965E820845c32e6FD88DB275743,1784271995,2026-07-17 07:06:35+00:00,99.17849255630011,99.17849255630011,100.0,6.228926176404733,48.43333333333333,4.28671831590774,,10,True,2.6431208899086345,0.2640432705810006,0.04129387474191329,True,2.6417042175502115,0.26871428116614776,0.08258774948382658,True,0.8711291699076584,0.33682614710564046,0.3097040605643496,True,-1.4604471721081702,0.5732498089468481,1.156228492773572,True,-5.1551925470242015,1.2184269031280475,2.9318651066758434,0.25,2.2584686393579245,1.6293866846762988,1.0,1.0,16.096666666666668,151.93666666666667,-8.145071416339245,6.399037333547755,123.0,0.2546299700634711,61.333333333333336,,,,,,,False
fc5e33cb6fa20e9ec3709e4b6408421f1704cdc334419e08c620366b0374d5e7,1335663,0xC216BfA5dA000965E820845c32e6FD88DB275743,1784288315,2026-07-17 11:38:35+00:00,99.17950905411064,99.17950905411064,100.0,6.243832810575929,47.96666666666667,3.9302269530863705,,14,True,,0.0,0.0,True,-1.7259010872117453,0.02734505547745613,0.1250868658790827,True,-2.6307852100633244,0.07165099501089112,0.33356497567755383,True,-4.230354272079795,0.3050362556965142,1.104933981931897,True,-7.799783767936463,1.0143608329275307,2.918693537178596,54.586666666666666,-4.255994815088382,1.5842305669058374,38.0,0.34079078210562314,19.596666666666668,163.64,-7.69799917816335,6.3312443376813405,139.0,0.08527410176199211,59.79333333333334,,,,,,,False
a53785f03b5b71282368250d439b90943b0f63de3b803bba8db49971f1d33a27,1335876,0xC216BfA5dA000965E820845c32e6FD88DB275743,1784294915,2026-07-17 13:28:35+00:00,99.278464763776,99.278464763776,100.0,6.238532810575931,47.93333333333333,3.9283668092356185,,14,True,-0.5920114162329515,0.02287673006799769,0.06258692628650904,True,0.26720248878178143,0.027687913142707875,0.14603616133518776,True,-2.789824202608715,0.07806574816532956,0.3546592489568846,True,-4.230354272079795,0.3052954019099396,1.105702364394993,True,-8.402851610706364,1.0271929050106265,3.004172461752434,52.75333333333333,-4.255994815088382,1.5842305669058374,38.0,0.34079078210562314,17.763333333333332,161.80666666666667,-7.69799917816335,6.3312443376813405,139.0,0.08527410176199211,57.96,,,,,,167.95666666666668,False
30190861dc1d426e88e5f0371ba5f546568f7b72411089481ba9555bfd66d904,1336005,0xC216BfA5dA000965E820845c32e6FD88DB275743,1784325719,2026-07-17 22:01:59+00:00,99.18637150046706,99.18637150046706,100.0,6.232658732454777,47.9,3.949844576088966,,31,True,,0.0,0.0,True,-2.039317959738185,0.002629238308178788,0.06263048016701461,True,-1.326481006346969,0.1391199436589551,0.27139874739039666,True,-4.751239894602999,0.258014557650938,1.1064718162839249,True,-8.202786926437645,1.0223654940903055,3.0062630480167014,65.94666666666667,-4.014693287912518,1.558590647094912,49.0,0.3463970317913744,19.216666666666665,167.50666666666666,-3.848839764334955,6.250868544272577,142.0,0.08637058516070634,64.55666666666667,,,,,,167.98666666666668,False
549ff5542d4a3cd059136402cf309e8e02a5cb06b240e3df43afca6e42dda1f5,1336347,0xC216BfA5dA000965E820845c32e6FD88DB275743,1784335571,2026-07-18 00:46:11+00:00,99.24634990986092,99.24634990986092,100.0,6.218174010959486,47.9,3.7997058617664443,,37,True,,0.0,0.0,True,,0.0,0.0,True,0.7276765928377671,0.136808649147495,0.20876826722338204,True,-4.091610641222365,0.26023479850571923,1.0855949895615866,True,-4.646057339747978,1.0225438393863142,2.9645093945720253,65.06666666666666,-2.8352847294318306,1.5553354385432927,48.0,0.34712201660956826,28.906666666666666,164.77,-1.847191921196556,6.234481399171401,139.0,0.08659760762189934,65.06666666666666,,,,,,,False
b5c35742a285a3e19589ae3d5f0ec5e8ffb0f90789d7711648ab15c6e5d7fcb6,1336361,0xC216BfA5dA000965E820845c32e6FD88DB275743,1784337239,2026-07-18 01:13:59+00:00,99.24649213483116,99.24649213483116,100.0,6.218174010959486,47.9,3.7997058617664443,,36,True,,0.0,0.0,True,,0.0,0.0,True,0.7276765928377671,0.136808649147495,0.20876826722338204,True,-4.091610641222365,0.26023479850571923,1.0855949895615866,True,-4.646057339747978,1.0225438393863142,2.9645093945720253,64.60333333333334,-2.8352847294318306,1.5553354385432927,48.0,0.34712201660956826,28.44333333333333,164.30666666666667,-1.847191921196556,6.234481399171401,139.0,0.08659760762189934,64.60333333333334,,,,,,,False
edaaa8ef21e0cfd373f9713076ec9e2c46b8197bca1f1c8a3b81d629e93ce724,1336362,0xC216BfA5dA000965E820845c32e6FD88DB275743,1784338931,2026-07-18 01:42:11+00:00,99.24633771916815,99.24633771916815,100.0,6.218174010959486,47.9,3.7973744135294276,,36,True,,0.0,0.0,True,1.8612282253920753,0.00019124621572531465,0.020876826722338204,True,0.7276765928377671,0.136808649147495,0.20876826722338204,True,-4.091610641222365,0.26023479850571923,1.0855949895615866,True,-4.646057339747978,1.0225438393863142,2.9645093945720253,64.13333333333334,-2.8352847294318306,1.5553354385432927,48.0,0.34712201660956826,27.973333333333333,163.83666666666667,-1.847191921196556,6.234481399171401,139.0,0.08659760762189934,64.13333333333334,,,,,,,False
bc418de0129041da2b8cd48627654696a3bfc4abf9ad9f81e807b07f3cbe9faa,1336378,0xC216BfA5dA000965E820845c32e6FD88DB275743,1784340875,2026-07-18 02:14:35+00:00,99.24508615731428,99.24508615731428,100.0,6.218174010959486,47.9,3.7973744135294276,,35,True,,0.0,0.0,True,1.8626780872246007,0.0010930418687352746,0.04175365344467641,True,0.7276765928377671,0.136808649147495,0.20876826722338204,True,-4.091610641222365,0.26023479850571923,1.0855949895615866,True,-4.646057339747978,1.0225438393863142,2.9645093945720253,63.593333333333334,-2.8352847294318306,1.5553354385432927,48.0,0.34712201660956826,27.433333333333334,163.29666666666665,-1.847191921196556,6.234481399171401,139.0,0.08659760762189934,63.593333333333334,,,,,,,False
b2cd186d2ff5252c8813a84342f93036a300984391f362e72b6453e229374153,1336401,0xC216BfA5dA000965E820845c32e6FD88DB275743,1784348723,2026-07-18 04:25:23+00:00,99.24543967970396,99.24543967970396,100.0,6.209397673128937,47.833333333333336,3.7973744135294276,,36,True,,0.0,0.0,True,-0.6090922103922147,0.002838771206075384,0.08362369337979093,True,0.7276765928377671,0.13700201394489803,0.20905923344947736,True,-4.595514903947251,0.2606641781036787,1.10801393728223,True,-4.646057339747978,1.0239890987582234,2.9686411149825784,61.413333333333334,-2.8352847294318306,1.5553354385432927,48.0,0.34712201660956826,25.253333333333334,161.11666666666667,-1.847191921196556,6.234481399171401,139.0,0.08659760762189934,61.413333333333334,,,,,,,False
f57b11a293b1ebac4d11bcf3a9a99fa5ac62322e7ff7a7d0daf4c71135b19760,1336414,0xC216BfA5dA000965E820845c32e6FD88DB275743,1784349203,2026-07-18 04:33:23+00:00,99.24482609647453,99.24482609647453,100.0,6.209397673128937,47.833333333333336,3.771987026699226,,35,True,,0.0,0.0,True,-0.9216787141380078,0.0037222690672815,0.10452961672473868,True,0.7276765928377671,0.13700201394489803,0.20905923344947736,True,-4.595514903947251,0.2606641781036787,1.10801393728223,True,-4.646057339747978,1.0239890987582234,2.9686411149825784,61.28,-2.8352847294318306,1.5553354385432927,48.0,0.34712201660956826,25.12,160.98333333333332,-1.847191921196556,6.234481399171401,139.0,0.08659760762189934,61.28,,,,,,,False
9988bc064ff56a926379c39a671b5669bb2280eaf8a2740c964b19194217d199,1336419,0xC216BfA5dA000965E820845c32e6FD88DB275743,1784349407,2026-07-18 04:36:47+00:00,99.2454274892348,99.2454274892348,100.0,6.207090079541595,47.8,3.771987026699226,,34,True,,0.0,0.0,True,-0.9216787141380078,0.0037236528854829357,0.10460251046025106,True,0.7276765928377671,0.13705294682403799,0.2092050209205021,True,-4.595514903947251,0.26076108454101626,1.1087866108786613,True,-4.646057339747978,1.024369784497841,2.97071129707113,61.223333333333336,-2.8352847294318306,1.5553354385432927,48.0,0.34712201660956826,25.063333333333333,160.92666666666668,-1.847191921196556,6.234481399171401,139.0,0.08659760762189934,61.223333333333336,,,,,,,False
d46ab38db660c55a54e04e06b33febc59b86ff9a9b7823ae8230b742cc6d5e3b,1336420,0xC216BfA5dA000965E820845c32e6FD88DB275743,1784364599,2026-07-18 08:49:59+00:00,99.24550469559004,99.24550469559004,100.0,5.737291274287636,47.233333333333334,3.7642651930563544,,34,True,-2.4265710896588244,0.00188770872223746,0.04234297812279464,True,-2.8923129016692917,0.009752898958956362,0.08468595624558928,True,-3.9011890342653843,0.15103090069351757,0.27522935779816515,True,-6.340097386445831,0.2809288807886284,1.0797459421312632,True,-6.3897155947531425,1.1070657735407172,2.9640084685956243,45.306666666666665,-4.09779015569931,1.465868811423098,39.0,0.3683079752596255,22.826666666666668,142.45,-7.795313187806075,5.9001838284660035,126.0,0.09150412760475668,59.89,,,,,,,False
07282225cb6c499e0579a3fdaaa36911aff5dcbee1bff9947fcb01b8f2b15067,1336491,0xC216BfA5dA000965E820845c32e6FD88DB275743,1784369399,2026-07-18 10:09:59+00:00,99.29612033297228,99.29612033297228,100.0,5.723778202363459,47.13333333333333,3.750594283562351,,34,True,-0.31450211160911623,0.0009584560005002252,0.021216407355021217,True,-0.47732442859872437,0.00788375889497373,0.042432814710042434,True,-1.6347055551434675,0.15927248882551853,0.2758132956152758,True,-4.010852483602978,0.27969995081263627,1.0396039603960396,True,-4.061704656024734,1.1077872418604464,2.927864214992928,43.973333333333336,-1.7127809124922178,1.4550384766426085,37.0,0.371049413880266,23.013333333333332,141.11666666666667,-5.502258307515784,5.8893534936855145,124.0,0.09167240080092647,61.21,,,,,,,False
2285bece7d4c52f073838db0e69a0e27c77e76e526df39fb969384fc37bbf6e2,1336496,0xC216BfA5dA000965E820845c32e6FD88DB275743,1784370359,2026-07-18 10:25:59+00:00,99.29612033297228,99.29612033297228,100.0,5.723778202363459,47.13333333333333,3.750594283562351,,33,True,-0.31450211160911623,0.0009584560005002252,0.021216407355021217,True,-0.47732442859872437,0.00788375889497373,0.042432814710042434,True,-1.6347055551434675,0.15927248882551853,0.2758132956152758,True,-4.010852483602978,0.27969995081263627,1.0396039603960396,True,-4.061704656024734,1.1077872418604464,2.927864214992928,43.70666666666666,-1.7127809124922178,1.4550384766426085,37.0,0.371049413880266,22.746666666666666,140.85,-5.502258307515784,5.8893534936855145,124.0,0.09167240080092647,60.943333333333335,,,,,,,False
423de781a38d5fe381e187132c12ed7c94bd9dbeb0ce46fa5356ced2a7e3606b,1336500,0xC216BfA5dA000965E820845c32e6FD88DB275743,1784371139,2026-07-18 10:38:59+00:00,99.1861641157454,99.1861641157454,100.0,5.723961068682245,47.166666666666664,3.7509861399597497,,32,True,,0.0,0.0,True,-0.17245346566193698,0.006968558405956605,0.04240282685512368,True,-1.324368610780735,0.1583089750854482,0.2544169611307421,True,-3.7080121484996065,0.27873258971469783,1.0176678445229683,True,-3.759024756651197,1.1067934254332823,2.904593639575972,43.49,-1.4026902914691108,1.4495524870790208,36.0,0.3724536908762817,22.9,140.63333333333333,-5.204123273492534,5.883867504121927,123.0,0.0917578741454079,65.68,,,,,,,False
582536a380db007713d0c2b41dc493bc29bb09013921608ac3c81b06f672e6cf,1336506,0xC216BfA5dA000965E820845c32e6FD88DB275743,1784374247,2026-07-18 11:30:47+00:00,99.1861641157454,99.1861641157454,100.0,5.722194074942021,47.13333333333333,3.7509861399597497,,34,True,-0.16333601219697957,0.006927220089534214,0.021216407355021217,True,1.6013005717075979,0.10181181031057451,0.08486562942008487,True,-1.324368610780735,0.1583578603494455,0.2545968882602546,True,-3.7080121484996065,0.27881866137440947,1.0183875530410185,True,-3.759024756651197,1.1071351994152285,2.9066478076379068,42.626666666666665,-1.4026902914691108,1.4495524870790208,36.0,0.3724536908762817,22.036666666666665,139.77,-5.204123273492534,5.883867504121927,123.0,0.0917578741454079,64.81666666666666,,,,,,,False
202efd39c721570699cc79fc6278f071f585dfe7f0f5236d6018fa616a33b799,1336526,0xC216BfA5dA000965E820845c32e6FD88DB275743,1784376131,2026-07-18 12:02:11+00:00,99.18715069511104,99.18715069511104,100.0,5.723515371533759,47.166666666666664,3.7458934137724964,,33,True,,0.0,0.0,True,1.7675235864453187,0.09486268573096221,0.06360424028268552,True,-1.1629320854767422,0.1513956818862769,0.23321554770318023,True,-3.550475341138881,0.27182867404981564,0.9964664310954064,True,-3.6015714075677607,1.099953991879357,2.88339222614841,49.78,1.2065943217804742,1.449718150421558,37.0,0.3724111295526528,24.28,139.24666666666667,-5.049034152334442,5.844228606369775,122.0,0.09238022847755027,75.98666666666666,,,,,,,False
94b10a061f9230fe3a8976148f1bb32d916efd1e2de2b7d047cd13e32765cf60,1336538,0xC216BfA5dA000965E820845c32e6FD88DB275743,1784382035,2026-07-18 13:40:35+00:00,99.17740276062916,99.17740276062916,100.0,5.719332936397425,47.13333333333333,3.411311690626248,,38,True,,0.0,0.0,True,1.8310252142710537,0.13776922041934184,0.08486562942008487,True,-1.1655633101996243,0.15203952828492412,0.2545968882602546,True,-3.550475341138881,0.2720274569865763,0.9971711456859972,True,-5.573969525047595,1.1294760014393685,2.927864214992928,48.14,1.2065943217804742,1.449718150421558,37.0,0.3724111295526528,22.64,137.60666666666665,-5.049034152334442,5.844228606369775,122.0,0.09238022847755027,74.34666666666666,,,,,,,False
97aee6a298494587e91d729c1f6781bd0ab44a0d90da5e2043c38b355a2896a9,1336595,0xC216BfA5dA000965E820845c32e6FD88DB275743,1784382323,2026-07-18 13:45:23+00:00,99.18040502666422,99.18040502666422,100.0,5.719332936397425,47.13333333333333,3.411311690626248,,38,True,,0.0,0.0,True,1.8310252142710537,0.13776922041934184,0.08486562942008487,True,-1.1655633101996243,0.15203952828492412,0.2545968882602546,True,-3.550475341138881,0.2720274569865763,0.9971711456859972,True,-5.573969525047595,1.1294760014393685,2.927864214992928,48.06,1.2065943217804742,1.449718150421558,37.0,0.3724111295526528,22.56,137.52666666666667,-5.049034152334442,5.844228606369775,122.0,0.09238022847755027,74.26666666666667,,,,,,,False
5781cf4ef67a4f70b7bf6b7b1a6347e13bac5780804d8ee23ddd14838d9dd989,1336597,0xC216BfA5dA000965E820845c32e6FD88DB275743,1784382467,2026-07-18 13:47:47+00:00,99.18040502666422,99.18040502666422,100.0,5.719332936397425,47.13333333333333,3.411311690626248,,37,True,,0.0,0.0,True,1.8310252142710537,0.13776922041934184,0.08486562942008487,True,-1.1655633101996243,0.15203952828492412,0.2545968882602546,True,-3.550475341138881,0.2720274569865763,0.9971711456859972,True,-5.573969525047595,1.1294760014393685,2.927864214992928,48.02,1.2065943217804742,1.449718150421558,37.0,0.3724111295526528,22.52,137.48666666666668,-5.049034152334442,5.844228606369775,122.0,0.09238022847755027,74.22666666666667,,,,,,,False
9b0a0deddbab913babc796816f3ff3d3053a63445f493ac70add21bee0b1e843,1336598,0xC216BfA5dA000965E820845c32e6FD88DB275743,1784383175,2026-07-18 13:59:35+00:00,99.18040502666422,99.18040502666422,100.0,5.719332936397425,47.13333333333333,3.411311690626248,,36,True,,0.0,0.0,True,1.8310252142710537,0.13776922041934184,0.08486562942008487,True,-1.1655633101996243,0.15203952828492412,0.2545968882602546,True,-3.550475341138881,0.2720274569865763,0.9971711456859972,True,-5.573969525047595,1.1294760014393685,2.927864214992928,47.82333333333333,1.2065943217804742,1.449718150421558,37.0,0.3724111295526528,22.323333333333334,137.29,-5.049034152334442,5.844228606369775,122.0,0.09238022847755027,74.03,,,,,,,False
1e3f698d30ba3dd8904c5908c615ce50f6391d418fc41f50006f27fb64d31314,1336602,0xC216BfA5dA000965E820845c32e6FD88DB275743,1784383607,2026-07-18 14:06:47+00:00,99.18040502666422,99.18040502666422,100.0,5.719332936397425,47.13333333333333,3.411311690626248,,35,True,,0.0,0.0,True,1.8310252142710537,0.13776922041934184,0.08486562942008487,True,-1.1655633101996243,0.15203952828492412,0.2545968882602546,True,-3.550475341138881,0.2720274569865763,0.9971711456859972,True,-5.573969525047595,1.1294760014393685,2.927864214992928,47.70333333333333,1.2065943217804742,1.449718150421558,37.0,0.3724111295526528,22.203333333333333,137.17,-5.049034152334442,5.844228606369775,122.0,0.09238022847755027,73.91,,,,,,,False
6790e238dbe84fb368d03891299c64d5d9ecb3fc222ae9aa5b259cdf026234d0,1336606,0xC216BfA5dA000965E820845c32e6FD88DB275743,1784383667,2026-07-18 14:07:47+00:00,99.18040502666422,99.18040502666422,100.0,5.719332936397425,47.13333333333333,3.411311690626248,,34,True,,0.0,0.0,True,1.8310252142710537,0.13776922041934184,0.08486562942008487,True,-1.1655633101996243,0.15203952828492412,0.2545968882602546,True,-3.550475341138881,0.2720274569865763,0.9971711456859972,True,-5.573969525047595,1.1294760014393685,2.927864214992928,47.68666666666667,1.2065943217804742,1.449718150421558,37.0,0.3724111295526528,22.186666666666667,137.15333333333334,-5.049034152334442,5.844228606369775,122.0,0.09238022847755027,73.89333333333333,,,,,,,False
f3d40b3de023feae6ecd7de5df3a57d1cbb4091c84bf800e7643e9d2ea890ca6,1336620,0xC216BfA5dA000965E820845c32e6FD88DB275743,1784384723,2026-07-18 14:25:23+00:00,99.17940425492728,99.17940425492728,100.0,5.719332936397425,47.13333333333333,3.406703150058594,,33,True,,0.0,0.0,True,1.8310252142710537,0.13776922041934184,0.08486562942008487,True,-1.9605207976639338,0.15699757902878517,0.2758132956152758,True,-3.550475341138881,0.2720274569865763,0.9971711456859972,True,-5.573969525047595,1.1294760014393685,2.927864214992928,47.39333333333333,1.2065943217804742,1.449718150421558,37.0,0.3724111295526528,21.893333333333334,136.86,-5.049034152334442,5.844228606369775,122.0,0.09238022847755027,73.6,,,,,,,False
5be26564ccd1a7a59a46e8ba11d419eb5fe799b43d797553631aa2936088568b,1336621,0xC216BfA5dA000965E820845c32e6FD88DB275743,1784385431,2026-07-18 14:37:11+00:00,99.17940425492728,99.17940425492728,100.0,5.719332936397425,47.13333333333333,3.406703150058594,,32,True,,0.0,0.0,True,1.8310252142710537,0.13776922041934184,0.08486562942008487,True,-1.9605207976639338,0.15699757902878517,0.2758132956152758,True,-3.550475341138881,0.2720274569865763,0.9971711456859972,True,-5.573969525047595,1.1294760014393685,2.927864214992928,47.196666666666665,1.2065943217804742,1.449718150421558,37.0,0.3724111295526528,21.696666666666665,136.66333333333333,-5.049034152334442,5.844228606369775,122.0,0.09238022847755027,73.40333333333334,,,,,,,False
d5d7362f5046d2009a26a63169bafcb6b7a07f062b95ff416970431530af8ae0,1336636,0xC216BfA5dA000965E820845c32e6FD88DB275743,1784388251,2026-07-18 15:24:11+00:00,99.17940425492728,99.17940425492728,100.0,5.719332936397425,47.13333333333333,3.403075691001273,,34,True,,0.0,0.0,True,1.8310252142710537,0.13776922041934184,0.08486562942008487,True,-1.9605207976639338,0.15699757902878517,0.2758132956152758,True,-3.550475341138881,0.2720274569865763,0.9971711456859972,True,-4.258240095117094,1.7773208226891049,2.9915134370579914,46.413333333333334,1.2065943217804742,1.449718150421558,37.0,0.3724111295526528,20.913333333333334,135.88,-5.049034152334442,5.844228606369775,122.0,0.09238022847755027,72.62,,,,,,,False
b594e2a93deeeae9701c1cb35db29f906ca1746b79a82a4648ed16003c4be458,1336649,0xC216BfA5dA000965E820845c32e6FD88DB275743,1784400743,2026-07-18 18:52:23+00:00,99.18040502666422,99.18040502666422,100.0,5.710920906155144,46.86666666666667,3.38949817730105,,36,True,0.06239871580622225,0.04290026145099343,0.021337126600284494,True,0.06239871580622225,0.04290026145099343,0.021337126600284494,True,-1.9698519552665994,0.11927189397174004,0.4480796586059744,True,-4.447095898989273,0.2080937262172682,1.0028449502133712,True,-2.838884102305006,1.6975143449506667,3.072546230440967,74.67,-3.5334180960366113,1.4278383684022657,54.0,0.1715880490549866,22.01,146.67,-5.368572932362081,5.72563688335826,131.0,0.07257786952726838,70.26333333333334,,,,,,166.83,False
a8b141a5392e46a2826701dca46f799792a69909c46fdd6f86a8cb6274e53cfb,1336716,0xC216BfA5dA000965E820845c32e6FD88DB275743,1784401079,2026-07-18 18:57:59+00:00,99.09721113174515,99.09721113174515,100.0,5.710920906155144,46.86666666666667,3.38949817730105,,36,True,0.06239871580622225,0.04290026145099343,0.021337126600284494,True,0.06239871580622225,0.04290026145099343,0.021337126600284494,True,-1.9698519552665994,0.11927189397174004,0.4480796586059744,True,-4.447095898989273,0.2080937262172682,1.0028449502133712,True,-2.838884102305006,1.6975143449506667,3.072546230440967,74.57666666666667,-3.5334180960366113,1.4278383684022657,54.0,0.1715880490549866,21.916666666666668,146.57666666666665,-5.368572932362081,5.72563688335826,131.0,0.07257786952726838,70.17,,,,,,166.73666666666668,False
471c1c88a50d3cbf0ccfab48ef27b810bee999e60466c5cd08ddf58591147d6f,1336718,0xC216BfA5dA000965E820845c32e6FD88DB275743,1784401439,2026-07-18 19:03:59+00:00,99.09721113174515,99.09721113174515,100.0,5.719087572821809,46.9,3.4069981773010505,,35,True,,0.0,0.0,True,,0.0,0.0,True,-2.030983363535732,0.07626257637190392,0.4264392324093817,True,-4.5066825027882835,0.1649575739978472,0.9808102345415779,True,-2.8994735838297703,1.65225134967022,3.049040511727079,86.03333333333333,-6.167573592292364,1.4300285924053928,69.0,0.0653313290627599,22.22,163.84333333333333,-5.248994049992395,6.44318656001228,135.0,0.11970556756225643,72.03,,,,,,166.72,False
b153fa0f7f710d745a1336217283fbe6439ba7c943b94dd389c263e77f5e5c26,1336766,0xC216BfA5dA000965E820845c32e6FD88DB275743,1784408147,2026-07-18 20:55:47+00:00,99.1508933192612,99.1508933192612,100.0,5.707652983267787,46.8,3.3876703906990113,,35,True,,0.0,0.0,True,,0.0,0.0,True,-1.6011317922927204,0.08046145406719105,0.5341880341880342,True,-3.609468855125386,0.19711644613113788,1.0683760683760684,True,-2.8994735838297703,1.6555614345823448,3.055555555555556,84.17,-6.167573592292364,1.4300285924053928,69.0,0.0653313290627599,20.356666666666666,161.98,-5.248994049992395,6.44318656001228,135.0,0.11970556756225643,70.16666666666667,,,,,,164.85666666666665,False
5a69d24c8517a786d9450f732af42c34a07a018c86717d937638bf6367db6a55,1336785,0xC216BfA5dA000965E820845c32e6FD88DB275743,1784408747,2026-07-18 21:05:47+00:00,99.1519194077094,99.1519194077094,100.0,5.707652983267787,46.8,3.3876703906990113,,34,True,,0.0,0.0,True,,0.0,0.0,True,-1.2412339402546935,0.0820340494837351,0.5555555555555556,True,-3.609468855125386,0.19711644613113788,1.0683760683760684,True,-2.8994735838297703,1.6555614345823448,3.055555555555556,84.00333333333333,-6.167573592292364,1.4300285924053928,69.0,0.0653313290627599,20.19,161.81333333333333,-5.248994049992395,6.44318656001228,135.0,0.11970556756225643,70.0,,,,,,164.69,False
db2e17fd6ae31ef9d6f16cef9355c483040cc6d2d98b05895ee5438a36cddabb,1336794,0xC216BfA5dA000965E820845c32e6FD88DB275743,1784410247,2026-07-18 21:30:47+00:00,99.15140636083063,99.15140636083063,100.0,5.705907063848243,46.766666666666666,3.3876703906990113,,35,True,,0.0,0.0,True,,0.0,0.0,True,-1.2412339402546935,0.08205915063565623,0.5559515324305061,True,-3.370793037893327,0.19904946436428506,1.090520313613685,True,-2.8994735838297703,1.6560680108070434,3.0577334283677833,83.58666666666667,-6.167573592292364,1.4300285924053928,69.0,0.0653313290627599,19.773333333333333,161.39666666666668,-5.248994049992395,6.44318656001228,135.0,0.11970556756225643,69.58333333333333,,,,,,164.27333333333334,False
bb128c583c9f3aa2e62524abc6740f7ec4c3dc1700107544e71f818c2ca1f3f9,1336796,0xC216BfA5dA000965E820845c32e6FD88DB275743,1784410379,2026-07-18 21:32:59+00:00,99.15140636083063,99.15140636083063,100.0,5.705907063848243,46.766666666666666,3.3876703906990113,,34,True,,0.0,0.0,True,,0.0,0.0,True,-1.2412339402546935,0.08205915063565623,0.5559515324305061,True,-3.5935744675235415,0.20730067194689328,1.1332858161083392,True,-2.8994735838297703,1.6560680108070434,3.0577334283677833,83.55,-6.167573592292364,1.4300285924053928,69.0,0.0653313290627599,19.736666666666668,161.36,-5.248994049992395,6.44318656001228,135.0,0.11970556756225643,69.54666666666667,,,,,,164.23666666666668,False
126f8e31aeaf9bf0733b89f67cc7f67b82925208e16c216c307649b78b187a9f,1336798,0xC216BfA5dA000965E820845c32e6FD88DB275743,1784410403,2026-07-18 21:33:23+00:00,99.15140636083063,99.15140636083063,100.0,5.705907063848243,46.766666666666666,3.3876703906990113,,33,True,,0.0,0.0,True,,0.0,0.0,True,-1.2412339402546935,0.08205915063565623,0.5559515324305061,True,-3.5935744675235415,0.20730067194689328,1.1332858161083392,True,-2.8994735838297703,1.6560680108070434,3.0577334283677833,83.54333333333334,-6.167573592292364,1.4300285924053928,69.0,0.0653313290627599,19.73,161.35333333333332,-5.248994049992395,6.44318656001228,135.0,0.11970556756225643,69.54,,,,,,164.23,False
dd45628afd4cf5ebd80deac8568d90afdf1edff179b79e01634e451f67f0f8e5,1336799,0xC216BfA5dA000965E820845c32e6FD88DB275743,1784410427,2026-07-18 21:33:47+00:00,99.15140636083063,99.15140636083063,100.0,5.705907063848243,46.766666666666666,3.3876703906990113,,32,True,,0.0,0.0,True,,0.0,0.0,True,-1.2412339402546935,0.08205915063565623,0.5559515324305061,True,-3.5935744675235415,0.20730067194689328,1.1332858161083392,True,-2.8994735838297703,1.6560680108070434,3.0577334283677833,83.53666666666666,-6.167573592292364,1.4300285924053928,69.0,0.0653313290627599,19.723333333333333,161.34666666666666,-5.248994049992395,6.44318656001228,135.0,0.11970556756225643,69.53333333333333,,,,,,164.22333333333333,False
83f4c1aa29a1757ea0fae0c25c203584efc58e7e2cc6ef81250975a3e447dea5,1336804,0xC216BfA5dA000965E820845c32e6FD88DB275743,1784417531,2026-07-18 23:32:11+00:00,99.15140636083063,99.15140636083063,100.0,5.67159003686409,46.46666666666667,3.3584958171368564,,32,True,,0.0,0.0,True,0.11469323795623154,0.0003342977873358999,0.02152080344332855,True,-2.9628285755381567,0.08292738603667373,0.5810616929698709,True,-3.5935744675235415,0.20855498382536045,1.1406025824964132,True,-4.64145748875543,1.7132968327040397,3.1420373027259685,81.54333333333334,-4.264187523763486,1.4258173691158922,68.0,0.06552428842799313,17.75,156.77666666666667,-7.271845416205114,5.671901255936508,134.0,0.07326547271004592,67.56,,,,,,162.16666666666666,False
0811c8816b646fb8d60fdcfb3ab77192f1732a885820133046f60d2234596c96,1336881,0xC216BfA5dA000965E820845c32e6FD88DB275743,1784417687,2026-07-18 23:34:47+00:00,99.13464180087192,99.13464180087192,100.0,5.67159003686409,46.46666666666667,3.3584958171368564,,31,True,,0.0,0.0,True,0.11469323795623154,0.0003342977873358999,0.02152080344332855,True,-2.9628285755381567,0.08292738603667373,0.5810616929698709,True,-3.5935744675235415,0.20855498382536045,1.1406025824964132,True,-4.64145748875543,1.7132968327040397,3.1420373027259685,81.5,-4.264187523763486,1.4258173691158922,68.0,0.06552428842799313,17.706666666666667,156.73333333333332,-7.271845416205114,5.671901255936508,134.0,0.07326547271004592,67.51666666666667,,,,,,162.12333333333333,False
1d3edabe701351338f2131babca463ff74b213dc8ad3835d5824339ee1674f33,1336884,0xC216BfA5dA000965E820845c32e6FD88DB275743,1784417807,2026-07-18 23:36:47+00:00,99.13464180087192,99.13464180087192,100.0,5.67159003686409,46.46666666666667,3.3584958171368564,,30,True,,0.0,0.0,True,0.11469323795623154,0.0003342977873358999,0.02152080344332855,True,-2.9628285755381567,0.08292738603667373,0.5810616929698709,True,-3.5935744675235415,0.20855498382536045,1.1406025824964132,True,-4.64145748875543,1.7132968327040397,3.1420373027259685,81.46666666666667,-4.264187523763486,1.4258173691158922,68.0,0.06552428842799313,17.673333333333332,156.7,-7.271845416205114,5.671901255936508,134.0,0.07326547271004592,67.48333333333333,,,,,,162.09,False
9d0d81296e17b0e0a1615e7423b679a8b86b3057f4e385af180f3c20cc13f86e,1336885,0xC216BfA5dA000965E820845c32e6FD88DB275743,1784417891,2026-07-18 23:38:11+00:00,99.13464180087192,99.13464180087192,100.0,5.67159003686409,46.46666666666667,3.3584958171368564,,29,True,,0.0,0.0,True,0.11469323795623154,0.0003342977873358999,0.02152080344332855,True,-2.9628285755381567,0.08292738603667373,0.5810616929698709,True,-3.5935744675235415,0.20855498382536045,1.1406025824964132,True,-4.64145748875543,1.7132968327040397,3.1420373027259685,81.44333333333333,-4.264187523763486,1.4258173691158922,68.0,0.06552428842799313,17.65,156.67666666666668,-7.271845416205114,5.671901255936508,134.0,0.07326547271004592,67.46,,,,,,162.06666666666666,False
23762d64963001dbeb6c744799eeb439d91745c708c6d79a13ba93c190f36c29,1336886,0xC216BfA5dA000965E820845c32e6FD88DB275743,1784418095,2026-07-18 23:41:35+00:00,99.13360149481808,99.13360149481808,100.0,5.67159003686409,46.46666666666667,3.3584958171368564,,28,True,,0.0,0.0,True,-1.9896762709157634,0.0013798491127216895,0.0430416068866571,True,-0.9906057716386085,0.08447136461465321,0.6025824964131994,True,-3.5935744675235415,0.20855498382536045,1.1406025824964132,True,-4.64145748875543,1.7132968327040397,3.1420373027259685,81.38666666666667,-4.264187523763486,1.4258173691158922,68.0,0.06552428842799313,17.593333333333334,156.62,-7.271845416205114,5.671901255936508,134.0,0.07326547271004592,67.40333333333334,,,,,,162.01,False
c4b571a288d16a63e7a5ac3a46fb528888efd963a2e3691d7555692f05320a72,1336887,0xC216BfA5dA000965E820845c32e6FD88DB275743,1784418251,2026-07-18 23:44:11+00:00,99.13464180087192,99.13464180087192,100.0,5.67159003686409,46.46666666666667,3.3584958171368564,,27,True,,0.0,0.0,True,-1.9896762709157634,0.0013798491127216895,0.0430416068866571,True,-0.9906057716386085,0.08447136461465321,0.6025824964131994,True,-3.5935744675235415,0.20855498382536045,1.1406025824964132,True,-4.64145748875543,1.7132968327040397,3.1420373027259685,81.34333333333333,-4.264187523763486,1.4258173691158922,68.0,0.06552428842799313,17.55,156.57666666666665,-7.271845416205114,5.671901255936508,134.0,0.07326547271004592,67.36,,,,,,161.96666666666667,False
1e8368b0cc065f03c064a93a4ae3d85a03038e3f595b69180af6160dd714957f,1336888,0xC216BfA5dA000965E820845c32e6FD88DB275743,1784420927,2026-07-19 00:28:47+00:00,99.13464180087192,99.13464180087192,100.0,5.639693149879136,46.266666666666666,3.358242834655606,,26,True,,0.0,0.0,True,-1.9896762709157634,0.0013876532414278258,0.043227665706051875,True,-0.9906057716386085,0.08494911641762784,0.6051873198847262,True,-3.3211395177793146,0.20999032029329878,1.1671469740634006,True,-6.533463479756197,1.7819850617217987,3.177233429394813,74.37333333333333,-4.2699020031283785,1.4121162847937978,65.0,0.06616003904610052,16.80666666666667,155.83333333333334,-7.271845416205114,5.671901255936508,134.0,0.07326547271004592,66.61666666666666,,,,,,160.95,False
d25f07818113c150b2a81e01d6f52b08564716035feafcba1b667455ae223338,1336915,0xC216BfA5dA000965E820845c32e6FD88DB275743,1784423951,2026-07-19 01:19:11+00:00,99.1242400154566,99.1242400154566,100.0,5.639693149879136,46.266666666666666,3.358242834655606,,25,True,,0.0,0.0,True,-1.9896762709157634,0.0013876532414278258,0.043227665706051875,True,-2.9749628364066694,0.09494156069779473,0.6268011527377522,True,-4.0776319088329345,0.23272466102052494,1.2752161383285303,True,-3.0992857550407593,1.794405135229583,3.3069164265129682,73.53333333333333,-4.2699020031283785,1.4121162847937978,65.0,0.06616003904610052,15.966666666666667,154.99333333333334,-7.271845416205114,5.671901255936508,134.0,0.07326547271004592,65.77666666666667,,,,,,160.11,False
8987ae5386327b6cbe3676331001005241ec9801b3b33fcef45c2ee40cfe27a9,1336976,0xC216BfA5dA000965E820845c32e6FD88DB275743,1784429519,2026-07-19 02:51:59+00:00,98.73076248657252,98.73076248657252,100.0,5.639693149879136,46.266666666666666,3.358242834655606,,24,True,,0.0,0.0,True,-2.818345691260471,0.004008197969926373,0.10806916426512969,True,-2.9749628364066694,0.09494156069779473,0.6268011527377522,True,-4.2699020031283785,0.2503888504685864,1.404899135446686,True,-2.092875438884134,1.797732606769335,3.371757925072046,71.98666666666666,-4.2699020031283785,1.4121162847937978,65.0,0.06616003904610052,14.42,153.44666666666666,-7.271845416205114,5.671901255936508,134.0,0.07326547271004592,64.23,,,,,,158.56333333333333,False
585e4376f46c0ac2f3edb96ff90f6c42b4a7c373b6f4a07b92b3956dbba77b5e,1336984,0xC216BfA5dA000965E820845c32e6FD88DB275743,1784433815,2026-07-19 04:03:35+00:00,98.73228053277772,98.73228053277772,100.0,5.624078435996011,46.166666666666664,3.358242834655606,,23,True,,0.0,0.0,True,-2.9401229079722535,0.013969839394654245,0.1516245487364621,True,-2.9749628364066694,0.09520515682697121,0.628158844765343,True,-4.2699020031283785,0.2510840310753446,1.407942238267148,True,-0.690470090786377,1.8103580843161102,3.4873646209386284,69.63666666666667,-4.408097154941737,1.406846112577181,63.0,0.06640788050972181,13.226666666666667,152.25333333333333,-7.271845416205114,5.671901255936508,134.0,0.07326547271004592,63.03666666666667,,,,,,157.37,False
c3e9c30c174c6749b60a830006bbd515c0b79eb3e681b01368287d956cc38c39,1337058,0xC216BfA5dA000965E820845c32e6FD88DB275743,1784450891,2026-07-19 08:48:11+00:00,98.93018932492618,98.93018932492618,100.0,5.614735243018683,46.166666666666664,3.3151066174561814,,22,True,-0.12530885338183362,0.00996707118630973,0.043321299638989175,True,-0.9312709076246484,0.01556055170760368,0.08664259927797835,True,-0.20458226221344855,0.10674778360593538,0.5631768953068592,True,-1.4919445877739523,0.24813500586939483,1.3429602888086642,True,3.522271820083156,1.8255421886870338,3.552346570397112,72.29666666666667,-3.4463581885441186,1.4074235857710393,64.0,0.06638063301206508,9.426666666666666,147.51,-4.582654778438089,5.649296249302154,129.0,0.07355863603935163,60.736666666666665,,,,,,158.15,False
e59272a5b07897b2c1f9c80dd357eeca0fdbbfbce146388ee2d6347f6dd59d8d,1337063,0xC216BfA5dA000965E820845c32e6FD88DB275743,1784452427,2026-07-19 09:13:47+00:00,98.92887122573224,98.92887122573224,100.0,5.616412853991051,46.2,3.302502732200637,,21,True,-1.9768729455687195,0.0010031557214315453,0.021645021645021644,True,-2.7678933726368316,0.006594965481593754,0.06493506493506493,True,-2.0546767148392764,0.09775495994123472,0.5411255411255411,True,-5.24377589716758,0.24511816806070347,1.3852813852813852,True,-0.4306289474883207,1.834178035686401,3.5497835497835495,87.44333333333333,-7.346850306361885,1.6435904146819378,69.0,0.10611243393645184,9.48,149.68,-4.308657984735442,6.37025322420688,129.0,0.12107608236747927,60.31333333333333,,,,,,157.72333333333333,False
eadbbc3f0a613610719e7e2143afc7790a0798b2f4254f4cc0566a794abd5ef5,1337082,0xC216BfA5dA000965E820845c32e6FD88DB275743,1784459315,2026-07-19 11:08:35+00:00,98.91706417598289,98.91706417598289,100.0,5.6166006585473305,46.233333333333334,3.1730570605601622,,23,True,,0.0,0.0,True,-0.027870941150698325,0.009799655009261414,0.08651766402307137,True,-0.0793728700649865,0.09674856909044909,0.5191059841384282,True,-1.3750988365953232,0.24483345243879992,1.384282624369142,True,0.7745125553726195,1.836044460071175,3.590483056957462,85.53,-5.4782759152452565,1.6379562779935348,68.0,0.10647743266393281,7.586666666666667,147.76666666666668,-2.3788111124754208,6.364619087518477,128.0,0.12118326226125994,61.24666666666667,,,,,,155.82666666666665,False
03fbb0a8a6978e26364ed1f26e39e0b0efbd47b8f29536be6b5e8d109e553f6e,1337120,0xC216BfA5dA000965E820845c32e6FD88DB275743,1784459867,2026-07-19 11:17:47+00:00,98.91509139044562,98.91509139044562,100.0,5.6166006585473305,46.233333333333334,3.1709377363755746,,22,True,,0.0,0.0,True,0.28404575984344316,0.012927525596475952,0.10814708002883922,True,-0.0793728700649865,0.09674856909044909,0.5191059841384282,True,-1.3750988365953232,0.24483345243879992,1.384282624369142,True,0.7745125553726195,1.836044460071175,3.590483056957462,85.37666666666667,-5.4782759152452565,1.6379562779935348,68.0,0.10647743266393281,7.433333333333334,147.61333333333334,-2.3788111124754208,6.364619087518477,128.0,0.12118326226125994,61.093333333333334,,,,,,155.67333333333335,False
981bf8395fb8f3c83caa32317cae2cdb780cdcb500030c8bd605986903cefd62,1337121,0xC216BfA5dA000965E820845c32e6FD88DB275743,1784460011,2026-07-19 11:20:11+00:00,98.915497733246,98.915497733246,100.0,5.6166006585473305,46.233333333333334,3.1709377363755746,,21,True,-0.0026621841161533766,0.0005428851862048132,0.021629416005767843,True,0.28404575984344316,0.012927525596475952,0.10814708002883922,True,-0.0793728700649865,0.09674856909044909,0.5191059841384282,True,-1.3750988365953232,0.24483345243879992,1.384282624369142,True,0.7745125553726195,1.836044460071175,3.590483056957462,85.33666666666667,-5.4782759152452565,1.6379562779935348,68.0,0.10647743266393281,7.3933333333333335,147.57333333333332,-2.3788111124754208,6.364619087518477,128.0,0.12118326226125994,61.053333333333335,,,,,,155.63333333333333,False
da1d6a54265bdb7d9dede618fd11d51e70cf3d807a1d2d246381bc6a40390c05,1337145,0xC216BfA5dA000965E820845c32e6FD88DB275743,1784463911,2026-07-19 12:25:11+00:00,98.91931522932082,98.91931522932082,100.0,5.611245728681724,46.2,3.145679489723005,,20,True,,0.0,0.0,True,-0.3467260843476483,0.04057034121253136,0.1948051948051948,True,-0.3200386269883504,0.09766369094586265,0.5194805194805194,True,-1.3724731902424403,0.24452369888106404,1.3636363636363635,True,0.4827971465612091,1.838108523823171,3.593073593073593,84.25333333333333,-5.475759505928901,1.6349071086991813,67.0,0.1066760174743437,6.343333333333334,146.49,-2.376212187502691,6.361569918224124,127.0,0.12124134671007156,60.266666666666666,,,,,,155.97666666666666,False
dcf6b1783d2a044f721fd458a406081576ba74d1fd162408f8facf77b03a3606,1337148,0xC216BfA5dA000965E820845c32e6FD88DB275743,1784464691,2026-07-19 12:38:11+00:00,98.9189727906992,98.9189727906992,100.0,5.608697852991805,46.166666666666664,3.145679489723005,,19,True,,0.0,0.0,True,-0.3467260843476483,0.040588771191969825,0.19494584837545129,True,-0.3200386269883504,0.09770805684869266,0.5198555956678701,True,-1.3724731902424403,0.24463477920742818,1.364620938628159,True,0.4827971465612091,1.8389435254841686,3.595667870036101,84.03666666666666,-5.475759505928901,1.6349071086991813,67.0,0.1066760174743437,6.126666666666667,146.27333333333334,-2.376212187502691,6.361569918224124,127.0,0.12124134671007156,60.05,,,,,,155.76,False
f6d2fef070f00c45849945601c86e426145f515165dccca307d782acb56ba4dd,1337154,0xC216BfA5dA000965E820845c32e6FD88DB275743,1784464943,2026-07-19 12:42:23+00:00,98.9186239424108,98.9186239424108,100.0,5.608697852991805,46.166666666666664,3.145679489723005,,18,True,,0.0,0.0,True,-0.3467260843476483,0.040588771191969825,0.19494584837545129,True,-0.3200386269883504,0.09770805684869266,0.5198555956678701,True,-1.3724731902424403,0.24463477920742818,1.364620938628159,True,0.4827971465612091,1.8389435254841686,3.595667870036101,83.96666666666667,-5.475759505928901,1.6349071086991813,67.0,0.1066760174743437,6.056666666666667,146.20333333333335,-2.376212187502691,6.361569918224124,127.0,0.12124134671007156,59.98,,,,,,155.69,False
31c560b627bfef62ab56e2d519e2f604a5c24d1fb2fce090ba98dcb90dcbba7f,1337155,0xC216BfA5dA000965E820845c32e6FD88DB275743,1784465003,2026-07-19 12:43:23+00:00,98.91880122565972,98.91880122565972,100.0,5.608697852991805,46.166666666666664,3.145679489723005,,17,True,,0.0,0.0,True,-1.0955153656716732,0.05098977008721405,0.21660649819494585,True,-0.3200386269883504,0.09770805684869266,0.5198555956678701,True,-1.3724731902424403,0.24463477920742818,1.364620938628159,True,0.4827971465612091,1.8389435254841686,3.595667870036101,83.95,-5.475759505928901,1.6349071086991813,67.0,0.1066760174743437,6.04,146.18666666666667,-2.376212187502691,6.361569918224124,127.0,0.12124134671007156,59.96333333333333,,,,,,155.67333333333335,False
e6547c14584c6c3b86356430f093afc4404f4697eaae0dd224b65df9bb8e26e0,1337156,0xC216BfA5dA000965E820845c32e6FD88DB275743,1784465651,2026-07-19 12:54:11+00:00,98.91862966121536,98.91862966121536,100.0,5.608697852991805,46.166666666666664,3.145679489723005,,16,True,,0.0,0.0,True,0.9393662518306867,0.0632117686322961,0.25992779783393505,True,-0.3200386269883504,0.09770805684869266,0.5198555956678701,True,-1.3724731902424403,0.24463477920742818,1.364620938628159,True,0.4827971465612091,1.8389435254841686,3.595667870036101,83.77,-5.475759505928901,1.6349071086991813,67.0,0.1066760174743437,5.86,146.00666666666666,-2.376212187502691,6.361569918224124,127.0,0.12124134671007156,59.78333333333333,,,,,,155.49333333333334,False
6919794b3e4fe06dc1a2c97259a873ba6f59a994c3b21682175ef8d0c1a551fb,1337161,0xC216BfA5dA000965E820845c32e6FD88DB275743,1784468111,2026-07-19 13:35:11+00:00,98.9184523785814,98.9184523785814,100.0,5.608697852991805,46.166666666666664,3.145679489723005,,15,True,-0.8043324918816985,0.005055851404897481,0.021660649819494587,True,0.9393662518306867,0.0632117686322961,0.25992779783393505,True,-0.3200386269883504,0.09770805684869266,0.5198555956678701,True,-1.3724731902424403,0.24463477920742818,1.364620938628159,True,-0.060084594637188626,1.8409429180823447,3.660649819494585,83.08666666666667,-5.475759505928901,1.6349071086991813,67.0,0.1066760174743437,5.176666666666667,145.32333333333332,-2.376212187502691,6.361569918224124,127.0,0.12124134671007156,59.1,,,,,,154.81,False
c29bf2521ba19af30bfc38ce11b27af9c5d09ad86daeb2ee002c3694b6cfa596,1337175,0xC216BfA5dA000965E820845c32e6FD88DB275743,1784468483,2026-07-19 13:41:23+00:00,98.9198820953442,98.9198820953442,100.0,5.608697852991805,46.166666666666664,3.145679489723005,,14,True,-0.8043324918816985,0.005055851404897481,0.021660649819494587,True,0.9393662518306867,0.0632117686322961,0.25992779783393505,True,-0.3200386269883504,0.09770805684869266,0.5198555956678701,True,-1.3724731902424403,0.24463477920742818,1.364620938628159,True,-0.060084594637188626,1.8409429180823447,3.660649819494585,82.98333333333333,-5.475759505928901,1.6349071086991813,67.0,0.1066760174743437,5.073333333333333,145.22,-2.376212187502691,6.361569918224124,127.0,0.12124134671007156,58.99666666666667,,,,,,154.70666666666668,False
a0af37fb0a1741e43ecc9c23f96b3c78d106ce9d381aa3b34cebccfd165df10f,1337185,0xC216BfA5dA000965E820845c32e6FD88DB275743,1784472419,2026-07-19 14:46:59+00:00,98.74630479884624,98.74630479884624,100.0,5.6026199680406945,46.1,3.1477049713601253,,13,True,,0.0,0.0,True,2.204313109774425,0.06234095398745415,0.3470715835140998,True,3.2716900021454665,0.10209431536343204,0.5639913232104121,True,-0.5727474925396825,0.23983882998547376,1.3449023861171365,True,-0.5877623152700684,1.8556490836135304,3.752711496746204,81.89,-4.709305488231019,1.606550365779487,66.0,0.1085589241467088,5.016666666666667,144.12666666666667,-1.5846253522033726,6.33321317530443,126.0,0.12178420064609585,57.903333333333336,,,,,,153.89666666666668,False
01e32484dc4778e5f6420e3550814a63fbec57bcf6d980af391e2a72760d152b,1337199,0xC216BfA5dA000965E820845c32e6FD88DB275743,1784473115,2026-07-19 14:58:35+00:00,98.74449448363164,98.74449448363164,100.0,5.6026199680406945,46.1,3.1477049713601253,,12,True,,0.0,0.0,True,2.204313109774425,0.06234095398745415,0.3470715835140998,True,3.2716900021454665,0.10209431536343204,0.5639913232104121,True,-0.5727474925396825,0.23983882998547376,1.3449023861171365,True,-0.5877623152700684,1.8556490836135304,3.752711496746204,81.69666666666667,-4.709305488231019,1.606550365779487,66.0,0.1085589241467088,4.823333333333333,143.93333333333334,-1.5846253522033726,6.33321317530443,126.0,0.12178420064609585,57.71,,,,,,153.70333333333335,False
88e5330c1a7dd663cf4b2d45f047a619d5230319024b94b16fd4a63f97dfb1be,1337205,0xC216BfA5dA000965E820845c32e6FD88DB275743,1784473571,2026-07-19 15:06:11+00:00,98.74560445005142,98.74560445005142,100.0,5.6026199680406945,46.1,3.1477049713601253,,11,True,,0.0,0.0,True,2.5781295309103447,0.0639430310463859,0.368763557483731,True,3.2716900021454665,0.10209431536343204,0.5639913232104121,True,-0.5727474925396825,0.23983882998547376,1.3449023861171365,True,-0.13358132116704224,1.8653239572064957,3.8177874186550973,81.57,-4.709305488231019,1.606550365779487,66.0,0.1085589241467088,4.696666666666666,143.80666666666667,-1.5846253522033726,6.33321317530443,126.0,0.12178420064609585,57.583333333333336,,,,,,153.57666666666665,False
96713ec1dc5a656ea49964adb5dbaccbcffedf1061336eecb1909cc5c74942b0,1337209,0xC216BfA5dA000965E820845c32e6FD88DB275743,1784476355,2026-07-19 15:52:35+00:00,98.74548552388428,98.74548552388428,100.0,5.6026199680406945,46.1,3.1477049713601253,,10,True,-1.1634852693442,0.0022799161378601633,0.021691973969631236,True,2.5781295309103447,0.0639430310463859,0.368763557483731,True,3.2716900021454665,0.10209431536343204,0.5639913232104121,True,-0.5727474925396825,0.23983882998547376,1.3449023861171365,True,-0.1251526326947694,1.86731060111561,3.8394793926247286,80.79666666666667,-4.709305488231019,1.606550365779487,66.0,0.1085589241467088,3.9233333333333333,143.03333333333333,-1.5846253522033726,6.33321317530443,126.0,0.12178420064609585,56.81,,,,,,152.80333333333334,False
020fbbd3373d6d1b724028387710f1ea5c5aa0c61440b93e9fb17000ef73ea98,1337251,0xC216BfA5dA000965E820845c32e6FD88DB275743,1784480963,2026-07-19 17:09:23+00:00,98.80498199323765,98.80498199323765,100.0,5.602326179866795,46.1,2.9820217963293527,,9,True,1.3877328160648572,0.026749002280678114,0.10845986984815618,True,1.7787181383558615,0.05972763013969623,0.32537960954446854,True,-0.21614559308559267,0.10081922156880747,0.5639913232104121,True,-1.34760348521894,0.2356326531232092,1.3015184381778742,True,-0.9034968195129278,1.8631897695089341,3.7960954446854664,79.51666666666667,-5.451924476757053,1.5829155292149806,64.0,0.11017983971830507,2.72,141.75333333333333,-2.3515955831458157,6.309578338739923,124.0,0.12224038797334352,55.83,,,,,,151.62666666666667,False
33e3e838c51ccc2385ca327f0f08ece418cd5875725ca97cf1016eb32d36443e,1337259,0xC216BfA5dA000965E820845c32e6FD88DB275743,1784482871,2026-07-19 17:41:11+00:00,98.80471629223145,98.80471629223145,100.0,5.6060870759478565,46.233333333333334,2.9744646198237734,,8,True,-0.6413126476859321,0.011207762396967485,0.043258832011535686,True,1.7097302158694427,0.041499863111784795,0.28118240807498196,True,-0.5361987455949735,0.08062580475000151,0.47584715212689255,True,-1.6640275269121374,0.2153487954497503,1.2112472963229992,True,-1.221345317489697,1.8418140498829594,3.6986301369863015,78.98666666666666,-5.755184055320816,1.4700886467831384,60.0,0.11863596095253036,5.75,141.22333333333333,-2.664799356009484,6.196751456308081,120.0,0.12446607057164291,56.00666666666667,,,,,,151.72,False
06d11f23a87507caa8ca15ba80148d8f40e3ade84bfc7a9d94c0aa6e66fbae67,1337282,0xC216BfA5dA000965E820845c32e6FD88DB275743,1784487155,2026-07-19 18:52:35+00:00,98.67966077699924,98.67966077699924,100.0,5.60763668005371,46.3,2.977928424297127,,7,True,-0.03852477735922788,0.0026904024045433053,0.06479481641468683,True,1.0619455289192725,0.007656451299986841,0.17278617710583155,True,-1.537464063092786,0.04787811951065339,0.38876889848812096,True,-2.290324902878227,0.18145734254065599,1.101511879049676,True,-1.8470585905410841,1.8077179787873303,3.6069114470842334,77.80333333333333,-2.382944733433534,1.4264725690726203,57.0,0.12226339508926358,16.66,140.03333333333333,-3.284722861308098,6.0070342072123495,115.0,0.1283970221361031,60.913333333333334,,,,,,152.92,False
c794b1fc4fc8e4fa7faf80abdf858d52ef2d4c0dcb198ecf1164cc9b6f366f6f,1337288,0xC216BfA5dA000965E820845c32e6FD88DB275743,1784487851,2026-07-19 19:04:11+00:00,98.68142016199094,98.68142016199094,100.0,5.60763668005371,46.3,2.977928424297127,,6,True,-0.03852477735922788,0.0026904024045433053,0.06479481641468683,True,1.0619455289192725,0.007656451299986841,0.17278617710583155,True,-1.537464063092786,0.04787811951065339,0.38876889848812096,True,-2.290324902878227,0.18145734254065599,1.101511879049676,True,-1.8470585905410841,1.8077179787873303,3.6069114470842334,77.61,-2.382944733433534,1.4264725690726203,57.0,0.12226339508926358,16.466666666666665,139.84,-3.284722861308098,6.0070342072123495,115.0,0.1283970221361031,60.72,,,,,,152.72666666666666,False
c269253478fc383d266a8eca26831fe8dc0a26efec4d113e2611af69c1bd6228,1337333,0xC216BfA5dA000965E820845c32e6FD88DB275743,1784495675,2026-07-19 21:14:35+00:00,98.92943411745982,98.92943411745982,100.0,5.608705664535891,46.5,2.9662700867314657,,5,True,,0.0,0.0,True,-1.7555189937297544,0.01198482970248208,0.06451612903225806,True,-2.2575863572365296,0.04864003982212324,0.3010752688172043,True,-3.07168500523356,0.17570494413030516,0.967741935483871,True,-4.586690776216573,1.8133451220688277,3.4838709677419355,75.44333333333333,-4.328835180680812,1.4030948626311786,52.0,0.12430049025300102,20.593333333333334,137.66666666666666,-4.058131009163435,5.974964672746903,109.0,0.12908616976327417,74.99666666666667,,,,,,152.67333333333335,False
b8a1e034eb0624dfc5c9b9c1903728651905f3134d1935d56ba01deb5d77a87e,1337340,0xC216BfA5dA000965E820845c32e6FD88DB275743,1784496323,2026-07-19 21:25:23+00:00,98.93144191288138,98.93144191288138,100.0,5.608705664535891,46.5,2.9662700867314657,,4,True,,0.0,0.0,True,-1.7555189937297544,0.01198482970248208,0.06451612903225806,True,-2.2575863572365296,0.04864003982212324,0.3010752688172043,True,-3.07168500523356,0.17570494413030516,0.967741935483871,True,-4.586690776216573,1.8133451220688277,3.4838709677419355,75.26333333333334,-4.328835180680812,1.4030948626311786,52.0,0.12430049025300102,20.413333333333334,137.48666666666668,-4.058131009163435,5.974964672746903,109.0,0.12908616976327417,74.81666666666666,,,,,,152.49333333333334,False
725205949d64c7c87db4d88c65220288c43cce5c2e37001f7224a7e07a7250f2,1337344,0xC216BfA5dA000965E820845c32e6FD88DB275743,1784499947,2026-07-19 22:25:47+00:00,98.93144191288138,98.93144191288138,100.0,5.608485432282428,46.46666666666667,2.966111244772397,,3,True,,0.0,0.0,True,-1.7555189937297544,0.011985300319029921,0.06456241032998565,True,-2.2575863572365296,0.04864194980400835,0.3012912482065997,True,-5.14653578376334,0.1779463946047572,0.9899569583931133,True,-4.586690776216573,1.8134163279384623,3.486370157819225,74.25666666666666,-4.328835180680812,1.4030948626311786,52.0,0.12430049025300102,19.406666666666666,136.48,-4.058131009163435,5.974964672746903,109.0,0.12908616976327417,73.81,,,,,,151.48666666666668,False
d4f0cc624621fb33267ccc9a25eee5a47ad063559f7b4ceeb83e706b627b994d,1337374,0xC216BfA5dA000965E820845c32e6FD88DB275743,1784543075,2026-07-20 10:24:35+00:00,98.92688762411544,98.92688762411544,100.0,5.560839104387708,45.733333333333334,2.9263453116826628,,6,True,,0.0,0.0,True,0.30192130282771235,0.012504941201177748,0.10932944606413994,True,-2.33811841706979,0.026237408110903384,0.26239067055393583,True,-2.2316559523210655,0.2425935681745475,1.1151603498542273,True,-4.319736155901122,1.9248395561991782,3.69533527696793,76.61,7.60278953685547,1.8392490767411949,56.0,0.21447014427119038,17.92,124.5,-2.301264822347737,5.8212210106515485,104.0,0.132495451154404,62.27,,,,,,141.7,False
00c4642bd3d97425bcffa77ee1a9dc52d980b7d86228a5c1f25b5dfb95521c6d,1337670,0xC216BfA5dA000965E820845c32e6FD88DB275743,1784543339,2026-07-20 10:28:59+00:00,99.13773144911806,99.13773144911806,100.0,5.560839104387708,45.733333333333334,2.9263453116826628,,5,True,,0.0,0.0,True,0.30192130282771235,0.012504941201177748,0.10932944606413994,True,-2.33811841706979,0.026237408110903384,0.26239067055393583,True,-2.2316559523210655,0.2425935681745475,1.1151603498542273,True,-4.319736155901122,1.9248395561991782,3.69533527696793,76.53666666666666,7.60278953685547,1.8392490767411949,56.0,0.21447014427119038,17.846666666666668,124.42666666666666,-2.301264822347737,5.8212210106515485,104.0,0.132495451154404,62.196666666666665,,,,,,141.62666666666667,False
8006d13f992baa7a8aa14aa9e53f24bad250f34addc061fd5791cd36ab3243f8,1337678,0xC216BfA5dA000965E820845c32e6FD88DB275743,1784544779,2026-07-20 10:52:59+00:00,99.13792799920364,99.13792799920364,100.0,5.558626084730643,45.7,2.9263453116826628,,4,True,-0.243512704044202,0.0013791287591276436,0.02188183807439825,True,-0.1647141607170166,0.013756067628004966,0.13129102844638948,True,-2.33811841706979,0.02624785383958072,0.26258205689277897,True,-2.2316559523210655,0.2426901503743329,1.1159737417943107,True,-4.319736155901122,1.9256058800550435,3.698030634573304,76.13666666666667,7.60278953685547,1.8392490767411949,56.0,0.21447014427119038,17.446666666666665,124.02666666666667,-2.301264822347737,5.8212210106515485,104.0,0.132495451154404,61.79666666666667,,,,,,141.22666666666666,False
efc66b41ce61e4aedd010a6fb57e6abed8d2940a364f30c82b3a9691720300f8,1337975,0xC216BfA5dA000965E820845c32e6FD88DB275743,1784589095,2026-07-20 23:11:35+00:00,98.83498420062472,98.83498420062472,100.0,5.536599049492926,45.56666666666667,2.7802513918910745,,5,True,-0.7242482434113628,0.004531659077925815,0.021945866861741038,True,-1.2458446838251924,0.004600705105295724,0.043891733723482075,True,0.5174318213793105,0.07955119552570102,0.26335040234089246,True,-3.593998295398859,0.6961769943213703,1.6020482809070957,True,-3.749274304016259,1.9829752442168567,3.6869056327724943,63.82666666666667,8.806244751213077,1.7188193312332818,46.0,0.22949707841388028,22.35,111.71666666666667,-1.20857890972631,5.700791265143636,94.0,0.1352944298788213,63.82666666666667,,,,,,134.60333333333332,False
fdebef2bcfca40a32608954e7e30af7351091dddefe54ab6c884bdba7a0083af,1337981,0xC216BfA5dA000965E820845c32e6FD88DB275743,1784589695,2026-07-20 23:21:35+00:00,98.8321672945358,98.8321672945358,100.0,5.536599049492926,45.56666666666667,2.775478355608364,,4,True,-0.7242482434113628,0.004531659077925815,0.021945866861741038,True,-1.2458446838251924,0.004600705105295724,0.043891733723482075,True,0.5174318213793105,0.07955119552570102,0.26335040234089246,True,-3.593998295398859,0.6961769943213703,1.6020482809070957,True,-3.749274304016259,1.9829752442168567,3.6869056327724943,63.66,8.806244751213077,1.7188193312332818,46.0,0.22949707841388028,22.183333333333334,111.55,-1.20857890972631,5.700791265143636,94.0,0.1352944298788213,63.66,,,,,,134.43666666666667,False
b097af04d4cce20fb403b2bb637e7c134adc33ce3a562050b89b1882c50d7a06,1337985,0xC216BfA5dA000965E820845c32e6FD88DB275743,1784591003,2026-07-20 23:43:23+00:00,98.00128038479224,98.00128038479224,100.0,5.537241879263958,45.56666666666667,2.777270496990041,,3,True,,0.0,0.0,True,-0.5254016526540339,6.903801167492287e-05,0.021945866861741038,True,1.250738516526284,0.0750108272758645,0.24140453547915142,True,-2.8906857930663166,0.6915650407173637,1.5801024140453548,True,-3.0470945896454826,1.9782139035637776,3.664959765910753,63.29666666666667,9.600020977924185,1.6937293518898118,45.0,0.23289672248946194,24.666666666666668,111.18666666666667,-0.4878640128583078,5.675701285800166,93.0,0.13589251182147724,63.3,,,,,,134.72,False
a14a7759c107946cb9787d161647b92addba4a5cb914d834c171f3d0d0803dd3,1337997,0xC216BfA5dA000965E820845c32e6FD88DB275743,1784624087,2026-07-21 08:54:47+00:00,98.00605519588132,98.00605519588132,100.0,5.533927238704696,45.5,2.7204395976182254,,2,True,,0.0,0.0,True,,0.0,0.0,True,1.0732098956043323,0.11708679691385566,0.5274725274725275,True,-1.553723376549454,0.7749312246154119,1.6483516483516483,True,-2.0803649827080717,1.9909306705637089,3.758241758241758,54.10666666666667,10.178902753869101,1.693347071720304,44.0,0.23294929989667984,15.773333333333333,101.99666666666667,0.03773590486351175,5.675319005630658,92.0,0.13590166531794193,54.11,,,,,,125.53333333333333,False
07cfeec03e9448c622400d3617e50d8ba12d4628efd94d4caba9ec311e6b0765,1338263,0xC216BfA5dA000965E820845c32e6FD88DB275743,1784635115,2026-07-21 11:58:35+00:00,97.97485442108731,97.97485442108731,100.0,5.520007785674847,45.333333333333336,2.7204395976182254,,2,True,,0.0,0.0,True,0.8214654893020867,0.0318005452035499,0.0661764705882353,True,1.066294404541801,0.12424468858435046,0.6176470588235293,True,-1.662283470497472,0.7772938538006364,1.676470588235294,True,-3.9979959810877874,2.0234165133978586,3.926470588235294,51.04333333333334,10.178902753869101,1.693347071720304,44.0,0.23294929989667984,12.71,98.93333333333334,0.03773590486351175,5.675319005630658,92.0,0.13590166531794193,51.04666666666667,,,,,,122.46666666666667,False
477e923748389358d13f08545e46751b8a5c4186a2ed73a1c82d370d10169cad,1338264,0xC216BfA5dA000965E820845c32e6FD88DB275743,1784637803,2026-07-21 12:43:23+00:00,97.97485442108731,97.97485442108731,100.0,5.520007785674847,45.333333333333336,2.7204395976182254,,1,True,,0.0,0.0,True,0.8214654893020867,0.0318005452035499,0.0661764705882353,True,1.066294404541801,0.12424468858435046,0.6176470588235293,True,-1.662283470497472,0.7772938538006364,1.676470588235294,True,-3.9979959810877874,2.0234165133978586,3.926470588235294,50.29666666666667,10.178902753869101,1.693347071720304,44.0,0.23294929989667984,11.963333333333333,98.18666666666667,0.03773590486351175,5.675319005630658,92.0,0.13590166531794193,50.3,,,,,,121.72,False
ede9c1a6d2df308379a43820d08019db58275d4d7e1c1df0a6e3df6f98f744df,1338481,0xC216BfA5dA000965E820845c32e6FD88DB275743,1784719211,2026-07-22 11:20:11+00:00,97.338915191621,97.338915191621,100.0,5.329369533812113,44.46666666666667,2.543598516068935,,0,True,,0.0,0.0,True,,0.0,0.0,True,-1.166373329573045,0.09814689505456307,0.2698650674662669,True,-1.1074625946771555,0.760682161767734,1.3718140929535232,True,-6.0017013180799665,2.1927369991508443,3.7106446776611692,27.69,0.9930429335160751,1.5254101420656392,20.0,0.25859537966961005,23.87,75.58333333333333,-0.13036306185677526,7.894203410072931,65.0,0.3679555620583887,38.79333333333334,,,,,,124.47666666666667,False
3ed105f314edb99320166cdab9f4ded873a1409db571b67addc5d7210395c3c2,1339174,0xC216BfA5dA000965E820845c32e6FD88DB275743,1784847263,2026-07-23 22:54:23+00:00,97.6162350704156,97.6162350704156,100.0,5.162960262418521,43.46666666666667,2.622773527901733,,4,True,,0.0,0.0,True,2.615405619408162,0.0081603470955427,0.046012269938650305,True,0.6144161468423892,0.17589132333650775,0.39110429447852757,True,1.909799107955723,1.170238091748145,1.7024539877300613,True,-4.781060640909729,2.0719147007281262,4.164110429447852,40.00333333333333,2.474347388642606,1.846338380105095,21.0,0.41773778435557973,19.856666666666666,49.49,1.0851783214017363,5.453000765872193,33.0,0.5326821281478461,52.87,,,,,,142.71,False
dd66423ad8266dc2e584444bdbdd6aafcf222779e0ca03c2511076f179359460,1339180,0xC216BfA5dA000965E820845c32e6FD88DB275743,1784849783,2026-07-23 23:36:23+00:00,97.6132952454015,97.6132952454015,100.0,5.162960262418521,43.46666666666667,2.127479701922983,,3,True,,0.0,0.0,True,2.615405619408162,0.0081603470955427,0.046012269938650305,True,2.3814249946329413,0.17641184791948045,0.41411042944785276,True,1.4702225064040064,1.1767215481501794,1.7254601226993864,True,-4.781060640909729,2.0719147007281262,4.164110429447852,39.303333333333335,2.474347388642606,1.846338380105095,21.0,0.41773778435557973,19.156666666666666,48.79,1.0851783214017363,5.453000765872193,33.0,0.5326821281478461,52.17,,,,,,142.01,False
b2067d10ae1e229c5c903994faa7610893a9b9573a7b4481df6ca810bf20f5db,1339189,0xC216BfA5dA000965E820845c32e6FD88DB275743,1784849915,2026-07-23 23:38:35+00:00,97.6162350704156,97.6162350704156,100.0,5.162960262418521,43.46666666666667,2.116200978518353,,2,True,,0.0,0.0,True,2.615405619408162,0.0081603470955427,0.046012269938650305,True,2.3814249946329413,0.17641184791948045,0.41411042944785276,True,1.4702225064040064,1.1767215481501794,1.7254601226993864,True,-4.781060640909729,2.0719147007281262,4.164110429447852,39.266666666666666,2.474347388642606,1.846338380105095,21.0,0.41773778435557973,19.12,48.75333333333333,1.0851783214017363,5.453000765872193,33.0,0.5326821281478461,52.13333333333333,,,,,,141.97333333333333,False
951479ec1f41781a28fa0a8abcf0b0a2191151ef6ad724e946877be349c2f240,1339193,0xC216BfA5dA000965E820845c32e6FD88DB275743,1784856791,2026-07-24 01:33:11+00:00,97.6162350704156,97.6162350704156,100.0,5.162960262418521,43.46666666666667,2.10196466763144,,1,True,2.615405619408162,0.0081603470955427,0.046012269938650305,True,0.8441250552075008,0.08898623331283147,0.09202453987730061,True,2.3814249946329413,0.17641184791948045,0.41411042944785276,True,3.109740579761966,1.1817322394367866,1.7484662576687116,True,-4.556922968854904,2.0761217439138293,4.302147239263803,37.35666666666667,2.474347388642606,1.846338380105095,21.0,0.41773778435557973,17.21,46.843333333333334,1.0851783214017363,5.453000765872193,33.0,0.5326821281478461,50.223333333333336,,,,,,140.06333333333333,False
a946d2cef35a2d342eb9dc0f4dd79265dc617aa69ef742d124a6fc693d538852,1339237,0xC216BfA5dA000965E820845c32e6FD88DB275743,1784897783,2026-07-24 12:56:23+00:00,97.8712500097341,97.8712500097341,100.0,5.133777000706309,43.03333333333333,2.079543713685545,,1,True,-0.6540850633712236,0.014546247391205393,0.09295120061967467,True,0.934741903245695,0.04213867004351741,0.16266460108443068,True,-0.4430640464398117,0.11947647448141573,0.34856700232378,True,-0.3711086243167627,1.2209251985749887,1.9054996127033308,True,-1.4380238160742742,2.06052438304281,4.786986831913246,25.97,1.7287562039850268,1.3846508808939388,16.0,0.5570251062692613,8.603333333333333,39.89333333333333,4.62785675126729,5.135651321418426,45.0,0.5655983771021228,39.266666666666666,,,,,,130.10666666666665,False
cfc051a69967ae6608b1acca2d99eb0b3beb65ac1a77ab8c682e5be018ba9760,1339740,0xC216BfA5dA000965E820845c32e6FD88DB275743,1784979275,2026-07-25 11:34:35+00:00,98.06150809315544,98.06150809315544,100.0,4.953170366390598,41.9,2.003293943579381,,32,True,-2.0460894915818817,0.033159714536714444,0.0477326968973747,True,1.690145213643679,0.7886487704358317,0.16706443914081145,True,3.323855864910552,0.9858817876831694,0.9785202863961814,True,-3.947110039830426,1.2980548710967867,2.124105011933174,True,-0.30076330947895746,2.206150538489313,5.847255369928401,3.3433333333333333,0.9880417253484097,3.840247072233632,4.0,0.7563878047740148,6.496666666666667,26.87,2.9125136545619545,4.983699051079662,48.0,0.5828433906191347,24.583333333333332,,,,,,107.47,False
f5f7981578bd748f495df35d6e17501f94fdb36b7033fdc3996085f183479a4b,1339767,0xC216BfA5dA000965E820845c32e6FD88DB275743,1784991323,2026-07-25 14:55:23+00:00,98.02017493516932,98.02017493516932,100.0,5.020408407705535,41.833333333333336,2.209883195776466,,34,True,-1.6529129445895463,0.005824001682977899,0.02390438247011952,True,1.5691446913829399,0.020211014735845925,0.16733067729083664,True,0.11541220160238286,0.23077154035721487,1.099601593625498,True,-5.435758858841333,0.521481111362184,2.0796812749003983,True,-1.3568396151373951,1.4140944123166128,5.9282868525896415,28.403333333333332,-1.4345237484633788,1.290838332402422,52.0,0.2577640366513501,9.473333333333333,104.12333333333333,-13.766195011218906,5.387517812298983,122.0,0.14555043299710393,22.873333333333335,,,,,,105.14333333333333,False
dc0907c962fc898a297c0d3a444ad365ce6b85ec7a624abadb0c2c8c3931dff9,1339884,0xC216BfA5dA000965E820845c32e6FD88DB275743,1785019895,2026-07-25 22:51:35+00:00,99.01337875045394,99.01337875045394,100.0,4.261088849473859,40.93333333333333,1.7863631764691517,,36,True,-1.7940004747858618,0.06283536789219407,0.0732899022801303,True,0.36119865065342704,0.17479495635293282,0.5130293159609121,True,-2.9572646781391487,0.279123676156431,1.0993485342019544,True,-6.694599644188203,0.6637735050385816,2.125407166123779,True,-3.1685695531162184,1.6525567598721993,6.034201954397394,16.156666666666666,-2.5141010775613815,1.110866425119647,41.0,0.299524489803991,2.546666666666667,96.18666666666667,-11.044994642194894,5.28605026399088,115.0,0.14834432349262275,16.156666666666666,,,,,,98.83666666666667,False
c210e64a0a2bec968782927a7d3d6d9504580c42b3cbc671cf050fea82222cba,1339917,0xC216BfA5dA000965E820845c32e6FD88DB275743,1785026327,2026-07-26 00:38:47+00:00,97.66836663945864,97.66836663945864,100.0,4.281104808963937,41.06666666666667,1.7872653620142256,,35,True,4.750992393850262,0.02074495390676969,0.21915584415584413,True,5.484727935960132,0.04051281924478353,0.5113636363636364,True,0.38091062547074284,0.14537505035047327,1.0227272727272727,True,-4.000243287182858,0.5266214443743183,2.0698051948051948,True,0.5830902610656885,1.5114838859599444,5.941558441558441,32.31666666666667,-3.8608284173882623,1.268775316395646,52.0,0.23539943854908357,3.13,94.4,-11.797440347497734,4.6855714792885195,111.0,0.1673553703803057,22.74,,,,,,110.47666666666667,False
47241ec83cafd586e6644eb6379c3f52b9c9e97cf7be69ae1966141b40da9342,1339933,0xC216BfA5dA000965E820845c32e6FD88DB275743,1785027131,2026-07-26 00:52:11+00:00,97.424082390798,97.424082390798,100.0,4.282108295724053,41.166666666666664,1.789415690785902,,34,True,2.1800994046125677,0.013709769831640637,0.14574898785425103,True,2.8958269496805356,0.03347300268729473,0.43724696356275305,True,-2.082727889857239,0.13831065994914782,0.9473684210526316,True,-6.356355586086426,0.5194677111347638,1.9919028340080973,True,-1.8855103285666863,1.504099356030438,5.854251012145749,32.093333333333334,-6.22036236131075,1.2386707135921746,49.0,0.2411205769597343,3.06,94.17666666666666,-13.962186829238455,4.655466876485048,108.0,0.1684375748263893,28.816666666666666,,,,,,112.09,False
0e642a690389650b50ec2ec08e4864a4147813ec879398e9b3c0a9fd17781be4,1339936,0xC216BfA5dA000965E820845c32e6FD88DB275743,1785027851,2026-07-26 01:04:11+00:00,97.41785944276106,97.41785944276106,100.0,4.282108295724053,41.166666666666664,1.789415690785902,,33,True,2.1800994046125677,0.013709769831640637,0.14574898785425103,True,2.8958269496805356,0.03347300268729473,0.43724696356275305,True,-2.082727889857239,0.13831065994914782,0.9473684210526316,True,-6.356355586086426,0.5194677111347638,1.9919028340080973,True,-1.8855103285666863,1.504099356030438,5.854251012145749,31.893333333333334,-6.22036236131075,1.2386707135921746,49.0,0.2411205769597343,2.86,93.97666666666667,-13.962186829238455,4.655466876485048,108.0,0.1684375748263893,28.616666666666667,,,,,,111.89,False
78d89a319bf3632ea05e0ee016b12ce814196e902ffbe3c2efc1651d66907735,1339939,0xC216BfA5dA000965E820845c32e6FD88DB275743,1785028595,2026-07-26 01:16:35+00:00,98.13184732413596,98.13184732413596,100.0,4.283220734885585,41.233333333333334,1.632554443533768,,32,True,1.3606992725710532,0.005914601616544513,0.09700889248181083,True,2.070687272968863,0.02567270156041378,0.3880355699272433,True,-2.8679436624362897,0.13048313035967762,0.8973322554567502,True,-7.107300388887694,0.5115411873405402,1.9401778496362165,True,-2.9639084602585353,1.6224535298898082,5.91754244139046,31.686666666666667,-6.972397717624757,1.2052975387462102,47.0,0.24779690285865527,2.93,93.77,-14.652139137794373,4.622093701639084,106.0,0.16965375454886392,29.41,,,,,,111.71333333333334,False
6ceb345b872bead38cec8ac90666f2907ad7aa335dcf6231666f65fa7c4c8413,1339951,0xC216BfA5dA000965E820845c32e6FD88DB275743,1785030395,2026-07-26 01:46:35+00:00,98.94171354678788,98.94171354678788,100.0,4.282541138151077,41.333333333333336,1.6340441464321647,,31,True,,0.0,0.0,True,0.7004568886098239,0.019761235358047153,0.29032258064516125,True,-2.6235211027513694,0.13062910248383552,0.8225806451612903,True,-8.354322456564034,0.5057068236400957,1.8387096774193548,True,-2.780791085826506,1.9537914483342393,5.879032258064516,31.186666666666667,-8.22123076300717,1.1799639944636389,43.0,0.2531170429994629,4.316666666666666,93.27,-15.797876815455847,4.596760157356512,102.0,0.1705887458811156,31.186666666666667,,,,,,111.36,False
33bf283ec6e60da6cb6ae85c8ce77ab2c9a2d57279cc7587730c1ce3de09d180,1339954,0xC216BfA5dA000965E820845c32e6FD88DB275743,1785030731,2026-07-26 01:52:11+00:00,98.94171354678788,98.94171354678788,100.0,4.282541138151077,41.333333333333336,1.6340441464321647,,30,True,,0.0,0.0,True,0.7004568886098239,0.019761235358047153,0.29032258064516125,True,-2.6235211027513694,0.13062910248383552,0.8225806451612903,True,-8.354322456564034,0.5057068236400957,1.8387096774193548,True,-2.780791085826506,1.9537914483342393,5.879032258064516,31.093333333333334,-8.22123076300717,1.1799639944636389,43.0,0.2531170429994629,4.223333333333334,93.17666666666666,-15.797876815455847,4.596760157356512,102.0,0.1705887458811156,31.093333333333334,,,,,,111.26666666666667,False
c4c023088b43c16d30e39d4a362a6ccea6401d7f4f1f7b567986306f82df9bd9,1339956,0xC216BfA5dA000965E820845c32e6FD88DB275743,1785030923,2026-07-26 01:55:23+00:00,98.94171354678788,98.94171354678788,100.0,4.282541138151077,41.333333333333336,1.6340441464321647,,29,True,,0.0,0.0,True,0.7004568886098239,0.019761235358047153,0.29032258064516125,True,-2.6235211027513694,0.13062910248383552,0.8225806451612903,True,-8.354322456564034,0.5057068236400957,1.8387096774193548,True,-2.780791085826506,1.9537914483342393,5.879032258064516,31.04,-8.22123076300717,1.1799639944636389,43.0,0.2531170429994629,4.17,93.12333333333333,-15.797876815455847,4.596760157356512,102.0,0.1705887458811156,31.04,,,,,,111.21333333333334,False
edeebe43d81b05824da659f7bbcfb325e786d81138e90e16855bacba7ef7b4b1,1339957,0xC216BfA5dA000965E820845c32e6FD88DB275743,1785031175,2026-07-26 01:59:35+00:00,98.94171354678788,98.94171354678788,100.0,4.282541138151077,41.333333333333336,1.6340441464321647,,28,True,,0.0,0.0,True,0.7004568886098239,0.019761235358047153,0.29032258064516125,True,-2.6235211027513694,0.13062910248383552,0.8225806451612903,True,-8.354322456564034,0.5057068236400957,1.8387096774193548,True,-2.780791085826506,1.9537914483342393,5.879032258064516,30.97,-8.22123076300717,1.1799639944636389,43.0,0.2531170429994629,4.1,93.05333333333333,-15.797876815455847,4.596760157356512,102.0,0.1705887458811156,30.97,,,,,,111.14333333333333,False
2e796ce8cf6ad98ae8a6f59da2630834e54e0b100faf4fc34c56b1e858751ab5,1339960,0xC216BfA5dA000965E820845c32e6FD88DB275743,1785031931,2026-07-26 02:12:11+00:00,98.94171354678788,98.94171354678788,100.0,4.282541138151077,41.333333333333336,1.6340441464321647,,27,True,0.21356030761210398,0.0044698667307566465,0.024193548387096774,True,2.7551945619107343,0.03126200053721459,0.31451612903225806,True,-2.6235211027513694,0.13062910248383552,0.8225806451612903,True,-8.747563716063677,0.5095854821374735,1.8629032258064515,True,-2.780791085826506,1.9537914483342393,5.879032258064516,30.76,-8.22123076300717,1.1799639944636389,43.0,0.2531170429994629,3.89,92.84333333333333,-15.797876815455847,4.596760157356512,102.0,0.1705887458811156,30.76,,,,,,110.93333333333334,False
c9b894c5d70996fcb4aa88ecd8fdbea0a40aa10d670b9be405cd1c062701792d,1339963,0xC216BfA5dA000965E820845c32e6FD88DB275743,1785033983,2026-07-26 02:46:23+00:00,98.94298199036729,98.94298199036729,100.0,4.282541138151077,41.333333333333336,1.6340441464321647,,26,True,0.21356030761210398,0.0044698667307566465,0.024193548387096774,True,2.7551945619107343,0.03126200053721459,0.31451612903225806,True,-2.6235211027513694,0.13062910248383552,0.8225806451612903,True,-8.747563716063677,0.5095854821374735,1.8629032258064515,True,-2.780791085826506,1.9537914483342393,5.879032258064516,30.19,-8.22123076300717,1.1799639944636389,43.0,0.2531170429994629,3.32,92.27333333333333,-15.797876815455847,4.596760157356512,102.0,0.1705887458811156,30.19,,,,,,110.36333333333333,False
f988848028ab337390560b19a3d2df974fc93f8bf3ab8068be0a76c236851243,1339968,0xC216BfA5dA000965E820845c32e6FD88DB275743,1785034931,2026-07-26 03:02:11+00:00,98.94107933719413,98.94107933719413,100.0,4.282541138151077,41.333333333333336,1.6340441464321647,,25,True,1.4323833473654402,0.00555586199824686,0.0967741935483871,True,2.7551945619107343,0.026792133806457945,0.29032258064516125,True,-2.6235211027513694,0.12615923575307886,0.7983870967741935,True,-8.747563716063677,0.5051156154067169,1.8387096774193548,True,-2.780791085826506,1.949321581603483,5.854838709677419,29.926666666666666,-8.22123076300717,1.1608216063071206,42.0,0.2572910389518125,3.1566666666666667,92.01,-15.797876815455847,4.577617769199994,101.0,0.1713021029487942,29.926666666666666,,,,,,110.10666666666667,False
f356f98a1388709746470571b6ae01c35f4acc6d305cc9aadabdaf0af8135bfb,1339973,0xC216BfA5dA000965E820845c32e6FD88DB275743,1785035387,2026-07-26 03:09:47+00:00,98.94625085616778,98.94625085616778,100.0,4.283179217756295,41.36666666666667,1.6354114598719158,,24,True,1.216225664483006,0.0055550343228099345,0.09669621273166801,True,0.4838254298269895,0.050577331711124995,0.314262691377921,True,-2.8310354423641604,0.12614044138766678,0.797743755036261,True,-8.94202740244836,0.505040366635633,1.8372280419016922,True,-2.9836905536318348,1.9492595196789828,5.874294923448831,29.8,-8.416816092281465,1.1608216063071206,42.0,0.2572910389518125,3.03,91.88333333333334,-15.977315918045221,4.577617769199994,101.0,0.1713021029487942,29.8,,,,,,109.99,False
ff7a27c67c171c8ede2c8fb460bce506e98e4ad2fcae99a63535492428b1decd,1339979,0xC216BfA5dA000965E820845c32e6FD88DB275743,1785035843,2026-07-26 03:17:23+00:00,98.94435632199284,98.94435632199284,100.0,4.281545566494854,41.333333333333336,1.6354114598719158,,23,True,-0.44820970558009376,0.006830108447995323,0.14516129032258063,True,0.4838254298269895,0.05059662981749032,0.31451612903225806,True,-2.8310354423641604,0.12618857108475662,0.7983870967741935,True,-8.94202740244836,0.505233068037316,1.8387096774193548,True,-2.8856272906702007,1.95192168743677,5.903225806451613,29.673333333333332,-8.416816092281465,1.1608216063071206,42.0,0.2572910389518125,2.9033333333333333,91.75666666666666,-15.977315918045221,4.577617769199994,101.0,0.1713021029487942,29.673333333333332,,,,,,109.85333333333334,False
6b775d24a8e0538f9c55c0baf2b99714c6a22027e72cf4a374d0ccb8fd99b465,1339983,0xC216BfA5dA000965E820845c32e6FD88DB275743,1785036419,2026-07-26 03:26:59+00:00,98.94498782532337,98.94498782532337,100.0,4.281545566494854,41.333333333333336,1.6354114598719158,,22,True,-0.44820970558009376,0.006830108447995323,0.14516129032258063,True,0.4838254298269895,0.05059662981749032,0.31451612903225806,True,-2.8310354423641604,0.12618857108475662,0.7983870967741935,True,-9.298008219649356,0.6883808445075982,1.8629032258064515,True,-2.8856272906702007,1.95192168743677,5.903225806451613,29.513333333333332,-8.416816092281465,1.1608216063071206,42.0,0.2572910389518125,2.743333333333333,91.59666666666666,-15.977315918045221,4.577617769199994,101.0,0.1713021029487942,29.513333333333332,,,,,,109.69333333333333,False
0447169dc68641d99f6f89d58eb4f56f3577525aed15bac1ab507137648d040d,1339984,0xC216BfA5dA000965E820845c32e6FD88DB275743,1785037067,2026-07-26 03:37:47+00:00,98.94498782532337,98.94498782532337,100.0,4.280179797888693,41.3,1.6354114598719158,,22,True,-0.44820970558009376,0.006832287876929488,0.14527845036319614,True,0.4838254298269895,0.05061277476743293,0.31476997578692495,True,-2.8310354423641604,0.12622883677381222,0.7990314769975787,True,-9.813036209784832,0.6957236486266483,1.8886198547215498,True,-2.8856272906702007,1.9525445288799494,5.907990314769976,29.333333333333332,-8.416816092281465,1.1608216063071206,42.0,0.2572910389518125,2.5633333333333335,91.41666666666667,-15.977315918045221,4.577617769199994,101.0,0.1713021029487942,29.333333333333332,,,,,,109.51333333333334,False
a4f1fc222e5a0f4390871d39dd0a12327e2879048929c2c58296ffef17de7ef6,1339989,0xC216BfA5dA000965E820845c32e6FD88DB275743,1785037559,2026-07-26 03:45:59+00:00,98.94372482672324,98.94372482672324,100.0,4.277874894341997,41.266666666666666,1.6354114598719158,,21,True,-0.44820970558009376,0.006835969088967833,0.14539579967689822,True,0.4838254298269895,0.0506400447477271,0.3150242326332795,True,-2.8310354423641604,0.12629684841528405,0.7996768982229402,True,-9.813036209784832,0.696098502016438,1.890145395799677,True,-2.8856272906702007,1.9535965528219426,5.912762520193861,29.196666666666665,-8.416816092281465,1.1608216063071206,42.0,0.2572910389518125,2.4266666666666667,91.28,-15.977315918045221,4.577617769199994,101.0,0.1713021029487942,29.196666666666665,,,,,,109.37666666666667,False
c23b7c7c03ed22e9677be07512939b104ff2994c657c3cb2e946b45c204fb21c,1339994,0xC216BfA5dA000965E820845c32e6FD88DB275743,1785038663,2026-07-26 04:04:23+00:00,98.9254707226105,98.9254707226105,100.0,4.278668001260844,41.4,1.6342218617913065,,20,True,-1.871197762742005,0.002942770296684049,0.07246376811594203,True,-0.9042330473968296,0.04639355861033101,0.24154589371980678,True,-3.9986287576689983,0.12071254637019707,0.7004830917874396,True,-10.896733010800286,0.6904085798031797,1.7874396135265702,True,-4.052564624124844,1.9476735369439648,5.797101449275362,28.89,-9.517290032822,1.1370283987417382,38.0,0.2626750549546387,6.763333333333334,90.97333333333333,-16.986942033901066,4.553824561634612,97.0,0.1721971366587411,34.64,,,,,,109.21666666666667,False
a445417c5fd9cffa86663101f9a5b53402b02e1da08b05036a73bc8e13507158,1340001,0xC216BfA5dA000965E820845c32e6FD88DB275743,1785041039,2026-07-26 04:43:59+00:00,98.84921990315163,98.84921990315163,100.0,4.278809350896434,41.43333333333333,1.6291519624200923,,21,True,-0.23055374436141696,0.0016689044869867499,0.024135156878519713,True,0.7525779356266193,0.04511825741228368,0.1930812550281577,True,-4.330394574121199,0.12029290099458681,0.6757843925985519,True,-9.4069895443454,0.6891120036940308,1.7377312952534192,True,-2.348781133231903,1.9472604700608496,5.792437650844731,28.23,-8.004483257543216,1.1315781857629272,36.0,0.26394022161456193,7.426666666666667,90.31333333333333,-15.599022545489639,4.548374348655801,95.0,0.17240347655013744,35.08,,,,,,109.14666666666666,False
ef30ef54a464ddb9160c17f25b6d4bfb50fef6bf673196a73157da54a9de0eca,1340006,0xC216BfA5dA000965E820845c32e6FD88DB275743,1785044651,2026-07-26 05:44:11+00:00,99.00764058766754,99.00764058766754,100.0,4.2790473817005905,41.46666666666667,1.6038976845393174,,22,True,1.1715288683534553,0.006800946084540291,0.09646302250803858,True,0.3697908552320328,0.045970277486574423,0.2170418006430868,True,-4.189466928907903,0.12017544839990849,0.67524115755627,True,-9.197641306408833,0.687404858771938,1.7122186495176848,True,-4.069890168576407,1.9463713023512275,5.860128617363344,27.226666666666667,-7.791894016593726,1.1244372616382552,35.0,0.2656164174863108,7.533333333333333,89.31,-15.403983261317988,4.541233424531129,94.0,0.17267457473641956,35.04,,,,,,109.25333333333333,False
70a553c6878b9317a1ca6793fd82243555b9bbf5c8a482036e1e97b2179d0db8,1340037,0xC216BfA5dA000965E820845c32e6FD88DB275743,1785045419,2026-07-26 05:56:59+00:00,98.99136810647778,98.99136810647778,100.0,4.279530844022602,41.53333333333333,1.604933675229343,,21,True,-1.216100377403051,0.0034110516801545082,0.048154093097913325,True,-1.9989175226778122,0.042575958088748596,0.16853932584269662,True,-6.450577671928571,0.116772745979377,0.6260032102728732,True,-11.34056006651375,0.6839380759515106,1.6613162118780096,True,-6.333822900878793,1.9427622929965531,5.802568218298556,27.013333333333332,-9.967988151024276,1.1099333919778926,33.0,0.26908731576427763,7.473333333333334,89.09666666666666,-17.400433506748303,4.526729554870767,92.0,0.17322783277741316,39.526666666666664,,,,,,109.07666666666667,False
0f46eeb025f91d315a4bee02cafedcdb69fe826b1984c4b3791f41bd84dc9a2d,1340039,0xC216BfA5dA000965E820845c32e6FD88DB275743,1785045539,2026-07-26 05:58:59+00:00,98.99136810647778,98.99136810647778,100.0,4.279530844022602,41.53333333333333,1.604933675229343,,21,True,-1.216100377403051,0.0034110516801545082,0.048154093097913325,True,-1.9989175226778122,0.042575958088748596,0.16853932584269662,True,-6.450577671928571,0.116772745979377,0.6260032102728732,True,-11.34056006651375,0.6839380759515106,1.6613162118780096,True,-6.333822900878793,1.9427622929965531,5.802568218298556,26.98,-9.967988151024276,1.1099333919778926,33.0,0.26908731576427763,7.44,89.06333333333333,-17.400433506748303,4.526729554870767,92.0,0.17322783277741316,39.49333333333333,,,,,,109.04333333333334,False
50d547ad3e0b788aa90895ad928d43320c43ddc5be5f0816fb79f86caa15ff6a,1340042,0xC216BfA5dA000965E820845c32e6FD88DB275743,1785052823,2026-07-26 08:00:23+00:00,99.19332111775694,99.19332111775694,100.0,4.280017434051795,41.6,1.6024977587973603,,25,True,2.040445234100341,0.01150754658337309,0.024038461538461536,True,-1.9871994143863536,0.044711791106810284,0.24038461538461536,True,-5.827714698963138,0.12161243582809397,0.673076923076923,True,-10.249099020985309,0.6804496559732804,1.6105769230769231,True,-2.920830852830958,1.9438483522098484,5.841346153846153,24.956666666666667,-8.859629764625353,1.0953356911021161,31.0,0.27267348224903826,6.4366666666666665,87.04,-16.383573832555054,4.512131853994991,90.0,0.17378826145460366,40.28,,,,,,108.08666666666667,False
00d40dd837566fc181be8dd9febd43336a0ab882ddfc90039c7eae58b1b6e5d1,1340075,0xC216BfA5dA000965E820845c32e6FD88DB275743,1785056951,2026-07-26 09:09:11+00:00,99.2057562088108,99.2057562088108,100.0,4.281659184051795,41.63333333333333,1.587862206940622,,24,True,-2.179934897777658,0.0013228671264788035,0.02401921537229784,True,-4.429848731355945,0.04349720383368937,0.3602882305844676,True,-7.7642739894827395,0.2221695259506053,0.7205764611689351,True,-12.043797169731175,0.6448879770663064,1.5612489991993594,True,-4.658242708039162,1.9099289685670706,5.812650120096077,29.56,-11.073975485947097,1.2629746141034526,34.0,0.23648060205587504,5.336666666666667,85.89333333333333,-18.05560434824366,4.360985993125338,88.0,0.17981152693355829,41.593333333333334,,,,,,108.57,False
c65b8c228a1c9dd6f260c55f4aff224fd6a68d5f384fc1106a10f9c8c2cc6e82,1340099,0xC216BfA5dA000965E820845c32e6FD88DB275743,1785057575,2026-07-26 09:19:35+00:00,99.1965543786404,99.1965543786404,100.0,4.285055629414116,41.666666666666664,1.5951403041455972,,23,True,-0.1819500067278712,0.0013218185879520562,0.024,True,-2.4778185617731374,0.043462726830585656,0.36000000000000004,True,-5.880349798761319,0.22199342866708713,0.7200000000000001,True,-10.247282680139048,0.6443768222603131,1.56,True,-2.5128033799687532,1.9101724632210222,5.832000000000001,29.386666666666667,-9.257652288712137,1.2629746141034526,34.0,0.23648060205587504,5.163333333333333,85.72,-16.3818816386204,4.360985993125338,88.0,0.17981152693355829,41.42,,,,,,108.39666666666666,False
ba473938f5b1d6d026343771ab71b70173a85f5f6e00265b32e561689b3f391b,1340102,0xC216BfA5dA000965E820845c32e6FD88DB275743,1785059507,2026-07-26 09:51:47+00:00,99.19607714119228,99.19607714119228,100.0,4.285055629414116,41.666666666666664,1.5951403041455972,,22,True,-0.48788533362577047,0.0025441467200760658,0.048,True,-2.4695877260492383,0.04606022189183731,0.384,True,-5.880349798761319,0.22199342866708713,0.7200000000000001,True,-10.247282680139048,0.6443768222603131,1.56,True,-2.5128033799687532,1.9101724632210222,5.832000000000001,28.85,-9.257652288712137,1.2629746141034526,34.0,0.23648060205587504,4.626666666666667,85.18333333333334,-16.3818816386204,4.360985993125338,88.0,0.17981152693355829,40.88333333333333,,,,,,107.86,False
924b04c1148504ad1456923ac294047fa3918de40ae5b29993835b78fece9606,1340110,0xC216BfA5dA000965E820845c32e6FD88DB275743,1785061331,2026-07-26 10:22:11+00:00,99.08097357762152,99.08097357762152,100.0,4.285244431620162,41.7,1.595221538708817,,21,True,-0.6096056339238043,0.0025196924236440157,0.047961630695443645,True,-2.2918076635193296,0.04473643218896438,0.3597122302158273,True,-5.708786930237098,0.22066188757964655,0.6954436450839329,True,-10.083679929721722,0.6430266715187956,1.5347721822541966,True,-2.33510209165374,1.9087665431965077,5.8033573141486805,28.343333333333334,-9.092245623507944,1.2573105479220843,33.0,0.23754592500482186,4.413333333333333,84.67666666666666,-16.229461137524147,4.35532192694397,87.0,0.18004537058640604,44.68666666666667,,,,,,109.62,False
c727aa64d693fdb7fac11db8fe296e4db2d48125b6f14fba217356f3db165db1,1340115,0xC216BfA5dA000965E820845c32e6FD88DB275743,1785061691,2026-07-26 10:28:11+00:00,99.08097357762152,99.08097357762152,100.0,4.285244431620162,41.7,1.595221538708817,,20,True,-0.6096056339238043,0.0025196924236440157,0.047961630695443645,True,-2.2918076635193296,0.04473643218896438,0.3597122302158273,True,-5.708786930237098,0.22066188757964655,0.6954436450839329,True,-10.083679929721722,0.6430266715187956,1.5347721822541966,True,-2.33510209165374,1.9087665431965077,5.8033573141486805,28.243333333333332,-9.092245623507944,1.2573105479220843,33.0,0.23754592500482186,4.3133333333333335,84.57666666666667,-16.229461137524147,4.35532192694397,87.0,0.18004537058640604,44.586666666666666,,,,,,109.52,False
940db5dd3c70dcf7b2ca0464967b2e7cb3c5a5bd8a2b09427b83ff0b5190fc18,1340134,0xC216BfA5dA000965E820845c32e6FD88DB275743,1785064235,2026-07-26 11:10:35+00:00,98.9314650672541,98.9314650672541,100.0,4.285604348217756,41.766666666666666,1.592074006148289,,19,True,-0.29212787877763713,0.0011198534681916717,0.023942537909018357,True,-1.6925197251955848,0.0422131942897927,0.3112529928172386,True,-5.130456850318865,0.21812387498682853,0.6464485235434956,True,-9.532183020526974,0.6404531875936689,1.4844373503591382,True,-1.7360796973745374,1.906086759027346,5.746209098164406,27.536666666666665,-8.534667805362306,1.2465130499942685,31.0,0.2396035862808209,3.84,83.87,-15.715659046556407,4.344524429016154,85.0,0.1804928394745623,47.22666666666667,,,,,,108.98,False
e1e1f48b3e4646ac24ac0cfca1353ff18e3a6ba0e0293ae46d4804a48bc1078b,1340139,0xC216BfA5dA000965E820845c32e6FD88DB275743,1785064367,2026-07-26 11:12:47+00:00,98.93224352055508,98.93224352055508,100.0,4.285604348217756,41.766666666666666,1.592074006148289,,18,True,-0.29212787877763713,0.0011198534681916717,0.023942537909018357,True,-1.6925197251955848,0.0422131942897927,0.3112529928172386,True,-5.130456850318865,0.21812387498682853,0.6464485235434956,True,-9.532183020526974,0.6404531875936689,1.4844373503591382,True,-1.7360796973745374,1.906086759027346,5.746209098164406,27.5,-8.534667805362306,1.2465130499942685,31.0,0.2396035862808209,3.8033333333333332,83.83333333333333,-15.715659046556407,4.344524429016154,85.0,0.1804928394745623,47.19,,,,,,108.94333333333333,False
f7fac672cb1aeebcb3591e29c1126724eae136139bf5e824d1dee5dd2445d6a9,1340142,0xC216BfA5dA000965E820845c32e6FD88DB275743,1785064535,2026-07-26 11:15:35+00:00,98.93187949410525,98.93187949410525,100.0,4.285604348217756,41.766666666666666,1.592074006148289,,17,True,-0.29212787877763713,0.0011198534681916717,0.023942537909018357,True,-1.6925197251955848,0.0422131942897927,0.3112529928172386,True,-5.130456850318865,0.21812387498682853,0.6464485235434956,True,-9.532183020526974,0.6404531875936689,1.4844373503591382,True,-1.7360796973745374,1.906086759027346,5.746209098164406,27.453333333333333,-8.534667805362306,1.2465130499942685,31.0,0.2396035862808209,3.756666666666667,83.78666666666666,-15.715659046556407,4.344524429016154,85.0,0.1804928394745623,47.14333333333333,,,,,,108.89666666666666,False
76d61926f394813062d0df577708b450709e91b374c7ac790470f50f0f09cef0,1340144,0xC216BfA5dA000965E820845c32e6FD88DB275743,1785067235,2026-07-26 12:00:35+00:00,98.93163307772122,98.93163307772122,100.0,4.285604348217756,41.766666666666666,1.591166791343477,,16,True,-0.29212787877763713,0.0011198534681916717,0.023942537909018357,True,-1.6925197251955848,0.0422131942897927,0.3112529928172386,True,-5.128678645472229,0.21831165713716508,0.670391061452514,True,-9.83246186322363,0.6422004039689835,1.5323224261771748,True,-3.6026256044316862,1.9065323948016875,5.794094173982442,26.703333333333333,-8.534667805362306,1.2465130499942685,31.0,0.2396035862808209,3.006666666666667,83.03666666666666,-15.715659046556407,4.344524429016154,85.0,0.1804928394745623,46.39333333333333,,,,,,108.14666666666666,False
571376d81b75618c49586ad833e41c2602915ac3a828d9d138066415c5935cbb,1340169,0xC216BfA5dA000965E820845c32e6FD88DB275743,1785069023,2026-07-26 12:30:23+00:00,99.03090121941808,99.03090121941808,100.0,4.285764323180844,41.8,1.591509594835809,,15,True,-0.5402733170400964,0.0026165668774702847,0.07177033492822966,True,-1.4010757764528092,0.041412158838496416,0.31100478468899523,True,-4.85072107527722,0.2171836965384466,0.645933014354067,True,-9.568285614246275,0.6410566208514529,1.5071770334928232,True,-1.2779199873575564,1.9068818824448546,5.7894736842105265,26.206666666666667,-8.266689230478807,1.2417138011016193,30.0,0.240529658975763,2.513333333333333,82.54,-15.46871961025026,4.339725180123505,84.0,0.1806924442937676,45.906666666666666,,,,,,108.15333333333334,False
95b5e07ecf737277234900cd6797ce837b3b6780ddc8b0deb9dfd07d24eefb1c,1340205,0xC216BfA5dA000965E820845c32e6FD88DB275743,1785074171,2026-07-26 13:56:11+00:00,99.13069762448283,99.13069762448283,100.0,4.285687417864613,41.9,1.5928639213767621,,15,True,-0.9550828173218506,0.021423442441689686,0.0954653937947494,True,-2.488445907348291,0.05228685781410826,0.23866348448687352,True,-3.972227059044431,0.21276343272883805,0.5489260143198091,True,-8.733347915680966,0.6366439633084959,1.4081145584725538,True,-2.2712172720248835,1.9032572194393862,5.704057279236277,24.776666666666667,-7.419734156189661,1.222753229528275,26.0,0.2442594220255662,9.45,81.11,-14.68825942341434,4.32076460855016,80.0,0.1814853669204747,45.016666666666666,,,,,,108.53333333333333,False
8823d7c025791cc0c8c5f4495e829b459b42e831c924dc4dcacdd4a99c762225,1340234,0xC216BfA5dA000965E820845c32e6FD88DB275743,1785081707,2026-07-26 16:01:47+00:00,97.72873316818637,97.72873316818637,100.0,4.287554824812401,42.06666666666667,1.602875154059036,,14,True,,0.0,0.0,True,-2.0041677106581446,0.01561167211944051,0.04754358161648177,True,-4.9100812287091955,0.2566036444450484,0.45166402535657685,True,-8.280084196313453,0.5997142659951139,1.2123613312202852,True,-1.1944569390142212,1.9032908534148234,5.610142630744849,23.783333333333335,-4.9100812287091955,1.100202193804813,19.0,0.2714673710034956,16.743333333333332,79.99333333333334,-7.991989611990391,4.517460349344799,75.0,0.17358327239628324,50.53,,,,,,111.67666666666666,False
29a4966398a5ecefad2005f74fe7efeb1a5278574b23723231d49bf73d47611d,1340294,0xC216BfA5dA000965E820845c32e6FD88DB275743,1785103295,2026-07-26 22:01:35+00:00,97.73769205470906,97.73769205470906,100.0,4.263511857343673,41.766666666666666,1.5837638013579165,,13,True,,0.0,0.0,True,1.1774544570881895,0.013919001459937226,0.047885075818036714,True,-3.996265570041879,0.253591869706934,0.47885075818036715,True,-6.4168708448112515,0.7125626942220854,1.3886671987230648,True,1.6074909232122403,1.9403364417166045,5.722266560255387,23.45,-3.9887082431468768,1.0811919434214647,20.0,0.27624049452248395,10.936666666666667,73.99666666666667,-6.1102822043009315,4.450524449225703,73.0,0.17619396529686598,44.54666666666667,,,,,,105.81,False
4adfc06c399f45daab482c2f86fde1795b6299bae2eeff4813b159c24492afdb,1340456,0xC216BfA5dA000965E820845c32e6FD88DB275743,1785105287,2026-07-26 22:34:47+00:00,97.70637029266136,97.70637029266136,100.0,4.263511857343673,41.766666666666666,1.5837638013579165,,13,True,-0.431338895179334,0.007851233651237388,0.023942537909018357,True,-0.8302470744272483,0.014780191300351454,0.07182761372705507,True,-3.996265570041879,0.253591869706934,0.47885075818036715,True,-6.148409149195533,0.7156001061491384,1.4126097366320831,True,1.6074909232122403,1.9403364417166045,5.722266560255387,22.89666666666667,-3.9887082431468768,1.0811919434214647,20.0,0.27624049452248395,10.383333333333333,73.44333333333333,-6.1102822043009315,4.450524449225703,73.0,0.17619396529686598,43.99333333333333,,,,,,105.25666666666666,False
72aa0c8007f53ab22974c55f43444a83e38f0d9a00bd3a3e955929ac07675573,1340547,0xC216BfA5dA000965E820845c32e6FD88DB275743,1785122987,2026-07-27 03:29:47+00:00,97.87337997996369,97.87337997996369,100.0,4.247073641365882,41.8,1.5828526504650091,,14,True,-1.984336868612313,0.0008645230589524541,0.023923444976076555,True,-2.669514454608357,0.14777324416851847,0.23923444976076558,True,-4.898115583299834,0.24597715284086413,0.5263157894736843,True,-8.048124214470931,1.0566614293720822,1.889952153110048,True,-1.5790098762393012,1.9379267819323258,5.76555023923445,28.85,-2.7204844898948366,1.0874482496485736,24.0,0.2746512279742881,8.146666666666667,68.52666666666667,-7.2029254941178955,4.391180621458877,71.0,0.17857510723373707,43.47666666666667,,,,,,100.59,False
e5fa3a0cf6f68c8f29971d5ae6bc85f567e333b157eb515ecdb3bfa2a4033fe9,1340631,0xC216BfA5dA000965E820845c32e6FD88DB275743,1785126167,2026-07-27 04:22:47+00:00,97.8647951335445,97.8647951335445,100.0,4.247193030263698,41.8,1.5818440910130143,,13,True,,0.0,0.0,True,-0.6990490745112599,0.1469045914949787,0.215311004784689,True,-2.9727684551617672,0.24510573964847482,0.5023923444976077,True,-6.18654932500966,1.0557672277870858,1.8660287081339715,True,0.41353287772962766,1.9370078079156607,5.741626794258374,27.966666666666665,-0.7510510032419315,1.0837765565525437,23.0,0.27558171037997614,9.78,67.64333333333333,-5.3242394723281965,4.387508928362847,70.0,0.1787245480665783,45.81333333333333,,,,,,100.65333333333334,False
7a350a71f184a4f671bac5fc9ee36a847944a76a92727533d51ce3f18f3e75e1,1340646,0xC216BfA5dA000965E820845c32e6FD88DB275743,1785127331,2026-07-27 04:42:11+00:00,97.8511006892432,97.8511006892432,100.0,4.246422219835835,41.766666666666666,1.5818440910130143,,12,True,-0.0835867629209619,0.001570021061908306,0.023942537909018357,True,-0.6990490745112599,0.1469312576118091,0.2154828411811652,True,-2.9727684551617672,0.24515023123463123,0.5027932960893855,True,-6.18654932500966,1.055958870621087,1.8675179569034317,True,0.41353287772962766,1.9373594135120662,5.746209098164406,27.643333333333334,-0.7510510032419315,1.0837765565525437,23.0,0.27558171037997614,9.456666666666667,67.32,-5.3242394723281965,4.387508928362847,70.0,0.1787245480665783,45.49,,,,,,100.33,False
d27e5aa230fe04b3bb76b16f61498ccdd12d5401a8dfa047ee777ecd82c88ebe,1340653,0xC216BfA5dA000965E820845c32e6FD88DB275743,1785129167,2026-07-27 05:12:47+00:00,97.85491049498266,97.85491049498266,100.0,4.246422219835835,41.766666666666666,1.580812713993075,,11,True,1.8611443796117122,0.0018003325922671051,0.047885075818036714,True,-0.6990490745112599,0.1469312576118091,0.2154828411811652,True,-2.9727684551617672,0.24515023123463123,0.5027932960893855,True,-6.18654932500966,1.055958870621087,1.8675179569034317,True,0.4067365681144297,1.940376846908781,5.841979249800479,27.133333333333333,-0.7510510032419315,1.0837765565525437,23.0,0.27558171037997614,8.946666666666667,66.81,-5.3242394723281965,4.387508928362847,70.0,0.1787245480665783,44.98,,,,,,99.82,False
cd00e8ae64fc19a5d8f4968c3a964cfbb3504678577e3fcb7ab885035c1ba369,1340672,0xC216BfA5dA000965E820845c32e6FD88DB275743,1785129947,2026-07-27 05:25:47+00:00,97.85442754544142,97.85442754544142,100.0,4.246422219835835,41.766666666666666,1.5786698568502178,,10,True,1.8611443796117122,0.0018003325922671051,0.047885075818036714,True,-0.6990490745112599,0.1469312576118091,0.2154828411811652,True,-2.9727684551617672,0.24515023123463123,0.5027932960893855,True,-6.18654932500966,1.055958870621087,1.8675179569034317,True,0.4067365681144297,1.940376846908781,5.841979249800479,26.916666666666668,-0.7510510032419315,1.0837765565525437,23.0,0.27558171037997614,8.73,66.59333333333333,-5.3242394723281965,4.387508928362847,70.0,0.1787245480665783,44.763333333333335,,,,,,99.60333333333334,False
1cda567712086b90d79dc5c2236a3ba461a062c7aaca1340141457865f605ccd,1340697,0xC216BfA5dA000965E820845c32e6FD88DB275743,1785131927,2026-07-27 05:58:47+00:00,97.98390999104926,97.98390999104926,100.0,4.244636096351675,41.766666666666666,1.5791460691589965,,9,True,1.8061878792554387,0.001750405928358081,0.07182761372705507,True,-0.6141143641491986,0.14561199847486372,0.2154828411811652,True,-2.89159868597908,0.24368270761273667,0.47885075818036715,True,-6.108068098489239,1.0548325315716962,1.8435754189944134,True,0.4883089360209425,1.9405874300124186,5.841979249800479,26.366666666666667,-0.6680226188036098,1.0771095842296459,22.0,0.2772874751997314,8.733333333333333,66.04333333333334,-5.245036865937481,4.380841956039949,69.0,0.1789965395301689,45.37,,,,,,101.07,False
cbd2579b081a56f857a4b271b367ce0f3302dea0399288c1e87325423f4f0187,1340699,0xC216BfA5dA000965E820845c32e6FD88DB275743,1785132251,2026-07-27 06:04:11+00:00,97.9864000863614,97.9864000863614,100.0,4.244668696351675,41.8,1.5792159263018537,,8,True,-0.13749403475757926,0.0015199858100402694,0.04784688995215311,True,-2.5115879111174633,0.14538047346750688,0.19138755980861244,True,-4.745590543101164,0.2434504294005135,0.4545454545454546,True,-7.900651179246099,1.0545940235483493,1.8181818181818183,True,-1.4302120568321475,1.9403421191943773,5.813397129186603,26.276666666666667,-2.5644669503403716,1.076131584229646,21.0,0.2775394770503596,8.643333333333333,65.95333333333333,-7.054096923515529,4.379863956039949,68.0,0.17903650849208586,45.50666666666667,,,,,,101.04666666666667,False
dbe8497d208aba196130e1a30cabc0df5f8430620f0955c8831de1053d2b26aa,1340708,0xC216BfA5dA000965E820845c32e6FD88DB275743,1785133871,2026-07-27 06:31:11+00:00,97.97946880311758,97.97946880311758,100.0,4.244668696351675,41.8,1.5792159263018537,,7,True,-2.456923162342761,0.00810204063443693,0.07177033492822966,True,-2.5115879111174633,0.14538047346750688,0.19138755980861244,True,-4.745590543101164,0.2434504294005135,0.4545454545454546,True,-7.900651179246099,1.0545940235483493,1.8181818181818183,True,-1.4302120568321475,1.9403421191943773,5.813397129186603,25.826666666666668,-2.5644669503403716,1.076131584229646,21.0,0.2775394770503596,8.193333333333333,65.50333333333333,-7.054096923515529,4.379863956039949,68.0,0.17903650849208586,45.056666666666665,,,,,,100.59666666666666,False
c4dcaad3d450fef6ba3623d7cb8b49a037d83de28438e4eb631eb700e37aad70,1340774,0xC216BfA5dA000965E820845c32e6FD88DB275743,1785138035,2026-07-27 07:40:35+00:00,97.85256691242644,97.85256691242644,100.0,4.2458150456269275,41.9,1.5816723890345368,,7,True,,0.0,0.0,True,-0.05604164903029174,0.13724136832830586,0.11933174224343676,True,-0.24128636613577337,0.23762196994300233,0.405727923627685,True,-5.580845092638864,1.046209435202041,1.7422434367541766,True,1.0525719905466913,1.9317183831987743,5.727923627684964,26.726666666666667,-0.09564890018906036,1.0708072738934247,19.0,0.2789194698300087,13.8,64.34666666666666,-4.712967757644071,4.345473477782385,65.0,0.1804534199481303,56.47,,,,,,99.75666666666666,False
2238289efa6d6e513a9fcef6aebe19e6d25150b2260e0d00a6ae0d10ca0d22aa,1340779,0xC216BfA5dA000965E820845c32e6FD88DB275743,1785138167,2026-07-27 07:42:47+00:00,97.85513425944043,97.85513425944043,100.0,4.2458150456269275,41.9,1.5816723890345368,,6,True,,0.0,0.0,True,-0.05604164903029174,0.13724136832830586,0.11933174224343676,True,-0.24128636613577337,0.23762196994300233,0.405727923627685,True,-5.580845092638864,1.046209435202041,1.7422434367541766,True,1.0525719905466913,1.9317183831987743,5.727923627684964,26.69,-0.09564890018906036,1.0708072738934247,19.0,0.2789194698300087,13.763333333333334,64.31,-4.712967757644071,4.345473477782385,65.0,0.1804534199481303,56.43333333333333,,,,,,99.72,False
ab5119426079eb2ac31c40bcdadb1f273d8734f8af29ac033283351c7219ce1c,1340798,0xC216BfA5dA000965E820845c32e6FD88DB275743,1785139211,2026-07-27 08:00:11+00:00,97.85513425944043,97.85513425944043,100.0,4.2458150456269275,41.9,1.5816723890345368,,5,True,-0.05791493200553166,0.1370518263931646,0.0954653937947494,True,-0.05604164903029174,0.13724136832830586,0.11933174224343676,True,-0.24128636613577337,0.23762196994300233,0.405727923627685,True,-5.580845092638864,1.046209435202041,1.7422434367541766,True,1.0525719905466913,1.9317183831987743,5.727923627684964,26.4,-0.09564890018906036,1.0708072738934247,19.0,0.2789194698300087,13.473333333333333,64.02,-4.712967757644071,4.345473477782385,65.0,0.1804534199481303,56.14333333333333,,,,,,99.43,False
a95b41eb3095932e27eae5c678601bf710becfc5cf0f3ed4661bbaab71576346,1340828,0xC216BfA5dA000965E820845c32e6FD88DB275743,1785158555,2026-07-27 13:22:35+00:00,98.08456243283916,98.08456243283916,100.0,4.247952470348722,41.7,1.6035794374615129,,5,True,0.39811870379715675,0.0075330409705297524,0.023980815347721823,True,-0.7793489263251185,0.0862587803695871,0.1199040767386091,True,-2.011551400618339,0.14375139155107425,0.4796163069544364,True,-5.527901370693467,0.9085107051609995,1.6306954436450838,True,1.1068015336353154,1.7949915299665753,5.707434052757794,37.973333333333336,-4.096994191223413,1.7786432255839904,33.0,0.44087287381777285,13.37,93.82666666666667,-2.123450043511277,4.256896576771217,119.0,0.18420826915050298,51.53666666666667,,,,,,99.22666666666667,False
c5afee83e904cead86832ec80b03b4de6b720254d648d0b5cd500b8b5200d088,1341102,0xC216BfA5dA000965E820845c32e6FD88DB275743,1785191339,2026-07-27 22:28:59+00:00,97.6864976609498,97.6864976609498,100.0,4.256407931061389,41.86666666666667,1.2192106238496652,,5,True,2.045972464846546,0.00032921153178693365,0.023885350318471336,True,0.22700300657609862,0.0053648444707056295,0.09554140127388534,True,0.1510771027352531,0.1310577281161093,0.5254777070063694,True,-2.6761530272330747,0.8397053609951355,2.078025477707006,True,3.42636473025717,1.751566165565007,5.851910828025478,28.866666666666667,-1.6249715320444835,1.385203720136591,26.0,0.5660940257093763,12.3,100.13333333333334,5.638267432698418,4.402339363002054,153.0,0.17812246755665692,48.56333333333333,,,,,,91.94666666666667,False
dbb8bd5efec5a0318ba358a417e06f48c61be54141566ea038e62147fbbd5d24,1341180,0xC216BfA5dA000965E820845c32e6FD88DB275743,1785197831,2026-07-28 00:17:11+00:00,97.75873828699976,97.75873828699976,100.0,4.231667709985282,41.5,1.2193107137478718,,6,True,0.11792432909250028,0.001792420071585384,0.024096385542168676,True,-1.7824999991028934,0.0025806806145780986,0.04819277108433735,True,-2.801922976620297,0.1352949500553929,0.5301204819277109,True,-6.514209155702277,0.8432570480106,2.144578313253012,True,1.1393011037132306,1.7607530557176443,5.975903614457831,27.063333333333333,-3.597343342634729,1.373289336409064,24.0,0.5710053442999643,11.066666666666666,97.92333333333333,3.7798613253541724,4.232870939055265,150.0,0.18525382929221623,46.76,,,,,,92.48333333333333,False
6b4121a947116764082446a27ea97a659ea6fcead64d1a69f76c37a81706c876,1341210,0xC216BfA5dA000965E820845c32e6FD88DB275743,1785200471,2026-07-28 01:01:11+00:00,97.91136054046594,97.91136054046594,100.0,4.231775567524819,41.53333333333333,1.2206034316973213,,13,True,,0.0,0.0,True,-1.8981859052017547,0.0007882404521723666,0.024077046548956663,True,-2.9164081509671647,0.13349912733303454,0.5056179775280899,True,-4.515549293347021,0.8451180806143653,2.1669341894060996,True,1.0201737415804102,1.7589158040704524,5.947030497592295,26.33,-3.7108916276719417,1.3657044102694065,23.0,0.5741766259691877,12.643333333333333,97.59666666666666,3.3983393906251047,4.382840053134869,150.0,0.17891493662855715,46.026666666666664,,,,,,91.76666666666667,False
b0f31876b8afadab8ed1b5fd8ca67973686ec170bd8a5725102a138885c4bfe3,1341220,0xC216BfA5dA000965E820845c32e6FD88DB275743,1785222155,2026-07-28 07:02:35+00:00,97.91398410699378,97.91398410699378,100.0,4.215359663815102,41.233333333333334,1.210814977090634,,15,True,2.1556054433037986,0.0023540094831098527,0.024252223120452707,True,0.28657267912906015,0.046111037338653175,0.21827000808407437,True,-2.40511222196349,0.3304242621199415,0.5578011317704122,True,-2.4241326681968767,0.8848466526146587,2.3767178658043653,True,4.969457835185387,1.82260322764312,6.111560226354082,20.30666666666667,-1.8477800224147911,1.3623687535825688,22.0,0.5755824539410959,6.623333333333333,91.16666666666667,5.663309821983109,4.221950356228769,148.0,0.18573301062217348,40.00333333333333,,,,,,85.74333333333334,False
7a658173562edd3a5473a4f7f6db1ba1b1d0c3887a0795d1f02272ee6582e85d,1341342,0xC216BfA5dA000965E820845c32e6FD88DB275743,1785243635,2026-07-28 13:00:35+00:00,98.1015225782388,98.1015225782388,100.0,4.168082708846746,41.1,1.154219931337752,,18,True,-0.5770931613895414,0.006911644687196426,0.048661800486618,True,-0.36129125721297006,0.0817223658372385,0.218978102189781,True,-3.0070025170363945,0.2893345602686566,0.389294403892944,True,0.9599723840461927,0.8876181598615327,2.5304136253041363,True,5.036005034562163,1.8231585811951292,6.228710462287104,14.34,-2.128253707874528,1.167994146728538,13.0,0.6713694178657372,9.963333333333333,85.60666666666667,5.097826856340526,4.185129789594001,140.0,0.18736708054060086,35.81,,,,,,81.59,False
76b0444875b62a70b00ff9da8ffdd9198baa7bd54160e5de33b013a082a42d09,1341569,0xC216BfA5dA000965E820845c32e6FD88DB275743,1785272699,2026-07-28 21:04:59+00:00,97.6141864284132,97.6141864284132,100.0,3.7247310724131277,37.3,1.1718907538324121,,18,True,,0.0,0.0,True,-1.3878564878583077,0.011601647355596314,0.0804289544235925,True,-2.815115943382407,0.35470399382715767,0.3485254691689008,True,3.291542527885638,0.9457533668954732,2.841823056300268,True,10.279316935182937,2.014405803224757,6.890080428954424,19.063333333333333,0.9579225539693592,0.999415959330142,8.0,0.7846137967271474,19.066666666666666,77.53333333333333,5.478912947021408,3.8445042096217596,131.0,0.20396792605850103,29.8,,,,,,73.14333333333333,False
445d8e77133014cdec5c34b9e5c4774bce5bc12f28d21f2c65b87e5c48e82dca,1341654,0xC216BfA5dA000965E820845c32e6FD88DB275743,1785283739,2026-07-29 00:08:59+00:00,98.15853814468252,98.15853814468252,100.0,3.6902953310168267,36.96666666666667,1.1715263700245016,,18,True,,0.0,0.0,True,-1.3815274542809841,0.22525417162486092,0.0811541929666366,True,-3.2684554020250056,0.7580533903457188,0.8115419296663661,True,8.009512469002367,0.9698740470371943,3.1650135256988277,True,10.851403529075343,2.256606801768562,7.33092876465284,15.996666666666666,1.9394974308642343,0.9728134575094322,6.0,0.8060698012621028,16.006666666666668,74.46666666666667,6.504443666867887,3.8179017078010493,129.0,0.20538914052121254,27.326666666666668,,,,,,70.09333333333333,False
2e9c750df737c7538914a7fea0fdf3d6d5204314fcde543add7ef595250a1d62,1341659,0xC216BfA5dA000965E820845c32e6FD88DB275743,1785284183,2026-07-29 00:16:23+00:00,98.16073448464532,98.16073448464532,100.0,3.6902953310168267,36.96666666666667,1.1715263700245016,,17,True,,0.0,0.0,True,-1.3815274542809841,0.22525417162486092,0.0811541929666366,True,-3.2684554020250056,0.7580533903457188,0.8115419296663661,True,8.009512469002367,0.9698740470371943,3.1650135256988277,True,10.851403529075343,2.256606801768562,7.33092876465284,15.873333333333333,1.9394974308642343,0.9728134575094322,6.0,0.8060698012621028,15.883333333333333,74.34333333333333,6.504443666867887,3.8179017078010493,129.0,0.20538914052121254,27.203333333333333,,,,,,69.97,False
804ae603af1d6393f1fb7a9d1d9a047e80990c7391967c8d5a13bdb53388d7fe,1341661,0xC216BfA5dA000965E820845c32e6FD88DB275743,1785284279,2026-07-29 00:17:59+00:00,98.15851937296968,98.15851937296968,100.0,3.6902953310168267,36.96666666666667,1.1715263700245016,,16,True,,0.0,0.0,True,-1.3815274542809841,0.22525417162486092,0.0811541929666366,True,-3.2684554020250056,0.7580533903457188,0.8115419296663661,True,8.009512469002367,0.9698740470371943,3.1650135256988277,True,10.851403529075343,2.256606801768562,7.33092876465284,15.846666666666666,1.9394974308642343,0.9728134575094322,6.0,0.8060698012621028,15.856666666666667,74.31666666666666,6.504443666867887,3.8179017078010493,129.0,0.20538914052121254,27.176666666666666,,,,,,69.94333333333333,False
3154ee33b71c334ba38e62f771764e148c40d4fa9cd7b4a1a87c294e69abaf20,1341662,0xC216BfA5dA000965E820845c32e6FD88DB275743,1785284351,2026-07-29 00:19:11+00:00,98.16076264348813,98.16076264348813,100.0,3.6902953310168267,36.96666666666667,1.1715263700245016,,15,True,,0.0,0.0,True,-1.3815274542809841,0.22525417162486092,0.0811541929666366,True,-3.2684554020250056,0.7580533903457188,0.8115419296663661,True,8.009512469002367,0.9698740470371943,3.1650135256988277,True,10.851403529075343,2.256606801768562,7.33092876465284,15.826666666666666,1.9394974308642343,0.9728134575094322,6.0,0.8060698012621028,15.836666666666666,74.29666666666667,6.504443666867887,3.8179017078010493,129.0,0.20538914052121254,27.156666666666666,,,,,,69.92333333333333,False
ce07065b4f1fc2030ddf6dd5c99fd9e23171bdf810f00e496c6da1e43aa5c15e,1341663,0xC216BfA5dA000965E820845c32e6FD88DB275743,1785284387,2026-07-29 00:19:47+00:00,98.1608377338145,98.1608377338145,100.0,3.6902953310168267,36.96666666666667,1.1715263700245016,,14,True,,0.0,0.0,True,-1.3815274542809841,0.22525417162486092,0.0811541929666366,True,-3.2684554020250056,0.7580533903457188,0.8115419296663661,True,8.009512469002367,0.9698740470371943,3.1650135256988277,True,10.851403529075343,2.256606801768562,7.33092876465284,15.816666666666666,1.9394974308642343,0.9728134575094322,6.0,0.8060698012621028,15.826666666666666,74.28666666666666,6.504443666867887,3.8179017078010493,129.0,0.20538914052121254,27.14666666666667,,,,,,69.91333333333333,False
4b68e4ac2ad50fb9f643cace6c9ca21ee992a4ad0286f10adcc9fe442f3a5705,1341665,0xC216BfA5dA000965E820845c32e6FD88DB275743,1785284531,2026-07-29 00:22:11+00:00,98.16221753901269,98.16221753901269,100.0,3.6902953310168267,36.96666666666667,1.1715263700245016,,13,True,,0.0,0.0,True,-1.3815274542809841,0.22525417162486092,0.0811541929666366,True,-3.2684554020250056,0.7580533903457188,0.8115419296663661,True,8.009512469002367,0.9698740470371943,3.1650135256988277,True,10.851403529075343,2.256606801768562,7.33092876465284,15.776666666666667,1.9394974308642343,0.9728134575094322,6.0,0.8060698012621028,15.786666666666667,74.24666666666667,6.504443666867887,3.8179017078010493,129.0,0.20538914052121254,27.106666666666666,,,,,,69.87333333333333,False
b620ee04165dbc9596af4d470e9a0718ca65fb0da1edad73736b438f4b86b92d,1341666,0xC216BfA5dA000965E820845c32e6FD88DB275743,1785284735,2026-07-29 00:25:35+00:00,98.16338148648458,98.16338148648458,100.0,3.6902953310168267,36.96666666666667,1.1715263700245016,,12,True,,0.0,0.0,True,-1.3815274542809841,0.22525417162486092,0.0811541929666366,True,-3.2684554020250056,0.7580533903457188,0.8115419296663661,True,8.009512469002367,0.9698740470371943,3.1650135256988277,True,10.851403529075343,2.256606801768562,7.33092876465284,15.72,1.9394974308642343,0.9728134575094322,6.0,0.8060698012621028,15.73,74.19,6.504443666867887,3.8179017078010493,129.0,0.20538914052121254,27.05,,,,,,69.81666666666666,False
8a5891af75aae9fa8928da4a9f905a1231682d096adbd23d6a0c6cfe25bc762e,1341667,0xC216BfA5dA000965E820845c32e6FD88DB275743,1785285059,2026-07-29 00:30:59+00:00,98.16309988375856,98.16309988375856,100.0,3.6902953310168267,36.96666666666667,1.1715263700245016,,11,True,,0.0,0.0,True,-1.3815274542809841,0.22525417162486092,0.0811541929666366,True,-3.2684554020250056,0.7580533903457188,0.8115419296663661,True,8.009512469002367,0.9698740470371943,3.1650135256988277,True,10.851403529075343,2.256606801768562,7.33092876465284,15.63,1.9394974308642343,0.9728134575094322,6.0,0.8060698012621028,15.64,74.1,6.504443666867887,3.8179017078010493,129.0,0.20538914052121254,26.96,,,,,,69.72666666666667,False
1b8a1071e5a092143c0d7518cf53a0f6830e6927fb33938d6823425468ee6f63,1341672,0xC216BfA5dA000965E820845c32e6FD88DB275743,1785285263,2026-07-29 00:34:23+00:00,98.16530581502178,98.16530581502178,100.0,3.687603528595244,36.93333333333333,1.1715263700245016,,11,True,,0.0,0.0,True,-1.3815274542809841,0.22541859812026627,0.0812274368231047,True,-3.2684554020250056,0.7586067388648854,0.812274368231047,True,8.009512469002367,0.9705820161255738,3.167870036101083,True,10.851403529075343,2.258254034071725,7.337545126353791,15.573333333333334,1.9394974308642343,0.9728134575094322,6.0,0.8060698012621028,15.583333333333334,74.04333333333334,6.504443666867887,3.8179017078010493,129.0,0.20538914052121254,26.903333333333332,,,,,,69.67,False
14a60bf0e2798d52d01e24e5e59aedcfdea0447f44401293bad3a7e017d60ba5,1341678,0xC216BfA5dA000965E820845c32e6FD88DB275743,1785286187,2026-07-29 00:49:47+00:00,98.1654372353326,98.1654372353326,100.0,3.687603528595244,36.93333333333333,1.1715263700245016,,10,True,,0.0,0.0,True,-1.3815274542809841,0.22541859812026627,0.0812274368231047,True,-1.2040548683391328,0.7608536252745418,0.8393501805054152,True,8.40453437011539,0.9721895053060919,3.1949458483754514,True,10.716871297622376,2.329609683833043,7.36462093862816,15.316666666666666,1.9394974308642343,0.9728134575094322,6.0,0.8060698012621028,15.326666666666666,73.78666666666666,6.504443666867887,3.8179017078010493,129.0,0.20538914052121254,26.64666666666667,,,,,,69.41333333333333,False
c84256497f3cc7812cd2a7a89f13aac3f671a9e312f41ebcbf2bb1d6f337b451,1341693,0xC216BfA5dA000965E820845c32e6FD88DB275743,1785288623,2026-07-29 01:30:23+00:00,98.16615066601696,98.16615066601696,100.0,3.671383783276945,36.733333333333334,1.1713378431046821,,10,True,-0.42908871431853735,0.004524319863131638,0.02722323049001815,True,-1.3815274542809841,0.22641447119356709,0.08166969147005444,True,-0.773886439199889,0.7692025391026808,0.8983666061705989,True,9.283412422930759,0.989785273444508,3.3756805807622503,True,10.470185392389375,2.3413291827654663,7.431941923774954,14.64,1.9394974308642343,0.9728134575094322,6.0,0.8060698012621028,14.65,73.11,6.504443666867887,3.8179017078010493,129.0,0.20538914052121254,25.97,,,,,,68.73666666666666,False
05ae86be7ff6706c7ef18b3a5df629b943f8f0f352d10f4b8cfcb3f869d089d9,1341733,0xC216BfA5dA000965E820845c32e6FD88DB275743,1785291455,2026-07-29 02:17:35+00:00,98.18258559369728,98.18258559369728,100.0,3.6719374670961407,36.766666666666666,1.172524308431529,,11,True,,0.0,0.0,True,-0.9565431587040263,0.22185669297567548,0.05439709882139619,True,-1.858085972205925,0.7682722796688721,0.9247506799637353,True,7.231635840020401,0.9923200451143536,3.454215775158658,True,10.323951191249936,2.3391498974706737,7.452402538531278,13.853333333333333,2.378793278678537,0.9562029429335729,5.0,0.8200723038500438,14.62,72.32333333333334,6.963411594469826,3.8012911932251896,128.0,0.20628663012117562,36.376666666666665,,,,,,68.28666666666666,False
cc944df1a51dbd50016895d607a7c8a948cfd8fb9f6697166513d40068595147,1341739,0xC216BfA5dA000965E820845c32e6FD88DB275743,1785295847,2026-07-29 03:30:47+00:00,98.18025464387097,98.18025464387097,100.0,3.638892649968438,36.3,1.215267439537904,,11,True,-0.5678243443459241,0.008378470000747436,0.027548209366391185,True,-0.5678243443459241,0.008378470000747436,0.027548209366391185,True,-1.49203579950683,0.5717857790503889,0.9641873278236915,True,7.335039727799697,0.8296606036641465,3.553719008264463,True,10.206706185767867,2.1472672060871476,7.575757575757576,19.533333333333335,-10.630585019040018,1.630283816338505,24.0,0.31835597791856995,18.1,93.71,5.479352189897524,3.7192620604454056,160.0,0.13954666011706315,35.61,,,,,,66.73,False
d8006420047456ba5d29f76fbcec57f4dd5108152d9f92ffb4838ca7027c283a,1341768,0xC216BfA5dA000965E820845c32e6FD88DB275743,1785323555,2026-07-29 11:12:35+00:00,97.8515828778099,97.8515828778099,100.0,3.3102589070365314,33.36666666666667,1.2135043963788035,,15,True,-0.33191786065180917,0.0022620218857831594,0.05994005994005994,True,-0.495543477023086,0.13996490325037236,0.23976023976023975,True,-0.929489321808219,0.6193408955055525,1.018981018981019,True,6.658904238051955,0.9967407814931089,4.255744255744256,True,9.993042817657738,2.358827394985765,8.301698301698302,11.836666666666666,-10.120225780377845,1.5997954634348042,23.0,0.3244230968882317,10.403333333333334,74.39,6.571778414007512,3.3116091280195614,149.0,0.15672459477294848,16.266666666666666,,,,,,57.57666666666667,False
6c1c3064adab176abb4a83076c66cc1487d1f6188c104661d6f232f109dac77c,1341934,0xC216BfA5dA000965E820845c32e6FD88DB275743,1785326567,2026-07-29 12:02:47+00:00,97.82173817997806,97.82173817997806,100.0,3.310508502973042,33.43333333333333,1.214039244814184,,15,True,,0.0,0.0,True,-0.16417052767454532,0.13769249924969554,0.1794616151545364,True,-0.5995615129033349,0.6170323489305187,0.9571286141575275,True,7.014103159855867,0.9944037808368071,4.187437686939183,True,10.359345195259184,2.3563876997483755,8.225324027916253,11.0,-9.820905258356216,1.5923075853394786,21.0,0.3259487070298735,9.57,77.79333333333334,6.680236075839363,3.3133019765630625,150.0,0.1566445202720823,27.076666666666668,,,,,,57.52,False
43fec292ef77844e6e468413aa3cf4b28efac4fabf70eaeb640914cbe6d131aa,1341935,0xC216BfA5dA000965E820845c32e6FD88DB275743,1785326735,2026-07-29 12:05:35+00:00,97.82401980287648,97.82401980287648,100.0,3.310508502973042,33.43333333333333,1.214039244814184,,14,True,,0.0,0.0,True,-0.16417052767454532,0.13769249924969554,0.1794616151545364,True,-0.5995615129033349,0.6170323489305187,0.9571286141575275,True,7.014103159855867,0.9944037808368071,4.187437686939183,True,10.359345195259184,2.3563876997483755,8.225324027916253,10.953333333333333,-9.820905258356216,1.5923075853394786,21.0,0.3259487070298735,9.523333333333333,77.74666666666667,6.680236075839363,3.3133019765630625,150.0,0.1566445202720823,27.03,,,,,,57.473333333333336,False
eb9bffde69078fc62625666a77bfb113cd247876581a4877ec1d57a57da8ab7e,1341946,0xC216BfA5dA000965E820845c32e6FD88DB275743,1785327479,2026-07-29 12:17:59+00:00,97.83206754699584,97.83206754699584,100.0,3.310508502973042,33.43333333333333,1.214039244814184,,13,True,,0.0,0.0,True,-0.16417052767454532,0.13769249924969554,0.1794616151545364,True,-0.5995615129033349,0.6170323489305187,0.9571286141575275,True,7.011524381513112,0.9949805948999485,4.247258225324028,True,10.359345195259184,2.3563876997483755,8.225324027916253,10.746666666666666,-9.820905258356216,1.5923075853394786,21.0,0.3259487070298735,9.316666666666666,77.54,6.680236075839363,3.3133019765630625,150.0,0.1566445202720823,26.823333333333334,,,,,,57.266666666666666,False
4fc41dbbf4a5126dce744a7199f19c9860a6f9e4c402b2d02528be4fb4ee06e8,1341960,0xC216BfA5dA000965E820845c32e6FD88DB275743,1785332951,2026-07-29 13:49:11+00:00,97.83243490301452,97.83243490301452,100.0,3.2825123410183674,33.3,1.214039244814184,,12,True,,0.0,0.0,True,-0.16417052767454532,0.13886686239245297,0.1801801801801802,True,-0.5995615129033349,0.6222949453131945,0.9609609609609611,True,6.926687186583069,1.0065830396540612,4.414414414414415,True,10.359345195259184,2.3764850534873996,8.258258258258259,9.226666666666667,-9.820905258356216,1.5923075853394786,21.0,0.3259487070298735,7.796666666666667,68.82666666666667,7.014103159855867,3.291982171848791,140.0,0.15765899435104913,25.303333333333335,,,,,,55.68666666666667,False
e86a02c0be6e72cf3885b55ad2cf78598729d22ba9701c6e7ff6d414c5d1831d,1342134,0xC216BfA5dA000965E820845c32e6FD88DB275743,1785367415,2026-07-29 23:23:35+00:00,97.65484654766766,97.65484654766766,100.0,3.220506092187949,32.86666666666667,1.3247252444000839,,12,True,0.11997057391923693,0.10869286578906456,0.060851926977687626,True,1.1242384478114875,0.1347733153270993,0.2738336713995943,True,1.5589766954319462,0.16838845726939744,1.0649087221095335,True,8.458661470017947,0.5400691380504151,3.9553752535496955,True,10.28572441734308,3.057679127722946,8.488843813387424,35.723333333333336,4.365426675101514,0.82180584334889,59.0,0.41068094457040455,4.083333333333333,73.98333333333333,7.751948093943817,3.425555437034694,137.0,0.3253975969384652,20.7,166.81,3.304505750544995,9.749988441656152,277.0,0.11432500808188074,50.75,False
b4f66e82de0240207f8377659a8feffb6bcf6494e8fb3318995eafb34385ce28,1342142,0xC216BfA5dA000965E820845c32e6FD88DB275743,1785371591,2026-07-30 00:33:11+00:00,97.6546783833283,97.6546783833283,100.0,3.2321742934029842,32.93333333333333,1.3495077946899738,,13,True,2.5788577792206,0.008228776869191589,0.0910931174089069,True,1.0030644916648068,0.025986298695485976,0.21255060728744943,True,-0.5694570724212755,0.06138884996430663,1.1234817813765183,True,8.314529985178588,0.4389795595744514,3.9170040485829962,True,11.476716122486286,2.9505868788108653,8.502024291497976,48.49666666666667,10.152285933753923,0.8090284848683278,90.0,0.16938154197640568,14.57,72.82666666666667,9.558775961795863,3.403700635902995,136.0,0.32748694042972565,21.17,,,,,,50.06333333333333,False
2fec41e7b0c40ab00679020c758bbf53aada841289cab511085dde81bc236ed6,1342181,0xC216BfA5dA000965E820845c32e6FD88DB275743,1785374411,2026-07-30 01:20:11+00:00,98.17031171044252,98.17031171044252,100.0,3.2330608547717428,33.03333333333333,1.3503328355621633,,12,True,-1.517055698440839,0.004212897844536353,0.06054490413723512,True,-1.5361774557359098,0.017752652405778276,0.12108980827447025,True,-0.8801041909558216,0.057955596935312756,1.0898082744702322,True,5.275116259394053,0.5982705365027439,3.9656912209889,True,9.292882875812957,2.944407552818181,8.415741675075681,48.14333333333333,10.135737963744917,0.8098438737334711,91.0,0.1692110006810179,15.623333333333333,72.04333333333334,6.804441318305643,3.3771037948402447,133.0,0.3300661084487968,22.82,,,,,,51.1,False
278018ea71bf8c434b833f95775c609c1b5b2d38593c110182634392f64aa22e,1342196,0xC216BfA5dA000965E820845c32e6FD88DB275743,1785376391,2026-07-30 01:53:11+00:00,98.25392781597591,98.25392781597591,100.0,3.231631248209895,33.03333333333333,1.351305732355472,,11,True,-0.009664543929077674,0.013416136042217239,0.03027245206861756,True,-0.01941631358676199,0.01354574426751713,0.06054490413723512,True,0.6467632664744816,0.05376647374492797,1.029263370332997,True,8.555814696523667,1.040905794996477,3.995963673057518,True,10.97645754898766,2.9414953360381038,8.355196770938447,48.25666666666667,9.738956102815855,0.815489782650308,92.0,0.16803949624540498,15.103333333333333,71.49333333333334,8.44968342057857,3.363483239733922,131.0,0.3314027238853619,22.873333333333335,,,,,,52.07333333333333,False
614c8ca01b5f0a4dd37b9f22aae88962c92e1d89da1561064e35d5178354a7a7,1342197,0xC216BfA5dA000965E820845c32e6FD88DB275743,1785376511,2026-07-30 01:55:11+00:00,98.25400831771177,98.25400831771177,100.0,3.231631248209895,33.03333333333333,1.351305732355472,,10,True,-0.009664543929077674,0.013416136042217239,0.03027245206861756,True,-0.01941631358676199,0.01354574426751713,0.06054490413723512,True,-1.173261419851257,0.054344119964830656,1.0898082744702322,True,8.555814696523667,1.040905794996477,3.995963673057518,True,10.97645754898766,2.9414953360381038,8.355196770938447,48.223333333333336,9.738956102815855,0.815489782650308,92.0,0.16803949624540498,15.07,71.46,8.44968342057857,3.363483239733922,131.0,0.3314027238853619,22.84,,,,,,52.04,False
9044b554fe175994a090ebb1b457b2002652bc34abc8388e2a134e7713216172,1342198,0xC216BfA5dA000965E820845c32e6FD88DB275743,1785379823,2026-07-30 02:50:23+00:00,98.2517185420472,98.2517185420472,100.0,3.2266703453918506,32.96666666666667,1.351305732355472,,9,True,-0.01941631358676199,0.013566570417608727,0.06066734074823053,True,-0.01941631358676199,0.013566570417608727,0.06066734074823053,True,-1.1042638004835403,0.09795265044675097,1.1526794742163802,True,8.555814696523667,1.0425061544813223,4.004044489383215,True,10.97645754898766,2.9460177913681487,8.372093023255813,47.21666666666667,10.123876864450843,0.8073914393789395,91.0,0.1697249755028887,14.15,70.54,8.44968342057857,3.363483239733922,131.0,0.3314027238853619,21.82,,,,,,49.88,False
0194f408449ea7192b43bfc3cdcc0462ee6b4695876b3595959d9cf23d2a5fc3,1342211,0xC216BfA5dA000965E820845c32e6FD88DB275743,1785390107,2026-07-30 05:41:47+00:00,98.25842717088815,98.25842717088815,100.0,3.220748419141468,32.8,1.3543911528668064,,8,True,,0.0,0.0,True,,0.0,0.0,True,-1.0900311981544508,0.08815064973122615,1.2195121951219514,True,6.6383483813313715,1.0360940731586685,4.207317073170732,True,10.034801294261907,2.9559595627308153,8.506097560975611,44.92,9.009677505190306,0.9364685741225257,92.0,0.16824274147895588,11.423333333333334,67.68333333333334,8.470744440469025,3.3197083892787536,129.0,0.33577271756473714,20.19333333333333,,,,,,49.31,False
9a6ed76a1ef78879b4ba8484c965a4f638012b4be6456aa3a2881d9863e27c77,1342254,0xC216BfA5dA000965E820845c32e6FD88DB275743,1785390239,2026-07-30 05:43:59+00:00,98.27961706308506,98.27961706308506,100.0,3.220748419141468,32.8,1.3543911528668064,,7,True,,0.0,0.0,True,,0.0,0.0,True,-1.0900311981544508,0.08815064973122615,1.2195121951219514,True,6.6383483813313715,1.0360940731586685,4.207317073170732,True,10.034801294261907,2.9559595627308153,8.506097560975611,44.88333333333333,9.009677505190306,0.9364685741225257,92.0,0.16824274147895588,11.386666666666667,67.64666666666666,8.470744440469025,3.3197083892787536,129.0,0.33577271756473714,20.156666666666666,,,,,,49.27333333333333,False
3c910f7e656609f50045b7f54b6b7be4475209a8fc943787edc01926e60585f2,1342257,0xC216BfA5dA000965E820845c32e6FD88DB275743,1785396227,2026-07-30 07:23:47+00:00,98.27933333708248,98.27933333708248,100.0,3.220629523971344,32.766666666666666,1.3542351751894504,,7,True,,0.0,0.0,True,,0.0,0.0,True,0.9185378500869534,0.0890853988739292,1.2512716174974567,True,6.638354125502111,1.0367219873157354,4.27263479145473,True,10.034801294261907,2.956068687146547,8.514750762970499,43.22,9.009677505190306,0.9364685741225257,92.0,0.16824274147895588,9.723333333333333,65.98333333333333,8.470744440469025,3.3197083892787536,129.0,0.33577271756473714,18.493333333333332,,,,,,47.61,False
e202628102ba59444f210e81e2c1756376c6fed6d8b58f2b4737ade3dd855b4d,1342289,0xC216BfA5dA000965E820845c32e6FD88DB275743,1785408779,2026-07-30 10:52:59+00:00,98.28062785028295,98.28062785028295,100.0,3.2049414293088105,32.56666666666667,1.3541181461834473,,8,True,,0.0,0.0,True,0.0508372506274446,0.007137844624727981,0.12282497441146366,True,2.6652636504619576,0.11131755340029073,1.4738996929375638,True,9.636603850321768,1.052695063408666,4.421699078812692,True,10.01741897015862,2.9829441136077777,8.628454452405322,39.733333333333334,9.009677505190306,0.9364685741225257,92.0,0.16824274147895588,6.236666666666666,62.49666666666667,8.470744440469025,3.3197083892787536,129.0,0.33577271756473714,15.006666666666666,,,,,,43.07666666666667,False
28a1c06314bfad56116cadf12440f6bd42246641ac50ed01d0ba91da77835bfd,1342364,0xC216BfA5dA000965E820845c32e6FD88DB275743,1785409415,2026-07-30 11:03:35+00:00,98.26990924491466,98.26990924491466,100.0,3.2049414293088105,32.56666666666667,1.3541181461834473,,7,True,,0.0,0.0,True,-0.4496434023019802,0.013260651680044146,0.24564994882292732,True,2.8027497123236156,0.11450002106832423,1.5046059365404298,True,9.636603850321768,1.052695063408666,4.421699078812692,True,10.01741897015862,2.9829441136077777,8.628454452405322,39.556666666666665,9.009677505190306,0.9364685741225257,92.0,0.16824274147895588,6.06,62.32,8.470744440469025,3.3197083892787536,129.0,0.33577271756473714,14.83,,,,,,42.9,False
bd6b89ff1f3fd7fbb895c1a5757914ec4b729d0ec1980fc8359e090d1ef8f334,1342372,0xC216BfA5dA000965E820845c32e6FD88DB275743,1785410471,2026-07-30 11:21:11+00:00,98.26747150968431,98.26747150968431,100.0,3.17227577934179,32.3,1.3541181461834473,,6,True,,0.0,0.0,True,-1.442113778814913,0.025676195995059683,0.5572755417956656,True,3.6036579864079377,0.12533156323716105,1.5789473684210529,True,9.737810610420027,1.0638390776936109,4.489164086687307,True,10.01741897015862,3.013660172066766,8.699690402476781,39.263333333333335,9.009677505190306,0.9364685741225257,92.0,0.16824274147895588,5.766666666666667,62.026666666666664,8.470744440469025,3.3197083892787536,129.0,0.33577271756473714,14.536666666666667,161.31,12.256931371910195,9.518270686129163,277.0,0.11710819582121908,41.36666666666667,False
4b338ff58a40d96c7290b0c42a83aaa4245763734692bd6435a9261176438ff6,1342567,0xC216BfA5dA000965E820845c32e6FD88DB275743,1785452951,2026-07-30 23:09:11+00:00,97.93217365531976,97.93217365531976,100.0,3.1420032581875774,32.666666666666664,1.3554433008836229,,7,True,0.011927853135929034,0.001428821675057089,0.09183673469387756,True,-1.5129087428625398,0.05461404738135756,0.3673469387755102,True,7.7167924222133255,0.18531936921945685,1.6224489795918369,True,8.747262441119098,1.151280449933541,4.040816326530613,True,7.125615322228018,4.578134149081764,9.244897959183675,27.463333333333335,8.543045428791984,0.8282108047075919,66.0,0.19023422457630043,3.316666666666667,50.22666666666667,8.006419346907334,3.21145061986382,103.0,0.34709159172369597,18.116666666666667,153.89,9.55740690783269,9.434589070366485,254.0,0.1181469059306135,50.053333333333335,False
c7bd0783804b96126c91e9e57ed5a3dfa17c737682be39e14bbe12f732abdeed,1342588,0xC216BfA5dA000965E820845c32e6FD88DB275743,1785456911,2026-07-31 00:15:11+00:00,97.93046991945232,97.93046991945232,100.0,3.142208906411478,32.8,1.3558839756491248,,8,True,2.2583744985963383,0.004949177644205281,0.06097560975609757,True,0.47425734201043124,0.05393780448217674,0.30487804878048785,True,12.29853026226111,0.18562143225269245,1.524390243902439,True,8.72923755525592,1.1542648584613566,3.9939024390243905,True,9.287658602315352,4.575871113082135,9.085365853658537,26.363333333333333,10.73369573463754,0.8220413579905623,62.0,0.19166193852386607,5.14,49.126666666666665,10.186239294292232,3.20528117314679,99.0,0.3477596651205038,18.033333333333335,152.79,11.768529380047998,9.428419623649457,250.0,0.11822421486148589,49.126666666666665,False
fe32b499bbd9ad3a4448e225ba4136b40df57b3f05870b0ec776626a5f5e42c7,1342604,0xC216BfA5dA000965E820845c32e6FD88DB275743,1785457439,2026-07-31 00:23:59+00:00,97.93958177352876,97.93958177352876,100.0,3.142208906411478,32.8,1.3558839756491248,,7,True,2.2583744985963383,0.004949177644205281,0.06097560975609757,True,0.47425734201043124,0.05393780448217674,0.30487804878048785,True,12.29853026226111,0.18562143225269245,1.524390243902439,True,8.72923755525592,1.1542648584613566,3.9939024390243905,True,9.287658602315352,4.575871113082135,9.085365853658537,26.216666666666665,10.73369573463754,0.8220413579905623,62.0,0.19166193852386607,4.993333333333333,48.98,10.186239294292232,3.20528117314679,99.0,0.3477596651205038,17.886666666666667,152.64333333333335,11.768529380047998,9.428419623649457,250.0,0.11822421486148589,48.98,False
dff0b79ecc149fe50e9ca422eb4a0ea29b7da46129cd124e364eee38fbe32883,1342632,0xC216BfA5dA000965E820845c32e6FD88DB275743,1785481679,2026-07-31 07:07:59+00:00,97.63081384096364,97.63081384096364,100.0,2.999943967433546,31.666666666666668,1.315819995317698,,17,True,1.5785382214484,0.02315017003239615,0.18947368421052632,True,3.764689825877343,0.054698895952376196,0.47368421052631576,True,7.56225070785812,0.2824791682422452,1.831578947368421,True,6.051377276234038,1.1576203377040544,3.9789473684210526,True,8.368898150633841,4.928167651102442,9.126315789473685,21.303333333333335,7.9234019336190675,0.8324698062976049,55.0,0.20556177651404994,3.9166666666666665,42.24666666666667,7.4834681033535855,3.0327973235106134,88.0,0.3675377509566978,15.093333333333334,135.07,1.2262271915179035,9.029039092812718,227.0,0.12345361404824122,46.156666666666666,False
6162a5dfcc80ba51a0e52e417f0c7dfbd1a076c7f89087ea3f5f0618d5c7adb3,1342783,0xC216BfA5dA000965E820845c32e6FD88DB275743,1785491855,2026-07-31 09:57:35+00:00,97.80308883336284,97.80308883336284,100.0,2.9853875928428457,31.666666666666668,1.202136968283323,,20,True,,0.0,0.0,True,2.598254072818329,0.047298344653457926,0.28421052631578947,True,4.868002567227392,0.2954753372682752,1.8631578947368421,True,4.247040831101212,1.1398657192446668,3.757894736842105,True,6.525131879284385,4.928797747323778,8.905263157894737,18.476666666666667,6.087215243800492,0.7626146333638573,48.0,0.22439114697028945,2.0433333333333334,45.97666666666667,6.107481656292824,2.992040940157697,93.0,0.37254420299871777,13.546666666666667,132.24333333333334,-0.4960151368321619,8.959183919878972,220.0,0.12441618760803844,46.836666666666666,False
e151000a6d88207f4cdad48f9ae7bb4575110e7bfd578d71d1ba2f2967bc5595,1342790,0xC216BfA5dA000965E820845c32e6FD88DB275743,1785494231,2026-07-31 10:37:11+00:00,97.80251805748016,97.80251805748016,100.0,2.9853875928428457,31.666666666666668,1.2012524062465657,,21,True,1.785648079924873,0.03147278103155317,0.22105263157894736,True,3.2261367822321585,0.04796291497751114,0.3157894736842105,True,4.868002567227392,0.2954753372682752,1.8631578947368421,True,4.246081941644153,1.1405109371288935,3.8210526315789473,True,6.525131879284385,4.928797747323778,8.905263157894737,17.816666666666666,6.087215243800492,0.7626146333638573,48.0,0.22439114697028945,1.3833333333333333,45.31666666666667,6.107481656292824,2.992040940157697,93.0,0.37254420299871777,12.886666666666667,131.58333333333334,-0.4960151368321619,8.959183919878972,220.0,0.12441618760803844,46.17666666666667,False
c957f679c52fc6993659d0aa4f9146f72ceacaeb3c814618f7fc8d0a661dfd14,1342833,0xC216BfA5dA000965E820845c32e6FD88DB275743,1785502811,2026-07-31 13:00:11+00:00,97.79996806935536,97.79996806935536,100.0,2.9733883205230196,31.766666666666666,1.2079837241039841,,20,True,,0.0,0.0,True,3.6058020693979786,0.0543910176702273,0.2833158447009444,True,2.806778657144715,0.27040362508375093,1.825813221406086,True,2.201263989876545,1.1147967784984143,3.588667366211962,True,2.729243118265523,4.984823503109306,8.87722980062959,18.86,2.8214743376276497,0.7783483874510482,47.0,0.21985524096380943,5.406666666666666,49.483333333333334,2.299136984906691,3.088629164617147,95.0,0.3608939267167584,12.553333333333333,130.24333333333334,2.511422017991971,8.962231287006645,214.0,0.12437388320993427,49.75666666666667,False
3e62fc62410adc0e1210b72971ca3e9e7f7c0fce4a7d6936cefa9848318185f9,1343029,0xC216BfA5dA000965E820845c32e6FD88DB275743,1785538871,2026-07-31 23:01:11+00:00,98.29021523681725,98.29021523681725,100.0,2.7978214125620298,31.3,1.195958760034619,,28,True,2.1910514419243965,0.002557955428234783,0.03194888178913738,True,0.6304102140752166,0.15472374705738662,0.5750798722044729,True,-0.8568960704137263,0.21971589471399214,1.3418530351437699,True,-1.5066434102428916,1.180417490876808,3.3865814696485623,True,-1.1369045262923594,5.418919036207652,8.594249201277956,26.10333333333333,-0.9016886094206256,0.726616521182599,44.0,0.23550795679450176,2.46,39.46666666666667,1.0656002096435913,2.8491020220151597,72.0,0.39123467632169345,13.666666666666666,119.18333333333334,-5.568359306627812,8.625418327273128,189.0,0.12923054454832206,65.81,False
83892c9e2db002988551513205a63b5f64060d07eda9084badfe4e4aaa521809,1343041,0xC216BfA5dA000965E820845c32e6FD88DB275743,1785540143,2026-07-31 23:22:23+00:00,98.28798891355302,98.28798891355302,100.0,2.7978214125620298,31.3,1.1956275380258263,,27,True,2.1910514419243965,0.002557955428234783,0.03194888178913738,True,0.6304102140752166,0.15472374705738662,0.5750798722044729,True,-0.8568960704137263,0.21971589471399214,1.3418530351437699,True,-1.5066434102428916,1.180417490876808,3.3865814696485623,True,-1.1369045262923594,5.418919036207652,8.594249201277956,25.75,-0.9016886094206256,0.726616521182599,44.0,0.23550795679450176,2.1066666666666665,39.11333333333334,1.0656002096435913,2.8491020220151597,72.0,0.39123467632169345,13.313333333333333,118.83,-5.568359306627812,8.625418327273128,189.0,0.12923054454832206,65.45666666666666,False
57bbc7ab78c749bed9698d5636d0c5e427af12567ed18abd04a060aeb5c4f1bb,1343047,0xC216BfA5dA000965E820845c32e6FD88DB275743,1785542399,2026-07-31 23:59:59+00:00,99.1631337670426,99.1631337670426,100.0,2.798059969311013,31.333333333333332,1.1952994427037849,,26,True,0.7783335858856821,0.005187084967995185,0.06382978723404256,True,-1.5285427076227598,0.1524927243606381,0.574468085106383,True,-2.9825972718073857,0.2171394248534078,1.3085106382978724,True,-3.661418090540536,1.178444710638369,3.414893617021277,True,-3.2566021400690315,5.415899293146227,8.553191489361703,25.123333333333335,-3.026429425772803,0.7194598187131045,43.0,0.23785063157930295,1.5566666666666666,38.486666666666665,-1.1013207285771154,2.8419453195456654,71.0,0.3922198994204373,12.703333333333333,118.20333333333333,-7.593043264616872,8.618261624803633,188.0,0.12933785906226547,65.38333333333334,False
978ceb38ea3a158971448221dfd702c1b6022897e25eb1bfba343bae4c7c6134,1343053,0xC216BfA5dA000965E820845c32e6FD88DB275743,1785544523,2026-08-01 00:35:23+00:00,99.16358347353602,99.16358347353602,100.0,2.7971747178637667,31.3,1.1952994427037849,,25,True,1.5795869698856047,0.02206283945458244,0.25559105431309903,True,-1.5285427076227598,0.1525409853448636,0.5750798722044729,True,-2.9952867264638527,0.22779330276195825,1.3418530351437699,True,-3.661413587172635,1.1795033363982121,3.482428115015974,True,-3.176469559898709,5.417729425948882,8.594249201277956,24.533333333333335,-3.026429425772803,0.7194598187131045,43.0,0.23785063157930295,0.9666666666666667,37.89666666666667,-1.1013207285771154,2.8419453195456654,71.0,0.3922198994204373,12.113333333333333,117.61333333333333,-7.593043264616872,8.618261624803633,188.0,0.12933785906226547,64.79333333333334,False
a069e3d27ec6e03674309698536583f1667cfaaaf5c0c9f0b10f89ea23a70ecf,1343076,0xC216BfA5dA000965E820845c32e6FD88DB275743,1785545987,2026-08-01 00:59:47+00:00,98.95772130519684,98.95772130519684,100.0,2.7976585103573117,31.366666666666667,1.1963361409042392,,24,True,0.7950651251015906,0.016871194874407573,0.19128586609989373,True,-2.289059772498081,0.1473267774863902,0.51009564293305,True,-3.744475799585978,0.22256608169756514,1.2752391073326248,True,-4.405458013725394,1.1741115383603966,3.4112646121147714,True,-3.9242593175188856,5.411604721460732,8.51222104144527,24.126666666666665,-3.7753779768703644,0.7049460439067422,41.0,0.24274761700695607,1.1466666666666667,37.49,-1.8651373242452918,2.827431544739303,69.0,0.3942332430521705,11.793333333333333,117.20666666666666,-8.30672283677747,8.60374784999727,186.0,0.12955604078877522,65.73,False
3d9cd396f6ad3c129163056670bdb3bbffc7225b1cd0231f964cc58b2ae76957,1343084,0xC216BfA5dA000965E820845c32e6FD88DB275743,1785547307,2026-08-01 01:21:47+00:00,98.92369841022165,98.92369841022165,100.0,2.795260832747445,31.333333333333332,1.1980555718275103,,23,True,-1.7402617174019475,0.015254459224101803,0.22340425531914895,True,-3.076178518091699,0.1500446943124026,0.5425531914893618,True,-3.8671315726859667,0.4080389535377871,1.372340425531915,True,-2.284625616097924,1.1668548154891123,3.3829787234042556,True,-3.7583389893735886,5.407634877458448,8.457446808510639,23.843333333333334,-3.6625614867673684,0.7915137965797951,40.0,0.21619834425664508,1.2533333333333334,37.123333333333335,-1.695660945484223,2.803359511813505,67.0,0.39761846552085656,15.49,116.84,-8.148370910187397,8.579675817071472,184.0,0.12991953672336495,65.51666666666667,False
8d7ea74b242b8a921618e1af9bc967fcc75e672177bde0ae0c4b95219aeb575e,1343093,0xC216BfA5dA000965E820845c32e6FD88DB275743,1785549395,2026-08-01 01:56:35+00:00,99.2208052265445,99.2208052265445,100.0,2.7912003038037696,31.366666666666667,1.1997075581842593,,23,True,-2.970363942654841,0.06412175190405514,0.19128586609989373,True,-4.117666794371344,0.16836875698690812,0.4782146652497343,True,-3.312206780218152,0.9173998330054487,1.3390010626992561,True,-3.210752964489627,1.1606114044210476,3.283740701381509,True,-4.798133838876629,5.413646882943005,8.384697130712008,23.263333333333332,-4.587240510630187,0.7683859875853098,36.0,0.22270574300112897,2.493333333333333,38.27,-3.5042850963476813,2.8448648696927794,66.0,0.3918173827043524,18.686666666666667,116.26,-9.029993631714406,8.556548008076987,180.0,0.13027070102784308,68.21333333333334,False
4f9d52a64cd957758ac2fafe92591580d27786d57b95d29ddd45b0008c3a2ec3,1343098,0xC216BfA5dA000965E820845c32e6FD88DB275743,1785549443,2026-08-01 01:57:23+00:00,99.2329966616032,99.2329966616032,100.0,2.7912003038037696,31.366666666666667,1.1997075581842593,,22,True,-2.970363942654841,0.06412175190405514,0.19128586609989373,True,-4.117666794371344,0.16836875698690812,0.4782146652497343,True,-3.312206780218152,0.9173998330054487,1.3390010626992561,True,-3.210752964489627,1.1606114044210476,3.283740701381509,True,-4.798133838876629,5.413646882943005,8.384697130712008,23.25,-4.587240510630187,0.7683859875853098,36.0,0.22270574300112897,2.48,38.25666666666667,-3.5042850963476813,2.8448648696927794,66.0,0.3918173827043524,18.673333333333332,116.24666666666667,-9.029993631714406,8.556548008076987,180.0,0.13027070102784308,68.2,False
4476cecec7bcab12d51553fa021fe146b9f06430d5667b204f048046ca7900cd,1343100,0xC216BfA5dA000965E820845c32e6FD88DB275743,1785549635,2026-08-01 02:00:35+00:00,99.23252770485628,99.23252770485628,100.0,2.7912003038037696,31.366666666666667,1.1997075581842593,,21,True,-2.970363942654841,0.06412175190405514,0.19128586609989373,True,-4.117666794371344,0.16836875698690812,0.4782146652497343,True,-3.312206780218152,0.9173998330054487,1.3390010626992561,True,-3.210752964489627,1.1606114044210476,3.283740701381509,True,-4.798133838876629,5.413646882943005,8.384697130712008,23.196666666666665,-4.587240510630187,0.7683859875853098,36.0,0.22270574300112897,2.4266666666666667,38.20333333333333,-3.5042850963476813,2.8448648696927794,66.0,0.3918173827043524,18.62,116.19333333333333,-9.029993631714406,8.556548008076987,180.0,0.13027070102784308,68.14666666666666,False
87b47db946a0269e9bf06246a2299b542c53b961e8ad8b42648cd738140b9b31,1343106,0xC216BfA5dA000965E820845c32e6FD88DB275743,1785550847,2026-08-01 02:20:47+00:00,98.99753644795226,98.99753644795226,100.0,2.7918507165837494,31.466666666666665,1.2011012998556443,,22,True,-0.29488524999795596,0.05711776387197653,0.09533898305084747,True,-1.4738236355422707,0.16134048270486,0.38135593220338987,True,-0.6461540038616986,0.9101970582096193,1.239406779661017,True,-0.5419027178622304,1.1533519690332503,3.1779661016949152,True,-2.173053762674737,5.4053966250114,8.26271186440678,22.86,-1.9563452976404605,0.7488736041859203,33.0,0.22850848436949092,4.66,37.86666666666667,-0.8435286548329146,2.8253524862933896,63.0,0.3945233427680833,22.776666666666667,115.85666666666667,-6.521602138157068,8.537035624677596,177.0,0.13056844979871796,69.20333333333333,False
4f056bfda9ad914df70bdbeb2282d83341a11a63ea9013c6d3a1cc3398788276,1343113,0xC216BfA5dA000965E820845c32e6FD88DB275743,1785551603,2026-08-01 02:33:23+00:00,98.99658512296948,98.99658512296948,100.0,2.7918507165837494,31.466666666666665,1.2011012998556443,,23,True,-0.29488524999795596,0.05711776387197653,0.09533898305084747,True,-1.4822643349226672,0.16326888506254042,0.44491525423728817,True,-0.6461540038616986,0.9101970582096193,1.239406779661017,True,-0.5414353599312749,1.1536981423401058,3.2097457627118646,True,-1.968444491282051,5.408353215892516,8.29449152542373,22.65,-1.9563452976404605,0.7488736041859203,33.0,0.22850848436949092,4.45,37.656666666666666,-0.8435286548329146,2.8253524862933896,63.0,0.3945233427680833,22.566666666666666,115.64666666666666,-6.521602138157068,8.537035624677596,177.0,0.13056844979871796,68.99333333333334,False
1e20801211432acd6e23f831f64db89f7049e95dabafafb1d2eaaf23357682e8,1343114,0xC216BfA5dA000965E820845c32e6FD88DB275743,1785551819,2026-08-01 02:36:59+00:00,98.99657980835612,98.99657980835612,100.0,2.7918507165837494,31.466666666666665,1.2011012998556443,,22,True,-0.29488524999795596,0.0006842163031961796,0.0635593220338983,True,-1.4822643349226672,0.10683533749376006,0.413135593220339,True,-0.6461540038616986,0.853763510640839,1.207627118644068,True,-2.520658404913745,1.0976037341382694,3.2097457627118646,True,-1.968444491282051,5.351919668323736,8.26271186440678,22.606666666666666,-2.0186610027800533,0.7021264175799427,33.0,0.24372245224252495,4.63,44.60333333333333,-0.06122146202443002,2.792377368351137,67.0,0.3991822595413672,22.59,115.58666666666667,-6.521602138157068,8.379481584458334,176.0,0.1330234449656157,68.95666666666666,False
2b8c2814be2aefdd2605416ad975664619c58187acd6a9eecbbd1a0502d3b17c,1343115,0xC216BfA5dA000965E820845c32e6FD88DB275743,1785553115,2026-08-01 02:58:35+00:00,99.02972125550158,99.02972125550158,100.0,2.7971661922502706,31.566666666666666,1.2124916048553327,,21,True,,0.0,0.0,True,-1.1910361072723141,0.1074286688818464,0.4118268215417107,True,-0.35230765717937373,0.8514581814258579,1.1404435058078142,True,-2.2323560436158463,1.0948350335375943,3.136219640971489,True,-1.6785089164987443,5.341066459591757,8.173178458289335,22.246666666666666,-1.728873947042986,0.7002161878035661,31.0,0.24438734102052587,4.653333333333333,44.25,-1.762432398693825,2.8009641875447113,66.0,0.39795850027189617,22.256666666666668,116.27,-1.4804039708970151,8.47485717181349,176.0,0.13152640626178974,69.08666666666667,False
68888d9dc90dc593b8f157e938cf5f488f6454001184673124a345e80586613f,1343123,0xC216BfA5dA000965E820845c32e6FD88DB275743,1785565211,2026-08-01 06:20:11+00:00,99.02961132685746,99.02961132685746,100.0,2.774459854324407,31.233333333333334,1.225776856106976,,21,True,-0.9765693729644087,0.01128726992091522,0.096051227321238,True,-1.1054057805491069,0.04571288366128444,0.384204909284952,True,-2.041142227445436,0.7974979430093438,1.2806830309498398,True,-0.270926173103303,1.1229284793371972,3.1056563500533616,True,-0.8240835502135724,5.333649788253819,8.196371398078975,18.93,-1.7846564224982209,0.7524773251469111,29.0,0.22540664690164544,2.3433333333333333,59.04666666666667,-1.750849363231366,2.7819599254818668,76.0,0.40067705403682635,19.44,114.17333333333333,1.3864504126263277,8.328446492098475,175.0,0.13383858663774958,68.21666666666667,False
19a028ba6b9895c293c317b1bac9632a8c794c37e6665edbb427667967202bd4,1343212,0xC216BfA5dA000965E820845c32e6FD88DB275743,1785568271,2026-08-01 07:11:11+00:00,99.2678674298035,99.2678674298035,100.0,2.770664918350092,31.233333333333334,1.2264883147527048,,21,True,-0.8087101016389875,0.03429513726664175,0.128068303094984,True,-0.8228869407907902,0.04355883170694462,0.48025613660618993,True,-1.7613062148431058,0.7949953064180659,1.248665955176094,True,0.01396676046927503,1.1208715798111528,3.073639274279616,True,0.7053826115203776,5.352962802406788,8.260405549626467,18.08,-1.5040877148994714,0.7425169041067099,28.0,0.2284303425185168,1.51,58.196666666666665,-1.470184080061221,2.7719995044416654,75.0,0.40211677729541984,19.933333333333334,113.32333333333334,1.6760779221798527,8.318486071058274,174.0,0.1339988428025072,67.38333333333334,False
09da473f0cbaeba8b9d0d0e54b211dc7bc8ad33353e39c0fddf91412e49b9d8e,1343218,0xC216BfA5dA000965E820845c32e6FD88DB275743,1785569975,2026-08-01 07:39:35+00:00,97.92440491564317,97.92440491564317,100.0,2.7725774624746404,31.3,1.230586095294664,,21,True,-1.998236641671225,0.015092821004806582,0.09584664536741214,True,-2.0815477281698747,0.02472051396583694,0.41533546325878595,True,-2.9310879017463654,0.7740114017539648,1.2140575079872205,True,-1.1769593928268485,1.0989779277809917,2.971246006389776,True,-0.4937766440762603,5.328149823031627,8.146964856230031,17.716666666666665,-3.007847956273757,1.7986262816615468,26.0,0.6197326919747156,4.543333333333333,59.06666666666667,-2.6791944551570968,2.781645385311121,75.0,0.4007223614040617,21.063333333333333,117.00333333333333,2.183293179257273,8.325379813831306,175.0,0.13388788647681144,72.35666666666667,False
2be8eefb6d3222fba852f67ddde97da713efcb91ce1495e982e19dc5e38fb9ed,1343226,0xC216BfA5dA000965E820845c32e6FD88DB275743,1785572147,2026-08-01 08:15:47+00:00,97.93971974366995,97.93971974366995,100.0,2.773792869269938,31.333333333333332,1.2327900011208206,,20,True,-0.008713960332484838,0.0034326890527205003,0.12765957446808512,True,-0.0935694616596372,0.011564430920169315,0.3829787234042553,True,1.4001187014026861,0.7671216829592742,1.2446808510638299,True,2.4501627482446775,1.1102931493129344,3.0638297872340425,True,2.2498179021006814,5.322293336699547,8.170212765957448,17.113333333333333,-1.0386757950379466,1.7621640778026082,25.0,0.6325560266672539,4.423333333333333,67.58666666666667,-1.120259984277605,3.0078753093424084,91.0,0.37058301716445674,21.006666666666668,121.97666666666667,2.1779260551339386,8.330808094857618,178.0,0.13380064631168703,71.77,False
e85b3e9de6549cd6c4293f753bcd4a33627c0dcf14e6074e9a8e6eda2d41117f,1343238,0xC216BfA5dA000965E820845c32e6FD88DB275743,1785576611,2026-08-01 09:30:11+00:00,97.9272278716652,97.9272278716652,100.0,2.774110254883833,31.466666666666665,1.233104776007435,,22,True,,0.0,0.0,True,-0.08486289624627386,0.008130811515859475,0.2542372881355932,True,1.8331203126273676,0.7695986029448743,1.1758474576271187,True,1.5977045367405518,1.1202894870939362,3.082627118644068,True,2.258728687154976,5.318252117452721,8.008474576271187,15.873333333333333,-1.0300515929926868,1.7526425093857512,21.0,0.635992509266046,4.096666666666667,66.34666666666666,-1.1116428920657784,2.9983537409255514,87.0,0.37175984013363966,21.766666666666666,121.93333333333334,1.975290040351485,9.128643991006015,175.0,0.1221065810528714,70.9,False
a401a5f0c1f824b49642c0d190fde2f1b4fa58da93dcbc4e607f554c2d6cc4ba,1343262,0xC216BfA5dA000965E820845c32e6FD88DB275743,1785578423,2026-08-01 10:00:23+00:00,97.92468980197576,97.92468980197576,100.0,2.7658061221080343,31.4,1.2326965178091327,,21,True,-0.0031790885419380466,0.0037662399573000836,0.03184713375796178,True,-0.08486289624627386,0.00815522368917234,0.25477707006369427,True,1.8331203126273676,0.7719092670698248,1.178343949044586,True,1.5977045367405518,1.1236530752260894,3.089171974522293,True,2.258728687154976,5.334219784660298,8.02547770700637,15.37,-1.0300515929926868,1.7526425093857512,21.0,0.635992509266046,3.5933333333333333,65.84333333333333,-1.1116428920657784,2.9983537409255514,87.0,0.37175984013363966,21.263333333333332,119.03666666666666,2.1970298120235654,8.303972195207768,173.0,0.13423304909834108,70.39666666666666,False
79f9e4fca0aa440e6e606d1e1274858685abc8ccf52a1810e3c77c9b8b701590,1343278,0xC216BfA5dA000965E820845c32e6FD88DB275743,1785578627,2026-08-01 10:03:47+00:00,97.92724775560612,97.92724775560612,100.0,2.7658061221080343,31.4,1.2326965178091327,,20,True,-0.0031790885419380466,0.0037662399573000836,0.03184713375796178,True,-0.08486289624627386,0.00815522368917234,0.25477707006369427,True,1.8331203126273676,0.7719092670698248,1.178343949044586,True,1.5977045367405518,1.1236530752260894,3.089171974522293,True,2.258728687154976,5.334219784660298,8.02547770700637,15.313333333333333,-1.0300515929926868,1.7526425093857512,21.0,0.635992509266046,3.5366666666666666,65.78666666666666,-1.1116428920657784,2.9983537409255514,87.0,0.37175984013363966,21.206666666666667,118.98,2.1970298120235654,8.303972195207768,173.0,0.13423304909834108,70.34,False
ecef9ebcaeb8255b9f4fb313586c8a538471106ddc4688757f5c0f62126e345d,1343285,0xC216BfA5dA000965E820845c32e6FD88DB275743,1785590123,2026-08-01 13:15:23+00:00,97.93236406379546,97.93236406379546,100.0,2.7650261968766676,31.566666666666666,1.2306265276282373,,22,True,-0.079288370465469,0.002318510700083047,0.03167898627243928,True,-0.36028734771069715,0.005829058926906671,0.1583949313621964,True,2.014742959200766,0.7693663954505313,1.0454065469904963,True,1.1969028458788111,1.1194812101357905,2.9778247096092927,True,2.5602723627799806,5.349737574706874,7.856388595564942,12.12,-1.024529801751517,1.736497484602546,14.0,0.6419056274335527,11.213333333333333,62.593333333333334,-1.1061256530157326,2.9822087161423463,80.0,0.373772466479968,22.11,116.98333333333333,2.1925318444926623,8.305141501657555,167.0,0.13421415001395412,74.92666666666666,False
7593fa0af172d58ebdcbe3fbfed86a4d538484f197bc78dd0c73a1723bd00f17,1343355,0xC216BfA5dA000965E820845c32e6FD88DB275743,1785592259,2026-08-01 13:50:59+00:00,97.80018885466158,97.80018885466158,100.0,2.7598133724419105,31.566666666666666,1.2310844378299137,,21,True,,0.0,0.0,True,-0.281221953549593,0.003517179063444286,0.12671594508975711,True,0.14384408106395963,0.7696851049377113,1.0454065469904963,True,1.27720389049657,1.1192728323437398,2.946145723336853,True,2.6416552586533637,5.3575194414591545,7.824709609292503,11.526666666666667,-0.9459914925252222,1.7300867417790777,13.0,0.6442841740087273,11.273333333333333,62.0,-1.0276520911473908,2.975797973318878,79.0,0.37457768214937176,22.29,115.19333333333333,2.283830833260314,8.281416427601094,165.0,0.13459865436491195,74.33333333333333,False
4ade17031a5d97de93b3a03cddc667447e9df4837d7e4098737a2b4617fa65c6,1343357,0xC216BfA5dA000965E820845c32e6FD88DB275743,1785597395,2026-08-01 15:16:35+00:00,97.79475284740272,97.79475284740272,100.0,2.7321431021461455,31.533333333333335,1.2310844378299137,,21,True,,0.0,0.0,True,-0.28656430971197855,0.010192914873581637,0.15856236786469344,True,2.641106898975898,0.8362995640262935,1.1733615221987315,True,1.27720389049657,1.1306084691123006,2.949260042283298,True,4.013600327607936,5.421740675312255,7.959830866807611,10.1,-0.9459914925252222,1.7300867417790777,13.0,0.6442841740087273,9.846666666666666,56.27333333333333,1.0162798530289674,2.732667692137875,71.0,0.4079045215038695,20.863333333333333,105.47666666666667,3.185192424732608,8.200622981768907,159.0,0.13592473521446358,72.90666666666667,False
b5ad6c9f5bc06ea4650ae02d2fc3db0e721fca297323b0d9e7e11fff450cf545,1343391,0xC216BfA5dA000965E820845c32e6FD88DB275743,1785598571,2026-08-01 15:36:11+00:00,97.78931744440716,97.78931744440716,100.0,2.7321431021461455,31.533333333333335,1.2310844378299137,,20,True,,0.0,0.0,True,-0.29632534723232906,0.01604134644485255,0.19027484143763213,True,2.641106898975898,0.8362995640262935,1.1733615221987315,True,1.27720389049657,1.1306084691123006,2.949260042283298,True,4.013600327607936,5.421740675312255,7.959830866807611,9.773333333333333,-0.9459914925252222,1.7300867417790777,13.0,0.6442841740087273,9.52,55.946666666666665,1.0162798530289674,2.732667692137875,71.0,0.4079045215038695,20.536666666666665,105.15,3.185192424732608,8.200622981768907,159.0,0.13592473521446358,72.58,False
fd18c07875b46401ec96744c40ac75758c8fc3e5ac0c55578f02e52b376d5ff0,1343408,0xC216BfA5dA000965E820845c32e6FD88DB275743,1785603611,2026-08-01 17:00:11+00:00,97.79747077549294,97.79747077549294,100.0,2.722646206993086,31.5,1.1925718355546553,,19,True,-2.1387959432594417,0.0030180657595111947,0.06349206349206349,True,-2.2033759081465876,0.015743379577599362,0.15873015873015872,True,-1.192777776414744,0.8601459126988357,1.2063492063492063,True,2.784698262875951,1.206036311536366,3.111111111111111,True,2.3732080623177554,5.441936642497004,7.968253968253968,8.373333333333333,-2.840615769342092,1.7291231404328404,12.0,0.6446432190546914,8.203333333333333,53.35,-2.682726650220124,2.727115316483591,68.0,0.4087350104534131,20.283333333333335,103.19666666666667,0.2545601579767576,8.175633367604574,156.0,0.13634020231476895,71.18333333333334,False
d552da02bb24dfd77ecae2f891bc2289c1898330783cb45e6c7dc69b35dcaa63,1343421,0xC216BfA5dA000965E820845c32e6FD88DB275743,1785604271,2026-08-01 17:11:11+00:00,97.7978902229735,97.7978902229735,100.0,2.722646206993086,31.5,1.1925718355546553,,18,True,-2.1387959432594417,0.0030180657595111947,0.06349206349206349,True,-2.2033759081465876,0.015743379577599362,0.15873015873015872,True,0.8087646974263452,0.8738480876370524,1.2380952380952381,True,2.784698262875951,1.206036311536366,3.111111111111111,True,2.3732080623177554,5.441936642497004,7.968253968253968,8.19,-2.840615769342092,1.7291231404328404,12.0,0.6446432190546914,8.02,53.166666666666664,-2.682726650220124,2.727115316483591,68.0,0.4087350104534131,20.1,103.01333333333334,0.2545601579767576,8.175633367604574,156.0,0.13634020231476895,71.0,False
574d2bcfc0c8c50d309b241b675f4e30e14407cc55122582391a31a6ecffc59e,1343430,0xC216BfA5dA000965E820845c32e6FD88DB275743,1785605147,2026-08-01 17:25:47+00:00,97.80332552037046,97.80332552037046,100.0,2.722646206993086,31.5,1.192371263642778,,17,True,-2.1885613998584463,0.0032112716091691916,0.09523809523809523,True,-2.2033759081465876,0.015743379577599362,0.15873015873015872,True,0.8087646974263452,0.8738480876370524,1.2380952380952381,True,2.784698262875951,1.206036311536366,3.111111111111111,True,2.3732080623177554,5.441936642497004,7.968253968253968,7.946666666666666,-2.840615769342092,1.7291231404328404,12.0,0.6446432190546914,7.776666666666666,52.92333333333333,-2.682726650220124,2.727115316483591,68.0,0.4087350104534131,19.856666666666666,102.77,0.2545601579767576,8.175633367604574,156.0,0.13634020231476895,70.75666666666666,False
010820fd2869f6e01a948c75307344898578b88862478bbddd1c432b2bc50645,1343440,0xC216BfA5dA000965E820845c32e6FD88DB275743,1785606671,2026-08-01 17:51:11+00:00,97.64853781822552,97.64853781822552,100.0,2.69958104233247,31.366666666666667,1.192958201163677,,16,True,-0.05085310065278126,0.00019485659644643373,0.031880977683315624,True,-0.06599138597324083,0.012834038636483918,0.09564293304994687,True,0.962124666385078,0.8918146296809204,1.2114771519659937,True,4.324568978143994,1.2183516688753828,3.0924548352816155,True,4.6106156664096565,5.485388584705746,7.938363443145589,7.523333333333333,-0.7171583804300385,1.7209060151402515,10.0,0.6477213151583641,7.38,48.873333333333335,-0.38074298174527454,2.703925118789826,59.0,0.4122405238387172,20.633333333333333,101.39333333333333,0.022367971786696472,8.14262483689324,152.0,0.13689289752613443,70.61,False
f560df8a423ad2ba70e92255ae8825c63af5b582451f13d0bc82b29ee6a39820,1343442,0xC216BfA5dA000965E820845c32e6FD88DB275743,1785609215,2026-08-01 18:33:35+00:00,97.6514536747374,97.6514536747374,100.0,2.6758038886615663,31.2,1.1929957748189444,,15,True,,0.0,0.0,True,-0.02822357191317737,0.02381677948777119,0.09615384615384616,True,1.013493159734491,0.8995426931648579,1.185897435897436,True,3.5729553018444715,1.2341278763706998,3.108974358974359,True,4.663840474553238,5.533935078228636,7.948717948717949,6.816666666666666,-0.6666442890685631,1.7203799839665115,9.0,0.6479193653605547,6.706666666666667,48.166666666666664,-0.3300577256799442,2.703399087616085,58.0,0.41232073817614584,19.926666666666666,99.64333333333333,-4.766610740863286,8.04481298858797,149.0,0.13855729262716282,69.90333333333334,False
421bcf5710d524ed187016bad05cdcebe0317de2172660843e7751d137df99f5,1343462,0xC216BfA5dA000965E820845c32e6FD88DB275743,1785633779,2026-08-02 01:22:59+00:00,97.67746237037213,97.67746237037213,100.0,2.7158709734480113,31.033333333333335,1.32182229048222,,18,True,0.09786222753043194,0.00012535714059477837,0.032223415682062294,True,-1.6892944954135292,0.007065523880976951,0.3544575725026853,True,-1.3233230068859125,0.1557844480703444,1.0633727175080558,True,4.2388925631619445,0.8817710757888336,3.4479054779806657,True,3.6974086614027124,4.757888268204314,7.798066595059076,48.5,0.20289420448504902,0.6791926658432679,62.0,0.10666609788768461,4.216666666666667,89.09333333333333,-7.386665695661687,3.5739070968704216,123.0,0.16493324572925902,22.51,112.53666666666666,9.23413786111269,8.430109056083781,163.0,0.09577070227609998,68.64,False
5386e859df189627917a24969e4eed6ca3f3955e59e448287050e0ba0274720c,1343606,0xC216BfA5dA000965E820845c32e6FD88DB275743,1785636767,2026-08-02 02:12:47+00:00,98.0013422848562,98.0013422848562,100.0,2.71588232190866,31.066666666666666,1.3218466086121812,,19,True,0.004411536701609542,0.00036010396772739547,0.032188841201716736,True,0.55540254515829,0.013675440505563794,0.38626609442060084,True,-1.4197957906292635,0.15565844049984925,1.0300429184549356,True,3.5528825950355003,0.8852889788634412,3.476394849785408,True,3.616263549311083,4.764167287926564,7.789699570815451,48.34,0.10539968823601864,0.6798186762186191,62.0,0.10656787451384712,3.4033333333333333,88.26333333333334,-7.477210558382552,3.573566643050966,122.0,0.16494895892536604,23.14666666666667,111.70666666666666,9.127343412004919,8.429768602264327,162.0,0.0957745701760294,67.81,False
577305e64ea57939a8bfb35b8e3093bd6ea30e5a55be67c9af307b4a1bc5f462,1343615,0xC216BfA5dA000965E820845c32e6FD88DB275743,1785637163,2026-08-02 02:19:23+00:00,97.97918502492902,97.97918502492902,100.0,2.71588232190866,31.066666666666666,1.3218466086121812,,18,True,0.10549514791924341,0.003384455288533444,0.06437768240343347,True,0.55540254515829,0.013675440505563794,0.38626609442060084,True,-1.4197957906292635,0.15565844049984925,1.0300429184549356,True,3.5528825950355003,0.8852889788634412,3.476394849785408,True,3.8415352932241964,4.766963759008725,7.8218884120171674,48.23,0.10539968823601864,0.6798186762186191,62.0,0.10656787451384712,3.2933333333333334,88.15333333333334,-7.477210558382552,3.573566643050966,122.0,0.16494895892536604,23.036666666666665,111.59666666666666,9.127343412004919,8.429768602264327,162.0,0.0957745701760294,67.7,False
ff530a3ad7f4f46b7009bdf231888ab0f7e93c2192b362691871510578ba3953,1343619,0xC216BfA5dA000965E820845c32e6FD88DB275743,1785637379,2026-08-02 02:22:59+00:00,97.9732782181257,97.9732782181257,100.0,2.71588232190866,31.066666666666666,1.3218466086121812,,17,True,0.10549514791924341,0.003384455288533444,0.06437768240343347,True,0.55540254515829,0.013675440505563794,0.38626609442060084,True,-1.4197957906292635,0.15565844049984925,1.0300429184549356,True,3.5528825950355003,0.8852889788634412,3.476394849785408,True,4.3467858913019075,4.770541690764152,7.854077253218884,48.17,0.10539968823601864,0.6798186762186191,62.0,0.10656787451384712,3.2333333333333334,88.09333333333333,-7.477210558382552,3.573566643050966,122.0,0.16494895892536604,22.976666666666667,111.53666666666666,9.127343412004919,8.429768602264327,162.0,0.0957745701760294,67.64,False
eb92d565cb14c7192775b276b4e330f8bb48270dea5d9b7076989b031282d77c,1343621,0xC216BfA5dA000965E820845c32e6FD88DB275743,1785637667,2026-08-02 02:27:47+00:00,98.0693928249114,98.0693928249114,100.0,2.71588232190866,31.066666666666666,1.3218466086121812,,17,True,0.10549514791924341,0.003384455288533444,0.06437768240343347,True,0.55540254515829,0.013675440505563794,0.38626609442060084,True,-1.4197957906292635,0.15565844049984925,1.0300429184549356,True,3.2888766047884044,0.8867836159931294,3.5085836909871246,True,4.3467858913019075,4.770541690764152,7.854077253218884,48.09,0.10539968823601864,0.6798186762186191,62.0,0.10656787451384712,3.1533333333333333,88.01333333333334,-7.477210558382552,3.573566643050966,122.0,0.16494895892536604,22.89666666666667,111.45666666666666,9.127343412004919,8.429768602264327,162.0,0.0957745701760294,67.56,False
59940d2c2c0808adb27ce618d6e62e8088321ae20c5f014cf397947aafaffef3,1343626,0xC216BfA5dA000965E820845c32e6FD88DB275743,1785640403,2026-08-02 03:13:23+00:00,98.07374378673886,98.07374378673886,100.0,2.7159149219086602,31.1,1.3219164657550384,,18,True,0.1010791520737353,0.003024315018544787,0.03215434083601286,True,0.9715428540984394,0.019440659802400614,0.4180064308681672,True,-1.4241445006735298,0.15529647243625855,0.9967845659163986,True,3.0338900298710225,0.8880914944907672,3.5048231511254015,True,5.683292576653587,4.844760245589462,8.006430868167202,47.346666666666664,-1.8910234721597474,0.6797875027032428,62.0,0.10657276147523075,4.046666666666667,87.25333333333333,-7.481292055139388,3.572588643050966,121.0,0.164994113881043,25.67,110.69666666666667,9.122529431569326,8.428790602264327,161.0,0.09578568298379177,66.80333333333333,False
aabbca9a5264c1a89b2cdf3ab535989eabfa88616c917dab6c7e4ca462693bbd,1343660,0xC216BfA5dA000965E820845c32e6FD88DB275743,1785651827,2026-08-02 06:23:47+00:00,97.90784587748507,97.90784587748507,100.0,2.7161874546531872,31.3,1.3224982919428478,,17,True,5.386590129496938e-06,0.0006991757098439489,0.06389776357827476,True,2.98923271819298,0.016692352911375902,0.28753993610223644,True,0.3630503862822154,0.15562580760397082,0.926517571884984,True,4.911541568303934,0.8821222676268313,3.258785942492013,True,5.280400295674026,4.841047350433446,7.795527156549521,45.45333333333333,-0.16144780565066075,0.9002300372915764,56.0,0.2626151426906657,4.97,84.08,-5.795265309413978,3.556617137941549,114.0,0.16573504388016005,29.08,107.52333333333333,11.111138084561789,8.412819097154909,154.0,0.09596752946206705,64.32666666666667,False
5355d2dd7717e789174e6fbee5cb9486a85b0966b89b004a2647ce1fa283f50f,1343754,0xC216BfA5dA000965E820845c32e6FD88DB275743,1785656015,2026-08-02 07:33:35+00:00,97.90468192388956,97.90468192388956,100.0,2.7162507577295765,31.366666666666667,1.322633941392253,,16,True,2.383364848597691,0.0067343891797276515,0.06376195536663125,True,1.0202958393481065,0.017200259116181314,0.255047821466525,True,0.3630449801363511,0.1549230212803477,0.8607863974495218,True,4.773908119948511,0.8849523087884839,3.2199787460148777,True,4.080365701789335,4.847470701592983,7.810839532412327,44.29,-0.1614531835439692,0.8983309449999003,54.0,0.2631703171460679,5.726666666666667,82.91666666666667,-5.795270383836648,3.5547180456498726,112.0,0.16582358708956557,31.496666666666666,106.36,11.11113209946053,8.410920004863232,152.0,0.09598919786401919,65.25666666666666,False
c417d4035c494af0aeefc2e40e626cad59ab74d7b755c3a868250ebba7951e11,1343796,0xC216BfA5dA000965E820845c32e6FD88DB275743,1785658643,2026-08-02 08:17:23+00:00,97.5399139355323,97.5399139355323,100.0,2.712941651728644,31.3,1.323273139685853,,15,True,0.4182716144191856,0.006132196365194571,0.06389776357827476,True,-1.3313383587902794,0.010478635663644893,0.19169329073482427,True,-1.9732891876028336,0.1483693849345196,0.7987220447284344,True,2.334894223183537,0.8792891244339877,3.1629392971246006,True,1.2807055118073896,4.849417262727795,7.795527156549521,43.56,-2.485577648190096,0.8800386552876192,52.0,0.26864051741055,6.196666666666666,82.18666666666667,-7.988246180938397,3.536425755937591,110.0,0.16668131557179913,33.093333333333334,105.63,8.524595048980155,8.392627715150951,150.0,0.0961984126982967,64.89,False
0f7f37f9c6cf7ccde9e5e58fe17a074f0fbe493dde5f36f4bfb5ae7d49b27bb3,1343804,0xC216BfA5dA000965E820845c32e6FD88DB275743,1785659411,2026-08-02 08:30:11+00:00,97.54022071360892,97.54022071360892,100.0,2.712941651728644,31.3,1.323273139685853,,14,True,0.4182716144191856,0.006132196365194571,0.06389776357827476,True,0.13986285009564003,0.06724955658189662,0.28753993610223644,True,-1.9732891876028336,0.1483693849345196,0.7987220447284344,True,2.334894223183537,0.8792891244339877,3.1629392971246006,True,0.8746966499047604,4.851858626654576,7.827476038338658,43.346666666666664,-2.485577648190096,0.8800386552876192,52.0,0.26864051741055,5.983333333333333,81.97333333333333,-7.988246180938397,3.536425755937591,110.0,0.16668131557179913,32.88,105.41666666666667,8.524595048980155,8.392627715150951,150.0,0.0961984126982967,64.67666666666666,False
6ddff3e889b1c0b7e4db7f9bd2367363fd9deae63ea89ff2e5003590f0cf8587,1343810,0xC216BfA5dA000965E820845c32e6FD88DB275743,1785659891,2026-08-02 08:38:11+00:00,97.5457046972834,97.5457046972834,100.0,2.7079158061504467,31.233333333333334,1.323273139685853,,13,True,0.4182716144191856,0.006143577617121478,0.064034151547492,True,0.13986285009564003,0.06737437061260437,0.288153681963714,True,-1.9732891876028336,0.14864475598391463,0.8004268943436499,True,2.334894223183537,0.8809210700609369,3.169690501600854,True,0.8746966499047604,4.860863593562863,7.8441835645677696,43.21333333333333,-2.485577648190096,0.8800386552876192,52.0,0.26864051741055,5.85,81.84,-7.988246180938397,3.536425755937591,110.0,0.16668131557179913,32.74666666666667,105.28333333333333,8.524595048980155,8.392627715150951,150.0,0.0961984126982967,64.54333333333334,False
215885a1b0564b3827da2ce6607c746f497b29e14816eaeb59a8fc3dfbf8d2e7,1343820,0xC216BfA5dA000965E820845c32e6FD88DB275743,1785671663,2026-08-02 11:54:23+00:00,97.8134666971072,97.8134666971072,100.0,2.4953226877239585,30.9,1.3202122889098615,,12,True,2.1124132390701655,0.0026457772564210786,0.03236245954692557,True,0.7459175544035412,0.1211871987974451,0.3236245954692557,True,-0.4938057745797142,0.15628943375087187,0.7766990291262136,True,3.227193987771826,0.9547522052098563,3.13915857605178,True,4.6966805428636516,5.297207643516899,7.928802588996764,38.64666666666667,1.0574265209174483,0.6241316795572911,46.0,0.11607619634180953,4.306666666666667,78.57,-6.597296203539782,3.5178796463896376,106.0,0.16756005226802584,30.82,102.01,12.672571142565348,7.855104025410904,144.0,0.10278125686859008,62.54,False
e5550e08495832b9428d8ad5daa2a2957d0beca93a91871fd7cf00d98bc2b0be,1343882,0xC216BfA5dA000965E820845c32e6FD88DB275743,1785672095,2026-08-02 12:01:35+00:00,97.83471707276196,97.83471707276196,100.0,2.4953226877239585,30.9,1.3202122889098615,,11,True,2.1124132390701655,0.0026457772564210786,0.03236245954692557,True,0.7459175544035412,0.1211871987974451,0.3236245954692557,True,-0.4938057745797142,0.15628943375087187,0.7766990291262136,True,3.227193987771826,0.9547522052098563,3.13915857605178,True,4.6966805428636516,5.297207643516899,7.928802588996764,38.526666666666664,1.0574265209174483,0.6241316795572911,46.0,0.11607619634180953,4.1866666666666665,78.45,-6.597296203539782,3.5178796463896376,106.0,0.16756005226802584,30.7,101.89,12.672571142565348,7.855104025410904,144.0,0.10278125686859008,62.42,False
f17d1d92b4c7ffb0ddb5c22e7eccf188a60de5be63b1d635dfd9a968933be262,1343884,0xC216BfA5dA000965E820845c32e6FD88DB275743,1785672215,2026-08-02 12:03:35+00:00,97.82940476329698,97.82940476329698,100.0,2.4953226877239585,30.9,1.3202122889098615,,10,True,2.1124132390701655,0.0026457772564210786,0.03236245954692557,True,0.7459175544035412,0.1211871987974451,0.3236245954692557,True,-0.4938057745797142,0.15628943375087187,0.7766990291262136,True,3.227193987771826,0.9547522052098563,3.13915857605178,True,4.6966805428636516,5.297207643516899,7.928802588996764,38.49333333333333,1.0574265209174483,0.6241316795572911,46.0,0.11607619634180953,4.153333333333333,78.41666666666667,-6.597296203539782,3.5178796463896376,106.0,0.16756005226802584,30.666666666666668,101.85666666666667,12.672571142565348,7.855104025410904,144.0,0.10278125686859008,62.38666666666666,False
54d55225aadbdc8f2ffcf96783528453a59c2f28f4333aefbd635cb4dbfb5e5b,1343887,0xC216BfA5dA000965E820845c32e6FD88DB275743,1785678875,2026-08-02 13:54:35+00:00,97.9561139982911,97.9561139982911,100.0,2.4947840145135154,30.866666666666667,1.3207003352172109,,9,True,2.4936758128542458,0.06441553219473907,0.12958963282937364,True,-0.06344387161861809,0.1358874094035625,0.2915766738660907,True,1.363189300563139,0.15272793180102756,0.7451403887688984,True,1.805311771464857,0.9647980097846894,3.1101511879049677,True,2.5026532769668597,5.299369237005435,7.937365010799136,37.94,-1.169813464782754,0.8516107281424278,46.0,0.27760810413159986,3.5533333333333332,76.56666666666666,-6.746729621563863,3.5079978287923996,104.0,0.16803205879536917,28.986666666666668,100.00666666666666,12.492308187222157,7.845222207813667,142.0,0.10291071982144036,65.09,False
06af8cfde43951251041178fdf9d2679d09a1c5bfc72a4348433116b6c6cfe61,1343950,0xC216BfA5dA000965E820845c32e6FD88DB275743,1785696827,2026-08-02 18:53:47+00:00,99.22909343069702,99.22909343069702,100.0,2.504534659480974,31.133333333333333,1.3162705950752083,,8,True,-0.6444116178004111,0.0185624852720365,0.032119914346895075,True,-1.2180822053481921,0.025246817059265576,0.16059957173447537,True,-1.3484503633405587,0.11907228350859574,0.7387580299785867,True,-0.07534990276859554,1.2974656521584869,3.1477516059957176,True,9.664000882805546,5.403299840475622,8.286937901498929,37.25,1.8035381678255025,0.6309392901397588,43.0,0.3747017239097327,10.05,71.58,-7.288844983696663,3.2154784797686595,96.0,0.18331831518402228,29.15,95.02,11.83834926285856,7.552702858789926,134.0,0.10689649515678241,71.58,False
5a5cb725f994e9782232eaaae4ea629b1896abf946a531f8e1e9fe6b37c15c87,1344013,0xC216BfA5dA000965E820845c32e6FD88DB275743,1785706931,2026-08-02 21:42:11+00:00,97.59989139637742,97.59989139637742,100.0,2.5025433189538746,31.033333333333335,1.3173690346000522,,8,True,,0.0,0.0,True,-1.9955600183665045,0.006878664430487426,0.12889366272824918,True,-2.1328413918647926,0.10148620002099103,0.7733619763694951,True,0.6685774079431717,1.7379413328995776,3.4156820622986035,True,9.38706770417268,6.055773408483923,8.474758324382384,42.48,4.230186302083472,0.7594218271570775,52.0,0.3113079335404079,7.296666666666667,68.77333333333333,-8.017596052997767,3.1680307919553963,94.0,0.18606387883554734,27.43,92.21666666666667,8.48997791749666,8.024232751168757,134.0,0.10061491105771572,68.77333333333333,False
8dfb86c4fe422a84a7c25a75ecdc6f0abaccd990ce52e30c0270164f3980101b,1344103,0xC216BfA5dA000965E820845c32e6FD88DB275743,1785712631,2026-08-02 23:17:11+00:00,97.59496205392774,97.59496205392774,100.0,2.4955599967442246,31.0,1.3183517701178975,,7,True,-0.003724453437392583,0.0008116588284999283,0.03225806451612903,True,-0.011520762784988925,0.006519240053502199,0.1935483870967742,True,-0.4581690312944975,0.10169507923395744,0.8064516129032258,True,1.8864095457403973,2.2735951015688234,3.5483870967741935,True,10.686745718120072,6.079626425720503,8.516129032258064,40.89666666666667,6.347459877081563,0.7456635299072432,50.0,0.31705190104598435,10.756666666666666,67.19,-6.149117062877263,3.1542724947055616,92.0,0.18687545175981862,26.596666666666668,90.63,13.21321390833532,7.491496873726828,130.0,0.10776984602325734,67.19333333333333,False
db6a4c61add8ea05f56eb4485016bb00118196c4fd8a324ffee80930badf3b37,1344109,0xC216BfA5dA000965E820845c32e6FD88DB275743,1785715223,2026-08-03 00:00:23+00:00,97.59407901463857,97.59407901463857,100.0,2.4505675632882977,30.8,1.3177203758764693,,6,True,,0.0,0.0,True,-0.010209154754881045,0.007483441782838443,0.19480519480519481,True,-0.49887776979280485,0.10351845577084509,0.8441558441558441,True,2.410183735981586,2.3186480744629914,3.571428571428571,True,10.69086834797115,6.190421838244606,8.53896103896104,40.17666666666667,6.351420886232484,0.7436379866038345,49.0,0.3179154964601046,10.05,66.47,-6.145621500251086,3.1522469514021534,91.0,0.18699553255479412,26.546666666666667,89.91,13.217430638822481,7.48947133042342,129.0,0.107798992605211,66.48,False
12f4773c6a01d8d11e0bf4659f678b533bbb33b2fa3350f552e2c8c896accc9d,1344120,0xC216BfA5dA000965E820845c32e6FD88DB275743,1785720647,2026-08-03 01:30:47+00:00,97.59315460959472,97.59315460959472,100.0,2.4325061526237866,30.766666666666666,1.313797232705269,,9,True,,0.0,0.0,True,-0.009180900221450461,0.006951005865265098,0.16251354279523295,True,1.5343283846795064,0.10488732148365927,0.9100758396533045,True,3.702219903007342,2.351177832735438,3.640303358613218,True,10.69200664805383,6.235797853317554,8.515709642470206,38.67,6.352514561194078,0.7422076714432357,48.0,0.3185281543075935,9.963333333333333,64.96333333333334,-6.144656339814613,3.1508166362415544,90.0,0.18708041929244207,25.05666666666667,88.40333333333334,13.218594921049021,7.488041015262822,128.0,0.10781958364272083,66.77333333333333,False
ab1023efaf5f731188c707cc6c8bc73752df7531630306750af1e12721425a29,1344144,0xC216BfA5dA000965E820845c32e6FD88DB275743,1785722603,2026-08-03 02:03:23+00:00,97.61126434023832,97.61126434023832,100.0,2.4314181434465123,30.733333333333334,1.313797232705269,,8,True,,0.0,0.0,True,-0.009180900221450461,0.006954116296185045,0.16268980477223427,True,1.5466848478060014,0.1053303833833279,0.9436008676789588,True,3.702219903007342,2.352229936038325,3.644251626898048,True,10.69200664805383,6.238588243489777,8.524945770065075,38.126666666666665,6.352514561194078,0.7422076714432357,48.0,0.3185281543075935,9.42,64.42,-6.144656339814613,3.1508166362415544,90.0,0.18708041929244207,24.513333333333332,87.86,13.218594921049021,7.488041015262822,128.0,0.10781958364272083,66.23,False
d42c3bb3de10ffe38f8c2db4897731ae29f71da9d240997e3b8829a738f724cc,1344159,0xC216BfA5dA000965E820845c32e6FD88DB275743,1785724067,2026-08-03 02:27:47+00:00,97.61041652242804,97.61041652242804,100.0,2.4314181434465123,30.733333333333334,1.313797232705269,,7,True,,0.0,0.0,True,-0.009180900221450461,0.006954116296185045,0.16268980477223427,True,1.5466848478060014,0.1053303833833279,0.9436008676789588,True,3.702219903007342,2.352229936038325,3.644251626898048,True,8.30671701522283,6.241822815637184,8.557483731019522,37.72,6.352514561194078,0.7422076714432357,48.0,0.3185281543075935,9.013333333333334,64.01333333333334,-6.144656339814613,3.1508166362415544,90.0,0.18708041929244207,24.106666666666666,87.45333333333333,13.218594921049021,7.488041015262822,128.0,0.10781958364272083,65.82333333333334,False
3ee29215a0bea4798b22ae4f844446cc1dfbb938420a86ae450881627a9d4e9c,1344169,0xC216BfA5dA000965E820845c32e6FD88DB275743,1785725723,2026-08-03 02:55:23+00:00,97.61628920985596,97.61628920985596,100.0,2.4314181434465123,30.733333333333334,1.313797232705269,,6,True,,0.0,0.0,True,-0.009180900221450461,0.006954116296185045,0.16268980477223427,True,-0.4736240625265564,0.10611728656762288,1.0086767895878526,True,4.2145301122684,2.355603231551109,3.6767895878524945,True,7.019436913413957,6.27288818238793,8.655097613882862,37.26,6.352514561194078,0.7422076714432357,48.0,0.3185281543075935,8.553333333333333,63.553333333333335,-6.144656339814613,3.1508166362415544,90.0,0.18708041929244207,23.64666666666667,86.99333333333334,13.218594921049021,7.488041015262822,128.0,0.10781958364272083,65.36333333333333,False
5c6be2748db5809349a95002323f483d7808150058075324a00ddc47aca67fd8,1344171,0xC216BfA5dA000965E820845c32e6FD88DB275743,1785726503,2026-08-03 03:08:23+00:00,97.61933181412398,97.61933181412398,100.0,2.4314181434465123,30.733333333333334,1.313797232705269,,5,True,,0.0,0.0,True,-0.009180900221450461,0.006954116296185045,0.16268980477223427,True,-0.4736240625265564,0.10611728656762288,1.0086767895878526,True,4.2145301122684,2.355603231551109,3.6767895878524945,True,7.019436913413957,6.27288818238793,8.655097613882862,37.04333333333334,6.352514561194078,0.7422076714432357,48.0,0.3185281543075935,8.336666666666666,63.336666666666666,-6.144656339814613,3.1508166362415544,90.0,0.18708041929244207,23.43,86.77666666666667,13.218594921049021,7.488041015262822,128.0,0.10781958364272083,65.14666666666666,False
b42d6bafb4b352360860a0191d16568a38f27cc9b810ba71ef2308209345fb18,1344178,0xC216BfA5dA000965E820845c32e6FD88DB275743,1785785303,2026-08-03 19:28:23+00:00,97.61787283676952,97.61787283676952,100.0,2.228671194236612,29.5,1.318394706638843,4.945629075390713,5,True,2.032484692840386,0.0006035343989172665,0.06779661016949153,True,1.6674606317262475,0.009683006355230525,0.3728813559322034,True,6.619199142709142,0.2776212957793164,1.3220338983050848,True,0.646417516966058,4.71869181153055,5.0508474576271185,True,8.929433978210689,6.961996339676788,9.389830508474576,20.99,7.185682195696685,0.569646535215642,35.0,0.41501883199948747,4.1,47.00333333333333,-6.021592810488019,2.917257818737836,73.0,0.2020582800860236,20.71,70.44,7.07332016555644,6.766645344539093,110.0,0.11931428698517771,50.73,True
d5123c4f99abcc0a66afa296ad2990b09f923dd9453526ca163ba859b93bbc04,1344469,0xC216BfA5dA000965E820845c32e6FD88DB275743,1785804467,2026-08-04 00:47:47+00:00,98.03098199463304,98.03098199463304,100.0,2.2066056269545697,29.5,1.3153774178033204,4.929798715072514,8,True,2.042346091716074,0.00044070347265623384,0.03389830508474576,True,1.9370077953106746,0.11009074646905545,0.2033898305084746,True,6.531715572367469,0.6567312922348402,1.5254237288135593,True,1.0175380140526213,4.756538553175489,4.711864406779661,True,5.5957232854293215,7.185055028353102,9.59322033898305,16.7,5.129031845048382,0.5626847610229924,26.0,0.4201536207732669,7.236666666666666,41.68,-5.675059729112353,2.896650040162906,63.0,0.20349579315716068,20.893333333333334,65.11666666666666,8.32745685358982,6.746037565964162,100.0,0.11967876796871414,52.553333333333335,True
56c2ed37a1cd0be52eb0d365210b2bc4e170f99086337d70ea2594615b2ee0e8,1344506,0xC216BfA5dA000965E820845c32e6FD88DB275743,1785804695,2026-08-04 00:51:35+00:00,98.0316085374323,98.0316085374323,100.0,2.2066056269545697,29.5,1.3153774178033204,4.929610488804779,8,True,2.042346091716074,0.00044070347265623384,0.03389830508474576,True,1.9370077953106746,0.11009074646905545,0.2033898305084746,True,6.402425829881664,0.7759784031053951,1.5593220338983051,True,1.0175380140526213,4.756538553175489,4.711864406779661,True,5.5957232854293215,7.185055028353102,9.59322033898305,16.636666666666667,5.129031845048382,0.5626847610229924,26.0,0.4201536207732669,7.173333333333333,41.61666666666667,-5.675059729112353,2.896650040162906,63.0,0.20349579315716068,20.83,65.05333333333333,8.32745685358982,6.746037565964162,100.0,0.11967876796871414,52.49,True
238adf84e891f1ec905d306484b7d2f134dccc8bac1f0d8cfda70e15919770d8,1344510,0xC216BfA5dA000965E820845c32e6FD88DB275743,1785805115,2026-08-04 00:58:35+00:00,98.03735862957414,98.03735862957414,100.0,2.2066056269545697,29.5,1.3153774178033204,4.929610488804779,7,True,2.0547643792734105,0.000877188525265992,0.06779661016949153,True,1.9370077953106746,0.11009074646905545,0.2033898305084746,True,6.402425829881664,0.7759784031053951,1.5593220338983051,True,1.0175380140526213,4.756538553175489,4.711864406779661,True,5.5957232854293215,7.185055028353102,9.59322033898305,16.52,5.129031845048382,0.5626847610229924,26.0,0.4201536207732669,7.056666666666667,41.5,-5.675059729112353,2.896650040162906,63.0,0.20349579315716068,20.713333333333335,64.93666666666667,8.32745685358982,6.746037565964162,100.0,0.11967876796871414,52.373333333333335,True
1ee7c1737392d07d42144b4163a67625550032d1079a274d2ff27dabe66089b7,1344514,0xC216BfA5dA000965E820845c32e6FD88DB275743,1785805679,2026-08-04 01:07:59+00:00,98.03488382369208,98.03488382369208,100.0,2.2066056269545697,29.5,1.3153774178033204,4.929610488804779,7,True,2.0547643792734105,0.00043648505260975826,0.03389830508474576,True,1.9370077953106746,0.1096500429963992,0.1694915254237288,True,6.402425829881664,0.7755376996327389,1.5254237288135593,True,1.0175380140526213,4.756097849702833,4.677966101694915,True,5.5957232854293215,7.184614324880446,9.559322033898304,16.363333333333333,5.129031845048382,0.5617123022604106,25.0,0.4208810074950945,6.96,41.343333333333334,-5.675059729112353,2.8956775814003244,62.0,0.20356413338553256,20.56,64.78,8.32745685358982,6.745065107201581,99.0,0.11969602245992457,52.43333333333333,True
e793555e7fffe9551729ad6f2934bfbb3d1a7398b54860ac1159dab3f6db8e6a,1344516,0xC216BfA5dA000965E820845c32e6FD88DB275743,1785830411,2026-08-04 08:00:11+00:00,98.01558005819652,98.01558005819652,100.0,2.2085660447121804,29.5,1.3327020306936588,4.883898693241688,14,True,0.7532200891223084,0.048352139069895717,0.3050847457627119,True,0.3501510826430687,0.05004253141426761,0.4406779661016949,True,2.914150536140925,0.6804222661930323,1.5593220338983051,True,0.735865907230604,4.904198178952385,4.576271186440678,True,2.4002007061689756,7.231368622767248,9.491525423728813,14.02,-0.9663444586002767,0.9375213936356542,29.0,0.26316499562249657,0.41333333333333333,34.473333333333336,-9.723482091676573,2.6537231795286593,57.0,0.22212418460555788,14.023333333333333,57.913333333333334,11.622928949793021,6.990947558549927,95.0,0.1154861279967486,57.89666666666667,True
c4e8b7628560702f2112aca9921f65bf758678f0423ae433ad992df08b9bcca1,1344784,0xC216BfA5dA000965E820845c32e6FD88DB275743,1785879383,2026-08-04 21:36:23+00:00,99.05630179296742,99.05630179296742,100.0,2.028014908555627,28.833333333333332,1.3284321115208146,4.778626215008408,14,True,-0.37722599330345385,0.3186670330984175,0.4161849710982659,True,-1.8380444290576836,0.5611021536300956,0.7630057803468209,True,-3.532318726526551,1.7158522349485066,1.5953757225433527,True,-6.160174325458834,5.550558452030923,4.508670520231214,True,-1.661534710643564,8.008694967262228,9.676300578034683,0.4166666666666667,-4.5981493132874025,0.5823294480348269,6.0,0.4236825293392484,0.42,20.87,-14.00507820333421,2.298531233927832,34.0,0.2564490265439566,18.816666666666666,44.306666666666665,0.42592800030269995,6.147918759729088,71.0,0.13132207761978149,44.333333333333336,True
329f7cfaf251d5721a66aa2335ea2299b2602ac980f3b7019d5070605d405e7e,1344811,0xC216BfA5dA000965E820845c32e6FD88DB275743,1785884855,2026-08-04 23:07:35+00:00,98.96411279607268,98.96411279607268,100.0,2.0496416129386996,29.2,1.3752234644454693,4.786452892261055,13,True,-0.06994941140536781,0.09560169759695734,0.0684931506849315,True,-1.4641509682351117,0.23557513117966714,0.273972602739726,True,-10.025056101011243,1.9836575037062107,1.2328767123287672,True,-5.802743618415873,5.1723853983345425,3.9726027397260273,True,-1.2869689340637924,7.6045849929780935,9.075342465753424,14.763333333333334,-3.406013050164247,0.5424171162355641,12.0,0.48510885436507456,3.9466666666666668,21.16,-12.043655647177843,2.720584291566819,26.0,0.216665257992134,21.79,42.79333333333334,4.358683176148492,6.499654252196026,60.0,0.12421544796670894,42.833333333333336,True
558253be6196a7bfe85dbaaa85809263f081bb1af18f0a403f4acde192e77f0b,1344835,0xC216BfA5dA000965E820845c32e6FD88DB275743,1785885047,2026-08-04 23:10:47+00:00,98.96333042742737,98.96333042742737,100.0,2.0496416129386996,29.2,1.3752234644454693,4.786452892261055,12,True,-0.06994941140536781,0.09560169759695734,0.0684931506849315,True,-1.4641509682351117,0.23557513117966714,0.273972602739726,True,-10.025056101011243,1.9836575037062107,1.2328767123287672,True,-5.802743618415873,5.1723853983345425,3.9726027397260273,True,-2.9581195924753834,7.606600682568926,9.10958904109589,14.71,-3.406013050164247,0.5424171162355641,12.0,0.48510885436507456,3.8933333333333335,21.106666666666666,-12.043655647177843,2.720584291566819,26.0,0.216665257992134,21.736666666666668,42.74,4.358683176148492,6.499654252196026,60.0,0.12421544796670894,42.78,True
5196b34c3aaff96859987755a9828cbce07436a19520de4f305caf9e68e3647a,1344842,0xC216BfA5dA000965E820845c32e6FD88DB275743,1785885935,2026-08-04 23:25:35+00:00,98.96454901751606,98.96454901751606,100.0,2.0496416129386996,29.2,1.3752234644454693,4.786452892261055,11,True,-0.06994941140536781,0.09560169759695734,0.0684931506849315,True,-1.4641509682351117,0.23557513117966714,0.273972602739726,True,-3.9446363426657305,2.0311222978035777,1.3013698630136987,True,-5.802743618415873,5.1723853983345425,3.9726027397260273,True,-2.9581195924753834,7.606600682568926,9.10958904109589,14.463333333333333,-3.406013050164247,0.5424171162355641,12.0,0.48510885436507456,3.6466666666666665,20.86,-12.043655647177843,2.720584291566819,26.0,0.216665257992134,21.49,42.49333333333333,4.358683176148492,6.499654252196026,60.0,0.12421544796670894,42.53333333333333,True
b571d2f1c195096b1724939c321714c316f1f2fb18f957e440ed15cba4703544,1344846,0xC216BfA5dA000965E820845c32e6FD88DB275743,1785890939,2026-08-05 00:48:59+00:00,98.96698082286102,98.96698082286102,100.0,2.0561732535274433,29.266666666666666,1.3805943974279746,4.789195898037827,10,True,-0.3439001442917866,0.0025489596058241226,0.03416856492027335,True,-1.395177475261744,0.01155740562777148,0.17084282460136674,True,-2.1689607675723033,1.8251427163724119,1.3325740318906607,True,-5.658728843970429,4.932843347803419,3.895216400911162,True,-3.3436309382852913,7.379660197662896,9.259681093394077,17.66,-11.458348563989562,1.1843717294753193,17.0,0.497695176904301,9.463333333333333,19.47,-11.298626511491527,2.2615037280594708,23.0,0.26064785572008176,20.96,41.10666666666667,-4.285216491555666,6.209815003945605,60.0,0.13001312664745626,41.22,True
09e2ac1b640c5da2715a8ac1500590adf93ec04c98bfed59cfa972ee2c9096fb,1344884,0xC216BfA5dA000965E820845c32e6FD88DB275743,1785892019,2026-08-05 01:06:59+00:00,99.06895451708996,99.06895451708996,100.0,2.0649442983889448,29.3,1.3987536969700562,4.793581420468576,9,True,-0.7824532250334415,0.007334713053499436,0.10238907849829351,True,-1.40487414992575,0.01617770665909358,0.20477815699658702,True,-2.0500861294160178,1.8173902512543771,1.3310580204778157,True,-5.54409462808284,4.911890632356276,3.8907849829351533,True,-3.226183643563074,7.348314397823725,9.249146757679181,17.36,-11.350761474464633,1.1843717294753193,17.0,0.497695176904301,9.163333333333334,19.17,-11.190845343468148,2.2615037280594708,23.0,0.26064785572008176,20.66,40.806666666666665,-4.1689133188096195,6.209815003945605,60.0,0.13001312664745626,40.92,True
9a9e1488c28477405150d9e72758fd47121827837d87b8b73fa7b5b2797fd568,1344890,0xC216BfA5dA000965E820845c32e6FD88DB275743,1785892211,2026-08-05 01:10:11+00:00,99.06786003120588,99.06786003120588,100.0,2.0649442983889448,29.3,1.3987536969700562,4.793581420468576,8,True,-0.7824532250334415,0.007334713053499436,0.10238907849829351,True,-1.40487414992575,0.01617770665909358,0.20477815699658702,True,-2.0500861294160178,1.8173902512543771,1.3310580204778157,True,-5.54409462808284,4.911890632356276,3.8907849829351533,True,-3.226183643563074,7.348314397823725,9.249146757679181,17.30666666666667,-11.350761474464633,1.1843717294753193,17.0,0.497695176904301,9.11,19.116666666666667,-11.190845343468148,2.2615037280594708,23.0,0.26064785572008176,20.606666666666666,40.75333333333333,-4.1689133188096195,6.209815003945605,60.0,0.13001312664745626,40.86666666666667,True
f0c2bc84708dc36047bf180f8cba1ff276b97c468b4635f9776dfdafc8a5a235,1344891,0xC216BfA5dA000965E820845c32e6FD88DB275743,1785894191,2026-08-05 01:43:11+00:00,99.1754447181353,99.1754447181353,100.0,2.065119001807805,29.333333333333332,1.3923887445810585,4.791831278023619,7,True,-0.8144130679655248,0.006761803983349053,0.10227272727272728,True,-1.1847058956090395,0.013638420127959272,0.17045454545454547,True,-1.831358668383598,1.8146985870688028,1.2954545454545454,True,-5.448412027216243,4.917629495797059,3.9204545454545454,True,-3.0100824719578756,7.345154832584014,9.204545454545455,16.756666666666668,-11.15280292504961,1.179130626909502,16.0,0.49990737579824773,12.17,18.566666666666666,-10.992529692674168,2.2562626254936538,22.0,0.26125331810285307,20.42,40.20333333333333,-3.9549173136120164,6.204573901379787,59.0,0.13012295080983918,41.29,True
979c17f33843f114a80a477d462bc973c71a6e055fc9a05e9dd1f2fba10d5083,1344930,0xC216BfA5dA000965E820845c32e6FD88DB275743,1785898691,2026-08-05 02:58:11+00:00,99.06709674735852,99.06709674735852,100.0,2.058157776850889,29.4,1.3930097272721942,4.792064010188494,7,True,-0.24246676435633052,0.00221508570671174,0.034013605442176874,True,-0.37333330284898825,0.00689987464911527,0.06802721088435375,True,-0.536340429374349,1.8180367602600593,1.2244897959183674,True,-4.472666218908971,4.931488081360034,3.8435374149659864,True,-0.308200870360531,7.363890201501884,9.115646258503402,15.506666666666666,-10.42327839847167,1.1651666970169883,13.0,0.5058985112866452,13.453333333333333,17.316666666666666,-10.261689162239929,2.2422986956011397,19.0,0.2628802748617058,20.276666666666667,38.95333333333333,-3.1662909327727973,6.190609971487272,56.0,0.1304164643361128,40.48,True
3375dbdf69922a3d1d3529098cc55497bbc0a041a44c1c800ac4fec118455064,1344953,0xC216BfA5dA000965E820845c32e6FD88DB275743,1785899975,2026-08-05 03:19:35+00:00,98.97706406983974,98.97706406983974,100.0,2.058309743380011,29.433333333333334,1.3933353698345985,4.792139993453055,6,True,,0.0,0.0,True,-0.13118461759026312,0.004684443060974588,0.03397508493771234,True,-0.29458794287129386,1.815687611097508,1.189127972819932,True,-4.240481212140857,4.928909063786095,3.8052095130237826,True,-1.757120339268603,7.364710628922049,9.13929784824462,15.15,-10.205556717272257,1.1606077011433282,12.0,0.5078857367920201,15.02,16.96,-10.04357472855364,2.23773969972748,18.0,0.26341584657655137,19.92,38.596666666666664,-2.9309307012533314,6.186050975613612,55.0,0.13051257866254004,47.28666666666667,True
5c3874253744f406e9170ad529098cb9953cb8ececa86a2d895cb4d0763d0aa5,1344963,0xC216BfA5dA000965E820845c32e6FD88DB275743,1785903599,2026-08-05 04:19:59+00:00,98.98074369282402,98.98074369282402,100.0,2.058309743380011,29.433333333333334,1.3933353698345985,4.768101710582379,7,True,,0.0,0.0,True,-0.7605985800017367,0.012215310960457047,0.10192525481313704,True,0.13321864146862428,1.8190796145125525,1.2231030577576443,True,-3.4973495896699958,4.950353941491773,3.873159682899207,True,-1.757120339268603,7.364710628922049,9.13929784824462,14.143333333333333,-10.205556717272257,1.1606077011433282,12.0,0.5078857367920201,14.013333333333334,15.953333333333333,-10.04357472855364,2.23773969972748,18.0,0.26341584657655137,18.913333333333334,37.59,-2.9309307012533314,6.186050975613612,55.0,0.13051257866254004,46.28,True
c8a88bf9205ff663c831b4a378e4cf9492e0f9bcaa518eb82420ebd5e393fdce,1344994,0xC216BfA5dA000965E820845c32e6FD88DB275743,1785903683,2026-08-05 04:21:23+00:00,98.97951712143062,98.97951712143062,100.0,2.058309743380011,29.433333333333334,1.3933353698345985,4.768101710582379,6,True,,0.0,0.0,True,-0.7605985800017367,0.012215310960457047,0.10192525481313704,True,0.13321864146862428,1.8190796145125525,1.2231030577576443,True,-3.4973495896699958,4.950353941491773,3.873159682899207,True,-1.757120339268603,7.364710628922049,9.13929784824462,14.12,-10.205556717272257,1.1606077011433282,12.0,0.5078857367920201,13.99,15.93,-10.04357472855364,2.23773969972748,18.0,0.26341584657655137,18.89,37.56666666666667,-2.9309307012533314,6.186050975613612,55.0,0.13051257866254004,46.25666666666667,True
7ce77bd5ec9230c5124d06d65b4a71e48f721f34d7ef8aaa101220be3becb182,1344995,0xC216BfA5dA000965E820845c32e6FD88DB275743,1785910955,2026-08-05 06:22:35+00:00,98.98074369282402,98.98074369282402,100.0,2.042189342555824,29.2,1.3933353698345985,4.764510588557312,6,True,-0.13118461759026312,0.004721420582209951,0.03424657534246575,True,-0.7605985800017367,0.012311734785991367,0.10273972602739727,True,-1.6456925186343785,1.8545754914995114,1.3356164383561644,True,-2.967137386573082,4.994664549439694,3.9383561643835616,True,-1.9142759754899097,7.424728381288402,9.246575342465754,12.1,-10.205556717272257,1.1606077011433282,12.0,0.5078857367920201,11.97,13.91,-10.04357472855364,2.23773969972748,18.0,0.26341584657655137,16.87,35.54666666666667,-2.9309307012533314,6.186050975613612,55.0,0.13051257866254004,37.07333333333333,True
5e70dbcb9dae613ea45a5e27d757250de39ec383be3cba8d073a07b7550212ef,1345032,0xC216BfA5dA000965E820845c32e6FD88DB275743,1785914435,2026-08-05 07:20:35+00:00,98.97829058043624,98.97829058043624,100.0,2.0425107437156482,29.233333333333334,1.3940240866056495,4.746627654084907,5,True,,0.0,0.0,True,-0.6302407413178668,0.007589119822896993,0.06841505131128849,True,-1.5164973122439362,1.8495629854257183,1.299885974914481,True,-2.159888828134837,5.005089544804979,3.968072976054732,True,-1.2198145360874713,7.440914746102946,9.27023945267959,11.133333333333333,-10.087605486363294,1.1509656663486152,11.0,0.5121404700903841,11.133333333333333,12.943333333333333,-9.925410723064687,2.228097664932767,17.0,0.26455577181328754,16.153333333333332,34.58,-2.8034237443815613,6.1764089408189,54.0,0.13071632275343,43.27,True
8355f64c3bddb28cda578a8a8404af9e2009aa348ed642746e54d8acf516cc8e,1345056,0xC216BfA5dA000965E820845c32e6FD88DB275743,1785919931,2026-08-05 08:52:11+00:00,98.9768889373533,98.9768889373533,100.0,2.0425107437156482,29.233333333333334,1.3937597234397856,4.743377562696696,4,True,-0.19391377409474497,0.003318101630989453,0.03420752565564424,True,-0.5870696265306674,0.028605524078132893,0.13683010262257697,True,-1.5164973122439362,1.8495629854257183,1.299885974914481,True,-1.4627733403579035,5.018158456885585,4.03648802736602,True,-1.2198145360874713,7.440914746102946,9.27023945267959,9.606666666666667,-10.087605486363294,1.1509656663486152,11.0,0.5121404700903841,9.606666666666667,11.416666666666666,-9.925410723064687,2.228097664932767,17.0,0.26455577181328754,14.626666666666667,33.053333333333335,-2.8034237443815613,6.1764089408189,54.0,0.13071632275343,41.74333333333333,True
204d5735fb4c5b787a093ced284e31ed009bcedbc216bac3a6e66441c8971d4a,1345329,0xC216BfA5dA000965E820845c32e6FD88DB275743,1785983027,2026-08-06 02:23:47+00:00,98.9719390734325,98.9719390734325,100.0,2.0797766492336236,29.4,1.6265303740753716,4.740163384672639,4,True,0.4940204845568452,0.003943640734697115,0.034013605442176874,True,-0.8677704966159272,0.028055269676984594,0.17006802721088435,True,-3.073798799189309,2.4188735796000915,1.836734693877551,True,2.0707508923123896,3.2764216751517794,3.4013605442176873,True,-2.4754600656352044,5.983785018182219,8.46938775510204,9.04,-1.0886152086040268,0.9054652416304338,8.0,0.8916493173293751,9.04,15.523333333333333,6.74703384299522,2.2877640514133026,18.0,0.352902417566399,15.543333333333333,38.67333333333333,-1.7047299315430586,6.257671236406546,69.0,0.1290188368906509,60.11333333333334,True
1f93755d817e31358d6df811a5ce37613e9f0b35c3b57cc019c305ae966bc279,1345382,0xC216BfA5dA000965E820845c32e6FD88DB275743,1785987743,2026-08-06 03:42:23+00:00,98.9784947892625,98.9784947892625,100.0,2.0797983854182713,29.4,1.6271162234977279,4.7403000828711885,3,True,0.63701691769531,0.02308656483416026,0.06802721088435375,True,-1.3608354126071975,0.03490316870526813,0.17006802721088435,True,-2.116164360349604,2.637311018454275,1.836734693877551,True,2.8744451312058494,3.3699075114402173,3.5714285714285716,True,-2.954882823748084,5.979778881516543,8.435374149659864,7.73,-1.5748555839738554,0.8972633497174443,7.0,0.8997998913245455,8.556666666666667,14.213333333333333,6.2222740500259555,2.279562159500313,17.0,0.35417216468544527,14.233333333333333,37.36333333333334,-2.1879415367183963,6.249469344493557,68.0,0.12918816303605382,58.81333333333333,True
28d74438a0a06e122a44ad3864b4ef6d721cea7bd1546e476a544df3ce8572f8,1345388,0xC216BfA5dA000965E820845c32e6FD88DB275743,1785988475,2026-08-06 03:54:35+00:00,98.9772803050874,98.9772803050874,100.0,2.0797983854182713,29.4,1.6271162234977279,4.7403000828711885,2,True,0.63701691769531,0.02308656483416026,0.06802721088435375,True,-1.3608354126071975,0.03490316870526813,0.17006802721088435,True,-2.116164360349604,2.637311018454275,1.836734693877551,True,2.8744451312058494,3.3699075114402173,3.5714285714285716,True,-2.954882823748084,5.979778881516543,8.435374149659864,7.526666666666666,-1.5748555839738554,0.8972633497174443,7.0,0.8997998913245455,8.353333333333333,14.01,6.2222740500259555,2.279562159500313,17.0,0.35417216468544527,14.03,37.16,-2.1879415367183963,6.249469344493557,68.0,0.12918816303605382,58.61,True
af5f2ec054066c2952171d17050cc6306a6163c1658b816b5405b570cab0ae5b,1345397,0xC216BfA5dA000965E820845c32e6FD88DB275743,1785990611,2026-08-06 04:30:11+00:00,99.12301233460128,99.12301233460128,100.0,2.0800311118742303,29.433333333333334,1.62166638235507,4.740416446099169,1,True,0.21762538700771383,0.020399971731126825,0.06795016987542468,True,-1.7920609439220025,0.03986675535766687,0.16987542468856173,True,-2.534360738686592,2.6336593587834223,1.8006795016987542,True,0.4129290606635916,3.3663208637436264,3.567383918459796,True,-3.36949588292369,5.975753246333743,8.39184597961495,6.933333333333334,-1.9953646359853416,0.8902815560386798,6.0,0.9068563299880124,13.396666666666667,13.416666666666666,5.7684527421853815,2.2725803658215487,16.0,0.3552602480895722,13.44,36.56666666666667,-2.605831256095714,6.242487550814793,67.0,0.12933265112557168,58.10666666666667,True
b2eb98c05017639eb46ba0394fac83e9115e090efd05485b18575eca36a7d2ea,1345413,0xC216BfA5dA000965E820845c32e6FD88DB275743,1786022819,2026-08-06 13:26:59+00:00,99.11675504570316,99.11675504570316,100.0,2.0964531110783975,29.566666666666666,1.6856104460743118,4.72899929160954,1,True,,0.0,0.0,True,-1.8025905449273183,1.9572426008292179,1.5219842164599775,True,-3.6823472246544253,2.510179453214403,1.927846674182638,True,0.7861430808925984,2.965435497404776,3.7204058624577225,True,-1.5294010690639293,6.692131674917629,9.165727170236753,4.466666666666667,10.608511155534138,0.8413370225643799,7.0,0.579835238598075,4.47,4.49,2.44639691874875,2.268390115905932,22.0,0.2204281213267231,4.496666666666667,74.54666666666667,6.315217050939115,6.30250520439061,116.0,0.07933622511519987,60.18333333333333,True
10d5619b8ceb663024e6732492d9aaa931fd047b8092279a0fbb57d2d6fa7503,1346042,0xC216BfA5dA000965E820845c32e6FD88DB275743,1786088387,2026-08-07 07:39:47+00:00,97.6935520486902,97.6935520486902,100.0,2.1502519029414655,30.166666666666668,1.8000472137330539,4.66833456779563,3,True,,0.0,0.0,True,-3.509038488270577,0.2701257860410867,0.3314917127071823,True,-0.04422120233789073,0.4159796840109464,0.8950276243093922,True,2.6144185991492597,1.837813258878576,3.314917127071823,True,-2.279196351467905,4.575644406654114,8.121546961325967,5.763333333333334,-3.509038488270577,0.5808384854684059,10.0,0.38478300550142075,4.516666666666667,59.29333333333334,11.087501114280895,2.2598444226589858,85.0,0.09889918788588774,28.866666666666667,136.98333333333332,-6.8547772298030445,6.806320562811628,191.0,0.10557250979930431,60.233333333333334,True
655b9f866ff97d299a85355832f56b8ce9c4fa39429b7b97873e5811892c7ebf,1346460,0xC216BfA5dA000965E820845c32e6FD88DB275743,1786152695,2026-08-08 01:31:35+00:00,97.77251320377592,97.77251320377592,100.0,2.1296052602137805,30.333333333333332,1.8242488012583107,4.6091763960111285,13,True,2.2341349268142796,0.007933045089214667,0.06593406593406594,True,4.318373586604807,0.04895926470139187,0.23076923076923078,True,7.339067316153236,0.17852320250477205,0.6923076923076923,True,7.320632638139712,1.8736867791398044,4.021978021978022,True,-0.19221608829833592,4.270062347041378,7.615384615384616,25.19333333333333,9.479208926891225,0.5476484064851842,29.0,0.13718485358997087,6.26,42.36666666666667,17.151153815451604,2.3126083351365203,69.0,0.3107142413167071,26.866666666666667,123.81666666666666,12.80976982182931,6.598717679165109,174.0,0.10889393655731482,63.696666666666665,True
e08c9627b1cb6259aa94fc59f1c951ca672bcbe2bc3b8967366643b2132674d3,1346479,0xC216BfA5dA000965E820845c32e6FD88DB275743,1786167299,2026-08-08 05:34:59+00:00,98.16091662358636,98.16091662358636,100.0,2.122282940897364,30.266666666666666,1.8286084052067895,4.602561891041945,18,True,1.2529288892101142,0.0203693162360852,0.09911894273127754,True,2.2122799869956244,0.03528762297813777,0.19823788546255508,True,3.988429126573023,0.26566716530294593,0.9251101321585904,True,4.043634639471416,2.0038705672197383,3.9647577092511015,True,-1.281503710660592,4.270200895517936,7.599118942731278,21.15,6.288675993269854,0.5566139512064887,26.0,0.13497517678025286,7.553333333333334,38.31,13.708611807651728,2.2515738798578244,65.0,0.3191369160669116,25.786666666666665,119.76,9.494801433949362,6.537683223886411,170.0,0.10991054777467169,59.92666666666667,True
cec8a9ab8e5aa46f3a158e3aca47d57350bf3f1c84320afcd4660ff099facb29,1346497,0xC216BfA5dA000965E820845c32e6FD88DB275743,1786168871,2026-08-08 06:01:11+00:00,98.1607283047171,98.1607283047171,100.0,2.122282940897364,30.266666666666666,1.8286084052067895,4.602561891041945,17,True,1.2529288892101142,0.0203693162360852,0.09911894273127754,True,2.2122799869956244,0.03528762297813777,0.19823788546255508,True,3.988429126573023,0.26566716530294593,0.9251101321585904,True,2.971341649110193,2.020690966818048,3.997797356828194,True,-1.281503710660592,4.270200895517936,7.599118942731278,20.713333333333335,6.288675993269854,0.5566139512064887,26.0,0.13497517678025286,7.116666666666666,37.873333333333335,13.708611807651728,2.2515738798578244,65.0,0.3191369160669116,25.35,119.32333333333334,9.494801433949362,6.537683223886411,170.0,0.10991054777467169,59.49,True
e1a1156bd601c3e242a2825bed725c165b993bab1756394b4553a0da37770261,1346553,0xC216BfA5dA000965E820845c32e6FD88DB275743,1786177511,2026-08-08 08:25:11+00:00,98.17289693561594,98.17289693561594,100.0,2.12453767459568,30.4,1.833602894185282,4.6036087525610885,17,True,,0.0,0.0,True,0.2892876665774091,0.025837069794658454,0.09868421052631579,True,0.439059665534014,0.24526909240147732,0.8881578947368421,True,0.9776778923817675,1.98563441470026,3.8157894736842106,True,-3.003694952862157,4.2365225040202565,7.434210526315789,26.61,-0.3115316193805784,0.5333397781190512,29.0,0.14086529740461373,8.38,35.473333333333336,11.507060050063501,2.181651034158924,60.0,0.32936539027730355,27.416666666666668,116.92333333333333,7.374834716288126,6.467760378187512,165.0,0.11109878880763394,57.14,True
06f9ff297923f044d9926e0941c50572f976f04ab656db2550897ac755140b70,1346563,0xC216BfA5dA000965E820845c32e6FD88DB275743,1786178519,2026-08-08 08:41:59+00:00,98.17181508987296,98.17181508987296,100.0,2.12453767459568,30.4,1.833602894185282,4.603577263806303,16,True,,0.0,0.0,True,1.252766525620852,0.035039055792549706,0.19736842105263158,True,0.03642475003555745,0.24838660731457582,0.9210526315789475,True,0.9776778923817675,1.98563441470026,3.8157894736842106,True,-3.003694952862157,4.2365225040202565,7.434210526315789,26.33,-0.3115316193805784,0.5333397781190512,29.0,0.14086529740461373,8.1,35.193333333333335,11.507060050063501,2.181651034158924,60.0,0.32936539027730355,27.136666666666667,116.64333333333333,7.374834716288126,6.467760378187512,165.0,0.11109878880763394,56.86,True
1a9a74d91b8a561d866e3aed65fac7615fc53d97979563f4f26b899e00480822,1346575,0xC216BfA5dA000965E820845c32e6FD88DB275743,1786181051,2026-08-08 09:24:11+00:00,98.17181508987296,98.17181508987296,100.0,2.1233450189654954,30.366666666666667,1.833602894185282,4.603577263806303,15,True,0.2333126856172596,0.0023394570962562483,0.03293084522502744,True,1.6297901490870847,0.038669842851534,0.2305159165751921,True,0.03642475003555745,0.2485261228822439,0.9220636663007684,True,3.1512883419905213,1.9984549321912228,3.9187705817782654,True,-2.542777062930801,4.296663553713805,7.508232711306257,25.626666666666665,-0.3115316193805784,0.5333397781190512,29.0,0.14086529740461373,7.3966666666666665,34.49,11.507060050063501,2.181651034158924,60.0,0.32936539027730355,26.433333333333334,115.94,7.374834716288126,6.467760378187512,165.0,0.11109878880763394,56.156666666666666,True
d278e08fdc327e8564002ecfa1c699cd1789959f6c0a21fb01981aa7e0238597,1346580,0xC216BfA5dA000965E820845c32e6FD88DB275743,1786183451,2026-08-08 10:04:11+00:00,98.16965146991576,98.16965146991576,100.0,2.1233450189654954,30.366666666666667,1.833602894185282,4.603577263806303,14,True,0.2333126856172596,0.0023394570962562483,0.03293084522502744,True,1.6297901490870847,0.038669842851534,0.2305159165751921,True,0.03642475003555745,0.2485261228822439,0.9220636663007684,True,3.1512883419905213,1.9984549321912228,3.9187705817782654,True,-3.1806588203520114,4.348641029768784,7.607025246981339,24.96,-0.3115316193805784,0.5333397781190512,29.0,0.14086529740461373,6.73,33.82333333333333,11.507060050063501,2.181651034158924,60.0,0.32936539027730355,25.766666666666666,115.27333333333333,7.374834716288126,6.467760378187512,165.0,0.11109878880763394,55.49,True
beaf0845a40ab7d40901f783ba7765eea56e13c171590d6345c1a15114c3b3b4,1346586,0xC216BfA5dA000965E820845c32e6FD88DB275743,1786184231,2026-08-08 10:17:11+00:00,98.167487945325,98.167487945325,100.0,2.1233450189654954,30.366666666666667,1.833602894185282,4.603577263806303,13,True,0.2333126856172596,0.0023394570962562483,0.03293084522502744,True,1.6297901490870847,0.038669842851534,0.2305159165751921,True,0.03642475003555745,0.2485261228822439,0.9220636663007684,True,3.1512883419905213,1.9984549321912228,3.9187705817782654,True,-3.1806588203520114,4.348641029768784,7.607025246981339,24.743333333333332,-0.3115316193805784,0.5333397781190512,29.0,0.14086529740461373,6.513333333333334,33.60666666666667,11.507060050063501,2.181651034158924,60.0,0.32936539027730355,25.55,115.05666666666667,7.374834716288126,6.467760378187512,165.0,0.11109878880763394,55.27333333333333,True
f4231d849276217cde119626f9e64963920d8ba6ca093ea16efcb77f5c01615c,1346595,0xC216BfA5dA000965E820845c32e6FD88DB275743,1786185251,2026-08-08 10:34:11+00:00,98.26869616519453,98.26869616519453,100.0,2.1235106014512426,30.4,1.8339577137975982,4.602640305155514,12,True,,0.0,0.0,True,1.3932268883997567,0.036327552863566544,0.19736842105263158,True,-0.1964296403125454,0.24616746917823315,0.8881578947368421,True,2.9111834959755667,1.9959598263489802,3.8815789473684212,True,-3.4060248179936137,4.345962666232541,7.565789473684211,24.496666666666666,-0.8384354595471932,0.5331662355582839,29.0,0.14091114825338183,11.426666666666666,33.32333333333333,11.247505507282263,2.176683559586505,59.0,0.33011704487313664,25.33,114.77333333333333,7.124898738077534,6.462792903615092,164.0,0.11118418229256517,55.20666666666666,True
fb33d364475fe427676f6a32e0d6e10d0b00cc665729988183b209eba2221f53,1346599,0xC216BfA5dA000965E820845c32e6FD88DB275743,1786187063,2026-08-08 11:04:23+00:00,98.2676743561768,98.2676743561768,100.0,2.1235106014512426,30.4,1.8339577137975982,4.602640305155514,11,True,,0.0,0.0,True,1.7401632290297009,0.03842802368522749,0.23026315789473686,True,-0.8384354595471932,0.25107773664699823,0.9539473684210527,True,2.9111834959755667,1.9959598263489802,3.8815789473684212,True,-3.4060248179936137,4.345962666232541,7.565789473684211,23.993333333333332,-0.8384354595471932,0.5331662355582839,29.0,0.14091114825338183,10.923333333333334,32.82,11.247505507282263,2.176683559586505,59.0,0.33011704487313664,24.826666666666668,114.27,7.124898738077534,6.462792903615092,164.0,0.11118418229256517,54.70333333333333,True
0ccdc00aa334f4588000fd834a96815a56bb9fedb3cdc616e7e66cb04d957c27,1346600,0xC216BfA5dA000965E820845c32e6FD88DB275743,1786188251,2026-08-08 11:24:11+00:00,98.2676743561768,98.2676743561768,100.0,2.1235106014512426,30.4,1.8339577137975982,4.602640305155514,10,True,,0.0,0.0,True,1.7401632290297009,0.03842802368522749,0.23026315789473686,True,-0.8384354595471932,0.25107773664699823,0.9539473684210527,True,2.9111834959755667,1.9959598263489802,3.8815789473684212,True,-3.4060248179936137,4.345962666232541,7.565789473684211,23.663333333333334,-0.8384354595471932,0.5331662355582839,29.0,0.14091114825338183,10.593333333333334,32.49,11.247505507282263,2.176683559586505,59.0,0.33011704487313664,24.496666666666666,113.94,7.124898738077534,6.462792903615092,164.0,0.11118418229256517,54.373333333333335,True
c6418c6b3c9b6782425989945c8ce04dd1ea5b8adab587f3c2969171737a596b,1346608,0xC216BfA5dA000965E820845c32e6FD88DB275743,1786189907,2026-08-08 11:51:47+00:00,98.27073984698126,98.27073984698126,100.0,2.1235106014512426,30.4,1.8339577137975982,4.602640305155514,9,True,-1.9356704660749902,0.011238720162116847,0.03289473684210526,True,1.7401632290297009,0.03842802368522749,0.23026315789473686,True,1.5333310748166795,0.25927464223541763,0.986842105263158,True,2.9111834959755667,1.9959598263489802,3.8815789473684212,True,-3.7054759356350275,4.345982354632874,7.598684210526316,23.203333333333333,-0.8384354595471932,0.5331662355582839,29.0,0.14091114825338183,10.133333333333333,32.03,11.247505507282263,2.176683559586505,59.0,0.33011704487313664,24.036666666666665,113.48,7.124898738077534,6.462792903615092,164.0,0.11118418229256517,53.913333333333334,True
034b87a72fd815de9eed2f973cd2fe4cd4afcfdd449bc8169cb124fe20fe9a02,1346625,0xC216BfA5dA000965E820845c32e6FD88DB275743,1786199291,2026-08-08 14:28:11+00:00,99.24956782194016,99.24956782194016,100.0,2.117239904905545,30.2,1.8257919022409024,4.603384633137072,9,True,1.3366357601086287,0.012855222480934434,0.13245033112582782,True,1.6833784633570215,0.014961914333615626,0.16556291390728478,True,1.8154067696481313,0.2655415221029896,1.0596026490066226,True,1.4920134613976899,1.9834517808323728,3.9072847682119205,True,-3.3445386417761958,4.448848165741488,7.748344370860927,21.43,1.9854335482800245,0.5467940443752072,29.0,0.13739920402442732,9.133333333333333,29.423333333333332,11.185414359289103,2.126759205979014,57.0,0.33786633780379527,21.716666666666665,110.87333333333333,7.065108562010525,6.412868550007602,162.0,0.11204975413284983,51.38666666666666,True
e2aae81fc3387432cc76640e0f5eb343ebe22da3b6ec93414a7a97137caf7026,1346719,0xC216BfA5dA000965E820845c32e6FD88DB275743,1786207067,2026-08-08 16:37:47+00:00,99.07111350897009,99.07111350897009,100.0,2.116243741505257,30.233333333333334,1.5615553253255021,4.602577154444641,9,True,0.34216914805540455,0.0021076835197931442,0.0330760749724366,True,0.47170014352770906,0.009179670353972812,0.0661521499448732,True,2.462308507975308,0.29870733088517,1.1576626240352812,True,-0.21806091855965937,1.9785914925174564,3.8699007717750824,True,-4.037578859706892,4.452586369346173,7.739801543550165,19.55666666666667,-1.3108891978299786,0.531997516982734,27.0,0.14122070886449112,9.7,27.266666666666666,7.728419147921106,2.806018178833868,55.0,0.2560782926264783,23.333333333333332,108.71333333333334,5.652913932788084,6.385650959984529,158.0,0.11252734432518652,51.82,True
7831eb1f7b034e1240993a5ed9c85ef14860c2c7c0263fe34e4ec0f0c6026e38,1346727,0xC216BfA5dA000965E820845c32e6FD88DB275743,1786239203,2026-08-09 01:33:23+00:00,99.16461211532987,99.16461211532987,100.0,1.875265995873633,30.0,1.5211444710717308,4.597466481285374,10,True,1.7315959595438635,0.0298834668594159,0.2,True,-1.3262306801807844,0.1409530037611265,0.4666666666666667,True,5.332616568992421,1.4237428016569262,1.7666666666666666,True,-2.5036235386794448,2.4751606724801127,4.5,True,-3.8508236494680714,5.055744035217689,8.033333333333333,15.423333333333334,4.073948907812874,0.474642211848013,31.0,0.15828568253534986,1.1633333333333333,18.336666666666666,9.141207152842256,1.9324243840121476,48.0,0.3718439646382148,14.686666666666667,95.09,-5.435213142869744,5.635939412202012,150.0,0.1274961087691837,43.836666666666666,True
d0986fd98ec3f1f816b53e160ee9a9c444d7b6480c33c304471d407cd9fbfc6f,1346882,0xC216BfA5dA000965E820845c32e6FD88DB275743,1786241663,2026-08-09 02:14:23+00:00,99.19530370849084,99.19530370849084,100.0,1.8758475801132932,30.033333333333335,1.521864997768174,4.596880502107208,9,True,1.9993881400636182,0.11728934189723204,0.2663706992230854,True,-1.7111622834122597,0.13562362559802307,0.46614872364039955,True,5.312045097216989,1.4140002438082349,1.7314095449500555,True,-2.5226645918869917,2.465092135021217,4.4617092119866815,True,-3.8696015943435857,5.0448754185685605,7.991120976692564,15.913333333333334,0.07265523477297808,0.5900551558051165,32.0,0.13005742396154696,0.49333333333333335,17.653333333333332,9.119891862900609,1.9149768568223395,47.0,0.3752318686017942,15.913333333333334,94.41,-4.129735426333225,5.646723189805117,150.0,0.12725262424975295,43.166666666666664,True
1762a6ee25249bebbb701bd60609487518b36fc35327f1666c847f34051083c2,1346896,0xC216BfA5dA000965E820845c32e6FD88DB275743,1786244375,2026-08-09 02:59:35+00:00,99.15500814108933,99.15500814108933,100.0,1.88291199794464,30.266666666666666,1.5375804926375312,4.600547450910057,8,True,,0.0,0.0,True,-4.024108100169366,0.021783067738695757,0.2312775330396476,True,-0.17785884988155143,1.336137591113447,1.5859030837004406,True,-2.37944780286381,2.342700252753699,4.229074889867841,True,-5.753946020095735,4.9090984750290145,7.665198237885463,15.713333333333333,0.9458827056788355,0.4997228393458472,28.0,0.15356723270783285,8.036666666666667,16.903333333333332,5.0401444959692565,2.401436491529263,41.0,0.29922104825560025,15.756666666666666,98.35,3.016431817141574,5.981069272679925,144.0,0.12013911084374938,45.07666666666667,True
6e6c09d214d099da39ad18a789ae30fa9c242144794e6895e38b479efe985d69,1346901,0xC216BfA5dA000965E820845c32e6FD88DB275743,1786245383,2026-08-09 03:16:23+00:00,99.18742106225884,99.18742106225884,100.0,1.88291199794464,30.266666666666666,1.53621317919778,4.600547450910057,7,True,,0.0,0.0,True,-4.024108100169366,0.021783067738695757,0.2312775330396476,True,-0.17785884988155143,1.336137591113447,1.5859030837004406,True,-4.219997197383208,2.3436464090424685,4.262114537444934,True,-5.753946020095735,4.9090984750290145,7.665198237885463,15.433333333333334,0.9458827056788355,0.4997228393458472,28.0,0.15356723270783285,7.756666666666667,16.623333333333335,5.0401444959692565,2.401436491529263,41.0,0.29922104825560025,15.476666666666667,98.07,3.016431817141574,5.981069272679925,144.0,0.12013911084374938,44.79666666666667,True
c39529b20bbfd6ba4d3c6d5000feae61dff08d0bfcd4ff4056ebe100e1c9ad65,1346908,0xC216BfA5dA000965E820845c32e6FD88DB275743,1786248263,2026-08-09 04:04:23+00:00,99.18835553609742,99.18835553609742,100.0,1.88291199794464,30.266666666666666,1.5345136643716812,4.600547450910057,6,True,-1.9739340866825938,0.00016236633199239118,0.03303964757709251,True,-4.024108100169366,0.021783067738695757,0.2312775330396476,True,-0.17785884988155143,1.336137591113447,1.5859030837004406,True,-4.219997197383208,2.3436464090424685,4.262114537444934,True,-5.753946020095735,4.9090984750290145,7.665198237885463,14.633333333333333,0.9458827056788355,0.4997228393458472,28.0,0.15356723270783285,6.956666666666667,15.823333333333334,5.0401444959692565,2.401436491529263,41.0,0.29922104825560025,14.676666666666666,97.27,3.016431817141574,5.981069272679925,144.0,0.12013911084374938,43.99666666666667,True
1c15c6b558a2ee5aee3fb1d6dd8fc56e0094ad15286dc9866571dd44c3c1735e,1346927,0xC216BfA5dA000965E820845c32e6FD88DB275743,1786251335,2026-08-09 04:55:35+00:00,99.18742106225884,99.18742106225884,100.0,1.882175754178656,30.233333333333334,1.5336361346867586,4.6005525462686325,5,True,-0.19404672423295466,0.003666618349865147,0.0330760749724366,True,-2.091458016176728,0.021629158696938645,0.19845644983461963,True,-0.23470166533015036,1.3514200913610732,1.6207276736493936,True,-2.291291698563891,2.344400734742716,4.233737596471885,True,-3.856129385785745,4.9108563191766335,7.640573318632855,13.78,2.9786126426244453,0.49941711783127657,27.0,0.15366123991202266,6.14,14.97,7.155319880789945,2.401130770014692,40.0,0.29925914626892236,13.876666666666667,96.41666666666667,5.090856046632597,5.980763551165353,143.0,0.12014525205140827,43.166666666666664,True
cb3ece9c699587b11eaf08fbf5c10c098e7eb69f5890ff6f16189cb3a1a2d51d,1346998,0xC216BfA5dA000965E820845c32e6FD88DB275743,1786261895,2026-08-09 07:51:35+00:00,99.11108002718196,99.11108002718196,100.0,1.883060894115126,30.366666666666667,1.5334541795123278,4.600995116236868,4,True,-0.7700366782890766,0.0075173777081733425,0.06586169045005488,True,-0.5110302165349023,0.05340024339292782,0.26344676180021953,True,1.1117793600122772,1.3366832370858648,1.481888035126235,True,-0.5615900166892285,2.3551839129976173,4.182217343578485,True,-2.558524911625326,4.894446338362392,7.475301866081229,10.846666666666666,4.368462121891681,0.4728629197371702,23.0,0.16229027558747344,4.326666666666667,12.036666666666667,8.60154023388282,2.3745765719205862,36.0,0.3026056741280222,11.1,93.48333333333333,6.509213390977919,5.954209353071246,139.0,0.12068106808236358,49.12,True
19cda980fd9a0873455ea22c0ff1f5faed0749429f1cda7eab5e1088fae82d44,1347143,0xC216BfA5dA000965E820845c32e6FD88DB275743,1786276439,2026-08-09 11:53:59+00:00,99.23628765472694,99.23628765472694,100.0,1.8596237432551779,30.233333333333334,1.5244814277945926,4.596853129936529,3,True,-1.4470686911134067,0.006679341816134092,0.0661521499448732,True,4.48042425964672,0.06570307024892949,0.3638368246968026,True,2.278762240705179,1.3097319648835093,1.3230429988974641,True,-3.7727868062566117,2.3501874940923466,4.068357221609702,True,-3.4752996043466933,4.908737955075537,7.309812568908489,6.903333333333333,1.5125674593842842,0.6057263975011248,22.0,0.1266926022637146,4.096666666666667,7.996666666666667,7.5797664605826265,2.286441724481734,30.0,0.3142701327660177,10.07,89.44333333333333,5.507125201221474,5.866074505632395,133.0,0.12249424101666302,50.696666666666665,True
bd4c01c003e252281bce0fa67cf8c71819d4cb50fd28de00ec091c63d52abc04,1347167,0xC216BfA5dA000965E820845c32e6FD88DB275743,1786287179,2026-08-09 14:52:59+00:00,99.17962468444892,99.17962468444892,100.0,1.8534440800240783,30.233333333333334,1.5206237857198226,4.59524228401112,3,True,,0.0,0.0,True,6.270422340251147,1.225297642549664,0.8930540242557883,True,3.1351877735376954,1.3174105678833847,1.3230429988974641,True,-4.240158020484996,2.3515707782251374,4.002205071664829,True,-3.598116093114667,4.922163385650795,7.243660418963616,3.92,1.1748300009232437,0.5903053348705247,19.0,0.13000230393661405,2.0966666666666667,5.013333333333334,7.22184312344738,2.271020661851134,27.0,0.31640414214854856,11.55,86.46,5.156097646635693,5.850653443001795,130.0,0.12281710945879666,50.083333333333336,True
539a50c0184d69882a0c1971bd7284eef5089097ed08e2f146679741e8d8bf9b,1347266,0xC216BfA5dA000965E820845c32e6FD88DB275743,1786298399,2026-08-09 17:59:59+00:00,99.1894659793501,99.1894659793501,100.0,1.8526312872919128,30.4,1.5235828482908416,4.412994032086398,2,True,1.9964988868520495,0.3856754089725723,0.46052631578947373,True,1.2093974278754915,1.1849385606447336,0.7236842105263158,True,-3.5342209419765624,1.4839625729171035,1.6776315789473686,True,-8.040664996253643,2.2949752819218103,3.7171052631578947,True,-8.986837385575154,4.872229388175807,7.105263157894737,0.8033333333333333,-0.880718763533328,0.48354340806145274,11.0,0.15870561418032977,0.7466666666666667,1.8966666666666667,2.9664333992687864,2.1642587350420617,19.0,0.33201221863183195,19.13,83.34333333333333,0.9826730211424772,5.743891516192722,122.0,0.12509991567370812,50.77333333333333,True
c44388b7463514aac69ac8e6fe0dd51526ed8a03a7a3eabc309d206a019d063d,1347273,0xC216BfA5dA000965E820845c32e6FD88DB275743,1786298459,2026-08-09 18:00:59+00:00,99.18989634774452,99.18989634774452,100.0,1.8526312872919128,30.4,1.5235828482908416,4.412994032086398,1,True,1.9964988868520495,0.3856754089725723,0.46052631578947373,True,1.2093974278754915,1.1849385606447336,0.7236842105263158,True,-3.5342209419765624,1.4839625729171035,1.6776315789473686,True,-8.040664996253643,2.2949752819218103,3.7171052631578947,True,-8.986837385575154,4.872229388175807,7.105263157894737,0.7866666666666666,-0.880718763533328,0.48354340806145274,11.0,0.15870561418032977,0.73,1.88,2.9664333992687864,2.1642587350420617,19.0,0.33201221863183195,19.113333333333333,83.32666666666667,0.9826730211424772,5.743891516192722,122.0,0.12509991567370812,50.75666666666667,True
5da7ab38a21dce24dcfde845e7250b4f493e5e7b066d6f83e91b54a23d5d1639,1347669,0xC216BfA5dA000965E820845c32e6FD88DB275743,1786366103,2026-08-10 12:48:23+00:00,99.19940287241413,99.19940287241413,100.0,1.8792125866645193,30.466666666666665,1.6349212291240414,4.407670717047904,4,True,1.1739553225367239,0.011472476073531133,0.09846827133479213,True,1.1231183521498433,0.2411162376198493,0.7877461706783371,True,-0.4004808147105021,0.646384401118598,1.5754923413566742,True,-5.856609229097797,2.8680396444076903,4.037199124726477,True,-9.493875562259635,3.634758672189105,6.531728665207877,8.566666666666666,-1.5555881213899947,0.508288863601054,27.0,0.09975961489617406,3.76,42.00666666666667,-5.168748353418762,1.8978288874082683,80.0,0.11068349459868054,8.6,83.93,-2.441697416118027,5.814800067651085,136.0,0.09511298834204329,60.303333333333335,True
c086da9207baf26cd95377bdd4b58d932c97b9204d8f06d41d1f0afef8582a26,1348014,0xC216BfA5dA000965E820845c32e6FD88DB275743,1786418567,2026-08-11 03:22:47+00:00,99.19890801336926,99.19890801336926,100.0,1.59251032537799,29.666666666666668,1.6638988659895682,4.4119743882732125,3,True,,0.0,0.0,True,0.9800629897319446,0.24122506454237988,0.20224719101123595,True,-2.2691150611705124,0.6532548716222945,1.247191011235955,True,-4.511759170027818,3.156994933155743,3.3707865168539324,True,-9.45518463510735,3.888556886040951,5.52808988764045,11.216666666666667,-0.3647489390661507,0.39916793502262804,10.0,0.511864558532374,9.486666666666666,45.266666666666666,-9.42042852306091,2.025910142477241,49.0,0.19789900007608374,21.26,69.35333333333334,-0.7467292175583284,4.809844544240541,92.0,0.11498563123169234,68.73666666666666,True
5915acd042b48ff08c1ee37d8c7d76e3eeb60b25374ba827b6b39b9cfe69bc4e,1348222,0xC216BfA5dA000965E820845c32e6FD88DB275743,1786425911,2026-08-11 05:25:11+00:00,99.20505384349237,99.20505384349237,100.0,1.5936316651605247,29.466666666666665,1.6870132627757344,4.417367747523318,2,True,-1.0306185419962643,0.022400186885702958,0.03393665158371041,True,1.0997620155533072,0.037996139472596356,0.13574660633484165,True,-2.1532675228200238,0.4497360267270147,1.1877828054298643,True,-4.9343965215200125,2.9687566796635894,3.393665158371041,True,-9.34785526858224,3.682761559737455,5.497737556561086,12.82,-3.905577087749512,0.43650565377453787,14.0,0.4812270622207598,9.176666666666666,43.22666666666667,-9.218479382850898,1.7023085874709138,47.0,0.23551875047278564,19.243333333333332,93.29,-5.006674281030565,4.7889441028495465,108.0,0.1154874642860674,67.31333333333333,True
8f982d67c98e64f5e5c6f2b567a1faf9840ac0d396ad5cc83a9af80683677b82,1348287,0xC216BfA5dA000965E820845c32e6FD88DB275743,1786428743,2026-08-11 06:12:23+00:00,99.14622054394664,99.14622054394664,100.0,1.5885677254715784,29.3,1.6895630947133466,4.4179046411235285,1,True,,0.0,0.0,True,2.152565294604325,0.0156456684170877,0.10238907849829351,True,-1.2924915722999697,0.43111882609859964,1.1945392491467577,True,-3.944430006547295,2.9557487090128807,3.378839590443686,True,-8.403848345879872,3.6720296504672794,5.494880546075085,12.033333333333333,-2.9048969523702617,0.4008080066479681,13.0,0.5240871687305597,9.393333333333333,42.44,-4.3207678682868345,1.666610940344344,46.0,0.24056339829222878,18.46,93.1,-5.974299719453358,4.766339166724094,108.0,0.11603517746009048,66.52666666666667,True
a3d4051dd1d4d14793a4ec0a0cc837b8555c6935254ac7572a8867e876894f0b,1348348,0xC216BfA5dA000965E820845c32e6FD88DB275743,1786435535,2026-08-11 08:05:35+00:00,99.14468149499687,99.14468149499687,100.0,1.5845135950948663,29.2,1.6888543092402508,4.415330152006833,0,True,1.7015845800436358,0.009716210061180463,0.0684931506849315,True,0.8001168806653469,0.02258104071842316,0.17123287671232876,True,-0.7240336765416022,0.46067804680651686,1.2671232876712328,True,-3.867475797903386,2.9656283699117516,3.4246575342465753,True,-8.403848345879872,3.6814248913766865,5.513698630136987,10.146666666666667,-2.9048969523702617,0.4008080066479681,13.0,0.5240871687305597,7.506666666666667,40.553333333333335,-4.3207678682868345,1.666610940344344,46.0,0.24056339829222878,16.573333333333334,91.21333333333334,-5.974299719453358,4.766339166724094,108.0,0.11603517746009048,64.64,True
93ee53c4c74959e729de7dbc5da9601811d2ae25fb9a35445ec9a436096629d8,1360041,0xC216BfA5dA000965E820845c32e6FD88DB275743,1788316187,2026-09-02 02:29:47+00:00,99.11237192605432,99.11237192605432,100.0,1.6253337716122955,42.4,1.8416343124935761,2.028375957529404,4,False,,,,False,,,,False,,,,False,,,,False,,,,,,,,,,,,,,,,,,,,,,True
c1d80abbe76ab589a007539af308002c187f4c8fdeb709d55a8ed04af4869a6b,1360049,0xC216BfA5dA000965E820845c32e6FD88DB275743,1788316943,2026-09-02 02:42:23+00:00,99.10892145604446,99.10892145604446,100.0,1.6253337716122955,42.4,1.8416343124935761,2.028375957529404,3,False,,,,False,,,,False,,,,False,,,,False,,,,,,,,,,,,,,,,,,,,,,True
cb17f3c47178ef7108d51f1bc100b754b5b30800910441791b5db9a4f587ad6e,1360056,0xC216BfA5dA000965E820845c32e6FD88DB275743,1788317015,2026-09-02 02:43:35+00:00,99.11024098279724,99.11024098279724,100.0,1.6253337716122955,42.4,1.8416343124935761,2.028375957529404,2,False,,,,False,,,,False,,,,False,,,,False,,,,,,,,,,,,,,,,,,,,,,True
2dcc4b2cab3a59307af9f27c2508e75d1fc48d8ddc4a7549fae481376be7ef17,1360057,0xC216BfA5dA000965E820845c32e6FD88DB275743,1788317231,2026-09-02 02:47:11+00:00,99.11028130222346,99.11028130222346,100.0,1.6253337716122955,42.4,1.8416343124935761,2.028375957529404,1,False,,,,False,,,,False,,,,False,,,,False,,,,,,,,,,,,,,,,,,,,,,True
323346c50adcb19067f2396b51e2aa11da1a4c380864d1de8e4ee8a0bf05470b,1360059,0xC216BfA5dA000965E820845c32e6FD88DB275743,1788317483,2026-09-02 02:51:23+00:00,99.10978280980392,99.10978280980392,100.0,1.6253337716122955,42.4,1.8416343124935761,2.028375957529404,0,False,,,,False,,,,False,,,,False,,,,False,,,,,,,,,,,,,,,,,,,,,,True
