block_number,transaction_hash,timestamp,datetime_utc,token_id,owner_before,tx_from,tick_current,tick_lower,tick_upper,position_liquidity_before,pool_active_liquidity_before,removed_liquidity,position_active_before,S_nft_pct,E_pct,R_pct,removed_turbo,removed_weth,candidate_main,candidate_control
25299773,f8a15a76fcb114832d351ea4ca9af5ef83cbf56694fe9903ce3a56cef4b41540,1781247839,2026-06-12 07:03:59+00:00,839706,0xd2499424e5822DC6DadEBEC9518C1AfC1b970Be2,0xd2499424e5822DC6DadEBEC9518C1AfC1b970Be2,-144731,-887200,887200,50303530497041956037,208848762658857723711202,50303530497041956037,True,0.0240861041533723,0.0240861041533723,100.0,69858.51619203176,0.0362224295390267,False,False
25395400,013a9096e910e3b5765e286f3a4ff376590e2c31db7ce2a4d5741b9d9f76f6b9,1782399635,2026-06-25 15:00:35+00:00,1257405,0x34756D8400f2426851dc46D6ab38F0Df004CE1E7,0x34756D8400f2426851dc46D6ab38F0Df004CE1E7,-144973,-146200,-128200,59755439531680570900101,205574733485036242199378,59755439531680570900101,True,29.06750188540566,29.06750188540566,100.0,47684160.42745857,2.5296946105643485,True,True
25464395,c2cf25d123444162e29b8d7d16be1099cfff575af715505615d9fc9689ec364c,1783231283,2026-07-05 06:01:23+00:00,1324966,0xC216BfA5dA000965E820845c32e6FD88DB275743,0xC216BfA5dA000965E820845c32e6FD88DB275743,-144969,-145200,-144800,590235798828862597280645,736055092782218268579922,590235798828862597280645,True,80.18907886335347,80.18907886335347,100.0,6964869.287270106,4.83000590181411,True,True
25464435,4cc11f2cd0e985314f5accf82b33ebb0cf4f09161aba8a333991b512531e2960,1783231763,2026-07-05 06:09:23+00:00,1325152,0xC216BfA5dA000965E820845c32e6FD88DB275743,0xC216BfA5dA000965E820845c32e6FD88DB275743,-144969,-145200,-144800,588377752135003053332003,734197046088358724631280,588377752135003053332003,True,80.13894298128153,80.13894298128153,100.0,6942944.062846148,4.814801170899797,True,True
25464934,6f09aa21a042d26daa63141e3d8fee36306860911bb5aaa70c07f4bc1c7961bd,1783237751,2026-07-05 07:49:11+00:00,1325176,0xC216BfA5dA000965E820845c32e6FD88DB275743,0xC216BfA5dA000965E820845c32e6FD88DB275743,-144969,-145200,-144800,587442215312002934720821,733261509265358606020098,587442215312002934720821,True,80.11360311283087,80.11360311283087,100.0,6931904.590657995,4.807145504494233,True,True
25465045,e2b30acffc3bf3baedd6fc7639df7bd1f9d5894e2fac1a6526869f6329e35129,1783239095,2026-07-05 08:11:35+00:00,1325284,0xC216BfA5dA000965E820845c32e6FD88DB275743,0xC216BfA5dA000965E820845c32e6FD88DB275743,-144886,-145000,-144600,471374778741856364729294,617194072695212036028571,471374778741856364729294,True,76.37383435706367,76.37383435706367,100.0,9335714.28390314,1.9299315774257817,True,True
25465072,cf1684b2ce3791577e483b4e52d4daa10568e3a19cdd1159cf092ad9136f286d,1783239419,2026-07-05 08:16:59+00:00,1325286,0xC216BfA5dA000965E820845c32e6FD88DB275743,0xC216BfA5dA000965E820845c32e6FD88DB275743,-144886,-145000,-144600,471115923838648251376830,616935217792003922676107,471115923838648251376830,True,76.36392124358869,76.36392124358869,100.0,9330587.58742653,1.92887175777865,True,True
25465150,7b8fa8f5f505a056a78882c26ecc33a4d346d6e78a9d3c64a547d8e081504d15,1783240379,2026-07-05 08:32:59+00:00,1325291,0xC216BfA5dA000965E820845c32e6FD88DB275743,0xC216BfA5dA000965E820845c32e6FD88DB275743,-144886,-145000,-144600,471633918257382440504039,617453212210738111803316,471633918257382440504039,True,76.38375004459654,76.38375004459654,100.0,9340846.6172093,1.9309925623501496,True,True
25465623,27185102a02f3a9eb4edaf0120cd9937b38bfae75420a102e8b4b682dc8872cf,1783246103,2026-07-05 10:08:23+00:00,1325294,0xC216BfA5dA000965E820845c32e6FD88DB275743,0xC216BfA5dA000965E820845c32e6FD88DB275743,-144859,-145000,-144600,538266801237639081539325,684086095190994752838602,538266801237639081539325,True,78.68407281211536,78.68407281211536,100.0,7608012.293957389,3.768601305674577,True,True
25465886,b36ab6b013071bcdad24d2973b518c7164dae3be8a53e5cb81e97309a23eb673,1783249259,2026-07-05 11:00:59+00:00,1325349,0xC216BfA5dA000965E820845c32e6FD88DB275743,0xC216BfA5dA000965E820845c32e6FD88DB275743,-144750,-145000,-144600,538750474446325974061696,689122512716880923103559,538750474446325974061696,True,78.17920101351648,78.17920101351648,100.0,5684306.845832499,4.768218816022325,True,True
25465947,6fdaf525fa1d6bdfd7033b47385bf179a9f7bf0591e69dbc670a9d0920ca8190,1783249991,2026-07-05 11:13:11+00:00,1325391,0xC216BfA5dA000965E820845c32e6FD88DB275743,0xC216BfA5dA000965E820845c32e6FD88DB275743,-144768,-145000,-144600,579364779813273226448983,729736818083828175490846,579364779813273226448983,True,79.39366158536336,79.39366158536336,100.0,6711099.079558666,4.818378522469791,True,True
25466043,bc5f98928e2452ef1d2f221374e583ec921e370780fdb5575cd88cec2d04e1b1,1783251143,2026-07-05 11:32:23+00:00,1325413,0xC216BfA5dA000965E820845c32e6FD88DB275743,0xC216BfA5dA000965E820845c32e6FD88DB275743,-144798,-145000,-144600,667912143913660946591881,818284182184215895633744,667912143913660946591881,True,81.62349443573841,81.62349443573841,100.0,9141673.60300742,4.830130965884054,True,True
25466136,99bf0a139a4a74490c7cd452abe1df98b041a00a147a2ac967b3afc04d3b41d9,1783252259,2026-07-05 11:50:59+00:00,1325422,0xC216BfA5dA000965E820845c32e6FD88DB275743,0xC216BfA5dA000965E820845c32e6FD88DB275743,-144809,-145000,-144600,652747859216818172260359,798567153170173843559636,652747859216818172260359,True,81.73988331795539,81.73988331795539,100.0,9705423.050825616,4.323552029000886,True,True
25466262,a2f5a9d8210b23de677d5a72d0738b1f73ffc311bae5c33179830f85e8a24924,1783253771,2026-07-05 12:16:11+00:00,1325436,0xC216BfA5dA000965E820845c32e6FD88DB275743,0xC216BfA5dA000965E820845c32e6FD88DB275743,-144815,-145000,-144600,636627614017701463616549,782446907971057134915826,636627614017701463616549,True,81.36368199965466,81.36368199965466,100.0,9465738.160049897,4.216777693620826,True,True
25466758,94f538f096e4b6201b2c08a3fe343ebab0a42c6b85151ff40f85d0983b312c64,1783259759,2026-07-05 13:55:59+00:00,1325482,0xC216BfA5dA000965E820845c32e6FD88DB275743,0xC216BfA5dA000965E820845c32e6FD88DB275743,-144815,-145000,-144600,631003074081598054679490,776822368034953725978767,631003074081598054679490,True,81.22874675683973,81.22874675683973,100.0,9382109.330364196,4.179522893456313,True,True
25467254,50f7977ac8058619e9059f758c104365cf7bf1447493beb43ba47e3cb83f0ae4,1783265723,2026-07-05 15:35:23+00:00,1325565,0xC216BfA5dA000965E820845c32e6FD88DB275743,0xC216BfA5dA000965E820845c32e6FD88DB275743,-144815,-145000,-144600,627537928150342774324928,773357222103698445624205,627537928150342774324928,True,81.14463927075049,81.14463927075049,100.0,9330587.58774825,4.1565710928332695,True,True
25467596,14f4e15e4dd11088b8c9e9de9b6f7f1424486d0b86203fe2e9f7acc2f509fa48,1783269839,2026-07-05 16:43:59+00:00,1325655,0xC216BfA5dA000965E820845c32e6FD88DB275743,0xC216BfA5dA000965E820845c32e6FD88DB275743,-144823,-145000,-144600,622750172840204021355281,768569466793559692654558,622750172840204021355281,True,81.02718098317023,81.02718098317023,100.0,9630925.84738162,3.9339138897560697,True,True
25468476,0e514c6752f2f80e849fc633986427d166ff4438b686d72999de2c18f34d0bfd,1783280459,2026-07-05 19:40:59+00:00,1325716,0xC216BfA5dA000965E820845c32e6FD88DB275743,0xC216BfA5dA000965E820845c32e6FD88DB275743,-144704,-145000,-144600,451928311561818293858016,602300349832373242899879,451928311561818293858016,True,75.0337122811891,75.0337122811891,100.0,3223667.3568912554,4.80088580711924,True,True
25470080,bf95eb25d069c879c05701ac3e9c08cbc7e54183c03422a873efe78a1b6f90fa,1783299815,2026-07-06 01:03:35+00:00,1325776,0xC216BfA5dA000965E820845c32e6FD88DB275743,0xC216BfA5dA000965E820845c32e6FD88DB275743,-144732,-145000,-144600,497038751389458690170522,647410789660013639212385,497038751389458690170522,True,76.77331909319545,76.77331909319545,100.0,4532245.76667418,4.767775551398225,True,True
25470724,2b9aa0542025f805011591f0db911add817d0cd26c316db10b147211b70474c3,1783307567,2026-07-06 03:12:47+00:00,1325930,0xC216BfA5dA000965E820845c32e6FD88DB275743,0xC216BfA5dA000965E820845c32e6FD88DB275743,-144723,-145000,-144600,493725706854179696140885,644097745124734645182748,493725706854179696140885,True,76.65384805198562,76.65384805198562,100.0,4176060.291632336,4.905073070123177,True,True
25470796,5bac0f9c5e8cfe301af0b0c843a87a65bec519a9e7018097595e3a8a187b0fd4,1783308431,2026-07-06 03:27:11+00:00,1325990,0xC216BfA5dA000965E820845c32e6FD88DB275743,0xC216BfA5dA000965E820845c32e6FD88DB275743,-144723,-145000,-144600,479863644095340828057926,630235682365895777099789,479863644095340828057926,True,76.14034836839761,76.14034836839761,100.0,4058811.363647308,4.76735605480313,True,True
25470937,123dd823bf90f93a59db62dfcf7e86a1f80b03ad6086491838869b1b85ce82c8,1783310135,2026-07-06 03:55:35+00:00,1326015,0xC216BfA5dA000965E820845c32e6FD88DB275743,0xC216BfA5dA000965E820845c32e6FD88DB275743,-144723,-145000,-144600,481219255953201291173872,631591294223756240215735,481219255953201291173872,True,76.19155937616802,76.19155937616802,100.0,4070277.480910165,4.780823806482292,True,True
25470999,b53b6f574c7a63a129bc3fba9c1bda965163d2e95c207d2b367fcec18d3b8d38,1783310879,2026-07-06 04:07:59+00:00,1326017,0xC216BfA5dA000965E820845c32e6FD88DB275743,0xC216BfA5dA000965E820845c32e6FD88DB275743,-144723,-145000,-144600,481138028145332495112725,631510066415887444154588,481138028145332495112725,True,76.1884970220687,76.1884970220687,100.0,4069590.4350093585,4.780016823318582,True,True
25471075,da5ba53808975bb5210503f19a89d8f72cab7db60924559775bafdd465cba572,1783311791,2026-07-06 04:23:11+00:00,1326023,0xC216BfA5dA000965E820845c32e6FD88DB275743,0xC216BfA5dA000965E820845c32e6FD88DB275743,-144723,-145000,-144600,479947135879709977459307,630319174150264926501170,479947135879709977459307,True,76.1435088067451,76.1435088067451,100.0,4059517.5588495047,4.768185530152297,True,True
25471352,7fbf80d0c2025447f6d33406db61435532e6b391f1a927909b2c54d38dfe932e,1783315127,2026-07-06 05:18:47+00:00,1326053,0xC216BfA5dA000965E820845c32e6FD88DB275743,0xC216BfA5dA000965E820845c32e6FD88DB275743,-144770,-145000,-144600,581642349840622106439851,732014388111177055481714,581642349840622106439851,True,79.45777559665717,79.45777559665717,100.0,6825425.316697805,4.791893462087327,True,True
25471547,fb9f7c4e15465865e499e245062a13297b3e37b9dcbd6c5f21dc584521fb6e99,1783317479,2026-07-06 05:57:59+00:00,1326068,0xC216BfA5dA000965E820845c32e6FD88DB275743,0xC216BfA5dA000965E820845c32e6FD88DB275743,-144813,-145000,-144600,638544995324742980831493,784364289278098652130770,638544995324742980831493,True,81.40923854557904,81.40923854557904,100.0,9392482.032777172,4.281807950783127,True,True
25471648,31e50d29d65248b60e5a232343df5c99e88e7351f56f9deb22d68cca9e21e07a,1783318691,2026-07-06 06:18:11+00:00,1326076,0xC216BfA5dA000965E820845c32e6FD88DB275743,0xC216BfA5dA000965E820845c32e6FD88DB275743,-144813,-145000,-144600,638544995324742980831493,784364289278098652130770,638544995324742980831493,True,81.40923854557904,81.40923854557904,100.0,9392482.032777172,4.281807950783127,True,True
25473283,a835c8e86f93574411967a8b2f8813b10a7ed6d51fa72351755dbd9c44dcf6a4,1783338371,2026-07-06 11:46:11+00:00,1326077,0xC216BfA5dA000965E820845c32e6FD88DB275743,0xC216BfA5dA000965E820845c32e6FD88DB275743,-144813,-145000,-144600,638898172866404773979219,784717466819760445278496,638898172866404773979219,True,81.41760568369654,81.41760568369654,100.0,9397676.989653708,4.284176207393072,True,True
25477912,ca0730f7f445a9b37f9b96d0dfd8a25d914e25d6562d0de6828d56d2bc168e02,1783394051,2026-07-07 03:14:11+00:00,1326543,0xC216BfA5dA000965E820845c32e6FD88DB275743,0xC216BfA5dA000965E820845c32e6FD88DB275743,-145104,-145400,-145000,456957111478561911139161,602776405431917582438438,456957111478561911139161,True,75.80872565028996,75.80872565028996,100.0,3329297.1086637126,4.756234733439105,True,True
25477917,14a417479eb8b63d659658ad7a1f898ab02b7ccc2a3dfe26ef29a6ba94b501a1,1783394111,2026-07-07 03:15:11+00:00,1326552,0xC216BfA5dA000965E820845c32e6FD88DB275743,0xC216BfA5dA000965E820845c32e6FD88DB275743,-145104,-145400,-145000,458872779007274867669969,604692072960630538969246,458872779007274867669969,True,75.88536372911085,75.88536372911085,100.0,3343254.274892877,4.776173944820026,True,True
25479390,ff918119ba60c1c8a47bd1c26cb56b7a2ab118b7282072187cdfa038e2b71b7f,1783411895,2026-07-07 08:11:35+00:00,1326561,0xC216BfA5dA000965E820845c32e6FD88DB275743,0xC216BfA5dA000965E820845c32e6FD88DB275743,-145114,-145400,-145000,459935526206932336129454,605754820160288007428731,459935526206932336129454,True,75.92767088262366,75.92767088262366,100.0,3989417.7338163704,4.468638640317787,True,True
25481010,f69725439faf28262a82b3dcb95d94748ef29fda0e3407c668881ef32493fb34,1783431383,2026-07-07 13:36:23+00:00,1326711,0xC216BfA5dA000965E820845c32e6FD88DB275743,0xC216BfA5dA000965E820845c32e6FD88DB275743,-145123,-145400,-145000,493845875204112667897349,639665169157468339196626,493845875204112667897349,True,77.20380896377071,77.20380896377071,100.0,4283551.45461181,4.798104591959201,True,True
25483168,bf4054313727d26d81aeb5876af1cbcb02b06aaf60f2e988cb4a94ac4030b720,1783457351,2026-07-07 20:49:11+00:00,1326977,0xC216BfA5dA000965E820845c32e6FD88DB275743,0xC216BfA5dA000965E820845c32e6FD88DB275743,-145454,-145600,-145200,549319591764646956116629,692654017520495037441359,549319591764646956116629,True,79.3064903789998,79.3064903789998,100.0,9959554.51177152,2.7851370378421167,True,True
25484731,a6972ff8e2663d7c709d81ba6c56367271ef683b33802d14443b48a24f25f1d5,1783476155,2026-07-08 02:02:35+00:00,1326981,0xC216BfA5dA000965E820845c32e6FD88DB275743,0xC216BfA5dA000965E820845c32e6FD88DB275743,-145454,-145600,-145200,547714332875796534143568,691048758631644615468298,547714332875796534143568,True,79.25842077487172,79.25842077487172,100.0,9913799.581326846,2.7850294582976396,True,True
25485320,3bab8826443827c5ecba85985522cf3abb4c5ab1f5335926fe067d81e7687e46,1783483247,2026-07-08 04:00:47+00:00,1327269,0xC216BfA5dA000965E820845c32e6FD88DB275743,0xC216BfA5dA000965E820845c32e6FD88DB275743,-145454,-145600,-145200,557761835801233566207301,701096261557081647532031,557761835801233566207301,True,79.55567108038585,79.55567108038585,100.0,10103538.517253917,2.8323201801678213,True,True
25485409,8c4a5f01c0b66850b688f7a5658a2e32686cb88b6b7684aaee823b990b48baca,1783484315,2026-07-08 04:18:35+00:00,1327361,0xC216BfA5dA000965E820845c32e6FD88DB275743,0xC216BfA5dA000965E820845c32e6FD88DB275743,-145454,-145600,-145200,558654803192197445103725,701989228948045526428455,558654803192197445103725,True,79.58167734701007,79.58167734701007,100.0,10119714.113808122,2.8368546775093715,True,True
25485638,6d7540373c0ba5df85047b114d75078b6271dc7dbea2203f2f04351664176fdc,1783487063,2026-07-08 05:04:23+00:00,1327403,0xC216BfA5dA000965E820845c32e6FD88DB275743,0xC216BfA5dA000965E820845c32e6FD88DB275743,-145454,-145600,-145200,557990133586971849621779,701324559342819930946509,557990133586971849621779,True,79.56232619457097,79.56232619457097,100.0,10107674.001834529,2.8334794786069217,True,True
25486651,8d1005f7f3d2c5a13d487bd0b7f0e3ea8ac66454a67d10672608cde39110daef,1783499255,2026-07-08 08:27:35+00:00,1327411,0xC216BfA5dA000965E820845c32e6FD88DB275743,0xC216BfA5dA000965E820845c32e6FD88DB275743,-145454,-145600,-145200,557327043707486370139191,700661469463334451463921,557327043707486370139191,True,79.54298445073141,79.54298445073141,100.0,10095662.505694496,2.830112301567578,True,True
25487456,d5fdf3fc7438543f910601919b73526158d8f5a3279d356c0eaf2d29a925e963,1783508963,2026-07-08 11:09:23+00:00,1327701,0xC216BfA5dA000965E820845c32e6FD88DB275743,0xC216BfA5dA000965E820845c32e6FD88DB275743,-145466,-145600,-145200,537339095029610573594311,680673520785458654919041,537339095029610573594311,True,78.94226506850916,78.94226506850916,100.0,10217077.568828542,2.495549598389342,True,True
25487479,c1c27d459ce73c986e16b6a738f74c71bbb51f1f30d5661246d35d5aa1bd2731,1783509239,2026-07-08 11:13:59+00:00,1327708,0xC216BfA5dA000965E820845c32e6FD88DB275743,0xC216BfA5dA000965E820845c32e6FD88DB275743,-145466,-145600,-145200,537986101766551561841307,681320527522399643166037,537986101766551561841307,True,78.9622622589871,78.9622622589871,100.0,10229379.889802448,2.498554474486138,True,True
25487593,d49d687cb157b60f7015deec448ff98214b65a3f98e7f23e3e96f313a5f7b40e,1783510607,2026-07-08 11:36:47+00:00,1327736,0xC216BfA5dA000965E820845c32e6FD88DB275743,0xC216BfA5dA000965E820845c32e6FD88DB275743,-145466,-145600,-145200,537986101766551561841307,681320527522399643166037,537986101766551561841307,True,78.9622622589871,78.9622622589871,100.0,10229379.889802448,2.498554474486138,True,True
25487595,51c17a8fc1abeeea2579118113a9746cf9b7318f278c5ba22ea7441069cf2510,1783510631,2026-07-08 11:37:11+00:00,1327737,0xC216BfA5dA000965E820845c32e6FD88DB275743,0xC216BfA5dA000965E820845c32e6FD88DB275743,-145466,-145600,-145200,537986101766551561841307,681320527522399643166037,537986101766551561841307,True,78.9622622589871,78.9622622589871,100.0,10229379.889802448,2.498554474486138,True,True
25487612,19c98e5f8c9870a4cccaa1e08c2ee272d69114b1a7a85d8b51e306e7c91c38cb,1783510835,2026-07-08 11:40:35+00:00,1327739,0xC216BfA5dA000965E820845c32e6FD88DB275743,0xC216BfA5dA000965E820845c32e6FD88DB275743,-145466,-145600,-145200,537986101766551561841307,681320527522399643166037,537986101766551561841307,True,78.9622622589871,78.9622622589871,100.0,10229379.889802448,2.498554474486138,True,True
25487642,7a4dcd9dfde0cd705d28f2744c64bb6ad88f9a4a99ca17f4d31335cf03943fdb,1783511195,2026-07-08 11:46:35+00:00,1327749,0xC216BfA5dA000965E820845c32e6FD88DB275743,0xC216BfA5dA000965E820845c32e6FD88DB275743,-145466,-145600,-145200,535407378690378858390982,678741804446226939715712,535407378690378858390982,True,78.88233422239374,78.88233422239374,100.0,10180347.511660794,2.486578179821136,True,True
25487755,15d2f74cf8aa0193a88f7fd6d08c40031d74b62976a547386afc63def80698bb,1783512563,2026-07-08 12:09:23+00:00,1327768,0xC216BfA5dA000965E820845c32e6FD88DB275743,0xC216BfA5dA000965E820845c32e6FD88DB275743,-145466,-145600,-145200,534127265411979784450701,677461691167827865775431,534127265411979784450701,True,78.84243085261927,78.84243085261927,100.0,10164876.151732814,2.476360418886902,True,True
25489698,d5efcb3f424c89ebbb416b8284f3d84f97eed05edfb3d99e10451236bcf82dbf,1783535987,2026-07-08 18:39:47+00:00,1327903,0xC216BfA5dA000965E820845c32e6FD88DB275743,0xC216BfA5dA000965E820845c32e6FD88DB275743,-145358,-145600,-145200,583767216431647882775710,729586510385003554074987,583767216431647882775710,True,80.01343337935255,80.01343337935255,100.0,6567233.884635707,4.90659535821236,True,True
25489700,039286883fd1d1850e28bdac19718463ef8d235b7152b698924db05165c37cfe,1783536011,2026-07-08 18:40:11+00:00,1327905,0xC216BfA5dA000965E820845c32e6FD88DB275743,0xC216BfA5dA000965E820845c32e6FD88DB275743,-145358,-145600,-145200,583794190164693745118326,729613484118049416417603,583794190164693745118326,True,80.01417228059857,80.01417228059857,100.0,6567537.332326272,4.906822073912781,True,True
25490459,91af52fdd07526b4b5e7e33e2c19ca03d2a7dee0cbc3efeadf673113c429279c,1783545143,2026-07-08 21:12:23+00:00,1327907,0xC216BfA5dA000965E820845c32e6FD88DB275743,0xC216BfA5dA000965E820845c32e6FD88DB275743,-145358,-145600,-145200,583504353103375561823644,729323647056731233122921,583504353103375561823644,True,80.00622980732545,80.00622980732545,100.0,6570829.506174868,4.9011949176084535,True,True
25492923,1b854f5cb19fd800dd6ef8d1bda88214f9d977d491a93243d13eac576e160d0b,1783574783,2026-07-09 05:26:23+00:00,1328012,0xC216BfA5dA000965E820845c32e6FD88DB275743,0xC216BfA5dA000965E820845c32e6FD88DB275743,-145364,-145600,-145200,581651304520085254541977,727470598473440925841254,581651304520085254541977,True,79.9553007009012,79.9553007009012,100.0,6775770.574186726,4.7756968758262435,True,True
25493793,0b95d8de439a53b97089476bad3c4003ced00b6972091572a7d26c4dc91e58b7,1783585271,2026-07-09 08:21:11+00:00,1328264,0xC216BfA5dA000965E820845c32e6FD88DB275743,0xC216BfA5dA000965E820845c32e6FD88DB275743,-145313,-145600,-145200,487778587251391971215527,633597881204747642514804,487778587251391971215527,True,76.98551427033038,76.98551427033038,100.0,3898410.119206253,4.875372654261022,True,True
25493832,8bee26d927cfe174bddd6385c8d49ac31c03811ca8996ca48f872af27fc29908,1783585739,2026-07-09 08:28:59+00:00,1328381,0xC216BfA5dA000965E820845c32e6FD88DB275743,0xC216BfA5dA000965E820845c32e6FD88DB275743,-145313,-145600,-145200,483711454033687328572139,629530747987042999871416,483711454033687328572139,True,76.8368273639341,76.8368273639341,100.0,3865904.893051485,4.834721443672692,True,True
25493856,c00f2f713e4566e29d8365c196afe40d7c0ef1849281acf9e64bf412579f6cf8,1783586027,2026-07-09 08:33:47+00:00,1328388,0xC216BfA5dA000965E820845c32e6FD88DB275743,0xC216BfA5dA000965E820845c32e6FD88DB275743,-145313,-145600,-145200,483507835292281980218034,629327129245637651517311,483507835292281980218034,True,76.82933292131447,76.82933292131447,100.0,3864277.5371512854,4.832686263634683,True,True
25494225,e67cef84ff1ef225fdb92999a89db22c40c301a7373bd8ac48190903cec3b906,1783590479,2026-07-09 09:47:59+00:00,1328414,0xC216BfA5dA000965E820845c32e6FD88DB275743,0xC216BfA5dA000965E820845c32e6FD88DB275743,-145306,-145600,-145200,472869526195986551290736,618688820149342222590013,472869526195986551290736,True,76.43091499242591,76.43091499242591,100.0,3544530.8016079683,4.841223483823174,True,True
25494257,ee6c99a372a5c97b64f912c760fa940ce7c9d5477ad5d9638dbbce23e3f51ba3,1783590863,2026-07-09 09:54:23+00:00,1328464,0xC216BfA5dA000965E820845c32e6FD88DB275743,0xC216BfA5dA000965E820845c32e6FD88DB275743,-145306,-145600,-145200,473579291292848092363097,619398585246203763662374,473579291292848092363097,True,76.45792266454819,76.45792266454819,100.0,3549851.0519272694,4.848490036782436,True,True
25494748,4d2cc9f4087942cb486762f2c84d02393bda1532eb3380538cda19b5e214a9b5,1783596779,2026-07-09 11:32:59+00:00,1328469,0xC216BfA5dA000965E820845c32e6FD88DB275743,0xC216BfA5dA000965E820845c32e6FD88DB275743,-145306,-145600,-145200,472872220893297555727578,618691514846653227026855,472872220893297555727578,True,76.43101764705825,76.43101764705825,100.0,3544551.0004938995,4.84125107205033,True,True
25494969,c593254883951f9b6db3eb8ae8baad041ecbd00d497bde506841f1c72fe99b64,1783599443,2026-07-09 12:17:23+00:00,1328603,0xC216BfA5dA000965E820845c32e6FD88DB275743,0xC216BfA5dA000965E820845c32e6FD88DB275743,-145262,-145400,-145000,531241076577630661602715,677060370530986332901992,531241076577630661602715,True,78.4628815538271,78.4628815538271,100.0,9849855.070729757,2.566138956187758,True,True
25495027,1ffa65a9bfe4b309baa4748228d49cb27b63fa19ef19c7aedcf4bbc4c240b67c,1783600139,2026-07-09 12:28:59+00:00,1328615,0xC216BfA5dA000965E820845c32e6FD88DB275743,0xC216BfA5dA000965E820845c32e6FD88DB275743,-145262,-145400,-145000,530625858191321919678681,676445152144677590977958,530625858191321919678681,True,78.44329381457848,78.44329381457848,100.0,9838448.17429579,2.563167168166695,True,True
25496091,17cf51fb8d1f7f8c727c49c2c0e7cd5b162f7b2b544c3269f254bc22f3d0103e,1783612955,2026-07-09 16:02:35+00:00,1328620,0xC216BfA5dA000965E820845c32e6FD88DB275743,0xC216BfA5dA000965E820845c32e6FD88DB275743,-145263,-145400,-145000,531241076577630661602715,677060370530986332901992,531241076577630661602715,True,78.4628815538271,78.4628815538271,100.0,9875163.636574844,2.553695778765519,True,True
25497133,66d545c01556196cdb4df94423d43c0948b1d60e55884315468934acab0cd2ca,1783625483,2026-07-09 19:31:23+00:00,1328797,0xC216BfA5dA000965E820845c32e6FD88DB275743,0xC216BfA5dA000965E820845c32e6FD88DB275743,-145262,-145400,-145000,532658673971807046595924,678477967925162717895201,532658673971807046595924,True,78.50788074971953,78.50788074971953,100.0,9858226.769469362,2.5817938346887326,True,True
25497164,fae45b62db88cc7a9c625c6a07f3473b57159e38fddc6a785431e4fe491f2867,1783625855,2026-07-09 19:37:35+00:00,1329020,0xC216BfA5dA000965E820845c32e6FD88DB275743,0xC216BfA5dA000965E820845c32e6FD88DB275743,-145262,-145400,-145000,537818352819089514165400,683637646772445185464677,537818352819089514165400,True,78.67009012131058,78.67009012131058,100.0,9953719.974817663,2.606802771345217,True,True
25497540,3628e548c3c507f4b67a9be66d4fec63e797c2224487b94de3916ac28974a18b,1783630403,2026-07-09 20:53:23+00:00,1329048,0xC216BfA5dA000965E820845c32e6FD88DB275743,0xC216BfA5dA000965E820845c32e6FD88DB275743,-145276,-145400,-145000,512210163639080549434238,658029457592436220733515,512210163639080549434238,True,77.84000514401411,77.84000514401411,100.0,9982961.220240738,2.235434095950542,True,True
25497875,912b1e8b8c6b3ffcf6d51aeb88d9b52826a09f13fe48dc8b4907617ad780fb9c,1783634447,2026-07-09 22:00:47+00:00,1329116,0xC216BfA5dA000965E820845c32e6FD88DB275743,0xC216BfA5dA000965E820845c32e6FD88DB275743,-145282,-145400,-145000,499765255969443162738379,645584549922798834037656,499765255969443162738379,True,77.4128278053133,77.4128278053133,100.0,9982961.220181173,2.0620636585400143,True,True
25497909,32a3c14c23c00ed50b932cae2cf29fa9e360342520d01f2410bbaac3d3d50f3b,1783634879,2026-07-09 22:07:59+00:00,1329124,0xC216BfA5dA000965E820845c32e6FD88DB275743,0xC216BfA5dA000965E820845c32e6FD88DB275743,-145282,-145400,-145000,499178677030511969704578,644997970983867641003855,499178677030511969704578,True,77.39228640813774,77.39228640813774,100.0,9971244.129547158,2.0596433960299914,True,True
25498288,3b599de4e50cbc6f72a63ba13ab87bc99079c7667fbaa25c4c4da604afbd1483,1783639451,2026-07-09 23:24:11+00:00,1329162,0xC216BfA5dA000965E820845c32e6FD88DB275743,0xC216BfA5dA000965E820845c32e6FD88DB275743,-145282,-145400,-145000,500059062704287109740317,645878356657642781039594,500059062704287109740317,True,77.42310259350441,77.42310259350441,100.0,9988830.098029604,2.0632759240653176,True,True
25498337,61b145ef03d40a7ddefda45ddb3f1f2a83920e52819572ca2f5e015f5902d383,1783640039,2026-07-09 23:33:59+00:00,1329176,0xC216BfA5dA000965E820845c32e6FD88DB275743,0xC216BfA5dA000965E820845c32e6FD88DB275743,-145282,-145400,-145000,499471794280676647414730,645291088234032318714007,499471794280676647414730,True,77.40255574388618,77.40255574388618,100.0,893822.0501817522,6.575417139213199,True,True
25498397,8d566a208af9d75ac0cccf4ec0419a6906668c5fdc46b5b1228f9ef573fbb45c,1783640759,2026-07-09 23:45:59+00:00,1329185,0xC216BfA5dA000965E820845c32e6FD88DB275743,0xC216BfA5dA000965E820845c32e6FD88DB275743,-145267,-145400,-145000,527547355838739197705548,673366649792094869004825,527547355838739197705548,True,78.34474071467928,78.34474071467928,100.0,9977099.2348516,2.45208592051003,True,True
25498690,059192417b543763612f66a9dad96d60f4da402b6e4c4f25e9eabf65ce97aa45,1783644323,2026-07-10 00:45:23+00:00,1329245,0xC216BfA5dA000965E820845c32e6FD88DB275743,0xC216BfA5dA000965E820845c32e6FD88DB275743,-145269,-145400,-145000,526039716515221601691225,671859010468577272990502,526039716515221601691225,True,78.29614670916501,78.29614670916501,100.0,10012374.777214224,2.4137341016448026,True,True
25498696,65fe1e4342a00dc1d7f5c7f5eb9b03f89538bf82c4ad7561dce7029845cd0327,1783644395,2026-07-10 00:46:35+00:00,1329247,0xC216BfA5dA000965E820845c32e6FD88DB275743,0xC216BfA5dA000965E820845c32e6FD88DB275743,-145269,-145400,-145000,526039716515221601691225,671859010468577272990502,526039716515221601691225,True,78.29614670916501,78.29614670916501,100.0,10012374.777214224,2.4137341016448026,True,True
25498702,72c564b96d6c89e7bd42d7730834394fc650e7d6826061872e51409e878c1d44,1783644467,2026-07-10 00:47:47+00:00,1329248,0xC216BfA5dA000965E820845c32e6FD88DB275743,0xC216BfA5dA000965E820845c32e6FD88DB275743,-145269,-145400,-145000,526039716515221601691225,671859010468577272990502,526039716515221601691225,True,78.29614670916501,78.29614670916501,100.0,10012374.777214224,2.4137341016448026,True,True
25498946,25d5ad80cb9f01f80012197d3c09cb8a7d71b4f647222051d8cd9e98e8f21a93,1783647419,2026-07-10 01:36:59+00:00,1329249,0xC216BfA5dA000965E820845c32e6FD88DB275743,0xC216BfA5dA000965E820845c32e6FD88DB275743,-145269,-145400,-145000,526039716515221601691225,671859010468577272990502,526039716515221601691225,True,78.29614670916501,78.29614670916501,100.0,10012374.777214224,2.4137341016448026,True,True
25499013,13888e1880a664f63f20f2d0a600fe3df3090bc93b1686ccd581403252fc37f1,1783648235,2026-07-10 01:50:35+00:00,1329314,0xC216BfA5dA000965E820845c32e6FD88DB275743,0xC216BfA5dA000965E820845c32e6FD88DB275743,-145269,-145400,-145000,522958054438389654544158,668777348391745325843435,522958054438389654544158,True,78.19613742839567,78.19613742839567,100.0,9953719.97477009,2.3995938901530347,True,True
25499018,c57323d1eda85b743a4648651960f4a4d6f1eff5d972c3a205832c370cc046c3,1783648295,2026-07-10 01:51:35+00:00,1329317,0xC216BfA5dA000965E820845c32e6FD88DB275743,0xC216BfA5dA000965E820845c32e6FD88DB275743,-145269,-145400,-145000,516303874451319389755346,662123168404675061054623,516303874451319389755346,True,77.97701380776422,77.97701380776422,100.0,9827067.667398812,2.3690611743731815,True,True
25499202,d5a3223bbe437d89ba1165e19371d8c96c6183c6656b7c8675e5343095642f52,1783650503,2026-07-10 02:28:23+00:00,1329325,0xC216BfA5dA000965E820845c32e6FD88DB275743,0xC216BfA5dA000965E820845c32e6FD88DB275743,-145269,-145400,-145000,517501100826858544929981,663320394780214216229258,517501100826858544929981,True,78.01676307545591,78.01676307545591,100.0,9837146.854827795,2.3807987596538087,True,True
25500631,24036220a82e79aeb6cdfb6e73468d19d30fda134b21dc07c705f44b274ecaf7,1783667723,2026-07-10 07:15:23+00:00,1329346,0xC216BfA5dA000965E820845c32e6FD88DB275743,0xC216BfA5dA000965E820845c32e6FD88DB275743,-145270,-145400,-145000,518771113518217584429021,664590407471573255728298,518771113518217584429021,True,78.05877239364264,78.05877239364264,100.0,9896864.856682168,2.3691618109727797,True,True
25507079,c2e735689b90a4b5410852b30ef68dc8d139bec37a40dff0bf80767596913ea5,1783745279,2026-07-11 04:47:59+00:00,1330062,0xC216BfA5dA000965E820845c32e6FD88DB275743,0xC216BfA5dA000965E820845c32e6FD88DB275743,-145607,-145800,-145400,689485680145001404573502,695810149121941820667801,689485680145001404573502,True,99.09106399426318,99.09106399426318,100.0,10293233.037740428,4.566732363847614,True,True
25507132,de58ac96837362f36a0f8fc2f6fa73eac0b1f9a4d592462777ff86c6bd3504bb,1783745915,2026-07-11 04:58:35+00:00,1330193,0xC216BfA5dA000965E820845c32e6FD88DB275743,0xC216BfA5dA000965E820845c32e6FD88DB275743,-145607,-145800,-145400,672257145719864374754049,678581614696804790848348,672257145719864374754049,True,99.06798698344248,99.06798698344248,100.0,10036030.713104224,4.452621066098269,True,True
25507142,f7afeb0799624bda006757b6876e96b2be2bbdcaa19b2003ac6606fb49398ba4,1783746035,2026-07-11 05:00:35+00:00,1330194,0xC216BfA5dA000965E820845c32e6FD88DB275743,0xC216BfA5dA000965E820845c32e6FD88DB275743,-145607,-145800,-145400,672257145719864374754049,678581614696804790848348,672257145719864374754049,True,99.06798698344248,99.06798698344248,100.0,10036030.713104224,4.452621066098269,True,True
25507238,bf0932a0794d05937d6ee664051bae59f6d431f4db7b197caad769f4df3b1c10,1783747187,2026-07-11 05:19:47+00:00,1330199,0xC216BfA5dA000965E820845c32e6FD88DB275743,0xC216BfA5dA000965E820845c32e6FD88DB275743,-145607,-145800,-145400,671463921949103717010315,677788390926044133104614,671463921949103717010315,True,99.06689623758538,99.06689623758538,100.0,10024188.78895897,4.447367235931783,True,True
25507872,7f2a8b33d277708ce27ca8e70cab12bd5e0a6407de0b9621a901377ed1cf2186,1783754807,2026-07-11 07:26:47+00:00,1330214,0xC216BfA5dA000965E820845c32e6FD88DB275743,0xC216BfA5dA000965E820845c32e6FD88DB275743,-145607,-145800,-145400,670672567886700153372725,676997036863640569467024,670672567886700153372725,True,99.0658055157464,99.0658055157464,100.0,10012374.777422182,4.442125789572403,True,True
25508230,cf46b3055b05bf22e88010fc2dd713abe0a460556f8b0843a299ffacf68b9504,1783759115,2026-07-11 08:38:35+00:00,1330261,0xC216BfA5dA000965E820845c32e6FD88DB275743,0xC216BfA5dA000965E820845c32e6FD88DB275743,-145611,-145800,-145400,670672567886700153372725,676997036863640569467024,670672567886700153372725,True,99.0658055157464,99.0658055157464,100.0,10179102.528105184,4.362944193356852,True,True
25508523,8e4910224aad914460382e6dc4677f4c0f4a7bc399547a4042d7119454eae745,1783762655,2026-07-11 09:37:35+00:00,1330289,0xC216BfA5dA000965E820845c32e6FD88DB275743,0xC216BfA5dA000965E820845c32e6FD88DB275743,-145611,-145800,-145400,659687343169559578033061,666011812146499994127360,659687343169559578033061,True,99.05039687561138,99.05039687561138,100.0,10012374.777419936,4.29148171719894,True,True
25508540,b5ff027cae4d929dd8b02ea9706bc792b48552ca707df2801ddf960e6f3db776,1783762859,2026-07-11 09:40:59+00:00,1330306,0xC216BfA5dA000965E820845c32e6FD88DB275743,0xC216BfA5dA000965E820845c32e6FD88DB275743,-145611,-145800,-145400,657363136440835517183647,663687605417775933277946,657363136440835517183647,True,99.04707140448112,99.04707140448112,100.0,9977099.235045,4.276361993004465,True,True
25508606,1dc46c32b2ed93c6bfaf9200fa2384151b450e4b13af0e20c5d977b8caec1249,1783763663,2026-07-11 09:54:23+00:00,1330308,0xC216BfA5dA000965E820845c32e6FD88DB275743,0xC216BfA5dA000965E820845c32e6FD88DB275743,-145611,-145800,-145400,649732687962125771942940,656057156939066188037239,649732687962125771942940,True,99.03598811322352,99.03598811322352,100.0,9861288.448799554,4.226723432435637,True,True
25509068,fc09d673231e4bcddc3b6e27894773bb9104ad12f0d09c1589984462d2a9923f,1783769243,2026-07-11 11:27:23+00:00,1330327,0xC216BfA5dA000965E820845c32e6FD88DB275743,0xC216BfA5dA000965E820845c32e6FD88DB275743,-145581,-145800,-145400,628366763344203260851399,771701189100051342176129,628366763344203260851399,True,81.42617534087216,81.42617534087216,100.0,8196979.139433833,4.724959051838009,True,True
25512119,adf0b89caac512d4c12876c02bd0a79c71fa6cf8df0b402f595f2842de234521,1783805987,2026-07-11 21:39:47+00:00,1330658,0xC216BfA5dA000965E820845c32e6FD88DB275743,0xC216BfA5dA000965E820845c32e6FD88DB275743,-144988,-145200,-144800,618719479778702918923377,764538773732058590222654,618719479778702918923377,True,80.92715517336734,80.92715517336734,100.0,8117382.17903802,4.650138072783104,True,True
25512635,3dc1e925336e1005748a3113f00ed9d0003b859064d506d0c4938df380f70234,1783812203,2026-07-11 23:23:23+00:00,1330686,0xC216BfA5dA000965E820845c32e6FD88DB275743,0xC216BfA5dA000965E820845c32e6FD88DB275743,-145228,-145400,-145000,591239862519884411372743,737059156473240082672020,591239862519884411372743,True,80.2160664211693,80.2160664211693,100.0,9502751.84658046,3.574831328707798,True,True
25513699,33fc811490ade8013b17c2d299d5e9a2c12a5efa475c6c1b64e9e182809dcf6a,1783825067,2026-07-12 02:57:47+00:00,1330746,0xC216BfA5dA000965E820845c32e6FD88DB275743,0xC216BfA5dA000965E820845c32e6FD88DB275743,-145436,-145600,-145200,525675045885835869145535,669009471641683950470265,525675045885835869145535,True,78.57512758315373,78.57512758315373,100.0,8851853.10859816,2.9930623413084345,True,True
25513796,670bfb8d97b8e7a6f01a983d8c9b9a27c0533c028ee1eaaa6817ca4b44403653,1783826231,2026-07-12 03:17:11+00:00,1330826,0xC216BfA5dA000965E820845c32e6FD88DB275743,0xC216BfA5dA000965E820845c32e6FD88DB275743,-145436,-145600,-145200,573508917222404271371891,716843342978252352696621,573508917222404271371891,True,80.00477689304613,80.00477689304613,100.0,9657328.669975376,3.265416450671215,True,True
25513881,b3d1ab59d17b0bd51d928f6779c15b2a94f1c838a2928015f923a3564246a1d8,1783827251,2026-07-12 03:34:11+00:00,1330843,0xC216BfA5dA000965E820845c32e6FD88DB275743,0xC216BfA5dA000965E820845c32e6FD88DB275743,-145436,-145600,-145200,572717058830709405842604,716051484586557487167334,572717058830709405842604,True,79.98266481653785,79.98266481653785,100.0,9643994.549931152,3.260907806879998,True,True
25514103,1bd2e6b687e17c0688154c18874fa0ed44d0088cc19a031c8996f8426c3271b1,1783829939,2026-07-12 04:18:59+00:00,1330991,0xC216BfA5dA000965E820845c32e6FD88DB275743,0xC216BfA5dA000965E820845c32e6FD88DB275743,-145444,-145600,-145200,552749286757767913967038,696083712513615995291768,552749286757767913967038,True,79.40844999256547,79.40844999256547,100.0,9630691.17134696,2.9912358308113247,True,True
25514107,dff9e485703865a761c3314e66b8aa983ebf9b594933ea325f918d07e25d2052,1783829987,2026-07-12 04:19:47+00:00,1330992,0xC216BfA5dA000965E820845c32e6FD88DB275743,0xC216BfA5dA000965E820845c32e6FD88DB275743,-145444,-145600,-145200,553512828322754939897112,696847254078603021221842,553512828322754939897112,True,79.43101233205401,79.43101233205401,100.0,9643994.549904006,2.9953677816653905,True,True
25514294,27c9a017cd84ea3475de430a8e2cc6a382b40318ff541000a5ee19a860c8533a,1783832231,2026-07-12 04:57:11+00:00,1331046,0xC216BfA5dA000965E820845c32e6FD88DB275743,0xC216BfA5dA000965E820845c32e6FD88DB275743,-145474,-145600,-145200,503339424147965563633424,646673849903813644958154,503339424147965563633424,True,77.8351288246513,77.8351288246513,100.0,9838448.174216308,2.2086584948400874,True,True
25514340,feae12b5c5a70a467b9472a49a7daeaa23743b31a2602ff682c1a083ce7b9c9c,1783832783,2026-07-12 05:06:23+00:00,1331062,0xC216BfA5dA000965E820845c32e6FD88DB275743,0xC216BfA5dA000965E820845c32e6FD88DB275743,-145474,-145600,-145200,503923006089006545849065,647257431844854627173795,503923006089006545849065,True,77.85511317385617,77.85511317385617,100.0,9849855.07065018,2.211219258312365,True,True
25514370,ee78795f44031025c79e92f97abb1bd1c5d1ae64da1f6921da2beab07c1a2d07,1783833143,2026-07-12 05:12:23+00:00,1331065,0xC216BfA5dA000965E820845c32e6FD88DB275743,0xC216BfA5dA000965E820845c32e6FD88DB275743,-145474,-145600,-145200,503339424147965563633424,646673849903813644958154,503339424147965563633424,True,77.8351288246513,77.8351288246513,100.0,9838448.174216308,2.2086584948400874,True,True
25514542,081f0bbd60299c2b4b236357b58ec804ec18880754deb14168edb3222b42f7d4,1783835219,2026-07-12 05:46:59+00:00,1331097,0xC216BfA5dA000965E820845c32e6FD88DB275743,0xC216BfA5dA000965E820845c32e6FD88DB275743,-145530,-145800,-145400,506340399743954428642958,649674825499802509967688,506340399743954428642958,True,77.93751271713826,77.93751271713826,100.0,4723283.891466238,4.705905161788859,True,True
25514546,c392d93455621e76b275af196407ad34f50227d9478f8b810c7f5ca016aae99e,1783835279,2026-07-12 05:47:59+00:00,1331100,0xC216BfA5dA000965E820845c32e6FD88DB275743,0xC216BfA5dA000965E820845c32e6FD88DB275743,-145530,-145800,-145400,506376864342266798528991,649711290098114879853721,506376864342266798528991,True,77.9387509590294,77.9387509590294,100.0,4723624.043367813,4.706244062144248,True,True
25514606,89e46b7b075b22915aa687aefdd96e7b9f6c8148edfd24bc8b5cb06aa6a0556a,1783835999,2026-07-12 05:59:59+00:00,1331105,0xC216BfA5dA000965E820845c32e6FD88DB275743,0xC216BfA5dA000965E820845c32e6FD88DB275743,-145530,-145800,-145400,506663153562102911452546,649997579317950992777276,506663153562102911452546,True,77.94846776102608,77.94846776102608,100.0,4726294.628731012,4.708904821424117,True,True
25514989,7bdef65ed0ca7504b57735165e302acd1e6d5f4101afccb4310a59bba3a21a1e,1783840607,2026-07-12 07:16:47+00:00,1331118,0xC216BfA5dA000965E820845c32e6FD88DB275743,0xC216BfA5dA000965E820845c32e6FD88DB275743,-145530,-145800,-145400,509808242894896893352266,653142668650744974676996,509808242894896893352266,True,78.0546528904708,78.0546528904708,100.0,4755632.895616925,4.738135141842884,True,True
25514999,65feebce5bd840e7b32ee4dd1b6553bfd6925ea028520c523f672a4552f6120a,1783840727,2026-07-12 07:18:47+00:00,1331145,0xC216BfA5dA000965E820845c32e6FD88DB275743,0xC216BfA5dA000965E820845c32e6FD88DB275743,-145530,-145800,-145400,508645142354934567209709,651979568110782648534439,508645142354934567209709,True,78.01550343499521,78.01550343499521,100.0,4744783.170713802,4.727325337139455,True,True
25515052,7c240dbdb23f8134b4b0a062d694d681857e1089c5b942b9e59c38bff0b70546,1783841363,2026-07-12 07:29:23+00:00,1331149,0xC216BfA5dA000965E820845c32e6FD88DB275743,0xC216BfA5dA000965E820845c32e6FD88DB275743,-145530,-145800,-145400,508761213534720482906877,652095639290568564231607,508761213534720482906877,True,78.01941661321563,78.01941661321563,100.0,4745865.91491913,4.728404097523509,True,True
25515099,e02196c0013d7b7ea3983562614c6e6fc13e5dc4a37c46ea92417e61edc5d021,1783841927,2026-07-12 07:38:47+00:00,1331151,0xC216BfA5dA000965E820845c32e6FD88DB275743,0xC216BfA5dA000965E820845c32e6FD88DB275743,-145530,-145800,-145400,508670616857268699760189,652005042613116781084919,508670616857268699760189,True,78.01636239170944,78.01636239170944,100.0,4745020.803947451,4.727562096031475,True,True
25515932,0e75e2a0ffd5157b198255cc639049ebd938d0d495ac2fd76fd1c17a1907921d,1783851971,2026-07-12 10:26:11+00:00,1331270,0xC216BfA5dA000965E820845c32e6FD88DB275743,0xC216BfA5dA000965E820845c32e6FD88DB275743,-145589,-145800,-145400,652359749138100363402845,795694174893948444727575,652359749138100363402845,True,81.98624166439927,81.98624166439927,100.0,8889562.414306754,4.7246684931862895,True,True
25516277,4217d8de16df98c649660e4a391102ac69bfdd7399f14fd765a494b57892858d,1783856111,2026-07-12 11:35:11+00:00,1331375,0xC216BfA5dA000965E820845c32e6FD88DB275743,0xC216BfA5dA000965E820845c32e6FD88DB275743,-145659,-145800,-145400,538852389001816085309101,545176857978756501403400,538852389001816085309101,True,98.83992343321609,98.83992343321609,100.0,10059798.695698043,2.6142063154755233,True,True
25516645,529e362f28dbb0ad0ecbded127239e7029987ae8f55ef3e458ffdc4e78924d28,1783860551,2026-07-12 12:49:11+00:00,1331395,0xC216BfA5dA000965E820845c32e6FD88DB275743,0xC216BfA5dA000965E820845c32e6FD88DB275743,-145659,-145800,-145400,535680803427938330987214,542005272404878747081513,535680803427938330987214,True,98.83313515588534,98.83313515588534,100.0,10000588.579772804,2.59881958024612,True,True
25517048,7db915497a7c363ce06ba8e3a899fdef42678dac86c4114dc57acb7751b42eeb,1783865423,2026-07-12 14:10:23+00:00,1331536,0xC216BfA5dA000965E820845c32e6FD88DB275743,0xC216BfA5dA000965E820845c32e6FD88DB275743,-145702,-146000,-145600,462530961946818644013948,468855430923759060108247,462530961946818644013948,True,98.65108334898038,98.65108334898038,100.0,3407941.839028427,4.702362666710948,True,True
25517082,ed38a6a816d7e8097a9f42068413fdccfb2b9bc851d1911ae5663b37716cddf8,1783865831,2026-07-12 14:17:11+00:00,1331540,0xC216BfA5dA000965E820845c32e6FD88DB275743,0xC216BfA5dA000965E820845c32e6FD88DB275743,-145702,-146000,-145600,463159054174526593224906,469483523151467009319205,463159054174526593224906,True,98.65288797901007,98.65288797901007,100.0,3412569.6411815304,4.708748222891649,True,True
25517144,b0260ebf673709e9eadb00843f83f531d38851724baca1f798a406182427011c,1783866575,2026-07-12 14:29:35+00:00,1331563,0xC216BfA5dA000965E820845c32e6FD88DB275743,0xC216BfA5dA000965E820845c32e6FD88DB275743,-145702,-146000,-145600,462779431374090013449221,469103900351030429543520,462779431374090013449221,True,98.65179782726004,98.65179782726004,100.0,3409772.569134263,4.704888753513228,True,True
25517233,76a1ec2e49e980a5b124a4644fd912193121fdde18238416e6132570d1cfb3b2,1783867643,2026-07-12 14:47:23+00:00,1331565,0xC216BfA5dA000965E820845c32e6FD88DB275743,0xC216BfA5dA000965E820845c32e6FD88DB275743,-145702,-146000,-145600,462740990819381824307875,469065459796322240402174,462740990819381824307875,True,98.6516873402517,98.6516873402517,100.0,3409489.33798763,4.7044979441529495,True,True
25517759,e22b6c7a216105bd8ad2cd1a0e08ea46f9b45943589a5afd4a94e38264c02315,1783873991,2026-07-12 16:33:11+00:00,1331613,0xC216BfA5dA000965E820845c32e6FD88DB275743,0xC216BfA5dA000965E820845c32e6FD88DB275743,-145737,-146000,-145600,520739823164671769054792,527064292141612185149091,520739823164671769054792,True,98.80005739883416,98.80005739883416,100.0,5178805.229757862,4.663821143790401,True,True
25517921,4f42f8206986d8b713b5776c20d3b2d39fb6f03b0a12f685093fe3e656f72083,1783875935,2026-07-12 17:05:35+00:00,1331645,0xC216BfA5dA000965E820845c32e6FD88DB275743,0xC216BfA5dA000965E820845c32e6FD88DB275743,-145917,-146200,-145800,489540090413656418940498,494861159926804664072079,489540090413656418940498,True,98.92473486625312,98.92473486625312,100.0,4205083.161444085,4.668485592840794,True,True
25518313,425131eacba8f2d39a2834c826401f2d2c2ccf6f617e69ed57355fa492f3546c,1783880675,2026-07-12 18:24:35+00:00,1331650,0xC216BfA5dA000965E820845c32e6FD88DB275743,0xC216BfA5dA000965E820845c32e6FD88DB275743,-145923,-146200,-145800,489018758480812357956907,494339827993960603088488,489018758480812357956907,True,98.92360088914111,98.92360088914111,100.0,4409015.328441994,4.5675697015464225,True,True
25518615,ebb86bf16211187d637fc6950e5490cdbb5d9443727c1be3949b28af6eaa9fe8,1783884299,2026-07-12 19:24:59+00:00,1331676,0xC216BfA5dA000965E820845c32e6FD88DB275743,0xC216BfA5dA000965E820845c32e6FD88DB275743,-145923,-146200,-145800,500373074156787995121355,505694143669936240252936,500373074156787995121355,True,98.9477692040228,98.9477692040228,100.0,4503706.110363196,4.677156840586869,True,True
25518619,eb4fdfa7329e0d296b164cee7bce7c813dff0df61fec8d1684375b4bac270e08,1783884347,2026-07-12 19:25:47+00:00,1331702,0xC216BfA5dA000965E820845c32e6FD88DB275743,0xC216BfA5dA000965E820845c32e6FD88DB275743,-145923,-146200,-145800,499020356902366946532101,504341426415515191663682,499020356902366946532101,True,98.94494696757978,98.94494696757978,100.0,4491530.7130866805,4.664512533595417,True,True
25518742,8b31ead682425aa48d356e0df4026054c378be7409352a255f8e7e7ff79e0d11,1783885823,2026-07-12 19:50:23+00:00,1331704,0xC216BfA5dA000965E820845c32e6FD88DB275743,0xC216BfA5dA000965E820845c32e6FD88DB275743,-145923,-146200,-145800,499006657750996020233288,504327727264144265364869,499006657750996020233288,True,98.94491830897068,98.94491830897068,100.0,4491407.411184714,4.6643844829810766,True,True
25518827,08ebcc2052eb544bcfb5ad325c4e5bd3427cb43ec6fc5de6cd492d067e73c57b,1783886843,2026-07-12 20:07:23+00:00,1331725,0xC216BfA5dA000965E820845c32e6FD88DB275743,0xC216BfA5dA000965E820845c32e6FD88DB275743,-145918,-146200,-145800,498831375019177059810780,504152444532325304942361,498831375019177059810780,True,98.9445514802404,98.9445514802404,100.0,4314686.690852675,4.743372854118554,True,True
25519112,2915caaa8d8365382876d16e3a4916c9131ada32df0c9344b94cf61152590039,1783890275,2026-07-12 21:04:35+00:00,1331730,0xC216BfA5dA000965E820845c32e6FD88DB275743,0xC216BfA5dA000965E820845c32e6FD88DB275743,-145918,-146200,-145800,490942452687288670676302,496263522200436915807883,490942452687288670676302,True,98.9277733955632,98.9277733955632,100.0,4229085.723302441,4.676353380146602,True,True
25519265,b0c0d110631b49e689d675b9a5eecb315a790267cb276bf932c05d6d626ef56c,1783892111,2026-07-12 21:35:11+00:00,1331753,0xC216BfA5dA000965E820845c32e6FD88DB275743,0xC216BfA5dA000965E820845c32e6FD88DB275743,-145918,-146200,-145800,491296270375178869908338,496617339888327115039919,491296270375178869908338,True,98.92853730915944,98.92853730915944,100.0,4120312.426231272,4.731222950279402,True,True
25519328,e636a51ef507f77a35faec7e2ad67e346740d7f45ed01ce31342b74975bb5e2c,1783892867,2026-07-12 21:47:47+00:00,1331756,0xC216BfA5dA000965E820845c32e6FD88DB275743,0xC216BfA5dA000965E820845c32e6FD88DB275743,-145915,-146200,-145800,486583749165494562556845,491904818678642807688426,486583749165494562556845,True,98.91827253747142,98.91827253747142,100.0,4080790.32751004,4.685840988629438,True,True
25519412,919353dd1400b611ef399041c54d27f7897017373c6c64f1403f6d41d1fb957d,1783893887,2026-07-12 22:04:47+00:00,1331762,0xC216BfA5dA000965E820845c32e6FD88DB275743,0xC216BfA5dA000965E820845c32e6FD88DB275743,-145915,-146200,-145800,486189544688040431323357,491510614201188676454938,486189544688040431323357,True,98.91740496351312,98.91740496351312,100.0,4077484.2865224103,4.682044767523567,True,True
25519437,bc93202494002bd75b663cb1972af6116030939b75ccc9e9a8b7204411bd9769,1783894187,2026-07-12 22:09:47+00:00,1331768,0xC216BfA5dA000965E820845c32e6FD88DB275743,0xC216BfA5dA000965E820845c32e6FD88DB275743,-145915,-146200,-145800,489054628001296677352130,494375697514444922483711,489054628001296677352130,True,98.9236789874784,98.9236789874784,100.0,4101512.635788694,4.709635752319337,True,True
25519483,d367d27c47460d83e72c84060d7c0ddaab3b0b91f205ac6d823d631734f4a93a,1783894739,2026-07-12 22:18:59+00:00,1331774,0xC216BfA5dA000965E820845c32e6FD88DB275743,0xC216BfA5dA000965E820845c32e6FD88DB275743,-145915,-146200,-145800,490266804116538650536613,495587873629686895668194,490266804116538650536613,True,98.9263115995602,98.9263115995602,100.0,4111678.6895765606,4.721309106671964,True,True
25519523,c43dafe333b52c1b23b379a361bd5bcd6de0727218e585fb5ed54aedc06f5109,1783895219,2026-07-12 22:26:59+00:00,1331775,0xC216BfA5dA000965E820845c32e6FD88DB275743,0xC216BfA5dA000965E820845c32e6FD88DB275743,-145915,-146200,-145800,490209593768231947258864,495530663281380192390445,490209593768231947258864,True,98.9261876393456,98.9261876393456,100.0,4111198.8884397494,4.720758166375399,True,True
25519578,6aea91fa77a328a1b7273724aed956bd001f187ab9314f8271eec0c8700b4e83,1783895879,2026-07-12 22:37:59+00:00,1331781,0xC216BfA5dA000965E820845c32e6FD88DB275743,0xC216BfA5dA000965E820845c32e6FD88DB275743,-145915,-146200,-145800,489089875670226421509678,494410945183374666641259,489089875670226421509678,True,98.92375572082558,98.92375572082558,100.0,4101808.244400125,4.709975190231327,True,True
25519831,122040c02d08c3e592cd29698c80a9a1f9ff8a0e75a11cf4f90fc63dba940aff,1783898927,2026-07-12 23:28:47+00:00,1331783,0xC216BfA5dA000965E820845c32e6FD88DB275743,0xC216BfA5dA000965E820845c32e6FD88DB275743,-145914,-146200,-145800,489695300843621093103706,495016370356769338235287,489695300843621093103706,True,98.92507201139364,98.92507201139364,100.0,4081414.463441495,4.727538523227135,True,True
25519919,e42453ab73c6e7614d0f7cf3c35a903951768ff33fa1ba9c917bb133952c47fb,1783899983,2026-07-12 23:46:23+00:00,1331806,0xC216BfA5dA000965E820845c32e6FD88DB275743,0xC216BfA5dA000965E820845c32e6FD88DB275743,-145914,-146200,-145800,487324867253558457515519,492645936766706702647100,487324867253558457515519,True,98.91989984773424,98.91989984773424,100.0,4061657.847598047,4.704654260105828,True,True
25519952,8c6b8de034592960dc1dea04948584bf52de931d6ed024be4deab8618f543779,1783900379,2026-07-12 23:52:59+00:00,1331810,0xC216BfA5dA000965E820845c32e6FD88DB275743,0xC216BfA5dA000965E820845c32e6FD88DB275743,-145914,-146200,-145800,487316771237112679022535,492637840750260924154116,487316771237112679022535,True,98.91988209735482,98.91988209735482,100.0,4061590.370539229,4.704576100830936,True,True
25520111,4b8db0882d6bc3745a5c18f8d2e950943c168cf3083860ac6bf50fc6854534e5,1783902287,2026-07-13 00:24:47+00:00,1331819,0xC216BfA5dA000965E820845c32e6FD88DB275743,0xC216BfA5dA000965E820845c32e6FD88DB275743,-145920,-146200,-145800,489565349659989336958415,494886419173137582089996,489565349659989336958415,True,98.92478974831462,98.92478974831462,100.0,4289181.521464467,4.630103987268645,True,True
25521109,ef4abd96980440236c60ab25ae1c86ccc3b5db0d4cb217f00900cd598e5c2f32,1783914299,2026-07-13 03:44:59+00:00,1331861,0xC216BfA5dA000965E820845c32e6FD88DB275743,0xC216BfA5dA000965E820845c32e6FD88DB275743,-145898,-146000,-145600,462722322286914876400263,468043391800063121531844,462722322286914876400263,True,98.86312474305346,98.86312474305346,100.0,10048462.255357845,1.6108526184153655,True,True
25521392,1fa1558885738ebab712099f6ace0ebf10487ce40f8a52f97a964408c8f85e22,1783917707,2026-07-13 04:41:47+00:00,1332022,0xC216BfA5dA000965E820845c32e6FD88DB275743,0xC216BfA5dA000965E820845c32e6FD88DB275743,-145801,-146000,-145600,697565952436199567080501,702887021949347812212082,697565952436199567080501,True,99.24296944644232,99.24296944644232,100.0,10168162.775155636,4.7374596427830475,True,True
25521496,9aaa93f3317496521e11faacaf55d2d993428697a86b7f5ff25ee201bb598d61,1783918967,2026-07-13 05:02:47+00:00,1332041,0xC216BfA5dA000965E820845c32e6FD88DB275743,0xC216BfA5dA000965E820845c32e6FD88DB275743,-145759,-146000,-145600,582781120618799208058162,589105589595739624152461,582781120618799208058162,True,98.92642862525196,98.92642862525196,100.0,6728470.539325315,4.782653977475841,True,True
25521632,100e9e062dae5b10f5a63249cd3160af56e639a15409c550e3940522a2656bf4,1783920611,2026-07-13 05:30:11+00:00,1332056,0xC216BfA5dA000965E820845c32e6FD88DB275743,0xC216BfA5dA000965E820845c32e6FD88DB275743,-145600,-145800,-145400,693062414228642291354751,836396839984490372679481,693062414228642291354751,True,82.86286856864429,82.86286856864429,100.0,9995782.770511108,4.7571317779538544,True,True
25522196,4421f27a88911ea37304c38b8108a377c4bf1ff1f4b562618a4a781b05922d91,1783927439,2026-07-13 07:23:59+00:00,1332074,0xC216BfA5dA000965E820845c32e6FD88DB275743,0xC216BfA5dA000965E820845c32e6FD88DB275743,-145600,-145800,-145400,696110598635086292327138,839445024390934373651868,696110598635086292327138,True,82.92509674950477,82.92509674950477,100.0,10039745.606391026,4.778054301823651,True,True
25523116,70ff258af678189fcd41a6772441382789a685f8cb46dac31db383203ed756ef,1783938575,2026-07-13 10:29:35+00:00,1332159,0xC216BfA5dA000965E820845c32e6FD88DB275743,0xC216BfA5dA000965E820845c32e6FD88DB275743,-145600,-145800,-145400,692442031580355998383122,835776457336204079707852,692442031580355998383122,True,82.85014796747384,82.85014796747384,100.0,9986835.221113602,4.752873514989272,True,True
25523372,cd6f8cf7ed9a5e752b57d30191c1ffc30e0b905c49713b5804eb3b0df6d56f5d,1783941671,2026-07-13 11:21:11+00:00,1332314,0xC216BfA5dA000965E820845c32e6FD88DB275743,0xC216BfA5dA000965E820845c32e6FD88DB275743,-145600,-145800,-145400,693395627339584181383772,836730053095432262708502,693395627339584181383772,True,82.86969313154331,82.86969313154331,100.0,10000588.579922903,4.759418929365256,True,True
25523750,8eb19b0844ac8bf4d32f70a002eb4e8bed1d36744edf30016fae39f124c9e444,1783946219,2026-07-13 12:36:59+00:00,1332340,0xC216BfA5dA000965E820845c32e6FD88DB275743,0xC216BfA5dA000965E820845c32e6FD88DB275743,-145580,-145800,-145400,631004465235321727334090,774338890991169808658820,631004465235321727334090,True,81.48944507070063,81.48944507070063,100.0,8185416.115821442,4.766687333252911,True,True
25526369,677d1497535b5ef208947d6a6251680528d429bb550faac220d9df0690c802ab,1783977767,2026-07-13 21:22:47+00:00,1332592,0xC216BfA5dA000965E820845c32e6FD88DB275743,0xC216BfA5dA000965E820845c32e6FD88DB275743,-145652,-145800,-145400,562738217853940329151298,569062686830880745245597,562738217853940329151298,True,98.88861646997776,98.88861646997776,100.0,10206163.949402858,2.871696875686465,True,True
25526450,0c6c21d958b1275dd413d62aba5206e5ecd1255df0f6ee2963f35e59faf271bd,1783978739,2026-07-13 21:38:59+00:00,1332615,0xC216BfA5dA000965E820845c32e6FD88DB275743,0xC216BfA5dA000965E820845c32e6FD88DB275743,-145702,-145800,-145400,566747948372987164284294,573072417349927580378593,566747948372987164284294,True,98.89639270963576,98.89639270963576,100.0,12377331.45564906,1.9023171849421812,True,True
25526915,45936ca2ecdc026574214684022777e5e5eca5f226667968df12789a216937c8,1783984331,2026-07-13 23:12:11+00:00,1332643,0xC216BfA5dA000965E820845c32e6FD88DB275743,0xC216BfA5dA000965E820845c32e6FD88DB275743,-145702,-146000,-145600,474519006486801372293490,480843475463741788387789,474519006486801372293490,True,98.68471357111774,98.68471357111774,100.0,3515055.0143510927,4.815401576320615,True,True
25528171,0456c8465f3f58deb53abbccd03b6c28a62022d573f79dc9e59fb83f407dead5,1783999451,2026-07-14 03:24:11+00:00,1332795,0xC216BfA5dA000965E820845c32e6FD88DB275743,0xC216BfA5dA000965E820845c32e6FD88DB275743,-145811,-146000,-145600,670891993425537660398926,676213062938685905530507,670891993425537660398926,True,99.2131075537015,99.2131075537015,100.0,10303820.495619982,4.312077697672493,True,True
25528648,2a59e33064a04fd7a775137a67dea59fb3d238cf980b899b2b635a9486868e44,1784005187,2026-07-14 04:59:47+00:00,1332817,0xC216BfA5dA000965E820845c32e6FD88DB275743,0xC216BfA5dA000965E820845c32e6FD88DB275743,-145807,-146000,-145600,673341994618814180732251,678663064131962425863832,673341994618814180732251,True,99.215948267355,99.215948267355,100.0,10120573.491390243,4.430646202620552,True,True
25530329,a67cb75f0de1bcd0a07a6f76019afc1f5dfc50d4ca8ac096834acdade5aec8d5,1784025431,2026-07-14 10:37:11+00:00,1332896,0xC216BfA5dA000965E820845c32e6FD88DB275743,0xC216BfA5dA000965E820845c32e6FD88DB275743,-145807,-146000,-145600,683048465432523029516194,688369534945671274647775,683048465432523029516194,True,99.22700392114706,99.22700392114706,100.0,8212754.280738436,5.4527358078619965,True,True
25530902,17c3b65584af55458776fddb32c864647b8f1c6ad4f414890c2e012f7d9fc6b2,1784032319,2026-07-14 12:31:59+00:00,1333050,0xC216BfA5dA000965E820845c32e6FD88DB275743,0xC216BfA5dA000965E820845c32e6FD88DB275743,-145720,-146000,-145600,493772257179829305392236,500096726156769721486535,493772257179829305392236,True,98.73535085391504,98.73535085391504,100.0,4277965.942795289,4.7191847595135,True,True
25533453,8139780675685256fb000551fa10686705de37a027819a4467689b612765514e,1784063135,2026-07-14 21:05:35+00:00,1333437,0xC216BfA5dA000965E820845c32e6FD88DB275743,0xC216BfA5dA000965E820845c32e6FD88DB275743,-145994,-146200,-145800,652634016150013279496664,657955085663161524628245,652634016150013279496664,True,99.19127161882408,99.19127161882408,100.0,9298423.902781932,4.530003172681876,True,True
25533603,1a6e245f0bf56b3f8721ccf3c3775ff4922c49ad0222d7f5fdadec5dee909fdd,1784064935,2026-07-14 21:35:35+00:00,1333468,0xC216BfA5dA000965E820845c32e6FD88DB275743,0xC216BfA5dA000965E820845c32e6FD88DB275743,-146155,-146400,-146000,553929873979364447053942,559250943492512692185523,553929873979364447053942,True,99.04853633685116,99.04853633685116,100.0,6375282.681142143,4.522984941130121,True,True
25535164,ec7f268ad3b9625ed8859d72f1554d3dfdc0ec5234591b7b68b0de16afaa2f20,1784083715,2026-07-15 02:48:35+00:00,1333491,0xC216BfA5dA000965E820845c32e6FD88DB275743,0xC216BfA5dA000965E820845c32e6FD88DB275743,-146145,-146400,-146000,554505548098068542683099,559826617611216787814680,554505548098068542683099,True,99.04951473442738,99.04951473442738,100.0,5965193.964154023,4.715161322094255,True,True
25535540,fd43322b32faa3488e10e9ceb5aef5f6a26f7e022d319f4d560382e53441bae3,1784088251,2026-07-15 04:04:11+00:00,1333709,0xC216BfA5dA000965E820845c32e6FD88DB275743,0xC216BfA5dA000965E820845c32e6FD88DB275743,-146145,-146400,-146000,535024562896408042576653,540345632409556287708234,535024562896408042576653,True,99.01524705781,99.01524705781,100.0,5755623.733992562,4.549507455772769,True,True
25537599,7286574a2c52cff219efb821cd4e09ba7cceea1f1e9c083c7a15de7cbb97261f,1784112995,2026-07-15 10:56:35+00:00,1333780,0xC216BfA5dA000965E820845c32e6FD88DB275743,0xC216BfA5dA000965E820845c32e6FD88DB275743,-146143,-146400,-146000,532339127382380295147799,537660196895528540279380,532339127382380295147799,True,99.01032854135896,99.01032854135896,100.0,5649032.263295257,4.561650864913519,True,True
25538190,ff1e22d9dddbb9b5645a2c0608aa6a9c5b71938f54cf66e4c447953c39db564b,1784120123,2026-07-15 12:55:23+00:00,1334023,0xC216BfA5dA000965E820845c32e6FD88DB275743,0xC216BfA5dA000965E820845c32e6FD88DB275743,-146143,-146400,-146000,527826860938534862945369,533147930451683108076950,527826860938534862945369,True,99.00195251463506,99.00195251463506,100.0,5601149.367955201,4.522984941130121,True,True
25541602,3b920cf6f78c0760db79b534d9b3d2da6aa6c1bf8b964a1fa4f4ee4f2e9e73b7,1784161235,2026-07-16 00:20:35+00:00,1334640,0xC216BfA5dA000965E820845c32e6FD88DB275743,0xC216BfA5dA000965E820845c32e6FD88DB275743,-146310,-146600,-146200,460014446975308631885197,465335516488456877016778,460014446975308631885197,True,98.8565090510816,98.8565090510816,100.0,3769762.1977535663,4.415803520826154,True,True
25545631,4c639f98d1a14981e30443d915bb0b6ae8a07a171614734519a3a6a6d70f0760,1784209751,2026-07-16 13:49:11+00:00,1334772,0xC216BfA5dA000965E820845c32e6FD88DB275743,0xC216BfA5dA000965E820845c32e6FD88DB275743,-146230,-146400,-146000,586667955170248859544724,591989024683397104676305,586667955170248859544724,True,99.10115402629398,99.10115402629398,100.0,10021241.3242269,3.325744896723661,True,True
25547664,9b10e6d9ce54c2e599e13240e5e91bce88ecd07a9da77b7f31c59249547cb209,1784234231,2026-07-16 20:37:11+00:00,1335327,0xC216BfA5dA000965E820845c32e6FD88DB275743,0xC216BfA5dA000965E820845c32e6FD88DB275743,-146219,-146400,-146000,735317067381371700711417,740638136894519945842998,735317067381371700711417,True,99.28155610033,99.28155610033,100.0,11933663.151557175,4.448307697484884,True,True
25548010,8ec0d8985eacf98c7029cb95fd6499a87e4af950d5ab2d2fa99306a2035ca280,1784238407,2026-07-16 21:46:47+00:00,1335338,0xC216BfA5dA000965E820845c32e6FD88DB275743,0xC216BfA5dA000965E820845c32e6FD88DB275743,-146219,-146400,-146000,732295677728737963217511,737616747241886208349092,732295677728737963217511,True,99.27861324555808,99.27861324555808,100.0,11875829.776542127,4.433961204698906,True,True
25548126,ca60ef078e9100f83c0a29cd6bf3dbaceac261836df6736f0b3e48ca6d3c12c1,1784239799,2026-07-16 22:09:59+00:00,1335357,0xC216BfA5dA000965E820845c32e6FD88DB275743,0xC216BfA5dA000965E820845c32e6FD88DB275743,-146219,-146400,-146000,729155727599819706811648,734476797112967951943229,729155727599819706811648,True,99.2755292564634,99.2755292564634,100.0,11824908.387311043,4.414949188815521,True,True
25548169,5d6d87f28bbdac4a43cd0ebae6ca90d21a65053eeb54aa02d3b7bf935e361be2,1784240315,2026-07-16 22:18:35+00:00,1335358,0xC216BfA5dA000965E820845c32e6FD88DB275743,0xC216BfA5dA000965E820845c32e6FD88DB275743,-146219,-146400,-146000,727847207616524534758977,733168277129672779890558,727847207616524534758977,True,99.27423625937828,99.27423625937828,100.0,11803687.777858568,4.40702625956992,True,True
25550462,608066661ce3e4c53fc9fa616df9b7be90e1f21a562e629db12c2858d9d46bb5,1784267903,2026-07-17 05:58:23+00:00,1335366,0xC216BfA5dA000965E820845c32e6FD88DB275743,0xC216BfA5dA000965E820845c32e6FD88DB275743,-146248,-146400,-146000,733109478285431593077000,738430547798579838208581,733109478285431593077000,True,99.2794082626983,99.2794082626983,100.0,13520889.886632936,3.710793766365338,True,True
25550762,6565ce51465f7cd2ef80c5ecb12585d8c3cca1d1b3ddcfa7fd57949a57b2fab9,1784271503,2026-07-17 06:58:23+00:00,1335637,0xC216BfA5dA000965E820845c32e6FD88DB275743,0xC216BfA5dA000965E820845c32e6FD88DB275743,-146248,-146400,-146000,609473067143262600955473,614794136656410846087054,609473067143262600955473,True,99.13449572858858,99.13449572858858,100.0,11240637.958992615,3.0849810639635886,True,True
25550803,bdd707af3e41be3f8d0464640f30e9fed866e38447f1c7d2797cb78efb4d592a,1784271995,2026-07-17 07:06:35+00:00,1335656,0xC216BfA5dA000965E820845c32e6FD88DB275743,0xC216BfA5dA000965E820845c32e6FD88DB275743,-146248,-146400,-146000,642399112933826338785728,647720182446974583917309,642399112933826338785728,True,99.17849255630011,99.17849255630011,100.0,11847899.83832016,3.2516434371693443,True,True
25552159,fc5e33cb6fa20e9ec3709e4b6408421f1704cdc334419e08c620366b0374d5e7,1784288315,2026-07-17 11:38:35+00:00,1335663,0xC216BfA5dA000965E820845c32e6FD88DB275743,0xC216BfA5dA000965E820845c32e6FD88DB275743,-146173,-146400,-146000,643201566819004235383411,648522636332152480514992,643201566819004235383411,True,99.17950905411064,99.17950905411064,100.0,8261296.979276116,4.866189536969131,True,True
25552708,a53785f03b5b71282368250d439b90943b0f63de3b803bba8db49971f1d33a27,1784294915,2026-07-17 13:28:35+00:00,1335876,0xC216BfA5dA000965E820845c32e6FD88DB275743,0xC216BfA5dA000965E820845c32e6FD88DB275743,-146173,-146400,-146000,732143886598351825789277,737464956111500070920858,732143886598351825789277,True,99.278464763776,99.278464763776,100.0,9403674.354624923,5.539089306235109,True,True
25555271,30190861dc1d426e88e5f0371ba5f546568f7b72411089481ba9555bfd66d904,1784325719,2026-07-17 22:01:59+00:00,1336005,0xC216BfA5dA000965E820845c32e6FD88DB275743,0xC216BfA5dA000965E820845c32e6FD88DB275743,-146136,-146400,-146000,648671448718794062282982,653992518231942307414563,648671448718794062282982,True,99.18637150046706,99.18637150046706,100.0,6539284.017372718,5.713541853234555,True,True
25556088,549ff5542d4a3cd059136402cf309e8e02a5cb06b240e3df43afca6e42dda1f5,1784335571,2026-07-18 00:46:11+00:00,1336347,0xC216BfA5dA000965E820845c32e6FD88DB275743,0xC216BfA5dA000965E820845c32e6FD88DB275743,-146163,-146400,-146000,700718720406636536927529,706039789919784782059110,700718720406636536927529,True,99.24634990986092,99.24634990986092,100.0,8472049.401339108,5.538457359392614,True,True
25556227,b5c35742a285a3e19589ae3d5f0ec5e8ffb0f90789d7711648ab15c6e5d7fcb6,1784337239,2026-07-18 01:13:59+00:00,1336361,0xC216BfA5dA000965E820845c32e6FD88DB275743,0xC216BfA5dA000965E820845c32e6FD88DB275743,-146163,-146400,-146000,700851985754954153780708,706173055268102398912289,700851985754954153780708,True,99.24649213483116,99.24649213483116,100.0,8473660.647880057,5.53951068425414,True,True
25556367,edaaa8ef21e0cfd373f9713076ec9e2c46b8197bca1f1c8a3b81d629e93ce724,1784338931,2026-07-18 01:42:11+00:00,1336362,0xC216BfA5dA000965E820845c32e6FD88DB275743,0xC216BfA5dA000965E820845c32e6FD88DB275743,-146163,-146400,-146000,700707300020636629662794,706028369533784874794375,700707300020636629662794,True,99.24633771916815,99.24633771916815,100.0,8471911.323003884,5.5383670930431546,True,True
25556528,bc418de0129041da2b8cd48627654696a3bfc4abf9ad9f81e807b07f3cbe9faa,1784340875,2026-07-18 02:14:35+00:00,1336378,0xC216BfA5dA000965E820845c32e6FD88DB275743,0xC216BfA5dA000965E820845c32e6FD88DB275743,-146163,-146400,-146000,699536784757705445588643,704857854270853690720224,699536784757705445588643,True,99.24508615731428,99.24508615731428,100.0,8457759.19199357,5.529115379504661,True,True
25557178,b2cd186d2ff5252c8813a84342f93036a300984391f362e72b6453e229374153,1784348723,2026-07-18 04:25:23+00:00,1336401,0xC216BfA5dA000965E820845c32e6FD88DB275743,0xC216BfA5dA000965E820845c32e6FD88DB275743,-146163,-146400,-146000,699867020825423744526056,705188090338571989657637,699867020825423744526056,True,99.24543967970396,99.24543967970396,100.0,8461751.915747533,5.53172555435275,True,True
25557218,f57b11a293b1ebac4d11bcf3a9a99fa5ac62322e7ff7a7d0daf4c71135b19760,1784349203,2026-07-18 04:33:23+00:00,1336414,0xC216BfA5dA000965E820845c32e6FD88DB275743,0xC216BfA5dA000965E820845c32e6FD88DB275743,-146163,-146400,-146000,699294051362611972663474,704615120875760217795055,699294051362611972663474,True,99.24482609647453,99.24482609647453,100.0,8454824.420515804,5.5271968228580715,True,True
25557235,9988bc064ff56a926379c39a671b5669bb2280eaf8a2740c964b19194217d199,1784349407,2026-07-18 04:36:47+00:00,1336419,0xC216BfA5dA000965E820845c32e6FD88DB275743,0xC216BfA5dA000965E820845c32e6FD88DB275743,-146163,-146400,-146000,699855628184501352487121,705176697697649597618702,699855628184501352487121,True,99.2454274892348,99.2454274892348,100.0,8461614.172864553,5.531635507299458,True,True
25558497,d46ab38db660c55a54e04e06b33febc59b86ff9a9b7823ae8230b742cc6d5e3b,1784364599,2026-07-18 08:49:59+00:00,1336420,0xC216BfA5dA000965E820845c32e6FD88DB275743,0xC216BfA5dA000965E820845c32e6FD88DB275743,-146163,-146400,-146000,699927787841837736887888,705248857354985982019469,699927787841837736887888,True,99.24550469559004,99.24550469559004,100.0,8447624.184143314,5.538883843958443,True,True
25558897,07282225cb6c499e0579a3fdaaa36911aff5dcbee1bff9947fcb01b8f2b15067,1784369399,2026-07-18 10:09:59+00:00,1336491,0xC216BfA5dA000965E820845c32e6FD88DB275743,0xC216BfA5dA000965E820845c32e6FD88DB275743,-146224,-146400,-146000,750641883020694461891544,755962952533842707023125,750641883020694461891544,True,99.29612033297228,99.29612033297228,100.0,12470336.389411578,4.412377727991833,True,True
25558977,2285bece7d4c52f073838db0e69a0e27c77e76e526df39fb969384fc37bbf6e2,1784370359,2026-07-18 10:25:59+00:00,1336496,0xC216BfA5dA000965E820845c32e6FD88DB275743,0xC216BfA5dA000965E820845c32e6FD88DB275743,-146224,-146400,-146000,750641883020694461891544,755962952533842707023125,750641883020694461891544,True,99.29612033297228,99.29612033297228,100.0,12470336.389411578,4.412377727991833,True,True
25559042,423de781a38d5fe381e187132c12ed7c94bd9dbeb0ce46fa5356ced2a7e3606b,1784371139,2026-07-18 10:38:59+00:00,1336500,0xC216BfA5dA000965E820845c32e6FD88DB275743,0xC216BfA5dA000965E820845c32e6FD88DB275743,-146255,-146400,-146000,648504795885007554026692,653825865398155799158273,648504795885007554026692,True,99.1861641157454,99.1861641157454,100.0,12272949.609856058,3.143397268321861,True,True
25559300,582536a380db007713d0c2b41dc493bc29bb09013921608ac3c81b06f672e6cf,1784374247,2026-07-18 11:30:47+00:00,1336506,0xC216BfA5dA000965E820845c32e6FD88DB275743,0xC216BfA5dA000965E820845c32e6FD88DB275743,-146255,-146400,-146000,648504795885007554026692,653825865398155799158273,648504795885007554026692,True,99.1861641157454,99.1861641157454,100.0,12272949.609856058,3.143397268321861,True,True
25559457,202efd39c721570699cc79fc6278f071f585dfe7f0f5236d6018fa616a33b799,1784376131,2026-07-18 12:02:11+00:00,1336526,0xC216BfA5dA000965E820845c32e6FD88DB275743,0xC216BfA5dA000965E820845c32e6FD88DB275743,-146256,-146400,-146000,649298363774687230933956,654619433287835476065537,649298363774687230933956,True,99.18715069511104,99.18715069511104,100.0,12376283.38589666,3.107927114302136,True,True
25559948,94b10a061f9230fe3a8976148f1bb32d916efd1e2de2b7d047cd13e32765cf60,1784382035,2026-07-18 13:40:35+00:00,1336538,0xC216BfA5dA000965E820845c32e6FD88DB275743,0xC216BfA5dA000965E820845c32e6FD88DB275743,-146256,-146400,-146000,641540998394828196157834,646862067907976441289415,641540998394828196157834,True,99.17740276062916,99.17740276062916,100.0,12228420.157486623,3.070795762146166,True,True
25559972,97aee6a298494587e91d729c1f6781bd0ab44a0d90da5e2043c38b355a2896a9,1784382323,2026-07-18 13:45:23+00:00,1336595,0xC216BfA5dA000965E820845c32e6FD88DB275743,0xC216BfA5dA000965E820845c32e6FD88DB275743,-146256,-146400,-146000,643910524903696468220350,649231594416844713351931,643910524903696468220350,True,99.18040502666422,99.18040502666422,100.0,12273585.728817595,3.0821377215531744,True,True
25559984,5781cf4ef67a4f70b7bf6b7b1a6347e13bac5780804d8ee23ddd14838d9dd989,1784382467,2026-07-18 13:47:47+00:00,1336597,0xC216BfA5dA000965E820845c32e6FD88DB275743,0xC216BfA5dA000965E820845c32e6FD88DB275743,-146256,-146400,-146000,643910524903696468220350,649231594416844713351931,643910524903696468220350,True,99.18040502666422,99.18040502666422,100.0,12273585.728817595,3.0821377215531744,True,True
25560042,9b0a0deddbab913babc796816f3ff3d3053a63445f493ac70add21bee0b1e843,1784383175,2026-07-18 13:59:35+00:00,1336598,0xC216BfA5dA000965E820845c32e6FD88DB275743,0xC216BfA5dA000965E820845c32e6FD88DB275743,-146256,-146400,-146000,643910524903696468220350,649231594416844713351931,643910524903696468220350,True,99.18040502666422,99.18040502666422,100.0,12273585.728817595,3.0821377215531744,True,True
25560078,1e3f698d30ba3dd8904c5908c615ce50f6391d418fc41f50006f27fb64d31314,1784383607,2026-07-18 14:06:47+00:00,1336602,0xC216BfA5dA000965E820845c32e6FD88DB275743,0xC216BfA5dA000965E820845c32e6FD88DB275743,-146256,-146400,-146000,643910524903696468220350,649231594416844713351931,643910524903696468220350,True,99.18040502666422,99.18040502666422,100.0,12273585.728817595,3.0821377215531744,True,True
25560083,6790e238dbe84fb368d03891299c64d5d9ecb3fc222ae9aa5b259cdf026234d0,1784383667,2026-07-18 14:07:47+00:00,1336606,0xC216BfA5dA000965E820845c32e6FD88DB275743,0xC216BfA5dA000965E820845c32e6FD88DB275743,-146256,-146400,-146000,643910524903696468220350,649231594416844713351931,643910524903696468220350,True,99.18040502666422,99.18040502666422,100.0,12273585.728817595,3.0821377215531744,True,True
25560171,f3d40b3de023feae6ecd7de5df3a57d1cbb4091c84bf800e7643e9d2ea890ca6,1784384723,2026-07-18 14:25:23+00:00,1336620,0xC216BfA5dA000965E820845c32e6FD88DB275743,0xC216BfA5dA000965E820845c32e6FD88DB275743,-146256,-146400,-146000,643118743281232392462023,648439812794380637593604,643118743281232392462023,True,99.17940425492728,99.17940425492728,100.0,12258493.570441604,3.0783477850457786,True,True
25560229,5be26564ccd1a7a59a46e8ba11d419eb5fe799b43d797553631aa2936088568b,1784385431,2026-07-18 14:37:11+00:00,1336621,0xC216BfA5dA000965E820845c32e6FD88DB275743,0xC216BfA5dA000965E820845c32e6FD88DB275743,-146256,-146400,-146000,643118743281232392462023,648439812794380637593604,643118743281232392462023,True,99.17940425492728,99.17940425492728,100.0,12258493.570441604,3.0783477850457786,True,True
25560463,d5d7362f5046d2009a26a63169bafcb6b7a07f062b95ff416970431530af8ae0,1784388251,2026-07-18 15:24:11+00:00,1336636,0xC216BfA5dA000965E820845c32e6FD88DB275743,0xC216BfA5dA000965E820845c32e6FD88DB275743,-146256,-146400,-146000,643118743281232392462023,648439812794380637593604,643118743281232392462023,True,99.17940425492728,99.17940425492728,100.0,12258493.570441604,3.0783477850457786,True,True
25561501,b594e2a93deeeae9701c1cb35db29f906ca1746b79a82a4648ed16003c4be458,1784400743,2026-07-18 18:52:23+00:00,1336649,0xC216BfA5dA000965E820845c32e6FD88DB275743,0xC216BfA5dA000965E820845c32e6FD88DB275743,-146281,-146400,-146000,643910524903696468220350,649231594416844713351931,643910524903696468220350,True,99.18040502666422,99.18040502666422,100.0,13472338.987501835,2.549181791473532,True,True
25561529,a8b141a5392e46a2826701dca46f799792a69909c46fdd6f86a8cb6274e53cfb,1784401079,2026-07-18 18:57:59+00:00,1336716,0xC216BfA5dA000965E820845c32e6FD88DB275743,0xC216BfA5dA000965E820845c32e6FD88DB275743,-146281,-146400,-146000,584082466602029493078902,589403536115177738210483,584082466602029493078902,True,99.09721113174515,99.09721113174515,100.0,12220575.192330712,2.312328081302175,True,True
25561559,471c1c88a50d3cbf0ccfab48ef27b810bee999e60466c5cd08ddf58591147d6f,1784401439,2026-07-18 19:03:59+00:00,1336718,0xC216BfA5dA000965E820845c32e6FD88DB275743,0xC216BfA5dA000965E820845c32e6FD88DB275743,-146269,-146400,-146000,584082466602029363750272,589403536115177608881853,584082466602029363750272,True,99.09721113174515,99.09721113174515,100.0,11679606.422161631,2.5526883669022227,True,True
25562115,b153fa0f7f710d745a1336217283fbe6439ba7c943b94dd389c263e77f5e5c26,1784408147,2026-07-18 20:55:47+00:00,1336766,0xC216BfA5dA000965E820845c32e6FD88DB275743,0xC216BfA5dA000965E820845c32e6FD88DB275743,-146269,-146400,-146000,621345712629981837116049,626666782143130082247630,621345712629981837116049,True,99.1508933192612,99.1508933192612,100.0,12424741.009321231,2.7155445731532857,True,True
25562165,5a69d24c8517a786d9450f732af42c34a07a018c86717d937638bf6367db6a55,1784408747,2026-07-18 21:05:47+00:00,1336785,0xC216BfA5dA000965E820845c32e6FD88DB275743,0xC216BfA5dA000965E820845c32e6FD88DB275743,-146269,-146400,-146000,622103913621598670213957,627424983134746915345538,622103913621598670213957,True,99.1519194077094,99.1519194077094,100.0,12439902.377239866,2.7188582334011846,True,True
25562288,db2e17fd6ae31ef9d6f16cef9355c483040cc6d2d98b05895ee5438a36cddabb,1784410247,2026-07-18 21:30:47+00:00,1336794,0xC216BfA5dA000965E820845c32e6FD88DB275743,0xC216BfA5dA000965E820845c32e6FD88DB275743,-146269,-146400,-146000,621724581966951400312032,627045651480099645443613,621724581966951400312032,True,99.15140636083063,99.15140636083063,100.0,12432317.07091228,2.7172003930149646,True,True
25562299,bb128c583c9f3aa2e62524abc6740f7ec4c3dc1700107544e71f818c2ca1f3f9,1784410379,2026-07-18 21:32:59+00:00,1336796,0xC216BfA5dA000965E820845c32e6FD88DB275743,0xC216BfA5dA000965E820845c32e6FD88DB275743,-146269,-146400,-146000,621724581966951400312032,627045651480099645443613,621724581966951400312032,True,99.15140636083063,99.15140636083063,100.0,12432317.07091228,2.7172003930149646,True,True
25562301,126f8e31aeaf9bf0733b89f67cc7f67b82925208e16c216c307649b78b187a9f,1784410403,2026-07-18 21:33:23+00:00,1336798,0xC216BfA5dA000965E820845c32e6FD88DB275743,0xC216BfA5dA000965E820845c32e6FD88DB275743,-146269,-146400,-146000,621724581966951400312032,627045651480099645443613,621724581966951400312032,True,99.15140636083063,99.15140636083063,100.0,12432317.07091228,2.7172003930149646,True,True
25562303,dd45628afd4cf5ebd80deac8568d90afdf1edff179b79e01634e451f67f0f8e5,1784410427,2026-07-18 21:33:47+00:00,1336799,0xC216BfA5dA000965E820845c32e6FD88DB275743,0xC216BfA5dA000965E820845c32e6FD88DB275743,-146269,-146400,-146000,621724581966951400312032,627045651480099645443613,621724581966951400312032,True,99.15140636083063,99.15140636083063,100.0,12432317.07091228,2.7172003930149646,True,True
25562892,83f4c1aa29a1757ea0fae0c25c203584efc58e7e2cc6ef81250975a3e447dea5,1784417531,2026-07-18 23:32:11+00:00,1336804,0xC216BfA5dA000965E820845c32e6FD88DB275743,0xC216BfA5dA000965E820845c32e6FD88DB275743,-146269,-146400,-146000,621724581966951400312032,627045651480099645443613,621724581966951400312032,True,99.15140636083063,99.15140636083063,100.0,12432317.07091228,2.7172003930149646,True,True
25562905,0811c8816b646fb8d60fdcfb3ab77192f1732a885820133046f60d2234596c96,1784417687,2026-07-18 23:34:47+00:00,1336881,0xC216BfA5dA000965E820845c32e6FD88DB275743,0xC216BfA5dA000965E820845c32e6FD88DB275743,-146269,-146400,-146000,609576844265186154947788,614897913778334400079369,609576844265186154947788,True,99.13464180087192,99.13464180087192,100.0,12189404.805283628,2.6641096216109257,True,True
25562915,1d3edabe701351338f2131babca463ff74b213dc8ad3835d5824339ee1674f33,1784417807,2026-07-18 23:36:47+00:00,1336884,0xC216BfA5dA000965E820845c32e6FD88DB275743,0xC216BfA5dA000965E820845c32e6FD88DB275743,-146269,-146400,-146000,609576844265186154947788,614897913778334400079369,609576844265186154947788,True,99.13464180087192,99.13464180087192,100.0,12189404.805283628,2.6641096216109257,True,True
25562922,9d0d81296e17b0e0a1615e7423b679a8b86b3057f4e385af180f3c20cc13f86e,1784417891,2026-07-18 23:38:11+00:00,1336885,0xC216BfA5dA000965E820845c32e6FD88DB275743,0xC216BfA5dA000965E820845c32e6FD88DB275743,-146269,-146400,-146000,609576844265186154947788,614897913778334400079369,609576844265186154947788,True,99.13464180087192,99.13464180087192,100.0,12189404.805283628,2.6641096216109257,True,True
25562939,23762d64963001dbeb6c744799eeb439d91745c708c6d79a13ba93c190f36c29,1784418095,2026-07-18 23:41:35+00:00,1336886,0xC216BfA5dA000965E820845c32e6FD88DB275743,0xC216BfA5dA000965E820845c32e6FD88DB275743,-146269,-146400,-146000,608838521174382862550403,614159590687531107681984,608838521174382862550403,True,99.13360149481808,99.13360149481808,100.0,12174640.92585553,2.6608828362292765,True,True
25562952,c4b571a288d16a63e7a5ac3a46fb528888efd963a2e3691d7555692f05320a72,1784418251,2026-07-18 23:44:11+00:00,1336887,0xC216BfA5dA000965E820845c32e6FD88DB275743,0xC216BfA5dA000965E820845c32e6FD88DB275743,-146269,-146400,-146000,609576844265186154947788,614897913778334400079369,609576844265186154947788,True,99.13464180087192,99.13464180087192,100.0,12189404.805283628,2.6641096216109257,True,True
25563173,1e8368b0cc065f03c064a93a4ae3d85a03038e3f595b69180af6160dd714957f,1784420927,2026-07-19 00:28:47+00:00,1336888,0xC216BfA5dA000965E820845c32e6FD88DB275743,0xC216BfA5dA000965E820845c32e6FD88DB275743,-146269,-146400,-146000,609576844265186154947788,614897913778334400079369,609576844265186154947788,True,99.13464180087192,99.13464180087192,100.0,12189404.805283628,2.6641096216109257,True,True
25563425,d25f07818113c150b2a81e01d6f52b08564716035feafcba1b667455ae223338,1784423951,2026-07-19 01:19:11+00:00,1336915,0xC216BfA5dA000965E820845c32e6FD88DB275743,0xC216BfA5dA000965E820845c32e6FD88DB275743,-146269,-146400,-146000,602273432069671641442647,607594501582819886574228,602273432069671641442647,True,99.1242400154566,99.1242400154566,100.0,12043362.106075972,2.632190609457314,True,True
25563887,8987ae5386327b6cbe3676331001005241ec9801b3b33fcef45c2ee40cfe27a9,1784429519,2026-07-19 02:51:59+00:00,1336976,0xC216BfA5dA000965E820845c32e6FD88DB275743,0xC216BfA5dA000965E820845c32e6FD88DB275743,-146269,-146400,-146000,413912482667256911731119,419233552180405156862700,413912482667256911731119,True,98.73076248657252,98.73076248657252,100.0,8276801.9367157,1.8089732868838928,True,True
25564243,585e4376f46c0ac2f3edb96ff90f6c42b4a7c373b6f4a07b92b3956dbba77b5e,1784433815,2026-07-19 04:03:35+00:00,1336984,0xC216BfA5dA000965E820845c32e6FD88DB275743,0xC216BfA5dA000965E820845c32e6FD88DB275743,-146269,-146400,-146000,414414499019794570698151,419735568532942815829732,414414499019794570698151,True,98.73228053277772,98.73228053277772,100.0,8286840.5078942515,1.8111673114889677,True,True
25565659,c3e9c30c174c6749b60a830006bbd515c0b79eb3e681b01368287d956cc38c39,1784450891,2026-07-19 08:48:11+00:00,1337058,0xC216BfA5dA000965E820845c32e6FD88DB275743,0xC216BfA5dA000965E820845c32e6FD88DB275743,-146375,-146600,-146200,492063153427145031210310,497384222940293276341891,492063153427145031210310,True,98.93018932492618,98.93018932492618,100.0,6459979.31469798,3.6520930381725902,True,True
25565786,e59272a5b07897b2c1f9c80dd357eeca0fdbbfbce146388ee2d6347f6dd59d8d,1784452427,2026-07-19 09:13:47+00:00,1337063,0xC216BfA5dA000965E820845c32e6FD88DB275743,0xC216BfA5dA000965E820845c32e6FD88DB275743,-146372,-146600,-146200,491451087204028975543735,496772156717177220675316,491451087204028975543735,True,98.92887122573224,98.92887122573224,100.0,6339904.934910901,3.696841637750877,True,True
25566357,eadbbc3f0a613610719e7e2143afc7790a0798b2f4254f4cc0566a794abd5ef5,1784459315,2026-07-19 11:08:35+00:00,1337082,0xC216BfA5dA000965E820845c32e6FD88DB275743,0xC216BfA5dA000965E820845c32e6FD88DB275743,-146373,-146600,-146200,486034871913732741824634,491355941426880986956215,486034871913732741824634,True,98.91706417598289,98.91706417598289,100.0,6282699.68686358,3.6505261285178823,True,True
25566403,03fbb0a8a6978e26364ed1f26e39e0b0efbd47b8f29536be6b5e8d109e553f6e,1784459867,2026-07-19 11:17:47+00:00,1337120,0xC216BfA5dA000965E820845c32e6FD88DB275743,0xC216BfA5dA000965E820845c32e6FD88DB275743,-146373,-146600,-146200,485141395830718111561065,490462465343866356692646,485141395830718111561065,True,98.91509139044562,98.91509139044562,100.0,6271150.223581504,3.6438153800207465,True,True
25566415,981bf8395fb8f3c83caa32317cae2cdb780cdcb500030c8bd605986903cefd62,1784460011,2026-07-19 11:20:11+00:00,1337121,0xC216BfA5dA000965E820845c32e6FD88DB275743,0xC216BfA5dA000965E820845c32e6FD88DB275743,-146373,-146600,-146200,485325162981564633901393,490646232494712879032974,485325162981564633901393,True,98.915497733246,98.915497733246,100.0,6273525.678281973,3.6451956241647254,True,True
25566740,da1d6a54265bdb7d9dede618fd11d51e70cf3d807a1d2d246381bc6a40390c05,1784463911,2026-07-19 12:25:11+00:00,1337145,0xC216BfA5dA000965E820845c32e6FD88DB275743,0xC216BfA5dA000965E820845c32e6FD88DB275743,-146373,-146600,-146200,487058360411090608111533,492379429924238853243114,487058360411090608111533,True,98.91931522932082,98.91931522932082,100.0,6302784.856117455,3.655197160993306,True,True
25566805,dcf6b1783d2a044f721fd458a406081576ba74d1fd162408f8facf77b03a3606,1784464691,2026-07-19 12:38:11+00:00,1337148,0xC216BfA5dA000965E820845c32e6FD88DB275743,0xC216BfA5dA000965E820845c32e6FD88DB275743,-146373,-146600,-146200,486902388635503328959741,492223458148651574091322,486902388635503328959741,True,98.9189727906992,98.9189727906992,100.0,6300766.501388213,3.6540266491251994,True,True
25566826,f6d2fef070f00c45849945601c86e426145f515165dccca307d782acb56ba4dd,1784464943,2026-07-19 12:42:23+00:00,1337154,0xC216BfA5dA000965E820845c32e6FD88DB275743,0xC216BfA5dA000965E820845c32e6FD88DB275743,-146373,-146600,-146200,486743598999200252355664,492064668512348497487245,486743598999200252355664,True,98.9186239424108,98.9186239424108,100.0,6298711.682096834,3.652834990229702,True,True
25566831,31c560b627bfef62ab56e2d519e2f604a5c24d1fb2fce090ba98dcb90dcbba7f,1784465003,2026-07-19 12:43:23+00:00,1337155,0xC216BfA5dA000965E820845c32e6FD88DB275743,0xC216BfA5dA000965E820845c32e6FD88DB275743,-146373,-146600,-146200,486824282426878579630908,492145351940026824762489,486824282426878579630908,True,98.91880122565972,98.91880122565972,100.0,6299755.767010358,3.6534404902267457,True,True
25566884,e6547c14584c6c3b86356430f093afc4404f4697eaae0dd224b65df9bb8e26e0,1784465651,2026-07-19 12:54:11+00:00,1337156,0xC216BfA5dA000965E820845c32e6FD88DB275743,0xC216BfA5dA000965E820845c32e6FD88DB275743,-146373,-146600,-146200,486746201272973224477139,492067270786121469608720,486746201272973224477139,True,98.91862966121536,98.91862966121536,100.0,6298745.356853415,3.652854519354917,True,True
25567088,6919794b3e4fe06dc1a2c97259a873ba6f59a994c3b21682175ef8d0c1a551fb,1784468111,2026-07-19 13:35:11+00:00,1337161,0xC216BfA5dA000965E820845c32e6FD88DB275743,0xC216BfA5dA000965E820845c32e6FD88DB275743,-146373,-146600,-146200,486665543722508824936093,491986613235657070067674,486665543722508824936093,True,98.9184523785814,98.9184523785814,100.0,6297701.606804306,3.6522492135570217,True,True
25567119,c29bf2521ba19af30bfc38ce11b27af9c5d09ad86daeb2ee002c3694b6cfa596,1784468483,2026-07-19 13:41:23+00:00,1337175,0xC216BfA5dA000965E820845c32e6FD88DB275743,0xC216BfA5dA000965E820845c32e6FD88DB275743,-146373,-146600,-146200,487316770320077274240684,492637839833225519372265,487316770320077274240684,True,98.9198820953442,98.9198820953442,100.0,6306128.812803996,3.657136434071184,True,True
25567445,a0af37fb0a1741e43ecc9c23f96b3c78d106ce9d381aa3b34cebccfd165df10f,1784472419,2026-07-19 14:46:59+00:00,1337185,0xC216BfA5dA000965E820845c32e6FD88DB275743,0xC216BfA5dA000965E820845c32e6FD88DB275743,-146534,-146800,-146400,419109805571268203216786,424430875084416448348367,419109805571268203216786,True,98.74630479884624,98.74630479884624,100.0,4245581.7444235785,3.646518528797223,True,True
25567503,01e32484dc4778e5f6420e3550814a63fbec57bcf6d980af391e2a72760d152b,1784473115,2026-07-19 14:58:35+00:00,1337199,0xC216BfA5dA000965E820845c32e6FD88DB275743,0xC216BfA5dA000965E820845c32e6FD88DB275743,-146534,-146800,-146400,418497818080419562102211,423818887593567807233792,418497818080419562102211,True,98.74449448363164,98.74449448363164,100.0,4239382.311996983,3.641193853270413,True,True
25567541,88e5330c1a7dd663cf4b2d45f047a619d5230319024b94b16fd4a63f97dfb1be,1784473571,2026-07-19 15:06:11+00:00,1337205,0xC216BfA5dA000965E820845c32e6FD88DB275743,0xC216BfA5dA000965E820845c32e6FD88DB275743,-146534,-146800,-146400,418872839128057675230821,424193908641205920362402,418872839128057675230821,True,98.74560445005142,98.74560445005142,100.0,4243181.27468519,3.6444567719154137,True,True
25567772,96713ec1dc5a656ea49964adb5dbaccbcffedf1061336eecb1909cc5c74942b0,1784476355,2026-07-19 15:52:35+00:00,1337209,0xC216BfA5dA000965E820845c32e6FD88DB275743,0xC216BfA5dA000965E820845c32e6FD88DB275743,-146534,-146800,-146400,418832626155920828912185,424153695669069074043766,418832626155920828912185,True,98.74548552388428,98.74548552388428,100.0,4242773.917333671,3.644106893802218,True,True
25568156,020fbbd3373d6d1b724028387710f1ea5c5aa0c61440b93e9fb17000ef73ea98,1784480963,2026-07-19 17:09:23+00:00,1337251,0xC216BfA5dA000965E820845c32e6FD88DB275743,0xC216BfA5dA000965E820845c32e6FD88DB275743,-146546,-146800,-146400,439950004482174201941099,445271073995322447072680,439950004482174201941099,True,98.80498199323765,98.80498199323765,100.0,4842826.252923269,3.660761406225303,True,True
25568314,33e3e838c51ccc2385ca327f0f08ece418cd5875725ca97cf1016eb32d36443e,1784482871,2026-07-19 17:41:11+00:00,1337259,0xC216BfA5dA000965E820845c32e6FD88DB275743,0xC216BfA5dA000965E820845c32e6FD88DB275743,-146543,-146800,-146400,439851024657024949845323,445172094170173194976904,439851024657024949845323,True,98.80471629223145,98.80471629223145,100.0,4739519.886832603,3.704148273496041,True,True
25568669,06d11f23a87507caa8ca15ba80148d8f40e3ade84bfc7a9d94c0aa6e66fbae67,1784487155,2026-07-19 18:52:35+00:00,1337282,0xC216BfA5dA000965E820845c32e6FD88DB275743,0xC216BfA5dA000965E820845c32e6FD88DB275743,-146480,-146600,-146200,397686689436476350671675,403007758949624595803256,397686689436476350671675,True,98.67966077699924,98.67966077699924,100.0,8366982.057507307,1.5749809204289449,True,True
25568726,c794b1fc4fc8e4fa7faf80abdf858d52ef2d4c0dcb198ecf1164cc9b6f366f6f,1784487851,2026-07-19 19:04:11+00:00,1337288,0xC216BfA5dA000965E820845c32e6FD88DB275743,0xC216BfA5dA000965E820845c32e6FD88DB275743,-146480,-146600,-146200,398224423885463582771037,403545493398611827902618,398224423885463582771037,True,98.68142016199094,98.68142016199094,100.0,8378295.522619139,1.5771105403531425,True,True
25569375,c269253478fc383d266a8eca26831fe8dc0a26efec4d113e2611af69c1bd6228,1784495675,2026-07-19 21:14:35+00:00,1337333,0xC216BfA5dA000965E820845c32e6FD88DB275743,0xC216BfA5dA000965E820845c32e6FD88DB275743,-146375,-146600,-146200,491712284522260574147864,497033354035408819279445,491712284522260574147864,True,98.92943411745982,98.92943411745982,100.0,6434025.696661781,3.6588794430684786,True,True
25569429,b8a1e034eb0624dfc5c9b9c1903728651905f3134d1935d56ba01deb5d77a87e,1784496323,2026-07-19 21:25:23+00:00,1337340,0xC216BfA5dA000965E820845c32e6FD88DB275743,0xC216BfA5dA000965E820845c32e6FD88DB275743,-146375,-146600,-146200,492646198461642964904214,497967267974791210035795,492646198461642964904214,True,98.93144191288138,98.93144191288138,100.0,6446245.904441,3.665828788492544,True,True
25569731,725205949d64c7c87db4d88c65220288c43cce5c2e37001f7224a7e07a7250f2,1784499947,2026-07-19 22:25:47+00:00,1337344,0xC216BfA5dA000965E820845c32e6FD88DB275743,0xC216BfA5dA000965E820845c32e6FD88DB275743,-146375,-146600,-146200,492646198461642964904214,497967267974791210035795,492646198461642964904214,True,98.93144191288138,98.93144191288138,100.0,6446245.904441,3.665828788492544,True,True
25573309,d4f0cc624621fb33267ccc9a25eee5a47ad063559f7b4ceeb83e706b627b994d,1784543075,2026-07-20 10:24:35+00:00,1337374,0xC216BfA5dA000965E820845c32e6FD88DB275743,0xC216BfA5dA000965E820845c32e6FD88DB275743,-146383,-146600,-146200,490532825449354778770237,495853894962503023901818,490532825449354778770237,True,98.92688762411544,98.92688762411544,100.0,6725272.433752784,3.515248210049262,True,True
25573331,00c4642bd3d97425bcffa77ee1a9dc52d980b7d86228a5c1f25b5dfb95521c6d,1784543339,2026-07-20 10:28:59+00:00,1337670,0xC216BfA5dA000965E820845c32e6FD88DB275743,0xC216BfA5dA000965E820845c32e6FD88DB275743,-146383,-146600,-146200,611780123346756203971301,617101192859904449102882,611780123346756203971301,True,99.13773144911806,99.13773144911806,100.0,8387589.546719558,4.384128588272095,True,True
25573451,8006d13f992baa7a8aa14aa9e53f24bad250f34addc061fd5791cd36ab3243f8,1784544779,2026-07-20 10:52:59+00:00,1337678,0xC216BfA5dA000965E820845c32e6FD88DB275743,0xC216BfA5dA000965E820845c32e6FD88DB275743,-146383,-146600,-146200,611920820750406085932645,617241890263554331064226,611920820750406085932645,True,99.13792799920364,99.13792799920364,100.0,8389518.527454741,4.385136851676049,True,True
25577127,efc66b41ce61e4aedd010a6fb57e6abed8d2940a364f30c82b3a9691720300f8,1784589095,2026-07-20 23:11:35+00:00,1337975,0xC216BfA5dA000965E820845c32e6FD88DB275743,0xC216BfA5dA000965E820845c32e6FD88DB275743,-146496,-146600,-146200,451416900564299378960601,456737970077447624092182,451416900564299378960601,True,98.83498420062472,98.83498420062472,100.0,10029357.796081897,1.5563975158223766,True,True
25577177,fdebef2bcfca40a32608954e7e30af7351091dddefe54ab6c884bdba7a0083af,1784589695,2026-07-20 23:21:35+00:00,1337981,0xC216BfA5dA000965E820845c32e6FD88DB275743,0xC216BfA5dA000965E820845c32e6FD88DB275743,-146496,-146600,-146200,450315211972318309869124,455636281485466555000705,450315211972318309869124,True,98.8321672945358,98.8321672945358,100.0,10004881.022937097,1.5525991082181736,True,True
25577286,b097af04d4cce20fb403b2bb637e7c134adc33ce3a562050b89b1882c50d7a06,1784591003,2026-07-20 23:43:23+00:00,1337985,0xC216BfA5dA000965E820845c32e6FD88DB275743,0xC216BfA5dA000965E820845c32e6FD88DB275743,-146617,-146800,-146400,607930707861779093504901,620329352305194219934749,607930707861779093504901,True,98.00128038479224,98.00128038479224,100.0,9992687.384123992,3.63615798019302,True,True
25580032,a14a7759c107946cb9787d161647b92addba4a5cb914d834c171f3d0d0803dd3,1784624087,2026-07-21 08:54:47+00:00,1337997,0xC216BfA5dA000965E820845c32e6FD88DB275743,0xC216BfA5dA000965E820845c32e6FD88DB275743,-146617,-146800,-146400,609416183018435776372968,621814827461850902802816,609416183018435776372968,True,98.00605519588132,98.00605519588132,100.0,10017977.016300604,3.64466825340198,True,True
25580949,07cfeec03e9448c622400d3617e50d8ba12d4628efd94d4caba9ec311e6b0765,1784635115,2026-07-21 11:58:35+00:00,1338263,0xC216BfA5dA000965E820845c32e6FD88DB275743,0xC216BfA5dA000965E820845c32e6FD88DB275743,-146617,-146800,-146400,599836079446016421728599,612234723889431548158447,599836079446016421728599,True,97.97485442108731,97.97485442108731,100.0,9860493.08319118,3.5873735829819076,True,True
25581173,477e923748389358d13f08545e46751b8a5c4186a2ed73a1c82d370d10169cad,1784637803,2026-07-21 12:43:23+00:00,1338264,0xC216BfA5dA000965E820845c32e6FD88DB275743,0xC216BfA5dA000965E820845c32e6FD88DB275743,-146617,-146800,-146400,599836079446016421728599,612234723889431548158447,599836079446016421728599,True,97.97485442108731,97.97485442108731,100.0,9860493.08319118,3.5873735829819076,True,True
25587932,ede9c1a6d2df308379a43820d08019db58275d4d7e1c1df0a6e3df6f98f744df,1784719211,2026-07-22 11:20:11+00:00,1338481,0xC216BfA5dA000965E820845c32e6FD88DB275743,0xC216BfA5dA000965E820845c32e6FD88DB275743,-146712,-147000,-146600,453525793754696242540735,465924438198111368970583,453525793754696242540735,True,97.338915191621,97.338915191621,100.0,3863111.251235799,4.236924805758834,True,True
25598544,3ed105f314edb99320166cdab9f4ded873a1409db571b67addc5d7210395c3c2,1784847263,2026-07-23 22:54:23+00:00,1339174,0xC216BfA5dA000965E820845c32e6FD88DB275743,0xC216BfA5dA000965E820845c32e6FD88DB275743,-146866,-147000,-146600,507730009583593838480103,520128654027008964909951,507730009583593838480103,True,97.6162350704156,97.6162350704156,100.0,10358812.379683372,2.1966314025829288,True,True
25598751,dd66423ad8266dc2e584444bdbdd6aafcf222779e0ca03c2511076f179359460,1784849783,2026-07-23 23:36:23+00:00,1339180,0xC216BfA5dA000965E820845c32e6FD88DB275743,0xC216BfA5dA000965E820845c32e6FD88DB275743,-146866,-147000,-146600,507089340801784973875609,519487985245200100305457,507089340801784973875609,True,97.6132952454015,97.6132952454015,100.0,10345741.323052855,2.193859627942446,True,True
25598762,b2067d10ae1e229c5c903994faa7610893a9b9573a7b4481df6ca810bf20f5db,1784849915,2026-07-23 23:38:35+00:00,1339189,0xC216BfA5dA000965E820845c32e6FD88DB275743,0xC216BfA5dA000965E820845c32e6FD88DB275743,-146866,-147000,-146600,507730009583593838480103,520128654027008964909951,507730009583593838480103,True,97.6162350704156,97.6162350704156,100.0,10358812.379683372,2.1966314025829288,True,True
25599334,951479ec1f41781a28fa0a8abcf0b0a2191151ef6ad724e946877be349c2f240,1784856791,2026-07-24 01:33:11+00:00,1339193,0xC216BfA5dA000965E820845c32e6FD88DB275743,0xC216BfA5dA000965E820845c32e6FD88DB275743,-146866,-147000,-146600,507730009583593838480103,520128654027008964909951,507730009583593838480103,True,97.6162350704156,97.6162350704156,100.0,10358812.379683372,2.1966314025829288,True,True
25602739,a946d2cef35a2d342eb9dc0f4dd79265dc617aa69ef742d124a6fc693d538852,1784897783,2026-07-24 12:56:23+00:00,1339237,0xC216BfA5dA000965E820845c32e6FD88DB275743,0xC216BfA5dA000965E820845c32e6FD88DB275743,-146785,-147000,-146600,570039147693295427872992,582437792136710554302840,570039147693295427872992,True,97.8712500097341,97.8712500097341,100.0,8046301.840302128,3.9732460807417422,True,True
25609515,cfc051a69967ae6608b1acca2d99eb0b3beb65ac1a77ab8c682e5be018ba9760,1784979275,2026-07-25 11:34:35+00:00,1339740,0xC216BfA5dA000965E820845c32e6FD88DB275743,0xC216BfA5dA000965E820845c32e6FD88DB275743,-146820,-147000,-146600,627203945571905949042125,639602590015321075471973,627203945571905949042125,True,98.06150809315544,98.06150809315544,100.0,10558918.221079336,3.652744226706619,True,True
25610516,f5f7981578bd748f495df35d6e17501f94fdb36b7033fdc3996085f183479a4b,1784991323,2026-07-25 14:55:23+00:00,1339767,0xC216BfA5dA000965E820845c32e6FD88DB275743,0xC216BfA5dA000965E820845c32e6FD88DB275743,-146655,-147000,-146600,613850849194316185495590,626249493637731311925438,613850849194316185495590,True,98.02017493516932,98.02017493516932,100.0,2536992.9999502148,6.882872757594716,True,True
25612891,dc0907c962fc898a297c0d3a444ad365ce6b85ec7a624abadb0c2c8c3931dff9,1785019895,2026-07-25 22:51:35+00:00,1339884,0xC216BfA5dA000965E820845c32e6FD88DB275743,0xC216BfA5dA000965E820845c32e6FD88DB275743,-146550,-146800,-146400,534001341756264177745700,539322411269412422877281,534001341756264177745700,True,99.01337875045394,99.01337875045394,100.0,6034778.579881444,4.375612060017238,True,True
25613426,c210e64a0a2bec968782927a7d3d6d9504580c42b3cbc671cf050fea82222cba,1785026327,2026-07-26 00:38:47+00:00,1339917,0xC216BfA5dA000965E820845c32e6FD88DB275743,0xC216BfA5dA000965E820845c32e6FD88DB275743,-146759,-147000,-146600,519359249110499520269359,531757893553914646699207,519359249110499520269359,True,97.66836663945864,97.66836663945864,100.0,6318298.699643109,4.048117923511828,True,True
25613493,47241ec83cafd586e6644eb6379c3f52b9c9e97cf7be69ae1966141b40da9342,1785027131,2026-07-26 00:52:11+00:00,1339933,0xC216BfA5dA000965E820845c32e6FD88DB275743,0xC216BfA5dA000965E820845c32e6FD88DB275743,-146686,-146800,-146400,468930587482449329899598,481329231925864456329446,468930587482449329899598,True,97.424082390798,97.424082390798,100.0,10166150.029000323,1.7528683436996917,True,True
25613553,0e642a690389650b50ec2ec08e4864a4147813ec879398e9b3c0a9fd17781be4,1785027851,2026-07-26 01:04:11+00:00,1339936,0xC216BfA5dA000965E820845c32e6FD88DB275743,0xC216BfA5dA000965E820845c32e6FD88DB275743,-146686,-146800,-146400,467770586029184264788008,480169230472599391217856,467770586029184264788008,True,97.41785944276106,97.41785944276106,100.0,10141001.8532947,1.748532243900806,True,True
25613615,78d89a319bf3632ea05e0ee016b12ce814196e902ffbe3c2efc1651d66907735,1785028595,2026-07-26 01:16:35+00:00,1339939,0xC216BfA5dA000965E820845c32e6FD88DB275743,0xC216BfA5dA000965E820845c32e6FD88DB275743,-146604,-146800,-146400,651286107001243765821404,663684751444658892251252,651286107001243765821404,True,98.13184732413596,98.13184732413596,100.0,10066298.340923786,4.17003834637332,True,True
25613765,6ceb345b872bead38cec8ac90666f2907ad7aa335dcf6231666f65fa7c4c8413,1785030395,2026-07-26 01:46:35+00:00,1339951,0xC216BfA5dA000965E820845c32e6FD88DB275743,0xC216BfA5dA000965E820845c32e6FD88DB275743,-146466,-146600,-146200,497479424341572958854670,502800493854721203986251,497479424341572958854670,True,98.94171354678788,98.94171354678788,100.0,9932162.32407716,2.2029739213281943,True,True
25613793,33bf283ec6e60da6cb6ae85c8ce77ab2c9a2d57279cc7587730c1ce3de09d180,1785030731,2026-07-26 01:52:11+00:00,1339954,0xC216BfA5dA000965E820845c32e6FD88DB275743,0xC216BfA5dA000965E820845c32e6FD88DB275743,-146466,-146600,-146200,497479424341572958854670,502800493854721203986251,497479424341572958854670,True,98.94171354678788,98.94171354678788,100.0,9932162.32407716,2.2029739213281943,True,True
25613808,c4c023088b43c16d30e39d4a362a6ccea6401d7f4f1f7b567986306f82df9bd9,1785030923,2026-07-26 01:55:23+00:00,1339956,0xC216BfA5dA000965E820845c32e6FD88DB275743,0xC216BfA5dA000965E820845c32e6FD88DB275743,-146466,-146600,-146200,497479424341572958854670,502800493854721203986251,497479424341572958854670,True,98.94171354678788,98.94171354678788,100.0,9932162.32407716,2.2029739213281943,True,True
25613829,edeebe43d81b05824da659f7bbcfb325e786d81138e90e16855bacba7ef7b4b1,1785031175,2026-07-26 01:59:35+00:00,1339957,0xC216BfA5dA000965E820845c32e6FD88DB275743,0xC216BfA5dA000965E820845c32e6FD88DB275743,-146466,-146600,-146200,497479424341572958854670,502800493854721203986251,497479424341572958854670,True,98.94171354678788,98.94171354678788,100.0,9932162.32407716,2.2029739213281943,True,True
25613892,2e796ce8cf6ad98ae8a6f59da2630834e54e0b100faf4fc34c56b1e858751ab5,1785031931,2026-07-26 02:12:11+00:00,1339960,0xC216BfA5dA000965E820845c32e6FD88DB275743,0xC216BfA5dA000965E820845c32e6FD88DB275743,-146466,-146600,-146200,497479424341572958854670,502800493854721203986251,497479424341572958854670,True,98.94171354678788,98.94171354678788,100.0,9932162.32407716,2.2029739213281943,True,True
25614063,c9b894c5d70996fcb4aa88ecd8fdbea0a40aa10d670b9be405cd1c062701792d,1785033983,2026-07-26 02:46:23+00:00,1339963,0xC216BfA5dA000965E820845c32e6FD88DB275743,0xC216BfA5dA000965E820845c32e6FD88DB275743,-146466,-146600,-146200,498082795383830934993877,503403864896979180125458,498082795383830934993877,True,98.94298199036729,98.94298199036729,100.0,9944208.609491443,2.205645812075712,True,True
25614142,f988848028ab337390560b19a3d2df974fc93f8bf3ab8068be0a76c236851243,1785034931,2026-07-26 03:02:11+00:00,1339968,0xC216BfA5dA000965E820845c32e6FD88DB275743,0xC216BfA5dA000965E820845c32e6FD88DB275743,-146466,-146600,-146200,497178286675506660722850,502499356188654905854431,497178286675506660722850,True,98.94107933719413,98.94107933719413,100.0,9883139.405303558,2.220390690603801,True,True
25614180,f356f98a1388709746470571b6ae01c35f4acc6d305cc9aadabdaf0af8135bfb,1785035387,2026-07-26 03:09:47+00:00,1339973,0xC216BfA5dA000965E820845c32e6FD88DB275743,0xC216BfA5dA000965E820845c32e6FD88DB275743,-146465,-146600,-146200,499644419122680108017822,504965488635828353149403,499644419122680108017822,True,98.94625085616778,98.94625085616778,100.0,9932162.324084535,2.231404400723997,True,True
25614218,ff7a27c67c171c8ede2c8fb460bce506e98e4ad2fcae99a63535492428b1decd,1785035843,2026-07-26 03:17:23+00:00,1339979,0xC216BfA5dA000965E820845c32e6FD88DB275743,0xC216BfA5dA000965E820845c32e6FD88DB275743,-146465,-146600,-146200,498738171687753984300900,504059241200902229432481,498738171687753984300900,True,98.94435632199284,98.94435632199284,100.0,9914147.519385472,2.227357113419178,True,True
25614266,6b775d24a8e0538f9c55c0baf2b99714c6a22027e72cf4a374d0ccb8fd99b465,1785036419,2026-07-26 03:26:59+00:00,1339983,0xC216BfA5dA000965E820845c32e6FD88DB275743,0xC216BfA5dA000965E820845c32e6FD88DB275743,-146465,-146600,-146200,499039888670021092258135,504360958183169337389716,499039888670021092258135,True,98.94498782532337,98.94498782532337,100.0,9920145.188786186,2.2287045768876705,True,True
25614320,0447169dc68641d99f6f89d58eb4f56f3577525aed15bac1ab507137648d040d,1785037067,2026-07-26 03:37:47+00:00,1339984,0xC216BfA5dA000965E820845c32e6FD88DB275743,0xC216BfA5dA000965E820845c32e6FD88DB275743,-146465,-146600,-146200,499039888670021092258135,504360958183169337389716,499039888670021092258135,True,98.94498782532337,98.94498782532337,100.0,9920145.188786186,2.2287045768876705,True,True
25614361,a4f1fc222e5a0f4390871d39dd0a12327e2879048929c2c58296ffef17de7ef6,1785037559,2026-07-26 03:45:59+00:00,1339989,0xC216BfA5dA000965E820845c32e6FD88DB275743,0xC216BfA5dA000965E820845c32e6FD88DB275743,-146465,-146600,-146200,498436819318154103822195,503757888831302348953776,498436819318154103822195,True,98.94372482672324,98.94372482672324,100.0,9908157.097923608,2.226011278305329,True,True
25614453,c23b7c7c03ed22e9677be07512939b104ff2994c657c3cb2e946b45c204fb21c,1785038663,2026-07-26 04:04:23+00:00,1339994,0xC216BfA5dA000965E820845c32e6FD88DB275743,0xC216BfA5dA000965E820845c32e6FD88DB275743,-146331,-146600,-146200,489878979951804518572230,495200049464952763703811,489878979951804518572230,True,98.9254707226105,98.9254707226105,100.0,4796982.168597214,4.356385140789505,True,True
25614651,a445417c5fd9cffa86663101f9a5b53402b02e1da08b05036a73bc8e13507158,1785041039,2026-07-26 04:43:59+00:00,1340001,0xC216BfA5dA000965E820845c32e6FD88DB275743,0xC216BfA5dA000965E820845c32e6FD88DB275743,-146312,-146600,-146200,457066968629065731083847,462388038142213976215428,457066968629065731083847,True,98.84921990315163,98.84921990315163,100.0,3823381.434853329,4.353077656165798,True,True
25614951,ef30ef54a464ddb9160c17f25b6d4bfb50fef6bf673196a73157da54a9de0eca,1785044651,2026-07-26 05:44:11+00:00,1340006,0xC216BfA5dA000965E820845c32e6FD88DB275743,0xC216BfA5dA000965E820845c32e6FD88DB275743,-146353,-146600,-146200,530882794431818434357382,536203863944966679488963,530882794431818434357382,True,99.00764058766754,99.00764058766754,100.0,6053527.441978378,4.343645451728001,True,True
25615015,70a553c6878b9317a1ca6793fd82243555b9bbf5c8a482036e1e97b2179d0db8,1785045419,2026-07-26 05:56:59+00:00,1340037,0xC216BfA5dA000965E820845c32e6FD88DB275743,0xC216BfA5dA000965E820845c32e6FD88DB275743,-146271,-146400,-146000,522232099023558628807545,527553168536706873939126,522232099023558628807545,True,98.99136810647778,98.99136810647778,100.0,10537640.780521398,2.240222790659963,True,True
25615025,0f46eeb025f91d315a4bee02cafedcdb69fe826b1984c4b3791f41bd84dc9a2d,1785045539,2026-07-26 05:58:59+00:00,1340039,0xC216BfA5dA000965E820845c32e6FD88DB275743,0xC216BfA5dA000965E820845c32e6FD88DB275743,-146271,-146400,-146000,522232099023558628807545,527553168536706873939126,522232099023558628807545,True,98.99136810647778,98.99136810647778,100.0,10537640.780521398,2.240222790659963,True,True
25615632,50d547ad3e0b788aa90895ad928d43320c43ddc5be5f0816fb79f86caa15ff6a,1785052823,2026-07-26 08:00:23+00:00,1340042,0xC216BfA5dA000965E820845c32e6FD88DB275743,0xC216BfA5dA000965E820845c32e6FD88DB275743,-146216,-146400,-146000,654305658082888551639303,659626727596036796770884,654305658082888551639303,True,99.19332111775694,99.19332111775694,100.0,10485782.269914811,4.0177205857164555,True,True
25615975,00d40dd837566fc181be8dd9febd43336a0ab882ddfc90039c7eae58b1b6e5d1,1785056951,2026-07-26 09:09:11+00:00,1340075,0xC216BfA5dA000965E820845c32e6FD88DB275743,0xC216BfA5dA000965E820845c32e6FD88DB275743,-146214,-146400,-146000,664633114854005113560431,669954184367153358692012,664633114854005113560431,True,99.2057562088108,99.2057562088108,100.0,10769237.276674217,4.028424273205637,True,True
25616027,c65b8c228a1c9dd6f260c55f4aff224fd6a68d5f384fc1106a10f9c8c2cc6e82,1785057575,2026-07-26 09:19:35+00:00,1340099,0xC216BfA5dA000965E820845c32e6FD88DB275743,0xC216BfA5dA000965E820845c32e6FD88DB275743,-146218,-146400,-146000,656960156706471161754131,662281226219619406885712,656960156706471161754131,True,99.1965543786404,99.1965543786404,100.0,10644910.17792149,3.9819175160820377,True,True
25616188,ba473938f5b1d6d026343771ab71b70173a85f5f6e00265b32e561689b3f391b,1785059507,2026-07-26 09:51:47+00:00,1340102,0xC216BfA5dA000965E820845c32e6FD88DB275743,0xC216BfA5dA000965E820845c32e6FD88DB275743,-146218,-146400,-146000,656567002812571357272185,661888072325719602403766,656567002812571357272185,True,99.19607714119228,99.19607714119228,100.0,10638539.794810824,3.979534561254938,True,True
25616339,924b04c1148504ad1456923ac294047fa3918de40ae5b29993835b78fece9606,1785061331,2026-07-26 10:22:11+00:00,1340110,0xC216BfA5dA000965E820845c32e6FD88DB275743,0xC216BfA5dA000965E820845c32e6FD88DB275743,-146250,-146400,-146000,573668759677746170559717,578989829190894415691298,573668759677746170559717,True,99.08097357762152,99.08097357762152,100.0,10664067.18474069,2.8664304568997863,True,True
25616368,c727aa64d693fdb7fac11db8fe296e4db2d48125b6f14fba217356f3db165db1,1785061691,2026-07-26 10:28:11+00:00,1340115,0xC216BfA5dA000965E820845c32e6FD88DB275743,0xC216BfA5dA000965E820845c32e6FD88DB275743,-146250,-146400,-146000,573668759677746170559717,578989829190894415691298,573668759677746170559717,True,99.08097357762152,99.08097357762152,100.0,10664067.18474069,2.8664304568997863,True,True
25616577,940db5dd3c70dcf7b2ca0464967b2e7cb3c5a5bd8a2b09427b83ff0b5190fc18,1785064235,2026-07-26 11:10:35+00:00,1340134,0xC216BfA5dA000965E820845c32e6FD88DB275743,0xC216BfA5dA000965E820845c32e6FD88DB275743,-146311,-146600,-146200,492656989049172289416688,497978058562320534548269,492656989049172289416688,True,98.9314650672541,98.9314650672541,100.0,4082992.120613768,4.708902068505162,True,True
25616588,e1e1f48b3e4646ac24ac0cfca1353ff18e3a6ba0e0293ae46d4804a48bc1078b,1785064367,2026-07-26 11:12:47+00:00,1340139,0xC216BfA5dA000965E820845c32e6FD88DB275743,0xC216BfA5dA000965E820845c32e6FD88DB275743,-146311,-146600,-146200,493020042489693480995053,498341112002841726126634,493020042489693480995053,True,98.93224352055508,98.93224352055508,100.0,4086000.997722912,4.712372197083562,True,True
25616602,f7fac672cb1aeebcb3591e29c1126724eae136139bf5e824d1dee5dd2445d6a9,1785064535,2026-07-26 11:15:35+00:00,1340142,0xC216BfA5dA000965E820845c32e6FD88DB275743,0xC216BfA5dA000965E820845c32e6FD88DB275743,-146311,-146600,-146200,492850202715244282438158,498171272228392527569739,492850202715244282438158,True,98.93187949410525,98.93187949410525,100.0,4084593.417040496,4.710748838675998,True,True
25616827,76d61926f394813062d0df577708b450709e91b374c7ac790470f50f0f09cef0,1785067235,2026-07-26 12:00:35+00:00,1340144,0xC216BfA5dA000965E820845c32e6FD88DB275743,0xC216BfA5dA000965E820845c32e6FD88DB275743,-146311,-146600,-146200,492735300652135590817567,498056370165283835949148,492735300652135590817567,True,98.93163307772122,98.93163307772122,100.0,4083641.143493701,4.7096505845668,True,True
25616975,571376d81b75618c49586ad833e41c2602915ac3a828d9d138066415c5935cbb,1785069023,2026-07-26 12:30:23+00:00,1340169,0xC216BfA5dA000965E820845c32e6FD88DB275743,0xC216BfA5dA000965E820845c32e6FD88DB275743,-146338,-146600,-146200,543752938190485070289172,549074007703633315420753,543752938190485070289172,True,99.03090121941808,99.03090121941808,100.0,5615726.4977975525,4.706857338032159,True,True
25617403,95b5e07ecf737277234900cd6797ce837b3b6780ddc8b0deb9dfd07d24eefb1c,1785074171,2026-07-26 13:56:11+00:00,1340205,0xC216BfA5dA000965E820845c32e6FD88DB275743,0xC216BfA5dA000965E820845c32e6FD88DB275743,-146439,-146600,-146200,606786945259358018559505,612108014772506263691086,606786945259358018559505,True,99.13069762448283,99.13069762448283,100.0,10859499.081881044,3.234837938946904,True,True
25618031,8823d7c025791cc0c8c5f4495e829b459b42e831c924dc4dcacdd4a99c762225,1785081707,2026-07-26 16:01:47+00:00,1340234,0xC216BfA5dA000965E820845c32e6FD88DB275743,0xC216BfA5dA000965E820845c32e6FD88DB275743,-146667,-146800,-146400,533492497440372051526923,545891141883787177956771,533492497440372051526923,True,97.72873316818637,97.72873316818637,100.0,10795888.137027964,2.3228422551866497,True,True
25619825,29a4966398a5ecefad2005f74fe7efeb1a5278574b23723231d49bf73d47611d,1785103295,2026-07-26 22:01:35+00:00,1340294,0xC216BfA5dA000965E820845c32e6FD88DB275743,0xC216BfA5dA000965E820845c32e6FD88DB275743,-146670,-146800,-146400,535654261847402940207287,548052906290818066637135,535654261847402940207287,True,97.73769205470906,97.73769205470906,100.0,10986533.26813682,2.2695034038096793,True,True
25619991,4adfc06c399f45daab482c2f86fde1795b6299bae2eeff4813b159c24492afdb,1785105287,2026-07-26 22:34:47+00:00,1340456,0xC216BfA5dA000965E820845c32e6FD88DB275743,0xC216BfA5dA000965E820845c32e6FD88DB275743,-146670,-146800,-146400,528170062167977669854102,540568706611392796283950,528170062167977669854102,True,97.70637029266136,97.70637029266136,100.0,10833028.639087852,2.23779373983974,True,True
25621464,72aa0c8007f53ab22974c55f43444a83e38f0d9a00bd3a3e955929ac07675573,1785122987,2026-07-27 03:29:47+00:00,1340547,0xC216BfA5dA000965E820845c32e6FD88DB275743,0xC216BfA5dA000965E820845c32e6FD88DB275743,-146752,-147000,-146600,570622503039402334306482,583021147482817460736330,570622503039402334306482,True,97.87337997996369,97.87337997996369,100.0,6609417.981564697,4.588502172353326,True,True
25621729,e5fa3a0cf6f68c8f29971d5ae6bc85f567e333b157eb515ecdb3bfa2a4033fe9,1785126167,2026-07-27 04:22:47+00:00,1340631,0xC216BfA5dA000965E820845c32e6FD88DB275743,0xC216BfA5dA000965E820845c32e6FD88DB275743,-146752,-147000,-146600,568278396818543813062253,580677041261958939492101,568278396818543813062253,True,97.8647951335445,97.8647951335445,100.0,6590748.82763612,4.566059399130288,True,True
25621825,7a350a71f184a4f671bac5fc9ee36a847944a76a92727533d51ce3f18f3e75e1,1785127331,2026-07-27 04:42:11+00:00,1340646,0xC216BfA5dA000965E820845c32e6FD88DB275743,0xC216BfA5dA000965E820845c32e6FD88DB275743,-146752,-147000,-146600,564577874714595585504251,576976519158010711934099,564577874714595585504251,True,97.8511006892432,97.8511006892432,100.0,6547831.110097007,4.536326078579977,True,True
25621978,d27e5aa230fe04b3bb76b16f61498ccdd12d5401a8dfa047ee777ecd82c88ebe,1785129167,2026-07-27 05:12:47+00:00,1340653,0xC216BfA5dA000965E820845c32e6FD88DB275743,0xC216BfA5dA000965E820845c32e6FD88DB275743,-146752,-147000,-146600,565602619112946539042635,578001263556361665472483,565602619112946539042635,True,97.85491049498266,97.85491049498266,100.0,6559715.83592834,4.544559796099404,True,True
25622043,cd00e8ae64fc19a5d8f4968c3a964cfbb3504678577e3fcb7ab885035c1ba369,1785129947,2026-07-27 05:25:47+00:00,1340672,0xC216BfA5dA000965E820845c32e6FD88DB275743,0xC216BfA5dA000965E820845c32e6FD88DB275743,-146752,-147000,-146600,565472516098027737914455,577871160541442864344303,565472516098027737914455,True,97.85442754544142,97.85442754544142,100.0,6558206.93413329,4.543514431543139,True,True
25622205,1cda567712086b90d79dc5c2236a3ba461a062c7aaca1340141457865f605ccd,1785131927,2026-07-27 05:58:47+00:00,1340697,0xC216BfA5dA000965E820845c32e6FD88DB275743,0xC216BfA5dA000965E820845c32e6FD88DB275743,-146769,-147000,-146600,602586023322875272386348,614984667766290398816196,602586023322875272386348,True,97.98390999104926,97.98390999104926,100.0,7754153.199923569,4.517696450036468,True,True
25622232,cbd2579b081a56f857a4b271b367ce0f3302dea0399288c1e87325423f4f0187,1785132251,2026-07-27 06:04:11+00:00,1340699,0xC216BfA5dA000965E820845c32e6FD88DB275743,0xC216BfA5dA000965E820845c32e6FD88DB275743,-146769,-147000,-146600,603346537081283372883389,615745181524698499313237,603346537081283372883389,True,97.9864000863614,97.9864000863614,100.0,7761696.341013525,4.524346883215132,True,True
25622367,dbe8497d208aba196130e1a30cabc0df5f8430620f0955c8831de1053d2b26aa,1785133871,2026-07-27 06:31:11+00:00,1340708,0xC216BfA5dA000965E820845c32e6FD88DB275743,0xC216BfA5dA000965E820845c32e6FD88DB275743,-146769,-147000,-146600,601234268651200937451204,613632913094616063881052,601234268651200937451204,True,97.97946880311758,97.97946880311758,100.0,7734523.256993982,4.508507503189205,True,True
25622711,c4dcaad3d450fef6ba3623d7cb8b49a037d83de28438e4eb631eb700e37aad70,1785138035,2026-07-27 07:40:35+00:00,1340774,0xC216BfA5dA000965E820845c32e6FD88DB275743,0xC216BfA5dA000965E820845c32e6FD88DB275743,-146851,-147000,-146600,564971822425220835485992,577370466868635961915840,564971822425220835485992,True,97.85256691242644,97.85256691242644,100.0,10859499.081822315,2.723912964390077,True,True
25622722,2238289efa6d6e513a9fcef6aebe19e6d25150b2260e0d00a6ae0d10ca0d22aa,1785138167,2026-07-27 07:42:47+00:00,1340779,0xC216BfA5dA000965E820845c32e6FD88DB275743,0xC216BfA5dA000965E820845c32e6FD88DB275743,-146851,-147000,-146600,565662919455710405634680,578061563899125532064528,565662919455710405634680,True,97.85513425944043,97.85513425944043,100.0,10872782.872748092,2.727244968016242,True,True
25622809,ab5119426079eb2ac31c40bcdadb1f273d8734f8af29ac033283351c7219ce1c,1785139211,2026-07-27 08:00:11+00:00,1340798,0xC216BfA5dA000965E820845c32e6FD88DB275743,0xC216BfA5dA000965E820845c32e6FD88DB275743,-146851,-147000,-146600,565662919455710405634680,578061563899125532064528,565662919455710405634680,True,97.85513425944043,97.85513425944043,100.0,10872782.872748092,2.727244968016242,True,True
25624415,a95b41eb3095932e27eae5c678601bf710becfc5cf0f3ed4661bbaab71576346,1785158555,2026-07-27 13:22:35+00:00,1340828,0xC216BfA5dA000965E820845c32e6FD88DB275743,0xC216BfA5dA000965E820845c32e6FD88DB275743,-147023,-147200,-146800,634902246798524287784277,647300891241939414214125,634902246798524287784277,True,98.08456243283916,98.08456243283916,100.0,10934639.80376035,3.603591605790085,True,True
25627139,c5afee83e904cead86832ec80b03b4de6b720254d648d0b5cd500b8b5200d088,1785191339,2026-07-27 22:28:59+00:00,1341102,0xC216BfA5dA000965E820845c32e6FD88DB275743,0xC216BfA5dA000965E820845c32e6FD88DB275743,-147077,-147200,-146800,523526659548510432564896,535925303991925558994744,523526659548510432564896,True,97.6864976609498,97.6864976609498,100.0,11209803.731280424,2.0695502712838714,True,True
25627675,dbb8bd5efec5a0318ba358a417e06f48c61be54141566ea038e62147fbbd5d24,1785197831,2026-07-28 00:17:11+00:00,1341180,0xC216BfA5dA000965E820845c32e6FD88DB275743,0xC216BfA5dA000965E820845c32e6FD88DB275743,-147073,-147200,-146800,540800670545009306133860,553199314988424432563708,540800670545009306133860,True,97.75873828699976,97.75873828699976,100.0,11407353.014996704,2.2085193046163596,True,True
25627895,6b4121a947116764082446a27ea97a659ea6fcead64d1a69f76c37a81706c876,1785200471,2026-07-28 01:01:11+00:00,1341210,0xC216BfA5dA000965E820845c32e6FD88DB275743,0xC216BfA5dA000965E820845c32e6FD88DB275743,-147054,-147200,-146800,581224366307372508043245,593623010750787634473093,581224366307372508043245,True,97.91136054046594,97.91136054046594,100.0,11402822.320023354,2.7256123456292425,True,True
25629693,b0f31876b8afadab8ed1b5fd8ca67973686ec170bd8a5725102a138885c4bfe3,1785222155,2026-07-28 07:02:35+00:00,1341220,0xC216BfA5dA000965E820845c32e6FD88DB275743,0xC216BfA5dA000965E820845c32e6FD88DB275743,-147054,-147200,-146800,581970961511363883531757,594369605954779009961605,581970961511363883531757,True,97.91398410699378,97.91398410699378,100.0,11425415.48870233,2.7258473789725426,True,True
25631481,7a658173562edd3a5473a4f7f6db1ba1b1d0c3887a0795d1f02272ee6582e85d,1785243635,2026-07-28 13:00:35+00:00,1341342,0xC216BfA5dA000965E820845c32e6FD88DB275743,0xC216BfA5dA000965E820845c32e6FD88DB275743,-147025,-147200,-146800,640684942503487443571789,653083586946902570001637,640684942503487443571789,True,98.1015225782388,98.1015225782388,100.0,11146550.664459946,3.5901092663750647,True,True
25633892,76b0444875b62a70b00ff9da8ffdd9198baa7bd54160e5de33b013a082a42d09,1785272699,2026-07-28 21:04:59+00:00,1341569,0xC216BfA5dA000965E820845c32e6FD88DB275743,0xC216BfA5dA000965E820845c32e6FD88DB275743,-147113,-147400,-147000,507283387341189797729612,519682031784604924159460,507283387341189797729612,True,97.6141864284132,97.6141864284132,100.0,4443225.356877861,4.631031060237009,True,True
25634808,445d8e77133014cdec5c34b9e5c4774bce5bc12f28d21f2c65b87e5c48e82dca,1785283739,2026-07-29 00:08:59+00:00,1341654,0xC216BfA5dA000965E820845c32e6FD88DB275743,0xC216BfA5dA000965E820845c32e6FD88DB275743,-147180,-147400,-147000,660905796135260500717287,673304440578675627147135,660905796135260500717287,True,98.15853814468252,98.15853814468252,100.0,9270829.177677391,4.615424558306181,True,True
25634845,2e9c750df737c7538914a7fea0fdf3d6d5204314fcde543add7ef595250a1d62,1785284183,2026-07-29 00:16:23+00:00,1341659,0xC216BfA5dA000965E820845c32e6FD88DB275743,0xC216BfA5dA000965E820845c32e6FD88DB275743,-147180,-147400,-147000,661709815695047179218477,674108460138462305648325,661709815695047179218477,True,98.16073448464532,98.16073448464532,100.0,9282107.529354565,4.621039415436044,True,True
25634853,804ae603af1d6393f1fb7a9d1d9a047e80990c7391967c8d5a13bdb53388d7fe,1785284279,2026-07-29 00:17:59+00:00,1341661,0xC216BfA5dA000965E820845c32e6FD88DB275743,0xC216BfA5dA000965E820845c32e6FD88DB275743,-147180,-147400,-147000,660898932594361411192296,673297577037776537622144,660898932594361411192296,True,98.15851937296968,98.15851937296968,100.0,9270732.899636555,4.615376626883265,True,True
25634859,3154ee33b71c334ba38e62f771764e148c40d4fa9cd7b4a1a87c294e69abaf20,1785284351,2026-07-29 00:19:11+00:00,1341662,0xC216BfA5dA000965E820845c32e6FD88DB275743,0xC216BfA5dA000965E820845c32e6FD88DB275743,-147180,-147400,-147000,661720136339133548824889,674118780782548675254737,661720136339133548824889,True,98.16076264348813,98.16076264348813,100.0,9282252.301769763,4.6211114894811685,True,True
25634862,ce07065b4f1fc2030ddf6dd5c99fd9e23171bdf810f00e496c6da1e43aa5c15e,1785284387,2026-07-29 00:19:47+00:00,1341663,0xC216BfA5dA000965E820845c32e6FD88DB275743,0xC216BfA5dA000965E820845c32e6FD88DB275743,-147180,-147400,-147000,661747659630695014862377,674146304074110141292225,661747659630695014862377,True,98.1608377338145,98.1608377338145,100.0,9282638.383622833,4.621303697926822,True,True
25634874,4b68e4ac2ad50fb9f643cace6c9ca21ee992a4ad0286f10adcc9fe442f3a5705,1785284531,2026-07-29 00:22:11+00:00,1341665,0xC216BfA5dA000965E820845c32e6FD88DB275743,0xC216BfA5dA000965E820845c32e6FD88DB275743,-147180,-147400,-147000,662253807988525799601415,674652452431940926031263,662253807988525799601415,True,98.16221753901269,98.16221753901269,100.0,9289738.359128345,4.624838376506642,True,True
25634891,b620ee04165dbc9596af4d470e9a0718ca65fb0da1edad73736b438f4b86b92d,1785284735,2026-07-29 00:25:35+00:00,1341666,0xC216BfA5dA000965E820845c32e6FD88DB275743,0xC216BfA5dA000965E820845c32e6FD88DB275743,-147180,-147400,-147000,662681365486530949433143,675080009929946075862991,662681365486530949433143,True,98.16338148648458,98.16338148648458,100.0,9295735.904543772,4.627824217133129,True,True
25634918,8a5891af75aae9fa8928da4a9f905a1231682d096adbd23d6a0c6cfe25bc762e,1785285059,2026-07-29 00:30:59+00:00,1341667,0xC216BfA5dA000965E820845c32e6FD88DB275743,0xC216BfA5dA000965E820845c32e6FD88DB275743,-147180,-147400,-147000,662577873538657803955356,674976517982072930385204,662577873538657803955356,True,98.16309988375856,98.16309988375856,100.0,9294284.175453776,4.627101482848464,True,True
25634935,1b8a1071e5a092143c0d7518cf53a0f6830e6927fb33938d6823425468ee6f63,1785285263,2026-07-29 00:34:23+00:00,1341672,0xC216BfA5dA000965E820845c32e6FD88DB275743,0xC216BfA5dA000965E820845c32e6FD88DB275743,-147180,-147400,-147000,663389426665687533243466,675788071109102659673314,663389426665687533243466,True,98.16530581502178,98.16530581502178,100.0,9305668.203939073,4.632768950518995,True,True
25635010,14a60bf0e2798d52d01e24e5e59aedcfdea0447f44401293bad3a7e017d60ba5,1785286187,2026-07-29 00:49:47+00:00,1341678,0xC216BfA5dA000965E820845c32e6FD88DB275743,0xC216BfA5dA000965E820845c32e6FD88DB275743,-147180,-147400,-147000,663437837262506924935959,675836481705922051365807,663437837262506924935959,True,98.1654372353326,98.1654372353326,100.0,9306347.281617202,4.633107025111091,True,True
25635213,c84256497f3cc7812cd2a7a89f13aac3f671a9e312f41ebcbf2bb1d6f337b451,1785288623,2026-07-29 01:30:23+00:00,1341693,0xC216BfA5dA000965E820845c32e6FD88DB275743,0xC216BfA5dA000965E820845c32e6FD88DB275743,-147180,-147400,-147000,663700760979701233638480,676099405423116360068328,663700760979701233638480,True,98.16615066601696,98.16615066601696,100.0,9310035.433367606,4.6349431484866095,True,True
25635448,05ae86be7ff6706c7ef18b3a5df629b943f8f0f352d10f4b8cfcb3f869d089d9,1785291455,2026-07-29 02:17:35+00:00,1341733,0xC216BfA5dA000965E820845c32e6FD88DB275743,0xC216BfA5dA000965E820845c32e6FD88DB275743,-147222,-147400,-147000,669814746207452016627281,682213390650867143057129,669814746207452016627281,True,98.18258559369728,98.18258559369728,100.0,11611365.118940763,3.7802865120456848,True,True
25635813,cc944df1a51dbd50016895d607a7c8a948cfd8fb9f6697166513d40068595147,1785295847,2026-07-29 03:30:47+00:00,1341739,0xC216BfA5dA000965E820845c32e6FD88DB275743,0xC216BfA5dA000965E820845c32e6FD88DB275743,-147258,-147400,-147000,668940884829490446612439,681339529272905573042287,668940884829490446612439,True,98.18025464387097,98.18025464387097,100.0,13504525.289168391,3.0054687152565176,True,True
25638112,d8006420047456ba5d29f76fbcec57f4dd5108152d9f92ffb4838ca7027c283a,1785323555,2026-07-29 11:12:35+00:00,1341768,0xC216BfA5dA000965E820845c32e6FD88DB275743,0xC216BfA5dA000965E820845c32e6FD88DB275743,-147336,-147600,-147200,564707370741195309038839,577106015184610435468687,564707370741195309038839,True,97.8515828778099,97.8515828778099,100.0,6033526.02859188,4.688855889621847,True,True
25638363,6c1c3064adab176abb4a83076c66cc1487d1f6188c104661d6f232f109dac77c,1785326567,2026-07-29 12:02:47+00:00,1341934,0xC216BfA5dA000965E820845c32e6FD88DB275743,0xC216BfA5dA000965E820845c32e6FD88DB275743,-147335,-147600,-147200,556800353099047812568036,569198997542462938997884,556800353099047812568036,True,97.82173817997806,97.82173817997806,100.0,5900461.119083413,4.64261743651886,True,True
25638377,43fec292ef77844e6e468413aa3cf4b28efac4fabf70eaeb640914cbe6d131aa,1785326735,2026-07-29 12:05:35+00:00,1341935,0xC216BfA5dA000965E820845c32e6FD88DB275743,0xC216BfA5dA000965E820845c32e6FD88DB275743,-147335,-147600,-147200,557397186410430639104427,569795830853845765534275,557397186410430639104427,True,97.82401980287648,97.82401980287648,100.0,5906785.812896533,4.647593849918563,True,True
25638439,eb9bffde69078fc62625666a77bfb113cd247876581a4877ec1d57a57da8ab7e,1785327479,2026-07-29 12:17:59+00:00,1341946,0xC216BfA5dA000965E820845c32e6FD88DB275743,0xC216BfA5dA000965E820845c32e6FD88DB275743,-147335,-147600,-147200,559512368108382010113923,571911012551797136543771,559512368108382010113923,True,97.83206754699584,97.83206754699584,100.0,5929200.574846834,4.6652302960480565,True,True
25638894,4fc41dbbf4a5126dce744a7199f19c9860a6f9e4c402b2d02528be4fb4ee06e8,1785332951,2026-07-29 13:49:11+00:00,1341960,0xC216BfA5dA000965E820845c32e6FD88DB275743,0xC216BfA5dA000965E820845c32e6FD88DB275743,-147335,-147600,-147200,559609294817942134991272,572007939261357261421120,559609294817942134991272,True,97.83243490301452,97.83243490301452,100.0,5930227.715505021,4.666038473753698,True,True
25641756,e86a02c0be6e72cf3885b55ad2cf78598729d22ba9701c6e7ff6d414c5d1831d,1785367415,2026-07-29 23:23:35+00:00,1342134,0xC216BfA5dA000965E820845c32e6FD88DB275743,0xC216BfA5dA000965E820845c32e6FD88DB275743,-147510,-147800,-147400,516293600879987596019692,528692245323402722449540,516293600879987596019692,True,97.65484654766766,97.65484654766766,100.0,4506489.035638039,4.661975930913488,True,True
25642102,b4f66e82de0240207f8377659a8feffb6bcf6494e8fb3318995eafb34385ce28,1785371591,2026-07-30 00:33:11+00:00,1342142,0xC216BfA5dA000965E820845c32e6FD88DB275743,0xC216BfA5dA000965E820845c32e6FD88DB275743,-147491,-147800,-147400,516255692568594886629690,528654337012010013059538,516255692568594886629690,True,97.6546783833283,97.6546783833283,100.0,3707236.940690028,4.975670532865419,True,True
25642337,2fec41e7b0c40ab00679020c758bbf53aada841289cab511085dde81bc236ed6,1785374411,2026-07-30 01:20:11+00:00,1342181,0xC216BfA5dA000965E820845c32e6FD88DB275743,0xC216BfA5dA000965E820845c32e6FD88DB275743,-147423,-147600,-147200,665238334170789544736637,677636978614204671166485,665238334170789544736637,True,98.17031171044252,98.17031171044252,100.0,11703094.13896673,3.6952476009644144,True,True
25642502,278018ea71bf8c434b833f95775c609c1b5b2d38593c110182634392f64aa22e,1785376391,2026-07-30 01:53:11+00:00,1342196,0xC216BfA5dA000965E820845c32e6FD88DB275743,0xC216BfA5dA000965E820845c32e6FD88DB275743,-147389,-147600,-147200,697689091725699261122243,710087736169114387552091,697689091725699261122243,True,98.25392781597591,98.25392781597591,100.0,10361888.787441852,4.634242350775936,True,True
25642512,614c8ca01b5f0a4dd37b9f22aae88962c92e1d89da1561064e35d5178354a7a7,1785376511,2026-07-30 01:55:11+00:00,1342197,0xC216BfA5dA000965E820845c32e6FD88DB275743,0xC216BfA5dA000965E820845c32e6FD88DB275743,-147389,-147600,-147200,697721831455173938011461,710120475898589064441309,697721831455173938011461,True,98.25400831771177,98.25400831771177,100.0,10362375.02900671,4.634459817040901,True,True
25642788,9044b554fe175994a090ebb1b457b2002652bc34abc8388e2a134e7713216172,1785379823,2026-07-30 02:50:23+00:00,1342198,0xC216BfA5dA000965E820845c32e6FD88DB275743,0xC216BfA5dA000965E820845c32e6FD88DB275743,-147389,-147600,-147200,696791765774274536919154,709190410217689663349002,696791765774274536919154,True,98.2517185420472,98.2517185420472,100.0,10348561.94626715,4.628282065634804,True,True
25643644,0194f408449ea7192b43bfc3cdcc0462ee6b4695876b3595959d9cf23d2a5fc3,1785390107,2026-07-30 05:41:47+00:00,1342211,0xC216BfA5dA000965E820845c32e6FD88DB275743,0xC216BfA5dA000965E820845c32e6FD88DB275743,-147391,-147600,-147200,699523604007030903489758,711922248450446029919606,699523604007030903489758,True,98.25842717088815,98.25842717088815,100.0,10497353.4470822,4.6034152050736905,True,True
25643655,9a6ed76a1ef78879b4ba8484c965a4f638012b4be6456aa3a2881d9863e27c77,1785390239,2026-07-30 05:43:59+00:00,1342254,0xC216BfA5dA000965E820845c32e6FD88DB275743,0xC216BfA5dA000965E820845c32e6FD88DB275743,-147391,-147600,-147200,708292323676092037635328,720690968119507164065176,708292323676092037635328,True,98.27961706308506,98.27961706308506,100.0,10628940.64316428,4.661120273526504,True,True
25644153,3c910f7e656609f50045b7f54b6b7be4475209a8fc943787edc01926e60585f2,1785396227,2026-07-30 07:23:47+00:00,1342257,0xC216BfA5dA000965E820845c32e6FD88DB275743,0xC216BfA5dA000965E820845c32e6FD88DB275743,-147391,-147600,-147200,708173486732313211700755,720572131175728338130603,708173486732313211700755,True,98.27933333708248,98.27933333708248,100.0,10627157.324639687,4.660338233019533,True,True
25645198,e202628102ba59444f210e81e2c1756376c6fed6d8b58f2b4737ade3dd855b4d,1785408779,2026-07-30 10:52:59+00:00,1342289,0xC216BfA5dA000965E820845c32e6FD88DB275743,0xC216BfA5dA000965E820845c32e6FD88DB275743,-147391,-147600,-147200,708716004613538990930104,721114649056954117359952,708716004613538990930104,True,98.28062785028295,98.28062785028295,100.0,10635298.58237276,4.663908427147584,True,True
25645250,28a1c06314bfad56116cadf12440f6bd42246641ac50ed01d0ba91da77835bfd,1785409415,2026-07-30 11:03:35+00:00,1342364,0xC216BfA5dA000965E820845c32e6FD88DB275743,0xC216BfA5dA000965E820845c32e6FD88DB275743,-147391,-147600,-147200,704248410456518932378402,716647054899934058808250,704248410456518932378402,True,98.26990924491466,98.26990924491466,100.0,10568255.934125127,4.634508145649266,True,True
25645338,bd6b89ff1f3fd7fbb895c1a5757914ec4b729d0ec1980fc8359e090d1ef8f334,1785410471,2026-07-30 11:21:11+00:00,1342372,0xC216BfA5dA000965E820845c32e6FD88DB275743,0xC216BfA5dA000965E820845c32e6FD88DB275743,-147391,-147600,-147200,703240060069666955047587,715638704513082081477435,703240060069666955047587,True,98.26747150968431,98.26747150968431,100.0,10553124.19253892,4.627872407446457,True,True
25648857,4b338ff58a40d96c7290b0c42a83aaa4245763734692bd6435a9261176438ff6,1785452951,2026-07-30 23:09:11+00:00,1342567,0xC216BfA5dA000965E820845c32e6FD88DB275743,0xC216BfA5dA000965E820845c32e6FD88DB275743,-147548,-147800,-147400,587199308997519584300775,599597953440934710730623,587199308997519584300775,True,97.93217365531976,97.93217365531976,100.0,6875664.146053341,4.616191596490271,True,True
25649186,c7bd0783804b96126c91e9e57ed5a3dfa17c737682be39e14bbe12f732abdeed,1785456911,2026-07-31 00:15:11+00:00,1342588,0xC216BfA5dA000965E820845c32e6FD88DB275743,0xC216BfA5dA000965E820845c32e6FD88DB275743,-147548,-147800,-147400,586705691364737107982011,599104335808152234411859,586705691364737107982011,True,97.93046991945232,97.93046991945232,100.0,6872116.765546901,4.611437656804909,True,True
25649230,fe32b499bbd9ad3a4448e225ba4136b40df57b3f05870b0ec776626a5f5e42c7,1785457439,2026-07-31 00:23:59+00:00,1342604,0xC216BfA5dA000965E820845c32e6FD88DB275743,0xC216BfA5dA000965E820845c32e6FD88DB275743,-147548,-147800,-147400,589355129820634515560645,601753774264049641990493,589355129820634515560645,True,97.93958177352876,97.93958177352876,100.0,6903149.787213531,4.632261931129729,True,True
25651244,dff0b79ecc149fe50e9ca422eb4a0ea29b7da46129cd124e364eee38fbe32883,1785481679,2026-07-31 07:07:59+00:00,1342632,0xC216BfA5dA000965E820845c32e6FD88DB275743,0xC216BfA5dA000965E820845c32e6FD88DB275743,-147500,-147800,-147400,510930617637792645399945,523329262081207771829793,510930617637792645399945,True,97.63081384096364,97.63081384096364,100.0,4047710.578671612,4.775409142982142,True,True
25652089,6162a5dfcc80ba51a0e52e417f0c7dfbd1a076c7f89087ea3f5f0618d5c7adb3,1785491855,2026-07-31 09:57:35+00:00,1342783,0xC216BfA5dA000965E820845c32e6FD88DB275743,0xC216BfA5dA000965E820845c32e6FD88DB275743,-147328,-147600,-147200,551968482990045506645097,564367127433460633074945,551968482990045506645097,True,97.80308883336284,97.80308883336284,100.0,5548944.581138463,4.722386775085605,True,True
25652286,e151000a6d88207f4cdad48f9ae7bb4575110e7bfd578d71d1ba2f2967bc5595,1785494231,2026-07-31 10:37:11+00:00,1342790,0xC216BfA5dA000965E820845c32e6FD88DB275743,0xC216BfA5dA000965E820845c32e6FD88DB275743,-147328,-147600,-147200,551821893778514619471918,564220538221929745901766,551821893778514619471918,True,97.80251805748016,97.80251805748016,100.0,5547470.918355089,4.721132625663606,True,True
25653001,c957f679c52fc6993659d0aa4f9146f72ceacaeb3c814618f7fc8d0a661dfd14,1785502811,2026-07-31 13:00:11+00:00,1342833,0xC216BfA5dA000965E820845c32e6FD88DB275743,0xC216BfA5dA000965E820845c32e6FD88DB275743,-147131,-147400,-147000,551167923419175529405217,563566567862590655835065,551167923419175529405217,True,97.79996806935536,97.79996806935536,100.0,5595417.51802274,4.718196138069634,True,True
25655998,3e62fc62410adc0e1210b72971ca3e9e7f7c0fce4a7d6936cefa9848318185f9,1785538871,2026-07-31 23:01:11+00:00,1343029,0xC216BfA5dA000965E820845c32e6FD88DB275743,0xC216BfA5dA000965E820845c32e6FD88DB275743,-146604,-146800,-146400,712759557360602865157086,725158201804017991586934,712759557360602865157086,True,98.29021523681725,98.29021523681725,100.0,11022012.848646674,4.5612404606219545,True,True
25656104,83892c9e2db002988551513205a63b5f64060d07eda9084badfe4e4aaa521809,1785540143,2026-07-31 23:22:23+00:00,1343041,0xC216BfA5dA000965E820845c32e6FD88DB275743,0xC216BfA5dA000965E820845c32e6FD88DB275743,-146604,-146800,-146400,711816551449191253311683,724215195892606379741531,711816551449191253311683,True,98.28798891355302,98.28798891355302,100.0,11007430.338788208,4.555205779398367,True,True
25656292,57bbc7ab78c749bed9698d5636d0c5e427af12567ed18abd04a060aeb5c4f1bb,1785542399,2026-07-31 23:59:59+00:00,1343047,0xC216BfA5dA000965E820845c32e6FD88DB275743,0xC216BfA5dA000965E820845c32e6FD88DB275743,-146569,-146800,-146400,630511672159822406313534,635832741672970651445115,630511672159822406313534,True,99.1631337670426,99.1631337670426,100.0,8045659.011207841,4.769007487371265,True,True
25656468,978ceb38ea3a158971448221dfd702c1b6022897e25eb1bfba343bae4c7c6134,1785544523,2026-08-01 00:35:23+00:00,1343053,0xC216BfA5dA000965E820845c32e6FD88DB275743,0xC216BfA5dA000965E820845c32e6FD88DB275743,-146569,-146800,-146400,630853533067158532172407,636174602580306777303988,630853533067158532172407,True,99.16358347353602,99.16358347353602,100.0,8050021.335350497,4.771593224160468,True,True
25656590,a069e3d27ec6e03674309698536583f1667cfaaaf5c0c9f0b10f89ea23a70ecf,1785545987,2026-08-01 00:59:47+00:00,1343076,0xC216BfA5dA000965E820845c32e6FD88DB275743,0xC216BfA5dA000965E820845c32e6FD88DB275743,-146487,-146600,-146200,505201647652548510889997,510522717165696756021578,505201647652548510889997,True,98.95772130519684,98.95772130519684,100.0,10886099.201770017,1.8889016218633936,True,True
25656699,3d9cd396f6ad3c129163056670bdb3bbffc7225b1cd0231f964cc58b2ae76957,1785547307,2026-08-01 01:21:47+00:00,1343084,0xC216BfA5dA000965E820845c32e6FD88DB275743,0xC216BfA5dA000965E820845c32e6FD88DB275743,-146497,-146600,-146200,489063549415456618043975,494384618928604863175556,489063549415456618043975,True,98.92369841022165,98.92369841022165,100.0,10899448.189016685,1.6715601397352822,True,True
25656872,8d7ea74b242b8a921618e1af9bc967fcc75e672177bde0ae0c4b95219aeb575e,1785549395,2026-08-01 01:56:35+00:00,1343093,0xC216BfA5dA000965E820845c32e6FD88DB275743,0xC216BfA5dA000965E820845c32e6FD88DB275743,-146412,-146600,-146200,677572308935841786489494,682893378448990031621075,677572308935841786489494,True,99.2208052265445,99.2208052265445,100.0,10780473.01221202,4.201263987838809,True,True
25656876,4f9d52a64cd957758ac2fafe92591580d27786d57b95d29ddd45b0008c3a2ec3,1785549443,2026-08-01 01:57:23+00:00,1343098,0xC216BfA5dA000965E820845c32e6FD88DB275743,0xC216BfA5dA000965E820845c32e6FD88DB275743,-146412,-146600,-146200,688426825283550857269232,693747894796699102400813,688426825283550857269232,True,99.2329966616032,99.2329966616032,100.0,10953173.134403955,4.268567046177569,True,True
25656892,4476cecec7bcab12d51553fa021fe146b9f06430d5667b204f048046ca7900cd,1785549635,2026-08-01 02:00:35+00:00,1343100,0xC216BfA5dA000965E820845c32e6FD88DB275743,0xC216BfA5dA000965E820845c32e6FD88DB275743,-146412,-146600,-146200,688002917139903459038943,693323986653051704170524,688002917139903459038943,True,99.23252770485628,99.23252770485628,100.0,10946428.569666024,4.265938618193471,True,True
25656993,87b47db946a0269e9bf06246a2299b542c53b961e8ad8b42648cd738140b9b31,1785550847,2026-08-01 02:20:47+00:00,1343106,0xC216BfA5dA000965E820845c32e6FD88DB275743,0xC216BfA5dA000965E820845c32e6FD88DB275743,-146523,-146800,-146400,525478230100171379865980,530799299613319624997561,525478230100171379865980,True,98.99753644795226,98.99753644795226,100.0,4888860.609018545,4.760094146880915,True,True
25657056,4f056bfda9ad914df70bdbeb2282d83341a11a63ea9013c6d3a1cc3398788276,1785551603,2026-08-01 02:33:23+00:00,1343113,0xC216BfA5dA000965E820845c32e6FD88DB275743,0xC216BfA5dA000965E820845c32e6FD88DB275743,-146523,-146800,-146400,524974985982392211055715,530296055495540456187296,524974985982392211055715,True,98.99658512296948,98.99658512296948,100.0,4884178.606600173,4.755535462539156,True,True
25657074,1e20801211432acd6e23f831f64db89f7049e95dabafafb1d2eaaf23357682e8,1785551819,2026-08-01 02:36:59+00:00,1343114,0xC216BfA5dA000965E820845c32e6FD88DB275743,0xC216BfA5dA000965E820845c32e6FD88DB275743,-146523,-146800,-146400,524972177270229521280654,530293246783377766412235,524972177270229521280654,True,98.99657980835612,98.99657980835612,100.0,5244179.910605503,4.599536908387966,True,True
25657182,2b8c2814be2aefdd2605416ad975664619c58187acd6a9eecbbd1a0502d3b17c,1785553115,2026-08-01 02:58:35+00:00,1343115,0xC216BfA5dA000965E820845c32e6FD88DB275743,0xC216BfA5dA000965E820845c32e6FD88DB275743,-146532,-146800,-146400,543085204799188975124329,548406274312337220255910,543085204799188975124329,True,99.02972125550158,99.02972125550158,100.0,5425097.134575534,4.75824342165175,True,True
25658186,68888d9dc90dc593b8f157e938cf5f488f6454001184673124a345e80586613f,1785565211,2026-08-01 06:20:11+00:00,1343123,0xC216BfA5dA000965E820845c32e6FD88DB275743,0xC216BfA5dA000965E820845c32e6FD88DB275743,-146542,-146800,-146400,543023079632404814078470,548344149145553059210051,543023079632404814078470,True,99.02961132685746,99.02961132685746,100.0,5805045.819882549,4.592977111765325,True,True
25658440,19a028ba6b9895c293c317b1bac9632a8c794c37e6665edbb427667967202bd4,1785568271,2026-08-01 07:11:11+00:00,1343212,0xC216BfA5dA000965E820845c32e6FD88DB275743,0xC216BfA5dA000965E820845c32e6FD88DB275743,-146599,-146800,-146400,721469368415338451317874,726790437928486696449455,721469368415338451317874,True,99.2678674298035,99.2678674298035,100.0,10843200.976716096,4.751798263082348,True,True
25658582,09da473f0cbaeba8b9d0d0e54b211dc7bc8ad33353e39c0fddf91412e49b9d8e,1785569975,2026-08-01 07:39:35+00:00,1343218,0xC216BfA5dA000965E820845c32e6FD88DB275743,0xC216BfA5dA000965E820845c32e6FD88DB275743,-146650,-146800,-146400,584955075309540303966325,597353719752955430396173,584955075309540303966325,True,97.92440491564317,97.92440491564317,100.0,11103255.31728026,2.8607881330193945,True,True
25658763,2be8eefb6d3222fba852f67ddde97da713efcb91ce1495e982e19dc5e38fb9ed,1785572147,2026-08-01 08:15:47+00:00,1343226,0xC216BfA5dA000965E820845c32e6FD88DB275743,0xC216BfA5dA000965E820845c32e6FD88DB275743,-146652,-146800,-146400,589395427276746515283754,601794071720161641713602,589395427276746515283754,True,97.93971974366995,97.93971974366995,100.0,11270993.554296756,2.8467931900133365,True,True
25659134,e85b3e9de6549cd6c4293f753bcd4a33627c0dcf14e6074e9a8e6eda2d41117f,1785576611,2026-08-01 09:30:11+00:00,1343238,0xC216BfA5dA000965E820845c32e6FD88DB275743,0xC216BfA5dA000965E820845c32e6FD88DB275743,-146652,-146800,-146400,585768625075778357724910,598167269519193484154758,585768625075778357724910,True,97.9272278716652,97.9272278716652,100.0,11201528.578459391,2.8293226043998536,True,True
25659285,a401a5f0c1f824b49642c0d190fde2f1b4fa58da93dcbc4e607f554c2d6cc4ba,1785578423,2026-08-01 10:00:23+00:00,1343262,0xC216BfA5dA000965E820845c32e6FD88DB275743,0xC216BfA5dA000965E820845c32e6FD88DB275743,-146652,-146800,-146400,585037076501774792079585,597435720945189918509433,585037076501774792079585,True,97.92468980197576,97.92468980197576,100.0,11187539.330986174,2.8257891496738052,True,True
25659302,79f9e4fca0aa440e6e606d1e1274858685abc8ccf52a1810e3c77c9b8b701590,1785578627,2026-08-01 10:03:47+00:00,1343278,0xC216BfA5dA000965E820845c32e6FD88DB275743,0xC216BfA5dA000965E820845c32e6FD88DB275743,-146652,-146800,-146400,585774363302659301955542,598173007746074428385390,585774363302659301955542,True,97.92724775560612,97.92724775560612,100.0,11201638.309349108,2.8293503206248753,True,True
25660259,ecef9ebcaeb8255b9f4fb313586c8a538471106ddc4688757f5c0f62126e345d,1785590123,2026-08-01 13:15:23+00:00,1343285,0xC216BfA5dA000965E820845c32e6FD88DB275743,0xC216BfA5dA000965E820845c32e6FD88DB275743,-146653,-146800,-146400,587254525938926060792843,599653170382341187222691,587254525938926060792843,True,97.93236406379546,97.93236406379546,100.0,11253719.225483444,2.8263268205163294,True,True
25660437,7593fa0af172d58ebdcbe3fbfed86a4d538484f197bc78dd0c73a1723bd00f17,1785592259,2026-08-01 13:50:59+00:00,1343355,0xC216BfA5dA000965E820845c32e6FD88DB275743,0xC216BfA5dA000965E820845c32e6FD88DB275743,-146669,-146800,-146400,551224486100718213737064,563623130544133340166912,551224486100718213737064,True,97.80018885466158,97.80018885466158,100.0,11229943.143882642,2.367910491590463,True,True
25660864,4ade17031a5d97de93b3a03cddc667447e9df4837d7e4098737a2b4617fa65c6,1785597395,2026-08-01 15:16:35+00:00,1343357,0xC216BfA5dA000965E820845c32e6FD88DB275743,0xC216BfA5dA000965E820845c32e6FD88DB275743,-146669,-146800,-146400,549835136419304936667397,562233780862720063097245,549835136419304936667397,True,97.79475284740272,97.79475284740272,100.0,11201638.309241476,2.361942223180657,True,True
25660962,b5ad6c9f5bc06ea4650ae02d2fc3db0e721fca297323b0d9e7e11fff450cf545,1785598571,2026-08-01 15:36:11+00:00,1343391,0xC216BfA5dA000965E820845c32e6FD88DB275743,0xC216BfA5dA000965E820845c32e6FD88DB275743,-146669,-146800,-146400,548452772782801221441434,560851417226216347871282,548452772782801221441434,True,97.78931744440716,97.78931744440716,100.0,11173475.79935023,2.3560039649199886,True,True
25661376,fd18c07875b46401ec96744c40ac75758c8fc3e5ac0c55578f02e52b376d5ff0,1785603611,2026-08-01 17:00:11+00:00,1343408,0xC216BfA5dA000965E820845c32e6FD88DB275743,0xC216BfA5dA000965E820845c32e6FD88DB275743,-146669,-146800,-146400,550528934698698242116501,562927579142113368546349,550528934698698242116501,True,97.79747077549294,97.79747077549294,100.0,11213588.85355471,2.36585554588406,True,True
25661431,d552da02bb24dfd77ecae2f891bc2289c1898330783cb45e6c7dc69b35dcaa63,1785604271,2026-08-01 17:11:11+00:00,1343421,0xC216BfA5dA000965E820845c32e6FD88DB275743,0xC216BfA5dA000965E820845c32e6FD88DB275743,-146669,-146800,-146400,550636158488026936499790,563034802931442062929638,550636158488026936499790,True,97.7978902229735,97.7978902229735,100.0,11215772.868622892,2.366316331831256,True,True
25661503,574d2bcfc0c8c50d309b241b675f4e30e14407cc55122582391a31a6ecffc59e,1785605147,2026-08-01 17:25:47+00:00,1343430,0xC216BfA5dA000965E820845c32e6FD88DB275743,0xC216BfA5dA000965E820845c32e6FD88DB275743,-146669,-146800,-146400,552029292348844385515461,564427936792259511945309,552029292348844385515461,True,97.80332552037046,97.80332552037046,100.0,11244149.270567546,2.3723032169212788,True,True
25661628,010820fd2869f6e01a948c75307344898578b88862478bbddd1c432b2bc50645,1785606671,2026-08-01 17:51:11+00:00,1343440,0xC216BfA5dA000965E820845c32e6FD88DB275743,0xC216BfA5dA000965E820845c32e6FD88DB275743,-146689,-146800,-146400,514875174353820700348328,527273818797235826778176,514875174353820700348328,True,97.64853781822552,97.64853781822552,100.0,11286984.12472773,1.8714059137168153,True,True
25661840,f560df8a423ad2ba70e92255ae8825c63af5b582451f13d0bc82b29ee6a39820,1785609215,2026-08-01 18:33:35+00:00,1343442,0xC216BfA5dA000965E820845c32e6FD88DB275743,0xC216BfA5dA000965E820845c32e6FD88DB275743,-146689,-146800,-146400,515529815389235554119015,527928459832650680548863,515529815389235554119015,True,97.6514536747374,97.6514536747374,100.0,11302539.968929058,1.8732716465636712,True,True
25663882,421bcf5710d524ed187016bad05cdcebe0317de2172660843e7751d137df99f5,1785633779,2026-08-02 01:22:59+00:00,1343462,0xC216BfA5dA000965E820845c32e6FD88DB275743,0xC216BfA5dA000965E820845c32e6FD88DB275743,-146769,-146800,-146400,521441767236013420731150,533840411679428547160998,521441767236013420731150,True,97.67746237037213,97.67746237037213,100.0,14642369.321202943,0.5316934724914414,True,True
25664131,5386e859df189627917a24969e4eed6ca3f3955e59e448287050e0ba0274720c,1785636767,2026-08-02 02:12:47+00:00,1343606,0xC216BfA5dA000965E820845c32e6FD88DB275743,0xC216BfA5dA000965E820845c32e6FD88DB275743,-146768,-147000,-146600,607949919969133116826515,620348564412548243256363,607949919969133116826515,True,98.0013422848562,98.0013422848562,100.0,7808983.840830159,4.563913054900455,True,True
25664164,577305e64ea57939a8bfb35b8e3093bd6ea30e5a55be67c9af307b4a1bc5f462,1785637163,2026-08-02 02:19:23+00:00,1343615,0xC216BfA5dA000965E820845c32e6FD88DB275743,0xC216BfA5dA000965E820845c32e6FD88DB275743,-146768,-147000,-146600,601148097656495621744803,613546742099910748174651,601148097656495621744803,True,97.97918502492902,97.97918502492902,100.0,7721615.919916079,4.512851405527534,True,True
25664182,ff530a3ad7f4f46b7009bdf231888ab0f7e93c2192b362691871510578ba3953,1785637379,2026-08-02 02:22:59+00:00,1343619,0xC216BfA5dA000965E820845c32e6FD88DB275743,0xC216BfA5dA000965E820845c32e6FD88DB275743,-146768,-147000,-146600,599359938027087290024006,611758582470502416453854,599359938027087290024006,True,97.9732782181257,97.9732782181257,100.0,7698647.400318966,4.499427594110111,True,True
25664206,eb92d565cb14c7192775b276b4e330f8bb48270dea5d9b7076989b031282d77c,1785637667,2026-08-02 02:27:47+00:00,1343621,0xC216BfA5dA000965E820845c32e6FD88DB275743,0xC216BfA5dA000965E820845c32e6FD88DB275743,-146768,-147000,-146600,629816126298132247535205,642214770741547373965053,629816126298132247535205,True,98.0693928249114,98.0693928249114,100.0,8089850.48177335,4.728063852931867,True,True
25664434,59940d2c2c0808adb27ce618d6e62e8088321ae20c5f014cf397947aafaffef3,1785640403,2026-08-02 03:13:23+00:00,1343626,0xC216BfA5dA000965E820845c32e6FD88DB275743,0xC216BfA5dA000965E820845c32e6FD88DB275743,-146768,-147000,-146600,631266739115517473299947,643665383558932599729795,631266739115517473299947,True,98.07374378673886,98.07374378673886,100.0,8106238.108499237,4.739903251708056,True,True
25665384,aabbca9a5264c1a89b2cdf3ab535989eabfa88616c917dab6c7e4ca462693bbd,1785651827,2026-08-02 06:23:47+00:00,1343660,0xC216BfA5dA000965E820845c32e6FD88DB275743,0xC216BfA5dA000965E820845c32e6FD88DB275743,-146748,-147000,-146600,580227123896782099771362,592625768340197226201210,580227123896782099771362,True,97.90784587748507,97.90784587748507,100.0,6542878.656211505,4.7410666392978555,True,True
25665732,5355d2dd7717e789174e6fbee5cb9486a85b0966b89b004a2647ce1fa283f50f,1785656015,2026-08-02 07:33:35+00:00,1343754,0xC216BfA5dA000965E820845c32e6FD88DB275743,0xC216BfA5dA000965E820845c32e6FD88DB275743,-146748,-147000,-146600,579332252396404773856775,591730896839819900286623,579332252396404773856775,True,97.90468192388956,97.90468192388956,100.0,6532764.853338434,4.733764287109235,True,True
25665950,c417d4035c494af0aeefc2e40e626cad59ab74d7b755c3a868250ebba7951e11,1785658643,2026-08-02 08:17:23+00:00,1343796,0xC216BfA5dA000965E820845c32e6FD88DB275743,0xC216BfA5dA000965E820845c32e6FD88DB275743,-146703,-147000,-146600,491593659829803328737351,503992304273218455167199,491593659829803328737351,True,97.5399139355323,97.5399139355323,100.0,3852948.83843073,4.734864122690432,True,True
25666014,0f7f37f9c6cf7ccde9e5e58fe17a074f0fbe493dde5f36f4bfb5ae7d49b27bb3,1785659411,2026-08-02 08:30:11+00:00,1343804,0xC216BfA5dA000965E820845c32e6FD88DB275743,0xC216BfA5dA000965E820845c32e6FD88DB275743,-146703,-147000,-146600,491656516603418174242437,504055161046833300672285,491656516603418174242437,True,97.54022071360892,97.54022071360892,100.0,3853441.489074293,4.735469537907464,True,True
25666054,6ddff3e889b1c0b7e4db7f9bd2367363fd9deae63ea89ff2e5003590f0cf8587,1785659891,2026-08-02 08:38:11+00:00,1343810,0xC216BfA5dA000965E820845c32e6FD88DB275743,0xC216BfA5dA000965E820845c32e6FD88DB275743,-146703,-147000,-146600,492782799276557833126098,505181443719972959555946,492782799276557833126098,True,97.5457046972834,97.5457046972834,100.0,3862268.920898212,4.746317512274958,True,True
25667030,215885a1b0564b3827da2ce6607c746f497b29e14816eaeb59a8fc3dfbf8d2e7,1785671663,2026-08-02 11:54:23+00:00,1343820,0xC216BfA5dA000965E820845c32e6FD88DB275743,0xC216BfA5dA000965E820845c32e6FD88DB275743,-146662,-146800,-146400,554647118226269571027359,567045762669684697457207,554647118226269571027359,True,97.8134666971072,97.8134666971072,100.0,11034737.28924095,2.495821175307342,True,True
25667066,e5550e08495832b9428d8ad5daa2a2957d0beca93a91871fd7cf00d98bc2b0be,1785672095,2026-08-02 12:01:35+00:00,1343882,0xC216BfA5dA000965E820845c32e6FD88DB275743,0xC216BfA5dA000965E820845c32e6FD88DB275743,-146662,-146800,-146400,560212181026416954669463,572610825469832081099311,560212181026416954669463,True,97.83471707276196,97.83471707276196,100.0,11145454.54347304,2.5208630462954043,True,True
25667076,f17d1d92b4c7ffb0ddb5c22e7eccf188a60de5be63b1d635dfd9a968933be262,1785672215,2026-08-02 12:03:35+00:00,1343884,0xC216BfA5dA000965E820845c32e6FD88DB275743,0xC216BfA5dA000965E820845c32e6FD88DB275743,-146662,-146800,-146400,558810774694893678305011,571209419138308804734859,558810774694893678305011,True,97.82940476329698,97.82940476329698,100.0,11117573.481450591,2.5145569473678355,True,True
25667628,54d55225aadbdc8f2ffcf96783528453a59c2f28f4333aefbd635cb4dbfb5e5b,1785678875,2026-08-02 13:54:35+00:00,1343887,0xC216BfA5dA000965E820845c32e6FD88DB275743,0xC216BfA5dA000965E820845c32e6FD88DB275743,-146646,-146800,-146400,594222489663310162451940,606621134106725288881788,594222489663310162451940,True,97.9561139982911,97.9561139982911,100.0,11097335.706570044,2.9839404185943095,True,True
25669120,06af8cfde43951251041178fdf9d2679d09a1c5bfc72a4348433116b6c6cfe61,1785696827,2026-08-02 18:53:47+00:00,1343950,0xC216BfA5dA000965E820845c32e6FD88DB275743,0xC216BfA5dA000965E820845c32e6FD88DB275743,-146589,-146800,-146400,684914261852538127330254,690235331365686372461835,684914261852538127330254,True,99.22909343069702,99.22909343069702,100.0,9781783.73891047,4.731400239145526,True,True
25669958,5a5cb725f994e9782232eaaae4ea629b1896abf946a531f8e1e9fe6b37c15c87,1785706931,2026-08-02 21:42:11+00:00,1344013,0xC216BfA5dA000965E820845c32e6FD88DB275743,0xC216BfA5dA000965E820845c32e6FD88DB275743,-146710,-147000,-146600,504188164366041062523817,516586808809456188953665,504188164366041062523817,True,97.59989139637742,97.59989139637742,100.0,4223921.530228611,4.740308223602962,True,True
25670429,8dfb86c4fe422a84a7c25a75ecdc6f0abaccd990ce52e30c0270164f3980101b,1785712631,2026-08-02 23:17:11+00:00,1344103,0xC216BfA5dA000965E820845c32e6FD88DB275743,0xC216BfA5dA000965E820845c32e6FD88DB275743,-146711,-147000,-146600,503129373052680937349781,515528017496096063779629,503129373052680937349781,True,97.59496205392774,97.59496205392774,100.0,4231726.652415709,4.723260007281554,True,True
25670643,db6a4c61add8ea05f56eb4485016bb00118196c4fd8a324ffee80930badf3b37,1785715223,2026-08-03 00:00:23+00:00,1344109,0xC216BfA5dA000965E820845c32e6FD88DB275743,0xC216BfA5dA000965E820845c32e6FD88DB275743,-146711,-147000,-146600,502940160066513986529710,515338804509929112959558,502940160066513986529710,True,97.59407901463857,97.59407901463857,100.0,4234782.3421184085,4.719506910017625,True,True
25671091,12f4773c6a01d8d11e0bf4659f678b533bbb33b2fa3350f552e2c8c896accc9d,1785720647,2026-08-03 01:30:47+00:00,1344120,0xC216BfA5dA000965E820845c32e6FD88DB275743,0xC216BfA5dA000965E820845c32e6FD88DB275743,-146711,-147000,-146600,502742232192928283825628,515140876636343410255476,502742232192928283825628,True,97.59315460959472,97.59315460959472,100.0,4236397.297774364,4.716253698047015,True,True
25671254,ab1023efaf5f731188c707cc6c8bc73752df7531630306750af1e12721425a29,1785722603,2026-08-03 02:03:23+00:00,1344144,0xC216BfA5dA000965E820845c32e6FD88DB275743,0xC216BfA5dA000965E820845c32e6FD88DB275743,-146711,-147000,-146600,506647671658892221823731,519046316102307348253579,506647671658892221823731,True,97.61126434023832,97.61126434023832,100.0,4269306.793219103,4.752890849542143,True,True
25671376,d42c3bb3de10ffe38f8c2db4897731ae29f71da9d240997e3b8829a738f724cc,1785724067,2026-08-03 02:27:47+00:00,1344159,0xC216BfA5dA000965E820845c32e6FD88DB275743,0xC216BfA5dA000965E820845c32e6FD88DB275743,-146711,-147000,-146600,506463515417740421761179,518862159861155548191027,506463515417740421761179,True,97.61041652242804,97.61041652242804,100.0,4267754.986045512,4.7511632692878205,True,True
25671514,3ee29215a0bea4798b22ae4f844446cc1dfbb938420a86ae450881627a9d4e9c,1785725723,2026-08-03 02:55:23+00:00,1344169,0xC216BfA5dA000965E820845c32e6FD88DB275743,0xC216BfA5dA000965E820845c32e6FD88DB275743,-146711,-147000,-146600,507741822876694837286912,520140467320109963716760,507741822876694837286912,True,97.61628920985596,97.61628920985596,100.0,4278526.745245486,4.763155144834535,True,True
25671578,5c6be2748db5809349a95002323f483d7808150058075324a00ddc47aca67fd8,1785726503,2026-08-03 03:08:23+00:00,1344171,0xC216BfA5dA000965E820845c32e6FD88DB275743,0xC216BfA5dA000965E820845c32e6FD88DB275743,-146711,-147000,-146600,508406586498620092332880,520805230942035218762728,508406586498620092332880,True,97.61933181412398,97.61933181412398,100.0,4284128.428635597,4.769391330476939,True,True
25675664,60b9e4b47765b418324f01383eea7e3d0ae3050d14af0aa1e9c685207d96eaf1,1785775679,2026-08-03 16:47:59+00:00,874708,0x29240BE00F0CC21DaF18246A86383d8EE1a7746E,0x29240BE00F0CC21DaF18246A86383d8EE1a7746E,-146714,-131200,-122000,259404793943011295722,520486254251888234966066,259404793943011295722,False,0.0,0.0,100.0,67527.80917181916,0.0,False,False
25676463,b42d6bafb4b352360860a0191d16568a38f27cc9b810ba71ef2308209345fb18,1785785303,2026-08-03 19:28:23+00:00,1344178,0xC216BfA5dA000965E820845c32e6FD88DB275743,0xC216BfA5dA000965E820845c32e6FD88DB275743,-146724,-147000,-146600,508087609808473108536218,520486254251888234966066,508087609808473108536218,True,97.61787283676952,97.61787283676952,100.0,4791366.725212115,4.549629830712836,True,True
25678058,d5123c4f99abcc0a66afa296ad2990b09f923dd9453526ca163ba859b93bbc04,1785804467,2026-08-04 00:47:47+00:00,1344469,0xC216BfA5dA000965E820845c32e6FD88DB275743,0xC216BfA5dA000965E820845c32e6FD88DB275743,-146761,-147000,-146600,617288052662456833510955,629686697105871959940803,617288052662456833510955,True,98.03098199463304,98.03098199463304,100.0,7565506.471385404,4.787778879286761,True,True
25678077,56c2ed37a1cd0be52eb0d365210b2bc4e170f99086337d70ea2594615b2ee0e8,1785804695,2026-08-04 00:51:35+00:00,1344506,0xC216BfA5dA000965E820845c32e6FD88DB275743,0xC216BfA5dA000965E820845c32e6FD88DB275743,-146761,-147000,-146600,617488483152715498636104,629887127596130625065952,617488483152715498636104,True,98.0316085374323,98.0316085374323,100.0,7567962.955298505,4.789333448282365,True,True
25678112,238adf84e891f1ec905d306484b7d2f134dccc8bac1f0d8cfda70e15919770d8,1785805115,2026-08-04 00:58:35+00:00,1344510,0xC216BfA5dA000965E820845c32e6FD88DB275743,0xC216BfA5dA000965E820845c32e6FD88DB275743,-146761,-147000,-146600,619333908953481718311658,631732553396896844741506,619333908953481718311658,True,98.03735862957414,98.03735862957414,100.0,7590580.565955215,4.803646848054304,True,True
25678159,1ee7c1737392d07d42144b4163a67625550032d1079a274d2ff27dabe66089b7,1785805679,2026-08-04 01:07:59+00:00,1344514,0xC216BfA5dA000965E820845c32e6FD88DB275743,0xC216BfA5dA000965E820845c32e6FD88DB275743,-146761,-147000,-146600,618538324723968554023544,630936969167383680453392,618538324723968554023544,True,98.03488382369208,98.03488382369208,100.0,7580829.854579945,4.797476177239718,True,True
25680213,e793555e7fffe9551729ad6f2934bfbb3d1a7398b54860ac1159dab3f6db8e6a,1785830411,2026-08-04 08:00:11+00:00,1344516,0xC216BfA5dA000965E820845c32e6FD88DB275743,0xC216BfA5dA000965E820845c32e6FD88DB275743,-146770,-147000,-146600,612400783451222634036186,624799427894637760466034,612400783451222634036186,True,98.01558005819652,98.01558005819652,100.0,7932586.880126625,4.569231117057989,True,True
25684284,c4e8b7628560702f2112aca9921f65bf758678f0423ae433ad992df08b9bcca1,1785879383,2026-08-04 21:36:23+00:00,1344784,0xC216BfA5dA000965E820845c32e6FD88DB275743,0xC216BfA5dA000965E820845c32e6FD88DB275743,-146256,-146400,-146000,558531809881428782662399,563852879394577027793980,558531809881428782662399,True,99.05630179296742,99.05630179296742,100.0,10606801.907468071,2.6909947795869913,True,True
25684737,329f7cfaf251d5721a66aa2335ea2299b2602ac980f3b7019d5070605d405e7e,1785884855,2026-08-04 23:07:35+00:00,1344811,0xC216BfA5dA000965E820845c32e6FD88DB275743,0xC216BfA5dA000965E820845c32e6FD88DB275743,-146121,-146400,-146000,508351605752517068466256,513672675265665313597837,508351605752517068466256,True,98.96411279607268,98.96411279607268,100.0,4547213.575870151,4.737972877651809,True,True
25684753,558253be6196a7bfe85dbaaa85809263f081bb1af18f0a403f4acde192e77f0b,1785885047,2026-08-04 23:10:47+00:00,1344835,0xC216BfA5dA000965E820845c32e6FD88DB275743,0xC216BfA5dA000965E820845c32e6FD88DB275743,-146121,-146400,-146000,507963939898609938381941,513285009411758183513522,507963939898609938381941,True,98.96333042742737,98.96333042742737,100.0,4543745.898353566,4.734359728247698,True,True
25684827,5196b34c3aaff96859987755a9828cbce07436a19520de4f305caf9e68e3647a,1785885935,2026-08-04 23:25:35+00:00,1344842,0xC216BfA5dA000965E820845c32e6FD88DB275743,0xC216BfA5dA000965E820845c32e6FD88DB275743,-146121,-146400,-146000,508568009077863454366042,513889078591011699497623,508568009077863454366042,True,98.96454901751606,98.96454901751606,100.0,4549149.307217792,4.73998981450127,True,True
25685243,b571d2f1c195096b1724939c321714c316f1f2fb18f957e440ed15cba4703544,1785890939,2026-08-05 00:48:59+00:00,1344846,0xC216BfA5dA000965E820845c32e6FD88DB275743,0xC216BfA5dA000965E820845c32e6FD88DB275743,-146132,-146400,-146000,509777742871470059931728,515098812384618305063309,509777742871470059931728,True,98.96698082286102,98.96698082286102,100.0,5568231.453369001,4.296926683642297,True,True
25685333,09e2ac1b640c5da2715a8ac1500590adf93ec04c98bfed59cfa972ee2c9096fb,1785892019,2026-08-05 01:06:59+00:00,1344884,0xC216BfA5dA000965E820845c32e6FD88DB275743,0xC216BfA5dA000965E820845c32e6FD88DB275743,-146148,-146400,-146000,566194459085609858875400,571515528598758104006981,566194459085609858875400,True,99.06895451708996,99.06895451708996,100.0,6184463.405650547,4.7724643011509,True,True
25685349,9a9e1488c28477405150d9e72758fd47121827837d87b8b73fa7b5b2797fd568,1785892211,2026-08-05 01:10:11+00:00,1344890,0xC216BfA5dA000965E820845c32e6FD88DB275743,0xC216BfA5dA000965E820845c32e6FD88DB275743,-146148,-146400,-146000,565523405703592674144067,570844475216740919275648,565523405703592674144067,True,99.06786003120588,99.06786003120588,100.0,6177133.582799534,4.766807978913103,True,True
25685514,f0c2bc84708dc36047bf180f8cba1ff276b97c468b4635f9776dfdafc8a5a235,1785894191,2026-08-05 01:43:11+00:00,1344891,0xC216BfA5dA000965E820845c32e6FD88DB275743,0xC216BfA5dA000965E820845c32e6FD88DB275743,-146177,-146400,-146000,640004917740837605070736,645325987253985850202317,640004917740837605070736,True,99.1754447181353,99.1754447181353,100.0,8393548.704736637,4.7642274243906355,True,True
25685889,979c17f33843f114a80a477d462bc973c71a6e055fc9a05e9dd1f2fba10d5083,1785898691,2026-08-05 02:58:11+00:00,1344930,0xC216BfA5dA000965E820845c32e6FD88DB275743,0xC216BfA5dA000965E820845c32e6FD88DB275743,-146255,-146400,-146000,565056351519735273036445,570377421032883518168026,565056351519735273036445,True,99.06709674735852,99.06709674735852,100.0,10728424.86235179,2.7234455347676416,True,True
25685995,3375dbdf69922a3d1d3529098cc55497bbc0a041a44c1c800ac4fec118455064,1785899975,2026-08-05 03:19:35+00:00,1344953,0xC216BfA5dA000965E820845c32e6FD88DB275743,0xC216BfA5dA000965E820845c32e6FD88DB275743,-146281,-146400,-146000,514855156217299051918995,520176225730447297050576,514855156217299051918995,True,98.97706406983974,98.97706406983974,100.0,10767413.686610447,2.040368412524768,True,True
25686295,5c3874253744f406e9170ad529098cb9953cb8ececa86a2d895cb4d0763d0aa5,1785903599,2026-08-05 04:19:59+00:00,1344963,0xC216BfA5dA000965E820845c32e6FD88DB275743,0xC216BfA5dA000965E820845c32e6FD88DB275743,-146281,-146400,-146000,516733047364596339166114,522054116877744584297695,516733047364596339166114,True,98.98074369282402,98.98074369282402,100.0,10806686.92802058,2.047810485761941,True,True
25686302,c8a88bf9205ff663c831b4a378e4cf9492e0f9bcaa518eb82420ebd5e393fdce,1785903683,2026-08-05 04:21:23+00:00,1344994,0xC216BfA5dA000965E820845c32e6FD88DB275743,0xC216BfA5dA000965E820845c32e6FD88DB275743,-146281,-146400,-146000,516105563396940455802918,521426632910088700934499,516105563396940455802918,True,98.97951712143062,98.97951712143062,100.0,10793564.053791044,2.045323769932236,True,True
25686907,7ce77bd5ec9230c5124d06d65b4a71e48f721f34d7ef8aaa101220be3becb182,1785910955,2026-08-05 06:22:35+00:00,1344995,0xC216BfA5dA000965E820845c32e6FD88DB275743,0xC216BfA5dA000965E820845c32e6FD88DB275743,-146281,-146400,-146000,516733047364596339166114,522054116877744584297695,516733047364596339166114,True,98.98074369282402,98.98074369282402,100.0,10806686.92802058,2.047810485761941,True,True
25687194,5e70dbcb9dae613ea45a5e27d757250de39ec383be3cba8d073a07b7550212ef,1785914435,2026-08-05 07:20:35+00:00,1345032,0xC216BfA5dA000965E820845c32e6FD88DB275743,0xC216BfA5dA000965E820845c32e6FD88DB275743,-146282,-146400,-146000,515479601525021829780194,520800671038170074911775,515479601525021829780194,True,98.97829058043624,98.97829058043624,100.0,10801965.811155615,2.033299564943358,True,True
25687649,8355f64c3bddb28cda578a8a8404af9e2009aa348ed642746e54d8acf516cc8e,1785919931,2026-08-05 08:52:11+00:00,1345056,0xC216BfA5dA000965E820845c32e6FD88DB275743,0xC216BfA5dA000965E820845c32e6FD88DB275743,-146282,-146400,-146000,514766114314490250460071,520087183827638495591652,514766114314490250460071,True,98.9768889373533,98.9768889373533,100.0,10787014.561034257,2.030485228099621,True,True
25692890,204d5735fb4c5b787a093ced284e31ed009bcedbc216bac3a6e66441c8971d4a,1785983027,2026-08-06 02:23:47+00:00,1345329,0xC216BfA5dA000965E820845c32e6FD88DB275743,0xC216BfA5dA000965E820845c32e6FD88DB275743,-146522,-146800,-146400,512262020714226596867067,517583090227374841998648,512262020714226596867067,True,98.9719390734325,98.9719390734325,100.0,4712791.446585221,4.663394569297723,True,True
25693282,1f93755d817e31358d6df811a5ce37613e9f0b35c3b57cc019c305ae966bc279,1785987743,2026-08-06 03:42:23+00:00,1345382,0xC216BfA5dA000965E820845c32e6FD88DB275743,0xC216BfA5dA000965E820845c32e6FD88DB275743,-146476,-146600,-146200,515583714644200080059671,520904784157348325191252,515583714644200080059671,True,98.9784947892625,98.9784947892625,100.0,10676876.874879155,2.116154733502034,True,True
25693343,28d74438a0a06e122a44ad3864b4ef6d721cea7bd1546e476a544df3ce8572f8,1785988475,2026-08-06 03:54:35+00:00,1345388,0xC216BfA5dA000965E820845c32e6FD88DB275743,0xC216BfA5dA000965E820845c32e6FD88DB275743,-146476,-146600,-146200,514965137901975472385726,520286207415123717517307,514965137901975472385726,True,98.9772803050874,98.9772803050874,100.0,10664067.184567364,2.1136158555974127,True,True
25693521,af5f2ec054066c2952171d17050cc6306a6163c1658b816b5405b570cab0ae5b,1785990611,2026-08-06 04:30:11+00:00,1345397,0xC216BfA5dA000965E820845c32e6FD88DB275743,0xC216BfA5dA000965E820845c32e6FD88DB275743,-146436,-146600,-146200,601422870349332827242987,606743939862481072374568,601422870349332827242987,True,99.12301233460128,99.12301233460128,100.0,10664067.184793994,3.249709522254623,True,True
25696202,b2eb98c05017639eb46ba0394fac83e9115e090efd05485b18575eca36a7d2ea,1786022819,2026-08-06 13:26:59+00:00,1345413,0xC216BfA5dA000965E820845c32e6FD88DB275743,0xC216BfA5dA000965E820845c32e6FD88DB275743,-146478,-146600,-146200,597124434110981554529642,602445503624129799661223,597124434110981554529642,True,99.11675504570316,99.11675504570316,100.0,12468468.371940471,2.405970271287301,True,True
25701651,10d5619b8ceb663024e6732492d9aaa931fd047b8092279a0fbb57d2d6fa7503,1786088387,2026-08-07 07:39:47+00:00,1346042,0xC216BfA5dA000965E820845c32e6FD88DB275743,0xC216BfA5dA000965E820845c32e6FD88DB275743,-146693,-147000,-146600,525165814202794415151381,537564458646209541581229,525165814202794415151381,True,97.6935520486902,97.6935520486902,100.0,3718684.8732301616,5.227474586944277,True,True
25706986,655b9f866ff97d299a85355832f56b8ce9c4fa39429b7b97873e5811892c7ebf,1786152695,2026-08-08 01:31:35+00:00,1346460,0xC216BfA5dA000965E820845c32e6FD88DB275743,0xC216BfA5dA000965E820845c32e6FD88DB275743,-146934,-147200,-146800,544221689487753730035219,556620333931168856465067,544221689487753730035219,True,97.77251320377592,97.77251320377592,100.0,5624751.114348695,4.6411387067887455,True,True
25708189,e08c9627b1cb6259aa94fc59f1c951ca672bcbe2bc3b8967366643b2132674d3,1786167299,2026-08-08 05:34:59+00:00,1346479,0xC216BfA5dA000965E820845c32e6FD88DB275743,0xC216BfA5dA000965E820845c32e6FD88DB275743,-146784,-147000,-146600,661776577975994367105932,674175222419409493535780,661776577975994367105932,True,98.16091662358636,98.16091662358636,100.0,9285707.030682664,4.636103555380534,True,True
25708318,cec8a9ab8e5aa46f3a158e3aca47d57350bf3f1c84320afcd4660ff099facb29,1786168871,2026-08-08 06:01:11+00:00,1346497,0xC216BfA5dA000965E820845c32e6FD88DB275743,0xC216BfA5dA000965E820845c32e6FD88DB275743,-146784,-147000,-146600,661707550699661606645256,674106195143076733075104,661707550699661606645256,True,98.1607283047171,98.1607283047171,100.0,9284738.475604584,4.635619981902907,True,True
25709035,e1a1156bd601c3e242a2825bed725c165b993bab1756394b4553a0da37770261,1786177511,2026-08-08 08:25:11+00:00,1346553,0xC216BfA5dA000965E820845c32e6FD88DB275743,0xC216BfA5dA000965E820845c32e6FD88DB275743,-146613,-146800,-146400,666197143889676319556773,678595788333091445986621,666197143889676319556773,True,98.17289693561594,98.17289693561594,100.0,10721954.159911811,4.082784147107072,True,True
25709118,06f9ff297923f044d9926e0941c50572f976f04ab656db2550897ac755140b70,1786178519,2026-08-08 08:41:59+00:00,1346563,0xC216BfA5dA000965E820845c32e6FD88DB275743,0xC216BfA5dA000965E820845c32e6FD88DB275743,-146613,-146800,-146400,665795578402099804556367,678194222845514930986215,665795578402099804556367,True,98.17181508987296,98.17181508987296,100.0,10715491.258067384,4.080323156059992,True,True
25709326,1a9a74d91b8a561d866e3aed65fac7615fc53d97979563f4f26b899e00480822,1786181051,2026-08-08 09:24:11+00:00,1346575,0xC216BfA5dA000965E820845c32e6FD88DB275743,0xC216BfA5dA000965E820845c32e6FD88DB275743,-146613,-146800,-146400,665795578402099804556367,678194222845514930986215,665795578402099804556367,True,98.17181508987296,98.17181508987296,100.0,10715491.258067384,4.080323156059992,True,True
25709525,d278e08fdc327e8564002ecfa1c699cd1789959f6c0a21fb01981aa7e0238597,1786183451,2026-08-08 10:04:11+00:00,1346580,0xC216BfA5dA000965E820845c32e6FD88DB275743,0xC216BfA5dA000965E820845c32e6FD88DB275743,-146613,-146800,-146400,664993897994631690893811,677392542438046817323659,664993897994631690893811,True,98.16965146991576,98.16965146991576,100.0,10702588.800200954,4.075410063758895,True,True
25709589,beaf0845a40ab7d40901f783ba7765eea56e13c171590d6345c1a15114c3b3b4,1786184231,2026-08-08 10:17:11+00:00,1346586,0xC216BfA5dA000965E820845c32e6FD88DB275743,0xC216BfA5dA000965E820845c32e6FD88DB275743,-146613,-146800,-146400,664194145862347213633875,676592790305762340063723,664194145862347213633875,True,98.167487945325,98.167487945325,100.0,10689717.376508592,4.070508788877646,True,True
25709673,f4231d849276217cde119626f9e64963920d8ba6ca093ea16efcb77f5c01615c,1786185251,2026-08-08 10:34:11+00:00,1346595,0xC216BfA5dA000965E820845c32e6FD88DB275743,0xC216BfA5dA000965E820845c32e6FD88DB275743,-146601,-146800,-146400,703746274441266778713354,716144918884681905143202,703746274441266778713354,True,98.26869616519453,98.26869616519453,100.0,10676876.87516182,4.592037716232408,True,True
25709824,fb33d364475fe427676f6a32e0d6e10d0b00cc665729988183b209eba2221f53,1786187063,2026-08-08 11:04:23+00:00,1346599,0xC216BfA5dA000965E820845c32e6FD88DB275743,0xC216BfA5dA000965E820845c32e6FD88DB275743,-146601,-146800,-146400,703323857709909393302831,715722502153324519732679,703323857709909393302831,True,98.2676743561768,98.2676743561768,100.0,10670468.185560882,4.589281391072604,True,True
25709923,0ccdc00aa334f4588000fd834a96815a56bb9fedb3cdc616e7e66cb04d957c27,1786188251,2026-08-08 11:24:11+00:00,1346600,0xC216BfA5dA000965E820845c32e6FD88DB275743,0xC216BfA5dA000965E820845c32e6FD88DB275743,-146601,-146800,-146400,703323857709909393302831,715722502153324519732679,703323857709909393302831,True,98.2676743561768,98.2676743561768,100.0,10670468.185560882,4.589281391072604,True,True
25710060,c6418c6b3c9b6782425989945c8ce04dd1ea5b8adab587f3c2969171737a596b,1786189907,2026-08-08 11:51:47+00:00,1346608,0xC216BfA5dA000965E820845c32e6FD88DB275743,0xC216BfA5dA000965E820845c32e6FD88DB275743,-146601,-146800,-146400,704592631957131154241901,716991276400546280671749,704592631957131154241901,True,98.27073984698126,98.27073984698126,100.0,10689717.376514992,4.597560311200817,True,True
25710840,034b87a72fd815de9eed2f973cd2fe4cd4afcfdd449bc8169cb124fe20fe9a02,1786199291,2026-08-08 14:28:11+00:00,1346625,0xC216BfA5dA000965E820845c32e6FD88DB275743,0xC216BfA5dA000965E820845c32e6FD88DB275743,-146600,-146800,-146400,703746274441266778713354,709067343954415023844935,703746274441266778713354,True,99.24956782194016,99.24956782194016,100.0,10672416.964509292,4.5939558954233295,True,True
25711486,e2aae81fc3387432cc76640e0f5eb343ebe22da3b6ec93414a7a97137caf7026,1786207067,2026-08-08 16:37:47+00:00,1346719,0xC216BfA5dA000965E820845c32e6FD88DB275743,0xC216BfA5dA000965E820845c32e6FD88DB275743,-146447,-146600,-146200,567522820944173720873381,572843890457321966004962,567522820944173720873381,True,99.07111350897009,99.07111350897009,100.0,10500295.331947008,2.8754310479096428,True,True
25714156,7831eb1f7b034e1240993a5ed9c85ef14860c2c7c0263fe34e4ec0f0c6026e38,1786239203,2026-08-09 01:33:23+00:00,1346727,0xC216BfA5dA000965E820845c32e6FD88DB275743,0xC216BfA5dA000965E820845c32e6FD88DB275743,-146414,-146600,-146200,631636876704783596473312,636957946217931841604893,631636876704783596473312,True,99.16461211532987,99.16461211532987,100.0,10123351.069071094,3.884131853629047,True,True
25714361,d0986fd98ec3f1f816b53e160ee9a9c444d7b6480c33c304471d407cd9fbfc6f,1786241663,2026-08-09 02:14:23+00:00,1346882,0xC216BfA5dA000965E820845c32e6FD88DB275743,0xC216BfA5dA000965E820845c32e6FD88DB275743,-146413,-146600,-146200,655930830028850613904800,661251899541998859036381,655930830028850613904800,True,99.19530370849084,99.19530370849084,100.0,10473614.493719008,4.050656994336573,True,True
25714587,1762a6ee25249bebbb701bd60609487518b36fc35327f1666c847f34051083c2,1786244375,2026-08-09 02:59:35+00:00,1346896,0xC216BfA5dA000965E820845c32e6FD88DB275743,0xC216BfA5dA000965E820845c32e6FD88DB275743,-146214,-146400,-146000,624397365881945238225218,629718435395093483356799,624397365881945238225218,True,99.15500814108933,99.15500814108933,100.0,9906961.274081856,3.878554446145464,True,True
25714671,6e6c09d214d099da39ad18a789ae30fa9c242144794e6895e38b479efe985d69,1786245383,2026-08-09 03:16:23+00:00,1346901,0xC216BfA5dA000965E820845c32e6FD88DB275743,0xC216BfA5dA000965E820845c32e6FD88DB275743,-146214,-146400,-146000,649516173492429187420763,654837243005577432552344,649516173492429187420763,True,99.18742106225884,99.18742106225884,100.0,10305507.24471817,4.0345843531613355,True,True
25714910,c39529b20bbfd6ba4d3c6d5000feae61dff08d0bfcd4ff4056ebe100e1c9ad65,1786248263,2026-08-09 04:04:23+00:00,1346908,0xC216BfA5dA000965E820845c32e6FD88DB275743,0xC216BfA5dA000965E820845c32e6FD88DB275743,-146214,-146400,-146000,650270109851677348672987,655591179364825593804568,650270109851677348672987,True,99.18835553609742,99.18835553609742,100.0,10317469.528229158,4.0392675619287886,True,True
25715165,1c15c6b558a2ee5aee3fb1d6dd8fc56e0094ad15286dc9866571dd44c3c1735e,1786251335,2026-08-09 04:55:35+00:00,1346927,0xC216BfA5dA000965E820845c32e6FD88DB275743,0xC216BfA5dA000965E820845c32e6FD88DB275743,-146214,-146400,-146000,649516173492429187420763,654837243005577432552344,649516173492429187420763,True,99.18742106225884,99.18742106225884,100.0,10306185.555978788,4.034281115875401,True,True
25716044,cb3ece9c699587b11eaf08fbf5c10c098e7eb69f5890ff6f16189cb3a1a2d51d,1786261895,2026-08-09 07:51:35+00:00,1346998,0xC216BfA5dA000965E820845c32e6FD88DB275743,0xC216BfA5dA000965E820845c32e6FD88DB275743,-146364,-146600,-146200,593278318042460477047589,598599387555608722179170,593278318042460477047589,True,99.11108002718196,99.11108002718196,100.0,7263709.13418114,4.634411489440466,True,True
25717250,19cda980fd9a0873455ea22c0ff1f5faed0749429f1cda7eab5e1088fae82d44,1786276439,2026-08-09 11:53:59+00:00,1347143,0xC216BfA5dA000965E820845c32e6FD88DB275743,0xC216BfA5dA000965E820845c32e6FD88DB275743,-146405,-146600,-146200,691416327241343726886117,696737396754491972017698,691416327241343726886117,True,99.23628765472694,99.23628765472694,100.0,10535177.966092838,4.491231827298489,True,True
25718143,bd4c01c003e252281bce0fa67cf8c71819d4cb50fd28de00ec091c63d52abc04,1786287179,2026-08-09 14:52:59+00:00,1347167,0xC216BfA5dA000965E820845c32e6FD88DB275743,0xC216BfA5dA000965E820845c32e6FD88DB275743,-146421,-146600,-146200,643292974849439729704402,648614044362587974835983,643292974849439729704402,True,99.17962468444892,99.17962468444892,100.0,10657340.137587655,3.803732799641524,True,True
25719076,539a50c0184d69882a0c1971bd7284eef5089097ed08e2f146679741e8d8bf9b,1786298399,2026-08-09 17:59:59+00:00,1347266,0xC216BfA5dA000965E820845c32e6FD88DB275743,0xC216BfA5dA000965E820845c32e6FD88DB275743,-145990,-146200,-145800,651168279185844847475456,656489348698993092607037,651168279185844847475456,True,99.1894659793501,99.1894659793501,100.0,9059529.981988,4.619478363004674,True,True
25719081,c44388b7463514aac69ac8e6fe0dd51526ed8a03a7a3eabc309d206a019d063d,1786298459,2026-08-09 18:00:59+00:00,1347273,0xC216BfA5dA000965E820845c32e6FD88DB275743,0xC216BfA5dA000965E820845c32e6FD88DB275743,-145990,-146200,-145800,651517039824271551394879,656838109337419796526460,651517039824271551394879,True,99.18989634774452,99.18989634774452,100.0,9064382.195404038,4.621952519493215,True,True
25724694,5da7ab38a21dce24dcfde845e7250b4f493e5e7b066d6f83e91b54a23d5d1639,1786366103,2026-08-10 12:48:23+00:00,1347669,0xC216BfA5dA000965E820845c32e6FD88DB275743,0xC216BfA5dA000965E820845c32e6FD88DB275743,-146210,-146400,-146000,659316527825391924741387,664637597338540169872968,659316527825391924741387,True,99.19940287241413,99.19940287241413,100.0,10293572.667715557,4.170323465149169,True,True
25729044,c086da9207baf26cd95377bdd4b58d932c97b9204d8f06d41d1f0afef8582a26,1786418567,2026-08-11 03:22:47+00:00,1348014,0xC216BfA5dA000965E820845c32e6FD88DB275743,0xC216BfA5dA000965E820845c32e6FD88DB275743,-146216,-146400,-146000,658905960834245928776614,664227030347394173908195,658905960834245928776614,True,99.19890801336926,99.19890801336926,100.0,10568918.680954538,4.041761404510995,True,True
25729653,5915acd042b48ff08c1ee37d8c7d76e3eeb60b25374ba827b6b39b9cfe69bc4e,1786425911,2026-08-11 05:25:11+00:00,1348222,0xC216BfA5dA000965E820845c32e6FD88DB275743,0xC216BfA5dA000965E820845c32e6FD88DB275743,-146231,-146400,-146000,664041184721122105080552,669362254234270350212133,664041184721122105080552,True,99.20505384349237,99.20505384349237,100.0,11370084.009971743,3.7522320222209737,True,True
25729888,8f982d67c98e64f5e5c6f2b567a1faf9840ac0d396ad5cc83a9af80683677b82,1786428743,2026-08-11 06:12:23+00:00,1348287,0xC216BfA5dA000965E820845c32e6FD88DB275743,0xC216BfA5dA000965E820845c32e6FD88DB275743,-146432,-146600,-146200,617915935713613268745428,623237005226761513877009,617915935713613268745428,True,99.14622054394664,99.14622054394664,100.0,10773939.392164862,3.4186655985118017,True,True
25730451,a3d4051dd1d4d14793a4ec0a0cc837b8555c6935254ac7572a8867e876894f0b,1786435535,2026-08-11 08:05:35+00:00,1348348,0xC216BfA5dA000965E820845c32e6FD88DB275743,0xC216BfA5dA000965E820845c32e6FD88DB275743,-146432,-146600,-146200,616794491184187321844574,622115560697335566976155,616794491184187321844574,True,99.14468149499687,99.14468149499687,100.0,10754385.963140966,3.412461123741362,True,True
25885244,ae3b0f953bd707f132de9fd3e772a3cdb4aec632d4c9d800f20529ee0a560a79,1788299543,2026-09-01 21:52:23+00:00,1359924,0xC216BfA5dA000965E820845c32e6FD88DB275743,0xC216BfA5dA000965E820845c32e6FD88DB275743,-147516,-147800,-147600,1312014004852694648468195,14380617873331139380592,1312014004852694648468195,False,0.0,0.0,100.0,0.0,8.143557554837464,False,False
25885780,fc5a8b814101551a531041f96c468a775d7ca1e8611fa6834758f224364614d1,1788306011,2026-09-01 23:40:11+00:00,1359952,0xC216BfA5dA000965E820845c32e6FD88DB275743,0xC216BfA5dA000965E820845c32e6FD88DB275743,-147419,-147800,-147600,1422284275958777802604824,14380617873331139380592,1422284275958777802604824,False,0.0,0.0,100.0,0.0,8.827995598957841,False,False
25886624,93ee53c4c74959e729de7dbc5da9601811d2ae25fb9a35445ec9a436096629d8,1788316187,2026-09-02 02:29:47+00:00,1360041,0xC216BfA5dA000965E820845c32e6FD88DB275743,0xC216BfA5dA000965E820845c32e6FD88DB275743,-147497,-147600,-147400,1605736894792330802449627,1620117512665661941830219,1605736894792330802449627,True,99.11237192605432,99.11237192605432,100.0,12296492.430240553,5.208243372601185,True,True
25886686,c1d80abbe76ab589a007539af308002c187f4c8fdeb709d55a8ed04af4869a6b,1788316943,2026-09-02 02:42:23+00:00,1360049,0xC216BfA5dA000965E820845c32e6FD88DB275743,0xC216BfA5dA000965E820845c32e6FD88DB275743,-147497,-147600,-147400,1599463410902727606989301,1613844028776058746369893,1599463410902727606989301,True,99.10892145604446,99.10892145604446,100.0,12248451.031048736,5.18789518791594,True,True
25886692,cb17f3c47178ef7108d51f1bc100b754b5b30800910441791b5db9a4f587ad6e,1788317015,2026-09-02 02:43:35+00:00,1360056,0xC216BfA5dA000965E820845c32e6FD88DB275743,0xC216BfA5dA000965E820845c32e6FD88DB275743,-147497,-147600,-147400,1601856767226882625217881,1616237385100213764598473,1601856767226882625217881,True,99.11024098279724,99.11024098279724,100.0,12266778.99499992,5.1956580924453055,True,True
25886710,2dcc4b2cab3a59307af9f27c2508e75d1fc48d8ddc4a7549fae481376be7ef17,1788317231,2026-09-02 02:47:11+00:00,1360057,0xC216BfA5dA000965E820845c32e6FD88DB275743,0xC216BfA5dA000965E820845c32e6FD88DB275743,-147497,-147600,-147400,1601930010336353899798534,1616310628209685039179126,1601930010336353899798534,True,99.11028130222346,99.11028130222346,100.0,12267339.879752647,5.195895658101753,True,True
25886731,323346c50adcb19067f2396b51e2aa11da1a4c380864d1de8e4ee8a0bf05470b,1788317483,2026-09-02 02:51:23+00:00,1360059,0xC216BfA5dA000965E820845c32e6FD88DB275743,0xC216BfA5dA000965E820845c32e6FD88DB275743,-147497,-147600,-147400,1601024929413810898227798,1615405547287142037608390,1601024929413810898227798,True,99.10978280980392,99.10978280980392,100.0,12260408.905725148,5.192960007976387,True,True
