bucket_start,price_open,price_high,price_low,price_close,price_vwap,price_unit,price_source,price_trade_count,price_staleness_seconds,tvl_token_close,tvl_usd_close,tvl_snapshot_block,volume_token,volume_usd,swap_count,active_trader_count,liquidity_added_token,liquidity_removed_token,net_lp_flow_token,gross_lp_activity_token,recycling_share,lp_add_event_count,lp_remove_event_count,active_lp_count,lp_identity_coverage,withdrawal_amount_coverage,actual_transfer_in_token,actual_transfer_out_token,actual_transfer_net_token,pool_transfer_event_count,price_return,tvl_change,net_lp_flow_ratio,gross_lp_activity_ratio,actual_transfer_net_ratio,withdrawal_ratio,volume_turnover,close_vwap_gap,measured_pool_count,verified_pool_count,data_coverage,is_imputed
2022-05-14T02:00:00+00:00,0.00039643097499295147,0.00039643097499295147,0.000392865314895075,0.00039491150919968986,0.00039505412576245177,WETH,pool_swap_ratio,4,239,185190.116,,14771190,1751.3722,,4,4,0.0,0.0,0.0,0.0,,0,0,,,,822.0736999999999,929.2985,-107.22480000000007,4,,,,,,,,-0.00036100512173276034,1,2,price=observed;tvl=observed;lp_amount=none,False
2022-05-14T03:00:00+00:00,0.00039212637842845786,0.0004126512048384314,0.000381046230127054,0.00039920897224778637,0.0003974215855509445,WETH,pool_swap_ratio,15,132,184140.2735,,14771447,29652.7341,,15,11,0.0,0.0,0.0,0.0,,0,0,,,,14301.445800000001,15351.2883,-1049.8424999999988,15,0.010823307294653266,-0.005685128315898333,0.0,0.0,-0.005668998554976869,0.0,0.16012050070749997,0.0044974575157110674,1,2,price=observed;tvl=observed;lp_amount=none,False
2022-05-14T04:00:00+00:00,0.00042340293318817227,0.0004545819579713532,0.00039942124471465773,0.00039942124471465773,0.00042866319965528755,WETH,pool_swap_ratio,7,545,183787.085,,14771652,24849.629899999996,,7,6,0.0,0.0,0.0,0.0,,0,0,,,,12248.2207,12601.4092,-353.1885000000002,7,0.0005315913857543998,-0.001919882282883913,0.0,0.0,-0.001918040487758916,0.0,0.13494945688782195,-0.06821662079727153,1,2,price=observed;tvl=observed;lp_amount=none,False
2022-05-14T05:00:00+00:00,0.00039858308106158224,0.00039858308106158224,0.00039858308106158224,0.00039858308106158224,0.00039858308106158224,WETH,pool_swap_ratio,1,1974,1245521.8695999999,,14771804,76.8914,,1,1,2739.6734,2671.0219,68.65149999999994,5410.6953,0.9873118894719501,1,3,,,1.0,2816.5648,2739.6734,76.89139999999998,5,-0.0021006501699751164,1.913531952581441,0.00037353821679036883,0.029440019139538563,0.0004183721614606379,0.014533240461374096,0.000418372161460638,0.0,2,2,price=observed;tvl=observed;lp_amount=quantified,False
2022-05-14T06:00:00+00:00,0.0003867595996647273,0.0003892320691820457,0.0003735625092879215,0.0003886960161700925,0.00038205681933314373,WETH,pool_swap_ratio,9,563,1248762.8070999999,,14772150,26510.664499999995,,9,5,0.0,0.0,0.0,0.0,,0,0,,,,14875.801000000001,11634.863500000001,3240.9375,9,-0.025118372277656488,0.00259869240601669,0.0,0.0,0.0026020719339443065,0.0,0.021284784432178547,0.017377511671005097,2,2,price=observed;tvl=observed;lp_amount=none,False
2022-05-14T07:00:00+00:00,0.00039285541822185684,0.00039285541822185684,0.00039285541822185684,0.00039285541822185684,0.00039285541822185684,WETH,pool_swap_ratio,1,8,1246505.7439,,14772432,2257.0632,,1,1,0.0,0.0,0.0,0.0,,0,0,,,,0.0,2257.0632,-2257.0632,1,0.010644062921472722,-0.001809074870648856,0.0,0.0,-0.0018074394810344927,0.0,0.0018074394810344927,0.0,2,2,price=observed;tvl=observed;lp_amount=none,False
2022-05-14T08:00:00+00:00,0.0003925783870646232,0.00039489896485904875,0.0003924965639335011,0.0003924965639335011,0.00039373027655787443,WETH,pool_swap_ratio,4,1645,1247211.4046999998,,14772567,3197.4374000000007,,4,4,0.0,0.0,0.0,0.0,,0,0,,,,1951.5491,1245.8883,705.6607999999999,4,-0.0009138687403470115,0.0005659509694043728,0.0,0.0,0.0005661111498709716,0.0,0.0025651204702804107,-0.0031333953668964964,2,2,price=observed;tvl=observed;lp_amount=none,False
2022-05-14T09:00:00+00:00,0.0003881079188808809,0.00039506508737788157,0.0003773868536349232,0.00039110526162026955,0.0003870373711840193,WETH,pool_swap_ratio,13,382,1247609.6022,,14772926,24507.8721,,13,7,0.0,0.0,0.0,0.0,,0,0,,,,12453.0348,12054.837300000001,398.1974999999984,12,-0.0035510478150507225,0.0003192192965188741,0.0,0.0,0.0003192702524202619,0.0,0.019650134698611935,0.01051032985214273,2,2,price=observed;tvl=observed;lp_amount=none,False
2022-05-14T10:00:00+00:00,0.0003843291818501247,0.00038596514834709074,0.0003843291818501247,0.00038596514834709074,0.00038437878381623365,WETH,pool_swap_ratio,3,1198,1248888.891,,14773144,5442.351000000001,,3,3,0.0,0.0,0.0,0.0,,0,0,,,,3360.8199,2081.5311,1279.2887999999998,3,-0.013229658927272951,0.001024866560472484,0.0,0.0,0.0010253919156634715,0.0,0.0043622227581473485,0.00412708660740102,2,2,price=observed;tvl=observed;lp_amount=none,False
2022-05-14T11:00:00+00:00,0.0003853722310904325,0.00039087680794453106,0.0003817446572926137,0.00039087680794453106,0.000383931694879013,WETH,pool_swap_ratio,7,437,1248310.9545,,14773467,6792.885699999999,,7,6,0.0,0.0,0.0,0.0,,0,0,,,,3107.4746,3685.4111,-577.9364999999998,7,0.012645365012797019,-0.000462867648626428,0.0,0.0,-0.0004627605419223797,0.0,0.005439143344898244,0.01808944965511805,2,2,price=observed;tvl=observed;lp_amount=none,False
2022-05-14T12:00:00+00:00,0.00039652721465405975,0.0004606637177874517,0.0003409853959014308,0.0003861004103729201,0.00040381436084518436,WETH,pool_swap_ratio,10,1627,1223942.6025,,14773643,54668.64170000001,,10,4,0.0,23710.5956,-23710.5956,23710.5956,0.0,0,1,,,1.0,27269.249600000003,51637.6016,-24368.352,9,-0.012294975008514314,-0.019714111562838282,-0.018994142056133017,0.018994142056133017,-0.01952105916571126,0.018994142056133017,0.04379408952787493,-0.0438665688738481,2,2,price=observed;tvl=observed;lp_amount=quantified,False
2022-05-14T13:00:00+00:00,0.0003727231090050516,0.00039597682114010164,0.0003727231090050516,0.0003944270824209265,0.00039362673310507567,WETH,pool_swap_ratio,8,82,1248813.8264,,14773981,6505.0742,,8,3,24238.2095,0.0,24238.2095,24238.2095,0.0,1,0,,,,27807.2538,2936.0299,24871.223899999997,9,0.02133682163028912,0.020116872298420428,0.01980338738964681,0.01980338738964681,0.020320580270021277,0.0,0.005314852335977904,0.0020332697160514446,2,2,price=observed;tvl=observed;lp_amount=quantified,False
2022-05-14T14:00:00+00:00,0.00039388835704484075,0.0004177381068916623,0.00039388835704484075,0.000415838408516316,0.00040979472614363134,WETH,pool_swap_ratio,34,57,1237318.1389000001,,14774247,71196.2629,,34,11,0.0,0.0,0.0,0.0,,1,0,,,,29850.287699999997,41345.97519999999,-11495.687499999996,32,0.05286245596510074,-0.009247915710064013,0.0,0.0,-0.009205285253078134,0.0,0.05701111037923083,0.014748072601028062,2,2,price=observed;tvl=observed;lp_amount=quantified,False
2022-05-14T15:00:00+00:00,0.0004111122741197761,0.00042410561676026025,0.00041088365817869033,0.00041903622249031227,0.00041897836989868294,WETH,pool_swap_ratio,18,425,1232691.9482,,14774489,39032.734500000006,,18,8,0.0,0.0,0.0,0.0,,0,0,,,,17203.271900000003,21829.462600000003,-4626.190699999999,17,0.007660622311169755,-0.0037458924832795247,0.0,0.0,-0.003738885380046859,0.0,0.03154623962330405,0.0001380801391808184,2,2,price=observed;tvl=observed;lp_amount=none,False
2022-05-14T16:00:00+00:00,0.0004261932095772433,0.0004261932095772433,0.0004161934475106545,0.0004178509360048521,0.00042195058068730725,WETH,pool_swap_ratio,8,1114,1235979.6268999998,,14774708,17430.7903,,8,4,0.0,0.0,0.0,0.0,,0,0,,,,10359.2345,7071.5558,3287.6787000000004,8,-0.0028326095482716722,0.002663522095707067,0.0,0.0,0.002667072422108971,0.0,0.01414042683206682,-0.009715935633450967,2,2,price=observed;tvl=observed;lp_amount=none,False
2022-05-14T17:00:00+00:00,0.0004213847714914661,0.0004213847714914661,0.0003953706937269925,0.00040038744626306853,0.00040497695409872844,WETH,pool_swap_ratio,27,185,1246339.6613,,14775036,71104.87120000001,,27,11,0.0,0.0,0.0,0.0,,0,0,,,,40732.4528,30372.418399999995,10360.034400000004,23,-0.04269206253462867,0.008347108771590226,0.0,0.0,0.008382043016343514,0.0,0.05752916120336095,-0.011332762986165035,2,2,price=observed;tvl=observed;lp_amount=none,False
2022-05-14T18:00:00+00:00,0.00039870999220202927,0.00040649226274013417,0.00036789974454018876,0.000388793203322543,0.0003946224637305141,WETH,pool_swap_ratio,25,1044,1252818.5762,,14775237,58652.504900000014,,25,11,0.0,0.0,0.0,0.0,,0,0,,,,32565.7099,26086.795,6478.914900000003,21,-0.02938510269302318,0.005184889309694438,0.0,0.0,0.005198354109378292,0.0,0.04705980778853035,-0.014771739938129413,2,2,price=observed;tvl=observed;lp_amount=none,False
2022-05-14T19:00:00+00:00,0.0003856870142345286,0.0003891246248350925,0.0003694183223755567,0.00038666303188417323,0.0003812858117584447,WETH,pool_swap_ratio,17,381,1254699.0389,,14775559,36133.723300000005,,17,8,0.0,555.7292,-555.7292,555.7292,0.0,0,1,,,1.0,19284.9576,17404.494899999998,1880.4627000000037,18,-0.005493996178622204,0.0014998602930621483,-0.00044358314169128614,0.00044358314169128614,0.0015009856460651701,0.00044358314169128614,0.02884194406631437,0.014102859219779162,2,2,price=observed;tvl=observed;lp_amount=quantified,False
2022-05-14T20:00:00+00:00,0.00038601744800197477,0.00038601744800197477,0.000381983179324726,0.0003835673152094648,0.00038516506236220956,WETH,pool_swap_ratio,3,1215,1255880.6006999998,,14775751,1181.5618,,3,3,0.0,0.0,0.0,0.0,,0,0,,,,1181.5618,0.0,1181.5618,3,-0.00803846110710989,0.0009412662068947014,0.0,0.0,0.0009417093369545259,0.0,0.0009417093369545259,-0.004148214126550864,2,2,price=observed;tvl=observed;lp_amount=none,False
2022-05-14T21:00:00+00:00,0.0003754400165380454,0.0004131956322345804,0.00035114211261297253,0.0003746020337956839,0.00038780666691912147,WETH,pool_swap_ratio,40,177,1259778.9581000002,,14776139,153471.47820000004,,40,16,0.0,0.0,0.0,0.0,,0,0,,,,78684.9178,74786.5604,3898.3573999999935,35,-0.0236509147398527,0.0030992751040876906,0.0,0.0,0.0031040828227039546,0.0,0.12220228428917404,-0.03404952583291054,2,2,price=observed;tvl=observed;lp_amount=none,False
2022-05-14T22:00:00+00:00,0.0003733306715877965,0.0003992297568843387,0.0003645463265570217,0.0003814951071792521,0.0003855231962322505,WETH,pool_swap_ratio,37,271,1256630.1184,,14776393,82766.5161,,37,14,0.0,0.0,0.0,0.0,,0,0,,,,39808.8382,42957.67789999999,-3148.8396999999895,36,0.018233806182452825,-0.002502646626815199,0.0,0.0,-0.002499517617558141,0.0,0.06569923681280447,-0.010448370143133268,2,2,price=observed;tvl=observed;lp_amount=none,False
2022-05-14T23:00:00+00:00,0.0003865238888148938,0.0004090307603685207,0.0003427167745611939,0.0003745799506391712,0.00038822904772335627,WETH,pool_swap_ratio,54,49,1257955.6993,,14776683,187518.95369999995,,54,17,0.0,0.0,0.0,0.0,,0,0,,,,94422.2673,93096.68639999999,1325.5809000000154,50,-0.018292758898823196,0.0010543136077995887,0.0,0.0,0.0010548695917680269,0.0,0.1492236664984266,-0.03515733087007722,2,2,price=observed;tvl=observed;lp_amount=none,False
2022-05-15T00:00:00+00:00,0.00037097913324504424,0.0003892216823300762,0.00036083906902984814,0.00036083906902984814,0.0003767531474765761,WETH,pool_swap_ratio,21,454,1263256.6864,,14776943,39680.70950000001,,21,10,0.0,0.0,0.0,0.0,,0,0,,,,22490.848300000005,17189.861200000003,5300.987100000002,20,-0.037373199748303346,0.004205115714574256,0.0,0.0,0.004213969619875947,0.0,0.031543805176987294,-0.04224006767645494,2,2,price=observed;tvl=observed;lp_amount=none,False
2022-05-15T01:00:00+00:00,0.0003622328683533762,0.00038430420523603284,0.00034046969802748627,0.00037035186433014716,0.00036352235358118497,WETH,pool_swap_ratio,30,375,1261040.7308999998,,14777207,54737.47870000001,,30,13,0.0,0.0,0.0,0.0,,0,0,,,,26260.7616,28476.7171,-2215.9555,29,0.026021471637964137,-0.0017557012529779514,0.0,0.0,-0.0017541609111248635,0.0,0.043330448426906504,0.01878704481769078,2,2,price=observed;tvl=observed;lp_amount=none,False
2022-05-15T02:00:00+00:00,0.00037027868553922156,0.00037575143134708,0.0003609315967632174,0.0003672164907287943,0.0003665313925628116,WETH,pool_swap_ratio,13,899,1263536.0492,,14777423,12964.5845,,13,5,0.0,0.0,0.0,0.0,,0,0,,,,7729.9514,5234.6331,2495.3183,12,-0.008501971284813142,0.0019768217249520725,0.0,0.0,0.001978776925166486,0.0,0.01028086102401088,0.0018691391239165078,2,2,price=observed;tvl=observed;lp_amount=none,False
2022-05-15T03:00:00+00:00,0.00035976642988139754,0.00036781344031506017,0.00035005098974833946,0.0003502105862796735,0.00036168054964823813,WETH,pool_swap_ratio,12,19,1267258.3062,,14777772,10704.357400000003,,12,7,0.0,0.0,0.0,0.0,,0,0,,,,7213.307199999999,3491.0502,3722.256999999999,12,-0.04741691849572126,0.0029415741947353188,0.0,0.0,0.002945904869399431,0.0,0.00847174673550264,-0.031712967091318656,2,2,price=observed;tvl=observed;lp_amount=none,False
2022-05-15T04:00:00+00:00,0.0003451214788190947,0.000358299779933885,0.000341369779338656,0.0003425393411563166,0.0003466069107878533,WETH,pool_swap_ratio,17,391,1268885.6539,,14778015,23085.9937,,17,10,0.0,0.0,0.0,0.0,,0,0,,,,12356.670699999999,10729.323,1627.3476999999984,16,-0.02214813283854682,0.0012833245659121591,0.0,0.0,0.001284148379251711,0.0,0.01821727550496445,-0.01173539679947777,2,2,price=observed;tvl=observed;lp_amount=none,False
2022-05-15T05:00:00+00:00,0.0003567880541430274,0.00036260040384175103,0.00034092889724046335,0.00034562111306487317,0.00035236853209817876,WETH,pool_swap_ratio,16,88,1268824.2677000002,,14778278,27384.3352,,16,10,0.0,0.0,0.0,0.0,,0,0,,,,13661.4745,13722.860700000001,-61.38620000000083,14,0.008956610312299655,-4.837920953001752e-05,0.0,0.0,-4.8378039275112354e-05,0.0,0.021581405003541904,-0.019148755971845954,2,2,price=observed;tvl=observed;lp_amount=none,False
2022-05-15T06:00:00+00:00,0.0003516833808589462,0.00035279776764784857,0.0003353813037723007,0.0003407361305218987,0.0003410428796033161,WETH,pool_swap_ratio,32,425,1269277.8636999999,,14778477,56421.06540000001,,32,11,0.0,0.0,0.0,0.0,,0,0,,,,28437.3307,27983.7347,453.59599999999773,32,-0.01423475915692034,0.00035742927695244506,0.0,0.0,0.00035749316240792897,0.0,0.044467202303968036,-0.0008994443214125347,2,2,price=observed;tvl=observed;lp_amount=none,False
2022-05-15T07:00:00+00:00,0.00034649598263549266,0.0003832987855306922,0.00034649598263549266,0.000349007687999858,0.0003645671704309659,WETH,pool_swap_ratio,39,368,1268553.6472999998,,14778746,83705.6836,,39,13,0.0,0.0,0.0,0.0,,0,0,,,,41490.7336,42214.950000000004,-724.2164000000048,37,0.023985583661496654,-0.0005707364074563694,0.0,0.0,-0.0005705735684138402,0.0,0.06594748556946728,-0.04267932960807885,2,2,price=observed;tvl=observed;lp_amount=none,False
2022-05-15T08:00:00+00:00,0.0003525114921649546,0.0003525114921649546,0.0003273275120461871,0.0003430344806399388,0.00033881472189520214,WETH,pool_swap_ratio,16,18,1270405.5909000002,,14779016,32217.449399999998,,16,9,0.0,0.0,0.0,0.0,,0,0,,,,17034.6965,15182.752900000001,1851.9435999999969,15,-0.017262981852161165,0.001458821315894289,0.0,0.0,0.0014598859133326282,0.0,0.025396994024314137,0.012454472819636964,2,2,price=observed;tvl=observed;lp_amount=none,False
2022-05-15T09:00:00+00:00,0.00033125672943798656,0.00034973771185949624,0.0003307051066476318,0.0003444757005239192,0.00033579785661432107,WETH,pool_swap_ratio,12,1775,1269657.6231999998,,14779149,19550.7337,,12,7,0.0,0.0,0.0,0.0,,0,0,,,,9401.383,10149.3507,-747.9677000000011,12,0.00419258371609246,-0.0005889363047876189,0.0,0.0,-0.0005887629158417937,0.0,0.015389363711906818,0.02584246366874532,2,2,price=observed;tvl=observed;lp_amount=none,False
2022-05-15T10:00:00+00:00,0.0003468681685169447,0.0003468681685169447,0.00033590466919396016,0.0003363778734873748,0.00034095672909763156,WETH,pool_swap_ratio,5,368,1272321.7391000001,,14779536,4714.1027,,5,4,0.0,0.0,0.0,0.0,,0,0,,,,3689.1093,1024.9934,2664.1159,5,-0.02378840095433162,0.002096096384524335,0.0,0.0,0.002098294730263941,0.0,0.003712892841236005,-0.01342943317873524,2,2,price=observed;tvl=observed;lp_amount=none,False
2022-05-15T11:00:00+00:00,0.00033921293688841714,0.00033921293688841714,0.0003312397857882588,0.0003312397857882588,0.00033504720546061103,WETH,pool_swap_ratio,8,397,1274187.6999,,14779805,11789.649,,8,5,0.0,0.0,0.0,0.0,,0,0,,,,6827.8049,4961.8441,1865.9607999999998,7,-0.015392610053475173,0.0014655049813549707,0.0,0.0,0.0014665793585511798,0.0,0.009266248180542464,-0.011363830559690702,2,2,price=observed;tvl=observed;lp_amount=none,False
2022-05-15T12:00:00+00:00,0.0003303110583055607,0.0003460558535020329,0.0003303110583055607,0.0003460558535020329,0.000335784146443492,WETH,pool_swap_ratio,15,16,1267380.8406999998,,14780088,15379.444800000001,,15,6,30137.8516,29652.3772,485.4744000000028,59790.2288,0.9918803722657773,1,1,,,1.0,34424.1444,41231.00360000001,-6806.8592000000135,17,0.04375764686754077,-0.0053564366776850695,0.0003810069741201422,0.046924192412697456,-0.005342116550437762,0.023271592719288657,0.012069999420969927,0.03059020852334826,2,2,price=observed;tvl=observed;lp_amount=quantified,False
2022-05-15T13:00:00+00:00,0.0003407834818649493,0.00034392681285626487,0.00030673511936249144,0.00034048964348006787,0.00032266772527138354,WETH,pool_swap_ratio,21,155,1267655.9610000001,,14780330,74565.50469999999,,21,14,0.0,0.0,0.0,0.0,,0,0,,,,37420.3125,37145.19219999999,275.1203000000096,19,-0.016215478833233796,0.00021705428567820426,0.0,0.0,0.00021707784366383127,0.0,0.05883433164321465,0.05523303638036614,2,2,price=observed;tvl=observed;lp_amount=none,False
2022-05-15T14:00:00+00:00,0.00034118417101100935,0.00034320533719333675,0.00034118417101100935,0.00034320533719333675,0.0003418152702180946,WETH,pool_swap_ratio,2,2184,1269528.1807,,14780437,1872.2197,,2,2,0.0,0.0,0.0,0.0,,0,0,,,,1872.2197,0.0,1872.2197,2,0.007944209252404109,0.001475825115762074,0.0,0.0,0.001476914681585282,0.0,0.001476914681585282,0.004066719940145402,2,2,price=observed;tvl=observed;lp_amount=none,False
2022-05-15T15:00:00+00:00,0.0003388310614421017,0.00034489506567626804,0.0003385758846491568,0.0003447904512184714,0.00034435260153212123,WETH,pool_swap_ratio,6,26,1266816.9547000001,,14780868,3216.2178,,6,5,0.0,0.0,0.0,0.0,,0,0,,,,252.4959,2963.7218999999996,-2711.2259999999997,6,0.004607925968609718,-0.0021379007098237886,0.0,0.0,-0.0021356170278197906,0.0,0.0025333961458237366,0.0012715155465707895,2,2,price=observed;tvl=observed;lp_amount=none,False
2022-05-15T16:00:00+00:00,0.00034986033748413175,0.0003625689640305133,0.00034707459395148744,0.00036095307000281297,0.0003564647980916972,WETH,pool_swap_ratio,8,891,1261595.7633,,14781047,12451.4958,,8,7,0.0,0.0,0.0,0.0,,0,0,,,,3615.1522,8836.3436,-5221.1914,8,0.04581110516580812,-0.004130021008317428,0.0,0.0,-0.004121504200452109,0.0,0.0098289620720688,0.012591066313261123,2,2,price=observed;tvl=observed;lp_amount=none,False
2022-05-15T17:00:00+00:00,0.0003604610326920956,0.0004409106176846705,0.00036012673430980513,0.0004087588121795273,0.0003934547144779907,WETH,pool_swap_ratio,17,585,1252277.3147999998,,14781354,49581.32169999999,,17,12,4164.2831,3323.3047,840.9783999999995,7487.587799999999,0.8876836676292464,1,1,,,1.0,24295.7197,33614.1682,-9318.448499999999,19,0.12437733093812921,-0.007413652870052184,0.0006665989411697318,0.005935013431255076,-0.007386239531769993,0.0026342072450426723,0.03930048208968965,0.038896719592853346,2,2,price=observed;tvl=observed;lp_amount=quantified,False
2022-05-15T18:00:00+00:00,0.000377857296337622,0.00038166040775326266,0.0003730977537007515,0.000379176051119019,0.0003795293217535669,WETH,pool_swap_ratio,9,775,1250154.4319,,14781601,12549.8323,,9,5,0.0,0.0,0.0,0.0,,0,0,,,,5213.474700000001,7336.357599999999,-2122.8828999999987,9,-0.07512466877335025,-0.001696656391968413,0.0,0.0,-0.0016952178841785077,0.0,0.010021607955107231,-0.0009308124940535789,2,2,price=observed;tvl=observed;lp_amount=none,False
2022-05-15T19:00:00+00:00,0.0003789689382446722,0.0003997049137306504,0.0003789689382446722,0.0003919488882597195,0.0003931339887035047,WETH,pool_swap_ratio,18,107,1243239.8932,,14781929,38689.2341,,18,8,0.0,0.0,0.0,0.0,,0,0,,,,15887.3477,22801.8864,-6914.538699999999,18,0.03313083214205354,-0.005546299961850314,0.0,0.0,-0.005530947636198193,0.0,0.030947563847131775,-0.003014495001293249,2,2,price=observed;tvl=observed;lp_amount=none,False
2022-05-15T20:00:00+00:00,0.00039981170816786866,0.00044914486896272194,0.00039981170816786866,0.00043103560343442084,0.000429742194417215,WETH,pool_swap_ratio,36,302,1227514.1594,,14782171,69245.3165,,36,16,0.0,0.0,0.0,0.0,,0,0,,,,26759.977999999996,42485.7118,-15725.733800000002,36,0.09505924907162064,-0.012729673468481457,0.0,0.0,-0.012648993879631082,0.0,0.05569746987588059,0.003009732425646172,2,2,price=observed;tvl=observed;lp_amount=none,False
2022-05-15T21:00:00+00:00,0.0004357502379351789,0.00044171310219506224,0.00040890898974317347,0.00042899997585503844,0.00042467061813978397,WETH,pool_swap_ratio,15,447,1228491.749,,14782458,33116.5416,,15,10,0.0,0.0,0.0,0.0,,0,0,,,,17047.0656,16069.475999999999,977.589600000003,14,-0.004733830622341141,0.0007960808630672,0.0,0.0,0.0007963978195394844,0.0,0.026978541425694936,0.010194625034853244,2,2,price=observed;tvl=observed;lp_amount=none,False
2022-05-15T22:00:00+00:00,0.0004315137697076434,0.0004568842266687821,0.00042756275078537027,0.00045291678408953656,0.0004456492488159622,WETH,pool_swap_ratio,20,20,1218252.8727,,14782727,32957.8811,,20,8,0.0,0.0,0.0,0.0,,0,0,,,,11359.502400000001,21598.3787,-10238.8763,18,0.054251546380548646,-0.008369435842541134,0.0,0.0,-0.008334509619893262,0.0,0.026827922228071878,0.016307747164128195,2,2,price=observed;tvl=observed;lp_amount=none,False
2022-05-15T23:00:00+00:00,0.00044984457179810385,0.00044984457179810385,0.0004373935982967432,0.0004373935982967432,0.00044326350688446675,WETH,pool_swap_ratio,12,239,1224616.9743,,14782963,7414.9596,,12,8,0.0,0.0,0.0,0.0,,0,0,,,,6889.530599999999,525.429,6364.101599999999,12,-0.034874936700954234,0.005210360269869277,0.0,0.0,0.005223957802697656,0.0,0.006086552115872552,-0.013242481044697163,2,2,price=observed;tvl=observed;lp_amount=none,False
2022-05-16T00:00:00+00:00,0.00043493968570664426,0.0004406954065782718,0.0004224417167664808,0.00042650463316912495,0.0004287695578383829,WETH,pool_swap_ratio,12,418,1230198.6299,,14783210,17394.9238,,12,6,0.0,0.0,0.0,0.0,,0,0,,,,11488.2897,5906.6341,5581.655599999999,12,-0.025210242219331505,0.004547523007010482,0.0,0.0,0.004557878681365261,0.0,0.014204379136540279,-0.005282382174416567,2,2,price=observed;tvl=observed;lp_amount=none,False
2022-05-16T01:00:00+00:00,0.00043046785878748847,0.00045707586172806167,0.0004218681649694013,0.000427372626437422,0.0004377441390987519,WETH,pool_swap_ratio,27,87,1230371.1417,,14783506,79599.8457,,27,11,0.0,0.0,0.0,0.0,,0,0,,,,39886.181200000006,39713.6694,172.5118000000075,27,0.002033064020638245,0.00014022101894758273,0.0,0.0,0.0001402308503741632,0.0,0.06470487266472609,-0.02369309314496648,2,2,price=observed;tvl=observed;lp_amount=none,False
2022-05-16T02:00:00+00:00,0.00042384856261627746,0.00045286301515176864,0.00040243754108679696,0.00042506453575721963,0.00042786351110581984,WETH,pool_swap_ratio,48,3,1229265.7093,,14783785,109187.2934,,48,14,0.0,0.0,0.0,0.0,,0,0,,,,54040.93200000001,55146.36439999999,-1105.4323999999833,44,-0.005415287889889349,-0.0008988582798132286,0.0,0.0,-0.0008984544277205744,0.0,0.088743379700158,-0.006541748188262697,2,2,price=observed;tvl=observed;lp_amount=none,False
2022-05-16T03:00:00+00:00,0.0004253469339367787,0.0004300769071499148,0.00041453558709180524,0.00041453558709180524,0.0004196420839573931,WETH,pool_swap_ratio,10,1387,1236849.0911,,14783945,17158.923400000003,,10,8,0.0,0.0,0.0,0.0,,0,0,,,,12371.152600000001,4787.7708,7583.381800000001,9,-0.02508217987831541,0.006150083281827737,0.0,0.0,0.0061690338733342885,0.0,0.013958677338987254,-0.012168695802459828,2,2,price=observed;tvl=observed;lp_amount=none,False
2022-05-16T04:00:00+00:00,0.0004136915413719398,0.0004136915413719398,0.0004108185566160067,0.0004108185566160067,0.00041255140274798084,WETH,pool_swap_ratio,3,1863,1236777.0653000001,,14784180,247.2228,,3,3,0.0,0.0,0.0,0.0,,0,0,,,,87.5985,159.6243,-72.0258,3,-0.009007177425815763,-5.823499224726854e-05,0.0,0.0,-5.823329662306933e-05,0.0,0.00019988113487647127,-0.0042003156950424225,2,2,price=observed;tvl=observed;lp_amount=none,False
2022-05-16T05:00:00+00:00,0.00041066797035422083,0.0004119222055491806,0.00040984763927712784,0.0004119222055491806,0.0004105778095209986,WETH,pool_swap_ratio,3,214,1237212.2077000001,,14784556,775.0124,,3,3,0.0,0.0,0.0,0.0,,0,0,,,,605.0774,169.935,435.1424,3,0.0026828611050002085,0.000351773881347119,0.0,0.0,0.00035183576103462854,0.0,0.000626638722324632,0.0032744001185802674,2,2,price=observed;tvl=observed;lp_amount=none,False
2022-05-16T06:00:00+00:00,0.00040816705366722867,0.00041432914864420064,0.00040816705366722867,0.00041432914864420064,0.0004128540698663373,WETH,pool_swap_ratio,2,2390,1235582.1431,,14784648,3127.2754,,2,1,0.0,0.0,0.0,0.0,,0,0,,,,748.6054,2378.67,-1630.0646000000002,2,0.005826192940792904,-0.0013183990294901395,0.0,0.0,-0.0013175303232986358,0.0,0.0025276790679374735,0.003572881765077085,2,2,price=observed;tvl=observed;lp_amount=none,False
2022-05-16T07:00:00+00:00,0.00041613411080912655,0.00041613411080912655,0.000410308327137025,0.000410308327137025,0.00041372110355953267,WETH,pool_swap_ratio,3,939,1237141.6499,,14785000,1559.5068,,3,3,0.0,0.0,0.0,0.0,,0,0,,,,1559.5068,0.0,1559.5068,3,-0.009751808496403438,0.0012613677364093556,0.0,0.0,0.00126216359528092,0.0,0.00126216359528092,-0.008248978341073632,2,2,price=observed;tvl=observed;lp_amount=none,False
2022-05-16T08:00:00+00:00,0.00040589165709650326,0.00041242233515595574,0.00040589165709650326,0.0004074349791767623,0.00041027882513053413,WETH,pool_swap_ratio,6,657,1237790.1526000001,,14785270,7450.449100000001,,6,5,0.0,0.0,0.0,0.0,,0,0,,,,4049.4758999999995,3400.9732,648.5026999999995,6,-0.007027534834929706,0.0005240570380055584,0.0,0.0,0.000524194379885617,0.0,0.00602230884442556,-0.0069314958013420025,2,2,price=observed;tvl=observed;lp_amount=none,False
2022-05-16T09:00:00+00:00,0.0004097465750317138,0.00041634538680984504,0.0004097465750317138,0.00041056516459785623,0.0004158975716599092,WETH,pool_swap_ratio,7,341,1237151.2274000002,,14785548,5125.5196,,7,5,0.0,0.0,0.0,0.0,,0,0,,,,2243.2972,2882.2224,-638.9252000000001,7,0.007653301099276925,-0.0005163154322417086,0.0,0.0,-0.0005161821643660086,0.0,0.004140863125493247,-0.012821443127860932,2,2,price=observed;tvl=observed;lp_amount=none,False
2022-05-16T10:00:00+00:00,0.00041241497377957244,0.00041241497377957244,0.00041241497377957244,0.00041241497377957244,0.00041241497377957244,WETH,pool_swap_ratio,1,1727,1237042.114,,14785717,109.1134,,1,1,0.0,0.0,0.0,0.0,,0,0,,,,0.0,109.1134,-109.1134,1,0.004495399610824414,-8.820119126914625e-05,0.0,0.0,-8.819730165835342e-05,0.0,8.819730165835342e-05,0.0,2,2,price=observed;tvl=observed;lp_amount=none,False
2022-05-16T11:00:00+00:00,0.0004075075585845452,0.00041397808741222173,0.00040429523018141423,0.00041397808741222173,0.00041095580914801135,WETH,pool_swap_ratio,7,52,1234663.6970000002,,14786119,7241.4400000000005,,7,7,0.0,0.0,0.0,0.0,,0,0,,,,2431.5115,4809.9285,-2378.417,7,0.003782983111045895,-0.001924515226290554,0.0,0.0,-0.0019226645342811665,0.0,0.005853834657726132,0.007354265828426021,2,2,price=observed;tvl=observed;lp_amount=none,False
2022-05-16T12:00:00+00:00,0.0004141440704517938,0.0004227550603884234,0.0003985597945837863,0.0004080459401654864,0.00040946442645792486,WETH,pool_swap_ratio,33,252,1238600.3897,,14786388,41950.564500000015,,33,15,0.0,0.0,0.0,0.0,,0,0,,,,22943.628600000004,19006.9359,3936.6927000000032,31,-0.01443327695828935,0.0031834012758444434,0.0,0.0,0.0031884736787559428,0.0,0.0339773207894036,-0.0034642479316434605,2,2,price=observed;tvl=observed;lp_amount=none,False
2022-05-16T13:00:00+00:00,0.0004092709970760857,0.00040984284361678813,0.0004073075559858503,0.0004075511699707984,0.00040876059333879014,WETH,pool_swap_ratio,4,1791,1238309.6883999999,,14786541,944.6485,,4,4,0.0,0.0,0.0,0.0,,0,0,,,,326.97360000000003,617.6749,-290.70129999999995,4,-0.0012132712321608003,-0.00023472899069299934,0.0,0.0,-0.00023470144399874635,0.0,0.0007626741504810945,-0.002958757247397692,2,2,price=observed;tvl=observed;lp_amount=none,False
2022-05-16T14:00:00+00:00,0.0004130798016439345,0.00041388508591069345,0.0004076336511457798,0.0004076336511457798,0.0004117667975340286,WETH,pool_swap_ratio,7,2,1237959.0137,,14786883,4104.0229,,7,6,0.0,0.0,0.0,0.0,,0,0,,,,1876.6741,2227.3487999999998,-350.6746999999998,7,0.0002023619015619611,-0.00028322831205410663,0.0,0.0,-0.0002831882067022353,0.0,0.0033142136724317664,-0.010037590240401184,2,2,price=observed;tvl=observed;lp_amount=none,False
2022-05-16T15:00:00+00:00,0.0004099380432812123,0.0004239518807576979,0.0004099380432812123,0.0004129470151438933,0.0004181600203531351,WETH,pool_swap_ratio,10,871,1236899.6757,,14787110,12845.1613,,10,7,0.0,0.0,0.0,0.0,,0,0,,,,5892.9124,6952.250399999999,-1059.3379999999988,9,0.01295043492137753,-0.0008560796373820333,0.0,0.0,-0.0008557133057530391,0.0,0.010376079626100468,-0.01246653184309543,2,2,price=observed;tvl=observed;lp_amount=none,False
2022-05-16T16:00:00+00:00,0.00041059309817659994,0.00041059309817659994,0.00040284285242109344,0.0004100483878290878,0.00040621126805168823,WETH,pool_swap_ratio,10,8,1236689.6687,,14787463,13455.3244,,10,4,0.0,0.0,0.0,0.0,,0,0,,,,6622.6587,6832.6657000000005,-210.00700000000052,9,-0.007044120271047033,-0.000169799405855253,0.0,0.0,-0.00016978499075210042,0.0,0.010878266575973685,0.009446118508242174,2,2,price=observed;tvl=observed;lp_amount=none,False
2022-05-16T17:00:00+00:00,0.00041706531611061646,0.0004179323353324309,0.00041253319543601067,0.0004170387650164265,0.000415948333456608,WETH,pool_swap_ratio,7,528,1228175.0907,,14787687,13409.578,,7,2,3897.9831,7617.8834,-3719.9003,11515.8665,0.6769760833889487,1,1,,,1.0,8292.9831,16807.5611,-8514.578,9,0.016904007318236658,-0.0069087862408495,-0.0030079496854779537,0.009311848227943396,-0.006884975443314302,0.006159898956710675,0.010843122845924685,0.0026215553041331052,2,2,price=observed;tvl=observed;lp_amount=quantified,False
2022-05-16T18:00:00+00:00,0.0004203916058414606,0.0004203916058414606,0.0004083902538741506,0.0004083902538741506,0.0004152746279221966,WETH,pool_swap_ratio,10,250,1233597.1157,,14787963,5997.018199999999,,10,6,0.0,0.0,0.0,0.0,,0,0,,,,5709.5486,287.5236,5422.025,10,-0.02095595730957803,0.0044049841437511835,0.0,0.0,0.004414700347740898,0.0,0.0048828691001883045,-0.016577882647181075,2,2,price=observed;tvl=observed;lp_amount=none,False
2022-05-16T19:00:00+00:00,0.0004113130776611543,0.00044123575854737736,0.0004113130776611543,0.00042130170856456397,0.0004310099395995274,WETH,pool_swap_ratio,17,368,1227886.2976,,14788196,51053.4905,,17,10,0.0,0.0,0.0,0.0,,0,0,,,,22671.3362,28382.154300000002,-5710.8181,16,0.03112600259636252,-0.004640151800965956,0.0,0.0,-0.0046294029284913,0.0,0.041385870516590734,-0.02252437854213718,2,2,price=observed;tvl=observed;lp_amount=none,False
2022-05-16T20:00:00+00:00,0.0004250284340866821,0.0004491600181397202,0.0004250284340866821,0.0004326960096881741,0.00043863676115859466,WETH,pool_swap_ratio,33,98,1222573.6942,,14788471,80167.216,,33,14,0.0,0.0,0.0,0.0,,0,0,,,,37427.306300000004,42739.909700000004,-5312.6034,31,0.0266862008632591,-0.004336011802923164,0.0,0.0,-0.004326624875922062,0.0,0.06528879437509247,-0.013543669834532257,2,2,price=observed;tvl=observed;lp_amount=none,False
2022-05-16T21:00:00+00:00,0.0004326010405585042,0.0004326010405585042,0.00042350047265018775,0.00042350047265018775,0.0004279036930014999,WETH,pool_swap_ratio,6,1270,1226630.3369,,14788650,4056.6427,,6,5,0.0,0.0,0.0,0.0,,0,0,,,,4056.6426999999994,0.0,4056.6426999999994,6,-0.021480795149664007,0.003312624312316799,0.0,0.0,0.0033181171157575847,0.0,0.003318117115757585,-0.010290213483380106,2,2,price=observed;tvl=observed;lp_amount=none,False
2022-05-16T22:00:00+00:00,0.00042311692109090675,0.00042494551266112566,0.00042261259241777407,0.00042494551266112566,0.00042323186995969265,WETH,pool_swap_ratio,3,66,1226786.9393,,14789008,273.235,,3,1,0.0,0.0,0.0,0.0,,0,0,,,,214.9187,58.3163,156.6024,3,0.0034063250535548077,0.00012766063215720466,0.0,0.0,0.0001276687811225778,0.0,0.00022275252109819232,0.0040489453253986785,2,2,price=observed;tvl=observed;lp_amount=none,False
2022-05-16T23:00:00+00:00,,,,0.00042494551266112566,,WETH,pool_swap_ratio,0,3666,1226786.9393,,14789008,0.0,,0,0,0.0,0.0,0.0,0.0,,0,0,,,,0.0,0.0,0.0,0,0.0,0.0,0.0,0.0,0.0,0.0,0.0,,2,2,price=carried;tvl=carried;lp_amount=none,True
2022-05-17T00:00:00+00:00,0.000421414725474304,0.000421414725474304,0.00041234060363530886,0.00041234060363530886,0.00041613673523621756,WETH,pool_swap_ratio,7,845,1233774.7153,,14789474,13581.31,,7,5,0.0,0.0,0.0,0.0,,0,0,,,,10284.543,3296.767,6987.776,7,-0.030111239534654156,0.005679837180847003,0.0,0.0,0.0056959980385731844,0.0,0.01107063465131887,-0.00912231792935525,2,2,price=observed;tvl=observed;lp_amount=none,False
2022-05-17T01:00:00+00:00,0.00041036102866508483,0.00041248939181708473,0.0004078725525315731,0.00041248939181708473,0.00041167691134477794,WETH,pool_swap_ratio,3,1796,1233083.4126,,14789669,1506.9527,,3,2,0.0,0.0,0.0,0.0,,0,0,,,,407.825,1099.1277,-691.3027,3,0.0003607729694846183,-0.0005604722138481149,0.0,0.0,-0.0005603151786360813,0.0,0.0012214164233650834,0.001973587660412557,2,2,price=observed;tvl=observed;lp_amount=none,False
2022-05-17T02:00:00+00:00,0.00041484894268525895,0.00043127292047145395,0.00041431407246623445,0.000418602147513256,0.0004243990902920353,WETH,pool_swap_ratio,11,103,1230022.7266,,14790028,29442.748800000005,,11,5,0.0,0.0,0.0,0.0,,0,0,,,,13191.0314,16251.7174,-3060.6859999999997,10,0.01471045158931267,-0.0024852258914962737,0.0,0.0,-0.002482140274311561,0.0,0.023877337493267328,-0.013659178144774797,2,2,price=observed;tvl=observed;lp_amount=none,False
2022-05-17T03:00:00+00:00,0.00041528211405930573,0.00041528211405930573,0.00039877809425225056,0.0004074375368484683,0.0004061635401457976,WETH,pool_swap_ratio,5,582,1235332.2548,,14790254,12512.357600000001,,5,4,0.0,0.0,0.0,0.0,,0,0,,,,8910.9429,3601.4147,5309.528200000001,4,-0.027033303101984152,0.004307319999781794,0.0,0.0,0.004316609835882036,0.0,0.010172460499641635,0.0031366594407105097,2,2,price=observed;tvl=observed;lp_amount=none,False
2022-05-17T04:00:00+00:00,0.0004073196621207298,0.0004073196621207298,0.0004073196621207298,0.0004073196621207298,0.0004073196621207298,WETH,pool_swap_ratio,1,1490,1236223.0432,,14790442,890.7884,,1,1,0.0,0.0,0.0,0.0,,0,0,,,,890.7884,0.0,890.7884,1,-0.00028934933918977094,0.0007208322947836494,0.0,0.0,0.0007210921568175344,0.0,0.0007210921568175344,0.0,2,2,price=observed;tvl=observed;lp_amount=none,False
2022-05-17T05:00:00+00:00,0.00040603958402599593,0.00040603958402599593,0.000404170543463843,0.000404170543463843,0.00040580654178449545,WETH,pool_swap_ratio,2,498,1235967.132,,14790780,340.929,,2,2,0.0,0.0,0.0,0.0,,0,0,,,,42.5089,298.4201,-255.9112,2,-0.007761361612111569,-0.00020703196985514052,0.0,0.0,-0.00020701054021575775,0.0,0.00027578275771133917,-0.004031473503256722,2,2,price=observed;tvl=observed;lp_amount=none,False
2022-05-17T06:00:00+00:00,,,,0.000404170543463843,,WETH,pool_swap_ratio,0,4098,1235967.132,,14790780,0.0,,0,0,0.0,0.0,0.0,0.0,,0,0,,,,0.0,0.0,0.0,0,0.0,0.0,0.0,0.0,0.0,0.0,0.0,,2,2,price=carried;tvl=carried;lp_amount=none,True
2022-05-17T07:00:00+00:00,0.0004038637860609349,0.0004038637860609349,0.0004030779723263927,0.0004030779723263927,0.00040329110770192053,WETH,pool_swap_ratio,2,26,1236326.6069999998,,14791355,359.475,,2,2,0.0,0.0,0.0,0.0,,0,0,,,,359.475,0.0,359.475,2,-0.002706903223020559,0.00029080282562091473,0.0,0.0,0.0002908451128617877,0.0,0.0002908451128617877,-0.0005284901438624701,2,2,price=observed;tvl=observed;lp_amount=none,False
2022-05-17T08:00:00+00:00,0.0003967122160890782,0.00040151555565439014,0.00039476888446830885,0.00040151555565439014,0.000397785322038917,WETH,pool_swap_ratio,5,2020,1237385.4604,,14791473,10941.1466,,5,4,0.0,0.0,0.0,0.0,,0,0,,,,6000.0,4941.1466,1058.8534,5,-0.003883746467148499,0.0008560846499656247,0.0,0.0,0.0008564511950198611,0.0,0.00884972185994538,0.009377504419602944,2,2,price=observed;tvl=observed;lp_amount=none,False
2022-05-17T09:00:00+00:00,0.00040168430640171766,0.00042632655690262735,0.00040168430640171766,0.0004156153250074068,0.00041739101998474235,WETH,pool_swap_ratio,10,927,1232175.6047,,14791819,26324.894899999996,,10,5,0.0,0.0,0.0,0.0,,0,0,,,,10557.5196,15767.3753,-5209.8557,10,0.034513856478666,-0.004219262688031361,0.0,0.0,-0.004210374104699639,0.0,0.0212746114630199,-0.004254272114911473,2,2,price=observed;tvl=observed;lp_amount=none,False
2022-05-17T10:00:00+00:00,0.0004106743234639224,0.0004110907799638847,0.00040657495792606414,0.0004110907799638847,0.00040986463120485045,WETH,pool_swap_ratio,4,1303,1232560.4001,,14792052,8109.694600000001,,4,2,0.0,0.0,0.0,0.0,,0,0,,,,4247.245,3862.4496,384.7954,4,-0.010946067030211868,0.0003122406638089595,0.0,0.0,0.0003122894159990181,0.0,0.006581606200501334,0.00299159445749142,2,2,price=observed;tvl=observed;lp_amount=none,False
2022-05-17T11:00:00+00:00,0.0004098155300253216,0.0004098155300253216,0.0004098155300253216,0.0004098155300253216,0.0004098155300253216,WETH,pool_swap_ratio,1,2069,1233861.2025000001,,14792257,1300.8024,,1,1,0.0,0.0,0.0,0.0,,0,0,,,,1300.8024,0.0,1300.8024,1,-0.0031069342478711884,0.0010548095420811155,0.0,0.0,0.001055366049318527,0.0,0.001055366049318527,0.0,2,2,price=observed;tvl=observed;lp_amount=none,False
2022-05-17T12:00:00+00:00,0.0004123353243061161,0.0004178390191056098,0.0004123353243061161,0.0004178390191056098,0.0004154785549901227,WETH,pool_swap_ratio,5,1384,1231698.7567,,14792562,4995.9782,,5,5,0.0,0.0,0.0,0.0,,0,0,,,,1416.7662,3579.212,-2162.4458,5,0.019389104905985735,-0.0017541218954404754,0.0,0.0,-0.0017525843227897424,0.0,0.0040490601291922855,0.005681313962265122,2,2,price=observed;tvl=observed;lp_amount=none,False
2022-05-17T13:00:00+00:00,,,,0.0004178390191056098,,WETH,pool_swap_ratio,0,4984,1231698.7567,,14792562,0.0,,0,0,0.0,0.0,0.0,0.0,,0,0,,,,0.0,0.0,0.0,0,0.0,0.0,0.0,0.0,0.0,0.0,0.0,,2,2,price=carried;tvl=carried;lp_amount=none,True
2022-05-17T14:00:00+00:00,0.00041262300402690813,0.00041262300402690813,0.00041262300402690813,0.00041262300402690813,0.00041262300402690813,WETH,pool_swap_ratio,1,326,1231785.6688,,14793150,86.9121,,1,1,0.0,0.0,0.0,0.0,,0,0,,,,86.9121,0.0,86.9121,1,-0.0125618836845665,7.056029998522797e-05,0.0,0.0,7.056278942170665e-05,0.0,7.056278942170665e-05,0.0,2,2,price=observed;tvl=observed;lp_amount=none,False
2022-05-17T15:00:00+00:00,0.00041568121951475316,0.00041568121951475316,0.00041568121951475316,0.00041568121951475316,0.00041568121951475316,WETH,pool_swap_ratio,1,1946,1232181.6688,,14793300,396.0,,1,1,0.0,0.0,0.0,0.0,,0,0,,,,396.0,0.0,396.0,1,0.0073843143556901174,0.00032143283505950377,0.0,0.0,0.00032148450012881003,0.0,0.00032148450012881003,0.0,2,2,price=observed;tvl=observed;lp_amount=none,False
2022-05-17T16:00:00+00:00,0.00040594174362866884,0.0004160253537280479,0.0003936917124414224,0.00040994114057555747,0.00040358017737550524,WETH,pool_swap_ratio,18,631,1234676.9155,,14793684,30712.41080000001,,18,9,0.0,0.0,0.0,0.0,,0,0,,,,16603.8296,14108.5829,2495.2467000000015,17,-0.013905077439655198,0.0020230162903405015,0.0,0.0,0.002025063968391997,0.0,0.024925229434641958,0.015761337044395418,2,2,price=observed;tvl=observed;lp_amount=none,False
2022-05-17T17:00:00+00:00,0.00040738426958740454,0.00040738426958740454,0.0004016915904483779,0.0004049735399407612,0.00040421192464898837,WETH,pool_swap_ratio,5,586,1235054.7650000001,,14793958,7831.817499999999,,5,2,0.0,0.0,0.0,0.0,,0,0,,,,4104.8335,3726.984,377.8494999999998,5,-0.01219185832826837,0.00030598425402376424,0.0,0.0,0.00030603107198046565,0.0,0.0063432120595114504,0.0018841979796468955,2,2,price=observed;tvl=observed;lp_amount=none,False
2022-05-17T18:00:00+00:00,,,,0.0004049735399407612,,WETH,pool_swap_ratio,0,4186,1235054.7650000001,,14793958,0.0,,0,0,0.0,0.0,0.0,0.0,,0,0,,,,0.0,0.0,0.0,0,0.0,0.0,0.0,0.0,0.0,0.0,0.0,,2,2,price=carried;tvl=carried;lp_amount=none,True
2022-05-17T19:00:00+00:00,0.0004093349110030254,0.00041602988093016795,0.0004093349110030254,0.00041528982385643945,0.00041542305417154995,WETH,pool_swap_ratio,5,1993,1231804.833,,14794386,7370.3106,,5,3,0.0,0.0,0.0,0.0,,0,0,,,,2060.1893,5310.1213,-3249.932,5,0.02515491572912739,-0.0026348754366680408,0.0,0.0,-0.0026314071991779243,0.0,0.005967598206060117,-0.0003207099696866944,2,2,price=observed;tvl=observed;lp_amount=none,False
2022-05-17T20:00:00+00:00,0.00041000955386764594,0.0004110706588279358,0.00040314708943045286,0.00040314708943045286,0.00040683153301054366,WETH,pool_swap_ratio,5,656,1236714.2892,,14794718,7593.289999999999,,5,3,0.0,0.0,0.0,0.0,,0,0,,,,6251.3731,1341.9169,4909.4562,5,-0.0296751656865261,0.003977658207196438,0.0,0.0,0.0039855795889704865,0.0,0.006164361266148725,-0.009056435603272961,2,2,price=observed;tvl=observed;lp_amount=none,False
2022-05-17T21:00:00+00:00,0.0004071239285238427,0.0004071239285238427,0.0004071239285238427,0.0004071239285238427,0.0004071239285238427,WETH,pool_swap_ratio,1,3262,1235903.7252,,14794783,810.564,,1,1,0.0,0.0,0.0,0.0,,0,0,,,,0.0,810.564,-810.564,1,0.009816150246465127,-0.000655632228120004,0.0,0.0,-0.0006554173482739768,0.0,0.0006554173482739768,0.0,2,2,price=observed;tvl=observed;lp_amount=none,False
2022-05-17T22:00:00+00:00,0.0004065991515111684,0.0004065991515111684,0.00040153934121849526,0.00040153934121849526,0.00040255684622564163,WETH,pool_swap_ratio,4,645,1238608.0651999998,,14795247,3295.66,,4,2,0.0,0.0,0.0,0.0,,0,0,,,,3000.0,295.65999999999997,2704.34,4,-0.013812117594900697,0.002185757277184528,0.0,0.0,0.0021881477859955235,0.0,0.002666599293134002,-0.0025276057696855814,2,2,price=observed;tvl=observed;lp_amount=none,False
2022-05-17T23:00:00+00:00,0.000401807329367495,0.000401807329367495,0.000401807329367495,0.000401807329367495,0.000401807329367495,WETH,pool_swap_ratio,1,3201,1238558.2900999999,,14795325,49.7751,,1,1,0.0,0.0,0.0,0.0,,0,0,,,,0.0,49.7751,-49.7751,1,0.0006671793604248481,-4.0187127441186944e-05,0.0,0.0,-4.0186319949372156e-05,0.0,4.0186319949372156e-05,0.0,2,2,price=observed;tvl=observed;lp_amount=none,False
2022-05-18T00:00:00+00:00,0.00039928781469819385,0.00043540962077810285,0.00039928781469819385,0.00041327529737734394,0.0004204176634994064,WETH,pool_swap_ratio,19,34,1232756.9348,,14795820,43317.54869999999,,19,6,0.0,0.0,0.0,0.0,,0,0,,,,18758.0967,24559.452,-5801.355300000003,19,0.02814125695448102,-0.0046949623406930445,0.0,0.0,-0.004683958233028829,0.0,0.03497417040945451,-0.016988739394562802,2,2,price=observed;tvl=observed;lp_amount=none,False
2022-05-18T01:00:00+00:00,0.0004095293969483984,0.00041081346488785526,0.000399567982674316,0.00040664021063029966,0.000402836640363736,WETH,pool_swap_ratio,6,246,1237250.1871,,14796064,15247.9295,,6,5,0.0,0.0,0.0,0.0,,0,0,,,,9870.5909,5377.338600000001,4493.252299999998,6,-0.016185159385845662,0.0036382544945338844,0.0,0.0,0.0036448809762558545,0.0,0.012368966719683305,0.009441967004613305,2,2,price=observed;tvl=observed;lp_amount=none,False
2022-05-18T02:00:00+00:00,0.00040500849707826873,0.00040626332010885606,0.0004020791859818915,0.00040626332010885606,0.00040429071398519027,WETH,pool_swap_ratio,4,1000,1236849.9637,,14796300,986.778,,4,4,0.0,0.0,0.0,0.0,,0,0,,,,293.2773,693.5006999999999,-400.2233999999999,4,-0.0009272700491436201,-0.0003235304790402811,0.0,0.0,-0.0003234781486985155,0.0,0.0007975573657522868,0.004879177422160819,2,2,price=observed;tvl=observed;lp_amount=none,False
2022-05-18T03:00:00+00:00,0.00040721804542729446,0.00040721804542729446,0.00040721804542729446,0.00040721804542729446,0.00040721804542729446,WETH,pool_swap_ratio,1,1378,1235692.1838,,14796514,1157.7799,,1,1,0.0,0.0,0.0,0.0,,0,0,,,,0.0,1157.7799,-1157.7799,1,0.002347259070052183,-0.0009365098069530437,0.0,0.0,-0.0009360714185061992,0.0,0.0009360714185061992,0.0,2,2,price=observed;tvl=observed;lp_amount=none,False
2022-05-18T04:00:00+00:00,,,,0.00040721804542729446,,WETH,pool_swap_ratio,0,4978,1235692.1838,,14796514,0.0,,0,0,0.0,0.0,0.0,0.0,,0,0,,,,0.0,0.0,0.0,0,0.0,0.0,0.0,0.0,0.0,0.0,0.0,,2,2,price=carried;tvl=carried;lp_amount=none,True
2022-05-18T05:00:00+00:00,,,,0.00040721804542729446,,WETH,pool_swap_ratio,0,8578,1235692.1838,,14796514,0.0,,0,0,0.0,0.0,0.0,0.0,,0,0,,,,0.0,0.0,0.0,0,0.0,0.0,0.0,0.0,0.0,0.0,0.0,,2,2,price=carried;tvl=carried;lp_amount=none,True
2022-05-18T06:00:00+00:00,0.00040798749164886133,0.00040798749164886133,0.00040641453646464155,0.00040641453646464155,0.00040757598590452775,WETH,pool_swap_ratio,2,536,1235299.9864,,14797364,822.607,,2,2,0.0,0.0,0.0,0.0,,0,0,,,,215.2048,607.4022,-392.1974,2,-0.001975115652318948,-0.00031744123516316836,0.0,0.0,-0.000317390856025256,0.0,0.0006657054327804513,-0.002849651304427603,2,2,price=observed;tvl=observed;lp_amount=none,False
2022-05-18T07:00:00+00:00,,,,0.00040641453646464155,,WETH,pool_swap_ratio,0,4136,1235299.9864,,14797364,0.0,,0,0,0.0,0.0,0.0,0.0,,0,0,,,,0.0,0.0,0.0,0,0.0,0.0,0.0,0.0,0.0,0.0,0.0,,2,2,price=carried;tvl=carried;lp_amount=none,True
2022-05-18T08:00:00+00:00,,,,0.00040641453646464155,,WETH,pool_swap_ratio,0,7736,1235299.9864,,14797364,0.0,,0,0,0.0,0.0,0.0,0.0,,0,0,,,,0.0,0.0,0.0,0,0.0,0.0,0.0,0.0,0.0,0.0,0.0,,2,2,price=carried;tvl=carried;lp_amount=none,True
2022-05-18T09:00:00+00:00,0.00040468497518098934,0.0004058673180957475,0.00040468497518098934,0.0004057177192621262,0.0004047440431231378,WETH,pool_swap_ratio,3,2168,1236567.8391,,14798032,1267.8527,,3,2,0.0,0.0,0.0,0.0,,0,0,,,,1267.8527,0.0,1267.8527,3,-0.0017160194502710082,0.00102582573234929,0.0,0.0,0.0010263520715278784,0.0,0.0010263520715278784,0.0024056589727059485,2,2,price=observed;tvl=observed;lp_amount=none,False
2022-05-18T10:00:00+00:00,0.0004040887728077101,0.0004040887728077101,0.0004040887728077101,0.0004040887728077101,0.0004040887728077101,WETH,pool_swap_ratio,1,3330,1237275.0297,,14798208,707.1906,,1,1,0.0,0.0,0.0,0.0,,0,0,,,,707.1906,0.0,707.1906,1,-0.004023056538584422,0.0005717344688161447,0.0,0.0,0.0005718979401200569,0.0,0.0005718979401200569,0.0,2,2,price=observed;tvl=observed;lp_amount=none,False
2022-05-18T11:00:00+00:00,0.000405447503648724,0.0004096311612752018,0.000405447503648724,0.0004070688524989559,0.0004081865456977194,WETH,pool_swap_ratio,4,2782,1235324.7011000002,,14798517,5078.8764,,4,2,0.0,0.0,0.0,0.0,,0,0,,,,1564.2739,3514.6025,-1950.3286,4,0.007347753398368509,-0.0015775533582595316,0.0,0.0,-0.0015763096750387767,0.0,0.004104888790353642,-0.0027381921588155445,2,2,price=observed;tvl=observed;lp_amount=none,False
2022-05-18T12:00:00+00:00,0.00040929086982966563,0.00040929086982966563,0.0003944760481799597,0.0003944760481799597,0.0003977562019650299,WETH,pool_swap_ratio,5,1268,1240325.7639000001,,14798978,9843.75,,5,3,3935.4034,3877.9423,57.46109999999999,7813.3457,0.992645775291883,1,2,,,1.0,11357.8098,6356.747,5001.062800000001,8,-0.03142391782393007,0.004040206542490105,4.651497695207868e-05,0.006324932783293795,0.004048379179617135,0.0031392089031708585,0.00796855271430628,-0.008246643971521528,2,2,price=observed;tvl=observed;lp_amount=quantified,False
2022-05-18T13:00:00+00:00,0.0003958388345288443,0.00040079998762299453,0.0003958388345288443,0.00040079998762299453,0.00039952722296809684,WETH,pool_swap_ratio,3,113,1239352.3312000001,,14799233,1691.7621000000001,,3,3,0.0,0.0,0.0,0.0,,0,0,,,,359.1647,1332.5974,-973.4327000000001,3,0.0159040948198914,-0.0007851283212347069,0.0,0.0,-0.0007848201886407659,0.0,0.001363965942850798,0.00318567692444649,2,2,price=observed;tvl=observed;lp_amount=none,False
2022-05-18T14:00:00+00:00,,,,0.00040079998762299453,,WETH,pool_swap_ratio,0,3713,1239352.3312000001,,14799233,0.0,,0,0,0.0,0.0,0.0,0.0,,0,0,,,,0.0,0.0,0.0,0,0.0,0.0,0.0,0.0,0.0,0.0,0.0,,2,2,price=carried;tvl=carried;lp_amount=none,True
2022-05-18T15:00:00+00:00,0.0004000152233067791,0.0004000152233067791,0.00039770674897068425,0.0003988253824119046,0.00039876720874510596,WETH,pool_swap_ratio,4,2221,1238859.3629,,14799591,2643.9583,,4,4,0.0,0.0,0.0,0.0,,0,0,,,,1075.495,1568.4633,-492.9683,4,-0.004938835856928095,-0.0003978419661854386,0.0,0.0,-0.00039776283756426595,0.0,0.0021333387071939365,0.00014588377760982318,2,2,price=observed;tvl=observed;lp_amount=none,False
2022-05-18T16:00:00+00:00,0.00039591111916546833,0.00039591111916546833,0.00039323781842008854,0.00039323781842008854,0.00039476510634367496,WETH,pool_swap_ratio,3,291,1242225.2718,,14799986,3365.9089000000004,,3,2,0.0,0.0,0.0,0.0,,0,0,,,,3365.9089000000004,0.0,3365.9089000000004,3,-0.014109118255649582,0.0027132576759731552,0.0,0.0,0.0027169418909026677,0.0,0.0027169418909026677,-0.0038688523859978785,2,2,price=observed;tvl=observed;lp_amount=none,False
2022-05-18T17:00:00+00:00,0.00039987118816125366,0.0004000809958042042,0.00039769783221909965,0.0004000809958042042,0.0003988049988382464,WETH,pool_swap_ratio,4,1070,1240120.0536000002,,14800188,7921.0796,,4,3,0.0,0.0,0.0,0.0,,0,0,,,,2907.9307,5013.1489,-2105.2182000000003,4,0.017252451342934016,-0.0016961529753118608,0.0,0.0,-0.0016947153207964548,0.0,0.006376524274475801,0.0031995510830478135,2,2,price=observed;tvl=observed;lp_amount=none,False
2022-05-18T18:00:00+00:00,,,,0.0004000809958042042,,WETH,pool_swap_ratio,0,4670,1240120.0536000002,,14800188,0.0,,0,0,0.0,0.0,0.0,0.0,,0,0,,,,0.0,0.0,0.0,0,0.0,0.0,0.0,0.0,0.0,0.0,0.0,,2,2,price=carried;tvl=carried;lp_amount=none,True
2022-05-18T19:00:00+00:00,0.00039616338863888805,0.00039886785348466913,0.00039616338863888805,0.00039886785348466913,0.0003988315707896624,WETH,pool_swap_ratio,2,3134,1238849.4594999999,,14800539,1270.5941,,2,2,0.0,0.0,0.0,0.0,,0,0,,,,0.0,1270.5941,-1270.5941,2,-0.0030368483613434677,-0.0010250986989154731,0.0,0.0,-0.0010245734647315278,0.0,0.0010245734647315278,9.097247475908787e-05,2,2,price=observed;tvl=observed;lp_amount=none,False
2022-05-18T20:00:00+00:00,0.000392091062038448,0.00039242110050296424,0.00039079129231626747,0.00039079129231626747,0.00039202541802177784,WETH,pool_swap_ratio,3,1236,1243691.3476,,14800938,7267.0025,,3,2,0.0,0.0,0.0,0.0,,0,0,,,,6054.445299999999,1212.5572,4841.888099999999,3,-0.020456529526686987,0.0039007570192818595,0.0,0.0,0.003908374873856092,0.0,0.0058659286197153965,-0.0031480757338081533,2,2,price=observed;tvl=observed;lp_amount=none,False
2022-05-18T21:00:00+00:00,0.00038887921186100234,0.00038930471670277236,0.0003866058679293642,0.0003866058679293642,0.000389151540739406,WETH,pool_swap_ratio,3,624,1244380.6244,,14801257,816.7264,,3,2,0.0,0.0,0.0,0.0,,0,0,,,,753.0015999999999,63.7248,689.2768,3,-0.010767893276849032,0.0005540650153132553,0.0,0.0,0.0005542185376863194,0.0,0.0006566954104618232,-0.006541597664511123,2,2,price=observed;tvl=observed;lp_amount=none,False
2022-05-18T22:00:00+00:00,0.00039019508174618293,0.00039063568144441453,0.00039019508174618293,0.00039063568144441453,0.00039026815857960765,WETH,pool_swap_ratio,2,708,1243608.8994,,14801504,771.725,,2,2,0.0,0.0,0.0,0.0,,0,0,,,,0.0,771.725,-771.725,2,0.010369619659133906,-0.0006203603490830041,0.0,0.0,-0.0006201679653860737,0.0,0.0006201679653860737,0.0009417188072542437,2,2,price=observed;tvl=observed;lp_amount=none,False
2022-05-18T23:00:00+00:00,0.0003889372245599485,0.000393664138029032,0.0003889372245599485,0.000393664138029032,0.00039324250804270835,WETH,pool_swap_ratio,2,1024,1242473.193,,14801725,1382.3029999999999,,2,2,0.0,0.0,0.0,0.0,,0,0,,,,123.2983,1259.0047,-1135.7064,2,0.007722739597832326,-0.0009136516307931569,0.0,0.0,-0.0009132343782260972,0.0,0.001111525497016719,0.001072188224061188,2,2,price=observed;tvl=observed;lp_amount=none,False
2022-05-19T00:00:00+00:00,0.00039385073386379325,0.00039385073386379325,0.00039385073386379325,0.00039385073386379325,0.00039385073386379325,WETH,pool_swap_ratio,1,2774,1242522.8117000002,,14801855,49.6187,,1,1,0.0,0.0,0.0,0.0,,0,0,,,,49.6187,0.0,49.6187,1,0.00047388524309323283,3.9934631615466656e-05,0.0,0.0,3.9935429013316344e-05,0.0,3.9935429013316344e-05,0.0,2,2,price=observed;tvl=observed;lp_amount=none,False
2022-05-19T01:00:00+00:00,0.0003914044773276414,0.00039811200929095505,0.0003914044773276414,0.00039811200929095505,0.00039664614300266294,WETH,pool_swap_ratio,3,602,1240458.7714000002,,14802248,3608.7156999999997,,3,3,0.0,0.0,0.0,0.0,,0,0,,,,772.3377,2836.3779999999997,-2064.0402999999997,3,0.010761406614182477,-0.0016625502093760476,0.0,0.0,-0.0016611689383601836,0.0,0.0029043456313390427,0.0036956524452633754,2,2,price=observed;tvl=observed;lp_amount=none,False
2022-05-19T02:00:00+00:00,0.000393027156513575,0.00040529565367727465,0.000393027156513575,0.00040326554785132034,0.000400479051861404,WETH,pool_swap_ratio,5,737,1237220.6147999999,,14802499,10856.0065,,5,4,0.0,0.0,0.0,0.0,,0,0,,,,3808.9260999999997,7047.0827,-3238.1566000000003,5,0.012861876550312828,-0.002613863974251998,0.0,0.0,-0.002610450806313674,0.0,0.008751606059222547,0.006957906979066397,2,2,price=observed;tvl=observed;lp_amount=none,False
2022-05-19T03:00:00+00:00,0.0004033688306920838,0.00041816171712781347,0.0004033688306920838,0.00041767648866481143,0.00041129440412365173,WETH,pool_swap_ratio,13,642,1239811.8935,,14802786,20859.588399999997,,13,7,9815.7631,0.0,9815.7631,9815.7631,0.0,1,0,,,,16633.3151,14042.0364,2591.278699999999,14,0.03511190968781175,0.002092245165610043,0.0079337209407772,0.0079337209407772,0.0020944354377888264,0.0,0.016860039471110824,0.015517071171337937,2,2,price=observed;tvl=observed;lp_amount=quantified,False
2022-05-19T04:00:00+00:00,0.0004154979766153943,0.0004154979766153943,0.00041534055174785594,0.00041534055174785594,0.00041543917016477185,WETH,pool_swap_ratio,2,2774,1242786.3379000002,,14802872,2974.4444000000003,,2,1,0.0,0.0,0.0,0.0,,0,0,,,,2974.4444000000003,0.0,2974.4444000000003,2,-0.005608391969237149,0.0023962361574561687,0.0,0.0,0.002399109425868724,0.0,0.002399109425868724,-0.0002373835304860794,2,2,price=observed;tvl=observed;lp_amount=none,False
2022-05-19T05:00:00+00:00,0.0004122965242380908,0.00041553243774809773,0.0004122965242380908,0.00041425606406567914,0.0004145852893944397,WETH,pool_swap_ratio,3,200,1242480.5284000002,,14803343,806.2529,,3,3,0.0,0.0,0.0,0.0,,0,0,,,,250.2217,556.0312,-305.8095,3,-0.002614495477111747,-0.00024609791865026217,0.0,0.0,-0.0002460676390414317,0.0,0.0006487461886347792,-0.0007941075990454127,2,2,price=observed;tvl=observed;lp_amount=none,False
2022-05-19T06:00:00+00:00,0.00041900227596777367,0.00041900227596777367,0.00041900227596777367,0.00041900227596777367,0.00041900227596777367,WETH,pool_swap_ratio,1,924,1241480.5284000002,,14803527,1000.0,,1,1,0.0,0.0,0.0,0.0,,0,0,,,,0.0,1000.0,-1000.0,1,0.011392056949982573,-0.0008051656456422389,0.0,0.0,-0.0008048415867633325,0.0,0.0008048415867633325,0.0,2,2,price=observed;tvl=observed;lp_amount=none,False
2022-05-19T07:00:00+00:00,0.0004186195105522992,0.0004186195105522992,0.0004186195105522992,0.0004186195105522992,0.0004186195105522992,WETH,pool_swap_ratio,1,1303,1241559.2444000002,,14803746,78.716,,1,1,0.0,0.0,0.0,0.0,,0,0,,,,78.716,0.0,78.716,1,-0.0009139338261664796,6.340293126899633e-05,0.0,0.0,6.340494127720866e-05,0.0,6.340494127720866e-05,0.0,2,2,price=observed;tvl=observed;lp_amount=none,False
2022-05-19T08:00:00+00:00,0.0004181431722497898,0.0004181431722497898,0.0004181431722497898,0.0004181431722497898,0.0004181431722497898,WETH,pool_swap_ratio,1,1778,1241687.0053,,14803968,127.7609,,1,1,0.0,0.0,0.0,0.0,,0,0,,,,127.7609,0.0,127.7609,1,-0.0011385267621363535,0.00010289829301303982,0.0,0.0,0.0001029035872240975,0.0,0.0001029035872240975,0.0,2,2,price=observed;tvl=observed;lp_amount=none,False
2022-05-19T09:00:00+00:00,0.0004176344768509123,0.0004176344768509123,0.0004173201879440346,0.0004173201879440346,0.0004175342066293389,WETH,pool_swap_ratio,2,2020,1241823.5406,,14804191,136.5353,,2,2,0.0,0.0,0.0,0.0,,0,0,,,,136.5353,0.0,136.5353,2,-0.0019701272638899875,0.00010995346918324354,0.0,0.0,0.00010995951428758985,0.0,0.00010995951428758985,-0.0005125776089868195,2,2,price=observed;tvl=observed;lp_amount=none,False
2022-05-19T10:00:00+00:00,0.00041170889906362357,0.00041170889906362357,0.0004114795036008087,0.0004114795036008087,0.00041163149078650825,WETH,pool_swap_ratio,2,587,1243017.6678000002,,14804535,3672.987,,2,2,0.0,0.0,0.0,0.0,,0,0,,,,2433.5571,1239.4299,1194.1272,2,-0.014094554072100213,0.0009611296592219128,0.0,0.0,0.000961591692345472,0.0,0.00295773665091367,-0.00036923119125109594,2,2,price=observed;tvl=observed;lp_amount=none,False
2022-05-19T11:00:00+00:00,,,,0.0004114795036008087,,WETH,pool_swap_ratio,0,4187,1243017.6678000002,,14804535,0.0,,0,0,0.0,0.0,0.0,0.0,,0,0,,,,0.0,0.0,0.0,0,0.0,0.0,0.0,0.0,0.0,0.0,0.0,,2,2,price=carried;tvl=carried;lp_amount=none,True
2022-05-19T12:00:00+00:00,0.0004088717313739782,0.000410343929667608,0.00040843952761051205,0.0004087498630687959,0.000409943134900037,WETH,pool_swap_ratio,4,1063,1248122.8052,,14805011,5384.0626,,4,3,0.0,0.0,0.0,0.0,,0,0,,,,5244.6,139.4626,5105.1374000000005,4,-0.006655822675567017,0.00409864044363134,0.0,0.0,0.004107051357552715,0.0,0.004331444950037741,-0.002910822818223635,2,2,price=observed;tvl=observed;lp_amount=none,False
2022-05-19T13:00:00+00:00,0.00040655214640446144,0.00040655214640446144,0.00040655214640446144,0.00040655214640446144,0.00040655214640446144,WETH,pool_swap_ratio,1,2760,1248131.9081000001,,14805154,9.1029,,1,1,0.0,0.0,0.0,0.0,,0,0,,,,9.1029,0.0,9.1029,1,-0.005391185013224518,7.293246119085881e-06,0.0,0.0,7.293272714892302e-06,0.0,7.293272714892302e-06,0.0,2,2,price=observed;tvl=observed;lp_amount=none,False
2022-05-19T14:00:00+00:00,0.0004064136674061656,0.0004064136674061656,0.0004064136674061656,0.0004064136674061656,0.0004064136674061656,WETH,pool_swap_ratio,1,3017,1248185.5329,,14805375,53.6248,,1,1,0.0,0.0,0.0,0.0,,0,0,,,,53.6248,0.0,53.6248,1,-0.0003406760709557354,4.296312570449628e-05,0.0,0.0,4.2964048632994e-05,0.0,4.2964048632994e-05,0.0,2,2,price=observed;tvl=observed;lp_amount=none,False
2022-05-19T15:00:00+00:00,0.00040116365263064403,0.00040535555700210566,0.00040116365263064403,0.00040535555700210566,0.00040233915392961074,WETH,pool_swap_ratio,3,1470,1250542.1729000001,,14805751,5052.805,,3,2,0.0,0.0,0.0,0.0,,0,0,,,,3704.7225,1348.0825,2356.64,3,-0.0026069256421484745,0.001886272516431829,0.0,0.0,0.0018880526475296081,0.0,0.00404812014465546,0.007497165123090843,2,2,price=observed;tvl=observed;lp_amount=none,False
2022-05-19T16:00:00+00:00,0.00040458151409264757,0.00040458151409264757,0.00040458151409264757,0.00040458151409264757,0.00040458151409264757,WETH,pool_swap_ratio,1,1832,1250421.0601000001,,14805959,121.1128,,1,1,0.0,0.0,0.0,0.0,,0,0,,,,0.0,121.1128,-121.1128,1,-0.0019113661362952581,-9.685292330294812e-05,0.0,0.0,-9.68482332100325e-05,0.0,9.68482332100325e-05,0.0,2,2,price=observed;tvl=observed;lp_amount=none,False
2022-05-19T17:00:00+00:00,0.00040394437703766367,0.00040394437703766367,0.00040175250917728737,0.00040179963818080886,0.00040192815153625036,WETH,pool_swap_ratio,3,562,1253047.8741,,14806307,2626.814,,3,2,0.0,0.0,0.0,0.0,,0,0,,,,2626.814,0.0,2626.814,3,-0.0068996824642136995,0.002098540092211393,0.0,0.0,0.0021007435685623573,0.0,0.0021007435685623573,-0.00031974211049978774,2,2,price=observed;tvl=observed;lp_amount=none,False
2022-05-19T18:00:00+00:00,0.0004044896912766166,0.00040528641203695906,0.0004030134989962868,0.00040528641203695906,0.00040423088978914216,WETH,pool_swap_ratio,6,514,1251120.1575,,14806567,3783.3116000000005,,6,5,0.0,0.0,0.0,0.0,,0,0,,,,927.7975,2855.5141,-1927.7165999999997,6,0.008640455495401671,-0.001539606732823578,0.0,0.0,-0.0015384221463881256,0.0,0.0030192873538190707,0.0026111865136468904,2,2,price=observed;tvl=observed;lp_amount=none,False
2022-05-19T19:00:00+00:00,0.00040161071820650436,0.0004057236018019121,0.00040161071820650436,0.00040561303213586134,0.00040473292307291193,WETH,pool_swap_ratio,4,847,1249720.3216000001,,14806817,4611.9687,,4,4,0.0,0.0,0.0,0.0,,0,0,,,,1606.0664000000002,3005.9023,-1399.8359,4,0.000805574893194872,-0.0011194924729469747,0.0,0.0,-0.001118866075019657,0.0,0.0036862715961796023,0.002174542797920287,2,2,price=observed;tvl=observed;lp_amount=none,False
2022-05-19T20:00:00+00:00,0.0004109039035791374,0.0004127607483066307,0.00039590772526667704,0.0004120688204029843,0.00040521022329994595,WETH,pool_swap_ratio,10,2742,1245749.9856,,14806938,33007.422600000005,,10,4,0.0,0.0,0.0,0.0,,0,0,,,,14518.5433,18488.8793,-3970.336000000001,9,0.015790792939720768,-0.003182036939998055,0.0,0.0,-0.0031769796260629206,0.0,0.026411847538608514,0.016926021873741037,2,2,price=observed;tvl=observed;lp_amount=none,False
2022-05-19T21:00:00+00:00,0.0004076806857338954,0.00041713894282103235,0.0004076806857338954,0.00041713894282103235,0.0004126508975898283,WETH,pool_swap_ratio,5,42,1240614.355,,14807386,9349.16,,5,3,0.0,0.0,0.0,0.0,,0,0,,,,2106.7647,7242.3953,-5135.6306,5,0.012228987301778323,-0.004131042116113308,0.0,0.0,-0.004122521099228821,0.0,0.007504844557952849,0.01087613102847329,2,2,price=observed;tvl=observed;lp_amount=none,False
2022-05-19T22:00:00+00:00,0.0004151410239874901,0.00041826177549040113,0.000411833629970503,0.00041826177549040113,0.0004137004230017169,WETH,pool_swap_ratio,6,257,1242905.0774,,14807620,6410.8746,,6,6,0.0,0.0,0.0,0.0,,0,0,,,,4350.7985,2060.0760999999998,2290.7224,6,0.0026881311468709415,0.0018447393805243921,0.0,0.0,0.0018464419589921642,0.0,0.0051674999359490725,0.011025738034271537,2,2,price=observed;tvl=observed;lp_amount=none,False
2022-05-19T23:00:00+00:00,0.0004142067544756047,0.0004164449011178941,0.0004142067544756047,0.0004164449011178941,0.0004152347425694348,WETH,pool_swap_ratio,3,359,1242959.967,,14807881,1353.9008000000001,,3,3,0.0,0.0,0.0,0.0,,0,0,,,,704.3952,649.5056000000001,54.88959999999997,3,-0.00435333103902303,4.4161367595205116e-05,0.0,0.0,4.416234272276211e-05,0.0,0.0010893034589835203,0.0029143961821953557,2,2,price=observed;tvl=observed;lp_amount=none,False
2022-05-20T00:00:00+00:00,0.00041799020593564443,0.00041799020593564443,0.00041547400116770063,0.00041547400116770063,0.00041707765125553216,WETH,pool_swap_ratio,2,2140,1242833.8723000002,,14808013,126.09469999999999,,2,2,0.0,0.0,0.0,0.0,,0,0,,,,0.0,126.09469999999999,-126.09469999999999,2,-0.0023341226850958087,-0.00010145225892384519,0.0,0.0,-0.00010144711281759246,0.0,0.00010144711281759246,-0.0038449676768919083,2,2,price=observed;tvl=observed;lp_amount=none,False
2022-05-20T01:00:00+00:00,0.00041378576764734614,0.00041458150763525964,0.00040634630012539744,0.00040634630012539744,0.00040937113747362976,WETH,pool_swap_ratio,7,371,1249486.3681,,14808395,6823.682,,7,2,0.0,0.0,0.0,0.0,,0,0,,,,6738.0889,85.5931,6652.4958,7,-0.02221428792213898,0.005338408356245866,0.0,0.0,0.005352683048208871,0.0,0.005490421650137383,-0.00738898537620325,2,2,price=observed;tvl=observed;lp_amount=none,False
2022-05-20T02:00:00+00:00,0.0004081512715050697,0.00041746382784848244,0.0004081512715050697,0.00041574341400746296,0.00041402949021632793,WETH,pool_swap_ratio,5,1747,1244379.6653,,14808523,8806.0092,,5,4,0.0,0.0,0.0,0.0,,0,0,,,,1849.6532,6956.356,-5106.7028,4,0.022862524699371937,-0.004095416409108009,0.0,0.0,-0.004087041627965401,0.0,0.00704770330018937,0.0041396176640449145,2,2,price=observed;tvl=observed;lp_amount=none,False
2022-05-20T03:00:00+00:00,0.000422948767191017,0.0004274686765622436,0.00040440649706878934,0.0004097384821374509,0.0004155305892462545,WETH,pool_swap_ratio,10,329,1247158.6979,,14808908,37412.8886,,10,5,0.0,0.0,0.0,0.0,,0,0,,,,20095.9606,17316.928,2779.0325999999986,9,-0.014549168973514567,0.0022307774132668636,0.0,0.0,0.0022332674484278224,0.0,0.030065493388611707,-0.013939063112802685,2,2,price=observed;tvl=observed;lp_amount=none,False
2022-05-20T04:00:00+00:00,0.0004117910365606049,0.0004117910365606049,0.0004117910365606049,0.0004117910365606049,0.0004117910365606049,WETH,pool_swap_ratio,1,830,1247062.4112,,14809130,96.2867,,1,1,0.0,0.0,0.0,0.0,,0,0,,,,0.0,96.2867,-96.2867,1,0.004996920128430168,-7.720783028946276e-05,0.0,0.0,-7.720484984158807e-05,0.0,7.720484984158807e-05,0.0,2,2,price=observed;tvl=observed;lp_amount=none,False
2022-05-20T05:00:00+00:00,0.0004089921324349189,0.0004089921324349189,0.0004089921324349189,0.0004089921324349189,0.0004089921324349189,WETH,pool_swap_ratio,1,334,1247308.2742,,14809411,245.863,,1,1,0.0,0.0,0.0,0.0,,0,0,,,,245.863,0.0,245.863,1,-0.006820108112335177,0.00019713429301866032,0.0,0.0,0.00019715372526016203,0.0,0.00019715372526016203,0.0,2,2,price=observed;tvl=observed;lp_amount=none,False
2022-05-20T06:00:00+00:00,0.0004082431069583916,0.0004082431069583916,0.0004066798799884994,0.0004066798799884994,0.00040688016713153754,WETH,pool_swap_ratio,3,2846,1248581.6039,,14809488,1273.3297,,3,2,0.0,0.0,0.0,0.0,,0,0,,,,1273.3297,0.0,1273.3297,3,-0.00566957945099802,0.001020341339290815,0.0,0.0,0.001020862064606033,0.0,0.001020862064606033,-0.0004922509358226135,2,2,price=observed;tvl=observed;lp_amount=none,False
2022-05-20T07:00:00+00:00,0.0004061536663756998,0.0004061536663756998,0.0004061536663756998,0.0004061536663756998,0.0004061536663756998,WETH,pool_swap_ratio,1,3487,1249236.0065000001,,14809684,654.4026,,1,1,0.0,0.0,0.0,0.0,,0,0,,,,654.4026,0.0,654.4026,1,-0.001294763703259866,0.0005239795029452418,0.0,0.0,0.0005241168041848002,0.0,0.0005241168041848002,0.0,2,2,price=observed;tvl=observed;lp_amount=none,False
2022-05-20T08:00:00+00:00,0.0004032446271192043,0.0004032446271192043,0.0004032446271192043,0.0004032446271192043,0.0004032446271192043,WETH,pool_swap_ratio,1,495,1251836.0065000001,,14810139,2600.0,,1,1,0.0,0.0,0.0,0.0,,0,0,,,,2600.0,0.0,2600.0,1,-0.007188183631467836,0.0020791092164238237,0.0,0.0,0.002081272062662084,0.0,0.002081272062662084,0.0,2,2,price=observed;tvl=observed;lp_amount=none,False
2022-05-20T09:00:00+00:00,0.0004041493849676463,0.00041226007475894747,0.0004041493849676463,0.00041107693293054756,0.0004097641095572443,WETH,pool_swap_ratio,5,1321,1246988.3456000001,,14810348,10822.0667,,5,4,0.0,0.0,0.0,0.0,,0,0,,,,2987.2029,7834.863799999999,-4847.660899999999,5,0.019236988753596685,-0.0038799581710060207,0.0,0.0,-0.0038724408587300038,0.0,0.0086449556042547,0.0032038515396621836,2,2,price=observed;tvl=observed;lp_amount=none,False
2022-05-20T10:00:00+00:00,0.0004078715240164678,0.00041823321012473234,0.0004078715240164678,0.0004135434919498686,0.00041682889582322544,WETH,pool_swap_ratio,5,1077,1243334.2022,,14810627,16345.8566,,5,4,0.0,0.0,0.0,0.0,,0,0,,,,6345.856600000001,10000.0,-3654.143399999999,5,0.0059823072555486405,-0.002934676896199578,0.0,0.0,-0.0029303749412684156,0.0,0.013108267336801,-0.0078819004782964,2,2,price=observed;tvl=observed;lp_amount=none,False
2022-05-20T11:00:00+00:00,0.000413086497191242,0.000413086497191242,0.00040724820280557927,0.00040724820280557927,0.0004095285539710675,WETH,pool_swap_ratio,3,1587,1249643.6327,,14810875,6309.4305,,3,3,0.0,0.0,0.0,0.0,,0,0,,,,6309.4305,0.0,6309.4305,3,-0.015339854508764381,0.005061773019489584,0.0,0.0,0.005074605434995569,0.0,0.005074605434995569,-0.005568234848037812,2,2,price=observed;tvl=observed;lp_amount=none,False
2022-05-20T12:00:00+00:00,0.00040625950331833516,0.0004104567103757111,0.00040625950331833516,0.0004104567103757111,0.00040848097188079797,WETH,pool_swap_ratio,2,173,1249417.9968,,14811252,225.6359,,2,1,0.0,0.0,0.0,0.0,,0,0,,,,0.0,225.6359,-225.6359,2,0.007847633014830123,-0.0001805764995545035,0.0,0.0,-0.0001805601965997998,0.0,0.0001805601965997998,0.004836794443119574,2,2,price=observed;tvl=observed;lp_amount=none,False
2022-05-20T13:00:00+00:00,0.00040425089474326075,0.00040425089474326075,0.00040425089474326075,0.00040425089474326075,0.00040425089474326075,WETH,pool_swap_ratio,1,951,1251243.269,,14811455,1825.2722,,1,1,0.0,0.0,0.0,0.0,,0,0,,,,1825.2722,0.0,1825.2722,1,-0.015234755690661728,0.0014598318845639383,0.0,0.0,0.001460897957829064,0.0,0.001460897957829064,0.0,2,2,price=observed;tvl=observed;lp_amount=none,False
2022-05-20T14:00:00+00:00,0.0004064257291574841,0.0004064257291574841,0.0003866351036709642,0.0003866351036709642,0.00039279535818717413,WETH,pool_swap_ratio,7,789,1264455.4657,,14811697,32817.4755,,7,6,0.0,0.0,0.0,0.0,,0,0,,,,23014.8361,9802.6394,13212.1967,6,-0.04455434813280942,0.01050389539468659,0.0,0.0,0.01055925496451162,0.0,0.026227893738223977,-0.01568311434391867,2,2,price=observed;tvl=observed;lp_amount=none,False
2022-05-20T15:00:00+00:00,0.0003968639465773665,0.00039848989944384707,0.00038873881023208056,0.0003904726627801834,0.0003943677114343873,WETH,pool_swap_ratio,8,693,1261540.2678,,14811965,14515.559700000002,,8,5,0.0,0.0,0.0,0.0,,0,0,,,,5800.1809,8715.3788,-2915.1979,7,0.00987659748132182,-0.0023081584466575727,0.0,0.0,-0.0023054966972570696,0.0,0.011479692321124347,-0.00987669259239543,2,2,price=observed;tvl=observed;lp_amount=none,False
2022-05-20T16:00:00+00:00,0.0003937102426475597,0.0003937102426475597,0.0003937102426475597,0.0003937102426475597,0.0003937102426475597,WETH,pool_swap_ratio,1,190,1259000.3288,,14812266,2539.939,,1,1,0.0,0.0,0.0,0.0,,0,0,,,,0.0,2539.939,-2539.939,1,0.00825725284342738,-0.002015392938447371,0.0,0.0,-0.0020133633977688237,0.0,0.0020133633977688237,0.0,2,2,price=observed;tvl=observed;lp_amount=none,False
2022-05-20T17:00:00+00:00,0.00039155859842274074,0.000393875215563485,0.00039155859842274074,0.000393875215563485,0.0003925767467103115,WETH,pool_swap_ratio,2,1819,1259021.1157,,14812395,171.7865,,2,2,0.0,0.0,0.0,0.0,,0,0,,,,96.2867,75.4998,20.786900000000003,2,0.0004189333782593931,1.6510502756621605e-05,0.0,0.0,1.6510639055839462e-05,0.0,0.00013644674752685417,0.0033075541637510586,2,2,price=observed;tvl=observed;lp_amount=none,False
2022-05-20T18:00:00+00:00,0.00039517687002150814,0.00039517687002150814,0.00039517687002150814,0.00039517687002150814,0.00039517687002150814,WETH,pool_swap_ratio,1,182,1258479.9201,,14812782,541.1956,,1,1,0.0,0.0,0.0,0.0,,0,0,,,,0.0,541.1956,-541.1956,1,0.0032992895210479096,-0.00042994668176161527,0.0,0.0,-0.0004298542679318782,0.0,0.0004298542679318782,0.0,2,2,price=observed;tvl=observed;lp_amount=none,False
2022-05-20T19:00:00+00:00,0.0003961203096604501,0.0003961203096604501,0.0003961203096604501,0.0003961203096604501,0.0003961203096604501,WETH,pool_swap_ratio,1,1428,1258252.7164,,14812929,227.2037,,1,1,0.0,0.0,0.0,0.0,,0,0,,,,0.0,227.2037,-227.2037,1,0.0023845404993275477,-0.00018055449937120225,0.0,0.0,-0.00018053820038856574,0.0,0.00018053820038856574,0.0,2,2,price=observed;tvl=observed;lp_amount=none,False
2022-05-20T20:00:00+00:00,0.0003906681586643811,0.00039354350412154117,0.0003872846505229052,0.00039314049558276275,0.00039214169280242674,WETH,pool_swap_ratio,5,1798,1257716.945,,14813151,11139.4882,,5,4,0.0,0.0,0.0,0.0,,0,0,,,,5301.8584,5837.6298,-535.7713999999996,5,-0.007550934282101356,-0.0004258965569563772,0.0,0.0,-0.0004258058758918485,0.0,0.008853140593148335,0.002547045618123578,2,2,price=observed;tvl=observed;lp_amount=none,False
2022-05-20T21:00:00+00:00,,,,0.00039314049558276275,,WETH,pool_swap_ratio,0,5398,1257716.945,,14813151,0.0,,0,0,0.0,0.0,0.0,0.0,,0,0,,,,0.0,0.0,0.0,0,0.0,0.0,0.0,0.0,0.0,0.0,0.0,,2,2,price=carried;tvl=carried;lp_amount=none,True
2022-05-20T22:00:00+00:00,0.00039378897090906615,0.00039603294076949013,0.00039265661354159716,0.00039603294076949013,0.00039474606922196574,WETH,pool_swap_ratio,4,17,1257938.9309999999,,14813808,2887.8134,,4,3,0.0,0.0,0.0,0.0,,0,0,,,,1554.8997,1332.9137,221.98599999999988,4,0.007330348451602446,0.00017648359832822254,0.0,0.0,0.00017649917247477322,0.0,0.0022960757676680583,0.0032599983834185053,2,2,price=observed;tvl=observed;lp_amount=none,False
2022-05-20T23:00:00+00:00,,,,0.00039603294076949013,,WETH,pool_swap_ratio,0,3617,1257938.9309999999,,14813808,0.0,,0,0,0.0,0.0,0.0,0.0,,0,0,,,,0.0,0.0,0.0,0,0.0,0.0,0.0,0.0,0.0,0.0,0.0,,2,2,price=carried;tvl=carried;lp_amount=none,True
2022-05-21T00:00:00+00:00,0.0003908892456154861,0.00042569098624110625,0.0003880833407929256,0.0004035720380707078,0.00040599299246612457,WETH,pool_swap_ratio,10,24,1252171.6255,,14814344,61431.4719,,10,6,0.0,0.0,0.0,0.0,,0,0,,,,27832.0832,33599.3887,-5767.305500000002,10,0.018857613231546323,-0.004595268231379209,0.0,0.0,-0.004584726140413889,0.0,0.04883501924148653,-0.005963044782401616,2,2,price=observed;tvl=observed;lp_amount=none,False
2022-05-21T01:00:00+00:00,0.0004013097872788606,0.0004013097872788606,0.0004013097872788606,0.0004013097872788606,0.0004013097872788606,WETH,pool_swap_ratio,1,3586,1253813.4425000001,,14814345,1641.817,,1,1,0.0,0.0,0.0,0.0,,0,0,,,,1641.817,0.0,1641.817,1,-0.005621338879203574,0.001310316853737339,0.0,0.0,0.0013111756939424434,0.0,0.0013111756939424434,0.0,2,2,price=observed;tvl=observed;lp_amount=none,False
2022-05-21T02:00:00+00:00,0.0004003441281565755,0.00042336029079029404,0.000397675382502164,0.0004036299296861816,0.0004115553924234855,WETH,pool_swap_ratio,7,356,1250591.832,,14814801,13406.1253,,7,5,0.0,0.0,0.0,0.0,,0,0,,,,5092.257600000001,8313.8681,-3221.610499999999,7,0.005764776625605188,-0.0025727563424414756,0.0,0.0,-0.00256944964122922,0.0,0.010692280721818787,-0.019257341498149283,2,2,price=observed;tvl=observed;lp_amount=none,False
2022-05-21T03:00:00+00:00,0.00040804977126860634,0.00040804977126860634,0.00040570109717970375,0.00040570109717970375,0.0004069236046062625,WETH,pool_swap_ratio,2,1863,1250492.9152,,14814945,2411.4748,,2,2,0.0,0.0,0.0,0.0,,0,0,,,,1156.279,1255.1958,-98.91679999999997,2,0.005118232085951627,-7.909911902210724e-05,0.0,0.0,-7.90959907692728e-05,0.0,0.0019282668719685034,-0.003004267662825022,2,2,price=observed;tvl=observed;lp_amount=none,False
2022-05-21T04:00:00+00:00,0.0004045648090741406,0.0004045648090741406,0.0003979893852363084,0.00040020446450078975,0.00039978803896913195,WETH,pool_swap_ratio,5,1585,1254692.5165000001,,14815246,6974.8213,,5,4,0.0,0.0,0.0,0.0,,0,0,,,,5587.2113,1387.61,4199.6013,4,-0.013641096858595292,0.003352730046059449,0.0,0.0,0.0033583567319358455,0.0,0.005577657590234702,0.0010416157840329454,2,2,price=observed;tvl=observed;lp_amount=none,False
2022-05-21T05:00:00+00:00,0.0004057497902109819,0.00040720261592488305,0.0004038428423391404,0.0004052325517587018,0.0004056286061714334,WETH,pool_swap_ratio,4,279,1250488.0204,,14815603,8405.482100000001,,4,3,0.0,0.0,0.0,0.0,,0,0,,,,2100.4936,6304.9897,-4204.4961,3,0.012485526427514047,-0.003356644350187294,0.0,0.0,-0.003351017117507451,0.0,0.006699236657159101,-0.0009763966512860156,2,2,price=observed;tvl=observed;lp_amount=none,False
2022-05-21T06:00:00+00:00,0.00040296378630373165,0.00040296378630373165,0.00039842095921764994,0.00039858694255376684,0.0003995034013125103,WETH,pool_swap_ratio,4,108,1256337.0048,,14815868,8031.423199999999,,4,4,0.0,0.0,0.0,0.0,,0,0,,,,6940.203799999999,1091.2194,5848.984399999999,4,-0.01653545521645616,0.004666456537705111,0.0,0.0,0.004677361401774208,0.0,0.00642263106001683,-0.002293994883979855,2,2,price=observed;tvl=observed;lp_amount=none,False
2022-05-21T07:00:00+00:00,0.0003948582798850735,0.0003948582798850735,0.0003948582798850735,0.0003948582798850735,0.0003948582798850735,WETH,pool_swap_ratio,1,152,1258922.5089,,14816109,2585.5041,,1,1,0.0,0.0,0.0,0.0,,0,0,,,,2585.5041,0.0,2585.5041,1,-0.00939873355133574,0.002055855466652621,0.0,0.0,0.002057970186440217,0.0,0.002057970186440217,0.0,2,2,price=observed;tvl=observed;lp_amount=none,False
2022-05-21T08:00:00+00:00,0.0003963098749629416,0.0004052891503013171,0.00039371659252583234,0.00039713370069699764,0.0003995278804807109,WETH,pool_swap_ratio,12,1672,1260499.4714,,14816246,24209.4361,,12,8,1436.4781,0.0,1436.4781,1436.4781,0.0,1,1,,,1.0,13680.408599999999,12103.446100000001,1576.9624999999978,12,0.005746086143385002,0.0012518448424049871,0.001141037744455885,0.001141037744455885,0.0012526287272263401,0.0,0.019230282983146683,-0.005992522426301217,2,2,price=observed;tvl=observed;lp_amount=quantified,False
2022-05-21T09:00:00+00:00,0.0003971472200939938,0.0003971472200939938,0.0003950196295467463,0.0003950196295467463,0.00039613971392213815,WETH,pool_swap_ratio,2,329,1260225.0827,,14816571,5185.6113000000005,,2,2,0.0,0.0,0.0,0.0,,0,0,,,,2455.6113,2730.0,-274.3887,2,-0.005337542843236184,-0.00021770621517329066,0.0,0.0,-0.0002176825188948667,0.0,0.004113933736315251,-0.002827498319474153,2,2,price=observed;tvl=observed;lp_amount=none,False
2022-05-21T10:00:00+00:00,0.0003969997128328183,0.0003969997128328183,0.0003767748265690137,0.00039153099875128097,0.00038615749852194566,WETH,pool_swap_ratio,10,1279,1262975.2264,,14816758,22423.2587,,10,6,0.0,0.0,0.0,0.0,,0,0,,,,12586.7012,9836.557499999999,2750.1437000000005,9,-0.00887076698375552,0.002179886217607322,0.0,0.0,0.0021822638969444157,0.0,0.017793058563759692,0.01391530722542722,2,2,price=observed;tvl=observed;lp_amount=none,False
2022-05-21T11:00:00+00:00,0.00039038384297866735,0.00039351092486742203,0.00039038384297866735,0.00039351092486742203,0.00039322279290906586,WETH,pool_swap_ratio,3,1850,1261603.2939000002,,14817003,1407.1311,,3,3,0.0,0.0,0.0,0.0,,0,0,,,,17.5993,1389.5318,-1371.9325,3,0.005044139056948416,-0.0010868607365702406,0.0,0.0,-0.0010862703173605177,0.0,0.001114139905982878,0.0007327448040959084,2,2,price=observed;tvl=observed;lp_amount=none,False
2022-05-21T12:00:00+00:00,0.00039486787667165896,0.00039486787667165896,0.00039486787667165896,0.00039486787667165896,0.00039486787667165896,WETH,pool_swap_ratio,1,383,1261346.4098,,14817373,256.8841,,1,1,0.0,0.0,0.0,0.0,,0,0,,,,0.0,256.8841,-256.8841,1,0.003442388713603276,-0.0002036379088422708,0.0,0.0,-0.00020361717605055782,0.0,0.00020361717605055782,0.0,2,2,price=observed;tvl=observed;lp_amount=none,False
2022-05-21T13:00:00+00:00,0.0003925088672340847,0.0003997145659406988,0.0003914627260705725,0.00039926854806356186,0.0003978608677713112,WETH,pool_swap_ratio,9,131,1256350.0473,,14817651,8451.683500000001,,9,4,0.0,0.0,0.0,0.0,,0,0,,,,1727.6605,6724.022999999999,-4996.362499999999,9,0.011083023774081675,-0.003969000349401286,0.0,0.0,-0.003961134277769281,0.0,0.006700525275479324,0.0035381220076657893,2,2,price=observed;tvl=observed;lp_amount=none,False
2022-05-21T14:00:00+00:00,0.0003986445257951228,0.0003986445257951228,0.0003986445257951228,0.0003986445257951228,0.0003986445257951228,WETH,pool_swap_ratio,1,2577,1256401.0473,,14817730,51.0,,1,1,0.0,0.0,0.0,0.0,,0,0,,,,51.0,0.0,51.0,1,-0.001564136285284794,4.059295814585001e-05,0.0,0.0,4.0593782051111643e-05,0.0,4.0593782051111643e-05,0.0,2,2,price=observed;tvl=observed;lp_amount=none,False
2022-05-21T15:00:00+00:00,0.00039676191247057016,0.00039676191247057016,0.0003949741186198487,0.0003949741186198487,0.0003963851687692643,WETH,pool_swap_ratio,3,911,1259365.7518999998,,14818096,2964.7046,,3,3,0.0,0.0,0.0,0.0,,0,0,,,,2964.7046,0.0,2964.7046,3,-0.009249866723976029,0.002356900467363396,0.0,0.0,0.002359680140645486,0.0,0.002359680140645486,-0.003559795523623732,2,2,price=observed;tvl=observed;lp_amount=none,False
2022-05-21T16:00:00+00:00,,,,0.0003949741186198487,,WETH,pool_swap_ratio,0,4511,1259365.7518999998,,14818096,0.0,,0,0,0.0,0.0,0.0,0.0,,0,0,,,,0.0,0.0,0.0,0,0.0,0.0,0.0,0.0,0.0,0.0,0.0,,2,2,price=carried;tvl=carried;lp_amount=none,True
2022-05-21T17:00:00+00:00,0.00039487305729921893,0.00039487305729921893,0.0003942905535020939,0.0003942905535020939,0.0003943741707115308,WETH,pool_swap_ratio,2,498,1259641.9412,,14818674,276.1893,,2,2,0.0,0.0,0.0,0.0,,0,0,,,,276.1893,0.0,276.1893,2,-0.001732157317593481,0.0002192842061288231,0.0,0.0,0.0002193082506676987,0.0,0.0002193082506676987,-0.00021202506565276558,2,2,price=observed;tvl=observed;lp_amount=none,False
2022-05-21T18:00:00+00:00,0.0003931461962309379,0.0003931461962309379,0.0003914570554779383,0.0003914570554779383,0.0003920999452962083,WETH,pool_swap_ratio,2,235,1260449.2495,,14818935,807.3082999999999,,2,2,0.0,0.0,0.0,0.0,,0,0,,,,807.3082999999999,0.0,807.3082999999999,2,-0.0072122658070223325,0.0006406977101426239,0.0,0.0,0.0006409030007614039,0.0,0.0006409030007614039,-0.001639607008321109,2,2,price=observed;tvl=observed;lp_amount=none,False
2022-05-21T19:00:00+00:00,0.00039212237142987683,0.00039212237142987683,0.00039212237142987683,0.00039212237142987683,0.00039212237142987683,WETH,pool_swap_ratio,1,2765,1262994.0843,,14819012,2544.8348,,1,1,0.0,0.0,0.0,0.0,,0,0,,,,2544.8348,0.0,2544.8348,1,0.0016981459414904497,0.002016954871651063,0.0,0.0,0.0020189902933493717,0.0,0.0020189902933493717,0.0,2,2,price=observed;tvl=observed;lp_amount=none,False
2022-05-21T20:00:00+00:00,0.00040064395703849826,0.00040064395703849826,0.00037925570934022995,0.0003871762751579373,0.00038911920634141243,WETH,pool_swap_ratio,8,788,1266624.5677,,14819422,20466.984600000003,,8,4,0.0,0.0,0.0,0.0,,0,0,,,,12048.734,8418.2506,3630.483400000001,7,-0.012693882400649729,0.002870381976181846,0.0,0.0,0.0028745054669136907,0.0,0.016205131009258522,-0.004993151589054112,2,2,price=observed;tvl=observed;lp_amount=none,False
2022-05-21T21:00:00+00:00,0.00037387380257843106,0.00037477149360543564,0.0003661140612039206,0.0003706400003035407,0.00037171978716513116,WETH,pool_swap_ratio,16,1150,1255896.9578,,14819687,45065.89760000001,,16,11,0.0,20533.4834,-20533.4834,20533.4834,0.0,0,1,,,1.0,27567.7592,38295.3691,-10727.609900000003,17,-0.04364883876190279,-0.008505516773193842,-0.01621118358479792,0.01621118358479792,-0.00846944720129638,0.01621118358479792,0.03557952273248016,-0.0029048409551325483,2,2,price=observed;tvl=observed;lp_amount=quantified,False
2022-05-21T22:00:00+00:00,0.00036887970893775016,0.00037249885642851076,0.00036667580368931584,0.00037249885642851076,0.00036784210808450034,WETH,pool_swap_ratio,7,678,1256183.2435,,14819921,5398.1731,,7,4,0.0,0.0,0.0,0.0,,0,0,,,,2842.2294,2555.9437,286.28570000000036,7,0.005002725896969988,0.00022792719841610316,0.0,0.0,0.00022795317579357575,0.0,0.004298261148316001,0.012659639126852529,2,2,price=observed;tvl=observed;lp_amount=none,False
2022-05-21T23:00:00+00:00,,,,0.00037249885642851076,,WETH,pool_swap_ratio,0,4278,1256183.2435,,14819921,0.0,,0,0,0.0,0.0,0.0,0.0,,0,0,,,,0.0,0.0,0.0,0,0.0,0.0,0.0,0.0,0.0,0.0,0.0,,2,2,price=carried;tvl=carried;lp_amount=none,True
2022-05-22T00:00:00+00:00,0.00037379277871456,0.00037569830755426417,0.00037379277871456,0.00037492873397604434,0.0003747433836079261,WETH,pool_swap_ratio,3,2588,1252719.1193,,14820285,3473.9618,,3,2,0.0,0.0,0.0,0.0,,0,0,,,,4.9188,3469.0429999999997,-3464.1241999999997,3,0.0065019973551277725,-0.0027614676862110095,0.0,0.0,-0.002757658341587327,0.0,0.0027654896831140544,0.0004946061124113665,2,2,price=observed;tvl=observed;lp_amount=none,False
2022-05-22T01:00:00+00:00,0.0004102247270794928,0.0004102247270794928,0.0003244211554747322,0.0004067731503975107,0.00037736045989834687,WETH,pool_swap_ratio,5,3225,1255026.8136,,14820508,65123.13990000001,,5,2,0.0,0.0,0.0,0.0,,0,0,,,,33715.4171,31407.7228,2307.694299999999,4,0.08151969484403694,0.0018404535492396008,0.0,0.0,0.0018421482233698988,0.0,0.051985428254970524,0.07794322305809942,2,2,price=observed;tvl=observed;lp_amount=none,False
2022-05-22T02:00:00+00:00,0.000374994796870224,0.0003769971423616609,0.000374994796870224,0.0003769971423616609,0.00037503747361580233,WETH,pool_swap_ratio,2,2599,1253782.2713,,14820816,1244.5423,,2,1,0.0,0.0,0.0,0.0,,0,0,,,,0.0,1244.5423,-1244.5423,2,-0.07601805254675256,-0.0009921379905535315,0.0,0.0,-0.0009916459843834528,0.0,0.0009916459843834528,0.005225261163811279,2,2,price=observed;tvl=observed;lp_amount=none,False
2022-05-22T03:00:00+00:00,0.0003705278313749955,0.0003717561018940481,0.0003686342329222228,0.0003717561018940481,0.0003705530346252378,WETH,pool_swap_ratio,4,417,1256400.1984,,14821229,3945.4109000000003,,4,3,0.0,0.0,0.0,0.0,,0,0,,,,3281.6690000000003,663.7419,2617.9271000000003,3,-0.01399960829929747,0.0020858468105521073,0.0,0.0,0.002088023702301652,0.0,0.0031468070575835718,0.0032466803841642022,2,2,price=observed;tvl=observed;lp_amount=none,False
2022-05-22T04:00:00+00:00,0.0003700775550869743,0.0003700775550869743,0.0003700775550869743,0.0003700775550869743,0.0003700775550869743,WETH,pool_swap_ratio,1,2138,1256674.1187,,14821362,273.9203,,1,1,0.0,0.0,0.0,0.0,,0,0,,,,273.9203,0.0,273.9203,1,-0.004525407160756963,0.00021799618039214366,0.0,0.0,0.00021801994328624898,0.0,0.00021801994328624898,0.0,2,2,price=observed;tvl=observed;lp_amount=none,False
2022-05-22T05:00:00+00:00,0.0003708511484199371,0.0003732156838068955,0.0003708511484199371,0.0003732156838068955,0.0003729775966570296,WETH,pool_swap_ratio,2,1640,1255184.4108000002,,14821645,1489.7079,,2,1,0.0,0.0,0.0,0.0,,0,0,,,,0.0,1489.7079,-1489.7079,2,0.00844390127951366,-0.00118614010873907,0.0,0.0,-0.001185436922613691,0.0,0.001185436922613691,0.0006383416912969508,2,2,price=observed;tvl=observed;lp_amount=none,False
2022-05-22T06:00:00+00:00,0.00037638442870069127,0.00037638442870069127,0.00037638442870069127,0.00037638442870069127,0.00037638442870069127,WETH,pool_swap_ratio,1,2823,1252824.4108000002,,14821804,2360.0,,1,1,0.0,0.0,0.0,0.0,,0,0,,,,0.0,2360.0,-2360.0,1,0.008454544538824844,-0.0018819716073022303,0.0,0.0,-0.0018802018091475803,0.0,0.0018802018091475803,0.0,2,2,price=observed;tvl=observed;lp_amount=none,False
2022-05-22T07:00:00+00:00,0.0003745887996591119,0.0003745887996591119,0.00037037146247758204,0.00037037146247758204,0.00037270157910478737,WETH,pool_swap_ratio,2,64,1256692.2212999999,,14822242,3867.8105,,2,2,0.0,0.0,0.0,0.0,,0,0,,,,3867.8105,0.0,3867.8105,2,-0.01610458317804512,0.003082516778854474,0.0,0.0,0.0030872726190976606,0.0,0.0030872726190976606,-0.00625196338797962,2,2,price=observed;tvl=observed;lp_amount=none,False
2022-05-22T08:00:00+00:00,0.0003704152602909215,0.0003704152602909215,0.0003704152602909215,0.0003704152602909215,0.0003704152602909215,WETH,pool_swap_ratio,1,300,1256701.9671999998,,14822458,9.7459,,1,1,0.0,0.0,0.0,0.0,,0,0,,,,9.7459,0.0,9.7459,1,0.00011824675589978514,7.755170314905787e-06,0.0,0.0,7.755200386231596e-06,0.0,7.755200386231596e-06,0.0,2,2,price=observed;tvl=observed;lp_amount=none,False
2022-05-22T09:00:00+00:00,0.00036801250959972166,0.000368515235219033,0.00036654485032335763,0.00036654485032335763,0.0003676353220324538,WETH,pool_swap_ratio,3,1054,1258316.497,,14822655,2316.8198,,3,3,0.0,0.0,0.0,0.0,,0,0,,,,1965.6748,351.145,1614.5298,3,-0.010503812884781635,0.001283911068462017,0.0,0.0,0.0012847356351301494,0.0,0.0018435713959786349,-0.00296617774121255,2,2,price=observed;tvl=observed;lp_amount=none,False
2022-05-22T10:00:00+00:00,0.00036498010066933793,0.00036498010066933793,0.00036498010066933793,0.00036498010066933793,0.00036498010066933793,WETH,pool_swap_ratio,1,1170,1259377.1121,,14822914,1060.6151,,1,1,0.0,0.0,0.0,0.0,,0,0,,,,1060.6151,0.0,1060.6151,1,-0.004278055145946093,0.0008425291774239747,0.0,0.0,0.0008428842048313382,0.0,0.0008428842048313382,0.0,2,2,price=observed;tvl=observed;lp_amount=none,False
2022-05-22T11:00:00+00:00,0.0003702174843370046,0.00037158829726041513,0.0003688572253937258,0.00037005729441069295,0.0003702188631711782,WETH,pool_swap_ratio,4,568,1256743.2414,,14823213,4222.5269,,4,3,0.0,0.0,0.0,0.0,,0,0,,,,794.3281,3428.1988,-2633.8707000000004,3,0.013815010026763698,-0.0020935975168203135,0.0,0.0,-0.002091407470164393,0.0,0.003352869334713392,-0.0004364141770122343,2,2,price=observed;tvl=observed;lp_amount=none,False
2022-05-22T12:00:00+00:00,0.00037799064143062035,0.00037959605776305183,0.00037581779409718446,0.00037581779409718446,0.00037791405119731475,WETH,pool_swap_ratio,5,632,1252851.7478,,14823478,11893.1028,,5,4,0.0,0.0,0.0,0.0,,0,0,,,,4000.8046,7892.298199999999,-3891.4935999999993,5,0.015446592362157936,-0.0031012946198791165,0.0,0.0,-0.0030964905732573608,0.0,0.009463430880878419,-0.0055469149492825,2,2,price=observed;tvl=observed;lp_amount=none,False
2022-05-22T13:00:00+00:00,0.0003780615016889854,0.0003780615016889854,0.0003780615016889854,0.0003780615016889854,0.0003780615016889854,WETH,pool_swap_ratio,1,919,1251751.7478,,14823713,1100.0,,1,1,0.0,0.0,0.0,0.0,,0,0,,,,0.0,1100.0,-1100.0,1,0.005952449494751798,-0.0008783826043989789,0.0,0.0,-0.000877996939327892,0.0,0.000877996939327892,0.0,2,2,price=observed;tvl=observed;lp_amount=none,False
2022-05-22T14:00:00+00:00,0.0003800287447430616,0.0003800287447430616,0.0003800287447430616,0.0003800287447430616,0.0003800287447430616,WETH,pool_swap_ratio,1,2790,1251643.7478,,14823830,108.0,,1,1,0.0,0.0,0.0,0.0,,0,0,,,,0.0,108.0,-108.0,1,0.005190008654428886,-8.628281089168045e-05,0.0,0.0,-8.627908863703526e-05,0.0,8.627908863703526e-05,0.0,2,2,price=observed;tvl=observed;lp_amount=none,False
2022-05-22T15:00:00+00:00,0.00038257262032320336,0.00038392721851903517,0.0003822389374978541,0.0003822389374978541,0.00038301688853821725,WETH,pool_swap_ratio,3,3348,1249966.4443,,14824043,5446.2177,,3,2,0.0,0.0,0.0,0.0,,0,0,,,,1884.4571,3561.7606,-1677.3035,3,0.005799009980545163,-0.0013409793073631366,0.0,0.0,-0.0013400805963743095,0.0,0.004351252270921942,-0.0020311141979462155,2,2,price=observed;tvl=observed;lp_amount=none,False
2022-05-22T16:00:00+00:00,,,,0.0003822389374978541,,WETH,pool_swap_ratio,0,6948,1249966.4443,,14824043,0.0,,0,0,0.0,0.0,0.0,0.0,,0,0,,,,0.0,0.0,0.0,0,0.0,0.0,0.0,0.0,0.0,0.0,0.0,,2,2,price=carried;tvl=carried;lp_amount=none,True
2022-05-22T17:00:00+00:00,0.00038002349037570706,0.00038002349037570706,0.00038002349037570706,0.00038002349037570706,0.00038002349037570706,WETH,pool_swap_ratio,1,3337,1251415.2136,,14824572,1448.7693,,1,1,0.0,0.0,0.0,0.0,,0,0,,,,1448.7693,0.0,1448.7693,1,-0.00581283631276768,0.0011583753782034407,0.0,0.0,0.001159046554094764,0.0,0.001159046554094764,0.0,2,2,price=observed;tvl=observed;lp_amount=none,False
2022-05-22T18:00:00+00:00,0.00037699255117006324,0.0003795629898624153,0.00037699255117006324,0.0003795629898624153,0.0003789198686075263,WETH,pool_swap_ratio,2,959,1251265.2264,,14824996,300.2134,,2,2,0.0,0.0,0.0,0.0,,0,0,,,,75.1131,225.1003,-149.9872,2,-0.0012125033335638974,-0.00011986124779029541,0.0,0.0,-0.00011985406471807657,0.0,0.00023989911320988595,0.001697248701294951,2,2,price=observed;tvl=observed;lp_amount=none,False
2022-05-22T19:00:00+00:00,0.00037740609287891804,0.00037740609287891804,0.00037740609287891804,0.00037740609287891804,0.00037740609287891804,WETH,pool_swap_ratio,1,526,1251432.1744,,14825288,166.948,,1,1,0.0,0.0,0.0,0.0,,0,0,,,,166.948,0.0,166.948,1,-0.005698787097080643,0.00013341445129883548,0.0,0.0,0.00013342335140274303,0.0,0.00013342335140274303,0.0,2,2,price=observed;tvl=observed;lp_amount=none,False
2022-05-22T20:00:00+00:00,0.00037857064759227104,0.00037857064759227104,0.00037857064759227104,0.00037857064759227104,0.00037857064759227104,WETH,pool_swap_ratio,1,633,1251782.0866,,14825528,349.9122,,1,1,0.0,0.0,0.0,0.0,,0,0,,,,349.9122,0.0,349.9122,1,0.0030809298016291706,0.000279570317036603,0.0,0.0,0.0002796094004597298,0.0,0.0002796094004597298,0.0,2,2,price=observed;tvl=observed;lp_amount=none,False
2022-05-22T21:00:00+00:00,0.0003795267482880547,0.0003944069814373749,0.00037813952766817835,0.0003802457064233232,0.00038569784205441903,WETH,pool_swap_ratio,13,820,1250928.3512,,14825800,18560.766400000004,,13,6,0.0,0.0,0.0,0.0,,0,0,,,,8853.5155,9707.250900000001,-853.7354000000014,12,0.004414932659237699,-0.0006822486694591393,0.0,0.0,-0.000682015990753515,0.0,0.014827474045752976,-0.014135769083008176,2,2,price=observed;tvl=observed;lp_amount=none,False
2022-05-22T22:00:00+00:00,0.00038067354212460285,0.00038067354212460285,0.00038067354212460285,0.00038067354212460285,0.00038067354212460285,WETH,pool_swap_ratio,1,143,1250845.4105999998,,14826096,82.9406,,1,1,0.0,0.0,0.0,0.0,,0,0,,,,0.0,82.9406,-82.9406,1,0.001124523389784498,-6.630543600456964e-05,0.0,0.0,-6.630323784766419e-05,0.0,6.630323784766419e-05,0.0,2,2,price=observed;tvl=observed;lp_amount=none,False
2022-05-22T23:00:00+00:00,,,,0.00038067354212460285,,WETH,pool_swap_ratio,0,3743,1250845.4105999998,,14826096,0.0,,0,0,0.0,0.0,0.0,0.0,,0,0,,,,0.0,0.0,0.0,0,0.0,0.0,0.0,0.0,0.0,0.0,0.0,,2,2,price=carried;tvl=carried;lp_amount=none,True
2022-05-23T00:00:00+00:00,0.00038668857693852446,0.00038703529643883787,0.00037859785327856813,0.0003860989978881931,0.0003838014062193029,WETH,pool_swap_ratio,5,3441,1249570.8047000002,,14826354,14370.065700000001,,5,3,0.0,0.0,0.0,0.0,,0,0,,,,6547.7299,7822.335800000001,-1274.6059000000005,4,0.014151644786610547,-0.0010195150732134786,0.0,0.0,-0.0010189955442924026,0.0,0.011488282707218819,0.005986407635977686,2,2,price=observed;tvl=observed;lp_amount=none,False
2022-05-23T01:00:00+00:00,,,,0.0003860989978881931,,WETH,pool_swap_ratio,0,7041,1249570.8047000002,,14826354,0.0,,0,0,0.0,0.0,0.0,0.0,,0,0,,,,0.0,0.0,0.0,0,0.0,0.0,0.0,0.0,0.0,0.0,0.0,,2,2,price=carried;tvl=carried;lp_amount=none,True
2022-05-23T02:00:00+00:00,0.00038164471506475827,0.00038164471506475827,0.00038164471506475827,0.00038164471506475827,0.00038164471506475827,WETH,pool_swap_ratio,1,3287,1250189.5551999998,,14826875,618.7505,,1,1,0.0,0.0,0.0,0.0,,0,0,,,,618.7505,0.0,618.7505,1,-0.011603697242644904,0.0004950478634367762,0.0,0.0,0.0004951704198535201,0.0,0.0004951704198535201,0.0,2,2,price=observed;tvl=observed;lp_amount=none,False
2022-05-23T03:00:00+00:00,0.0003759794606592765,0.0003784881935974883,0.0003759794606592765,0.0003784308173662764,0.00037728642700518263,WETH,pool_swap_ratio,4,3070,1250072.6554,,14827140,10116.8998,,4,2,0.0,0.0,0.0,0.0,,0,0,,,,5000.0,5116.8998,-116.89980000000014,4,-0.008456835447634646,-9.351003233935169e-05,0.0,0.0,-9.35056604126716e-05,0.0,0.00809229269107239,0.003033213704976667,2,2,price=observed;tvl=observed;lp_amount=none,False
2022-05-23T04:00:00+00:00,0.00038004510606839845,0.000382042290098134,0.00038004510606839845,0.000382042290098134,0.00038081071814025666,WETH,pool_swap_ratio,2,552,1250218.6946999999,,14827579,625.9495,,2,2,0.0,0.0,0.0,0.0,,0,0,,,,385.9944,239.9551,146.0393,2,0.009498034437811055,0.00011681782617861927,0.0,0.0,0.00011682464964668004,0.0,0.0005007304953804527,0.0032340790298444055,2,2,price=observed;tvl=observed;lp_amount=none,False
2022-05-23T05:00:00+00:00,0.0003719009326273536,0.00037836667713323494,0.0003691470506898761,0.0003775478195405362,0.00037381978331566267,WETH,pool_swap_ratio,7,2307,1250184.4229,,14827715,22631.5266,,7,5,0.0,0.0,0.0,0.0,,0,0,,,,11298.627400000001,11332.8992,-34.27179999999862,6,-0.011834074596042148,-2.7413019733472038e-05,0.0,0.0,-2.7412644000034264e-05,0.0,0.018102054221346146,0.00997281682581641,2,2,price=observed;tvl=observed;lp_amount=none,False
2022-05-23T06:00:00+00:00,0.00038673465312184595,0.00038737555104934355,0.0003835281276845241,0.0003835281276845241,0.00038676800588676835,WETH,pool_swap_ratio,5,2286,1248553.5312,,14827987,7432.8643,,5,3,0.0,0.0,0.0,0.0,,0,0,,,,2900.9863,4531.878,-1630.8916999999997,5,0.015715727850917658,-0.0013053725212842748,0.0,0.0,-0.0013045208931790153,0.0,0.00594541426356785,-0.008376799923809575,2,2,price=observed;tvl=observed;lp_amount=none,False
2022-05-23T07:00:00+00:00,0.00038283015207982727,0.00038283015207982727,0.0003822176480847901,0.0003822176480847901,0.0003825579420913803,WETH,pool_swap_ratio,2,982,1248857.6357,,14828319,304.10450000000003,,2,2,0.0,0.0,0.0,0.0,,0,0,,,,304.10450000000003,0.0,304.10450000000003,2,-0.0034227570574630463,0.0002435357906086142,0.0,0.0,0.0002435654478568664,0.0,0.0002435654478568664,-0.000889522786351904,2,2,price=observed;tvl=observed;lp_amount=none,False
2022-05-23T08:00:00+00:00,,,,0.0003822176480847901,,WETH,pool_swap_ratio,0,4582,1248857.6357,,14828319,0.0,,0,0,0.0,0.0,0.0,0.0,,0,0,,,,0.0,0.0,0.0,0,0.0,0.0,0.0,0.0,0.0,0.0,0.0,,2,2,price=carried;tvl=carried;lp_amount=none,True
2022-05-23T09:00:00+00:00,0.0003808401084915543,0.0003843178583162824,0.0003808401084915543,0.00038202379598323245,0.000382586224549912,WETH,pool_swap_ratio,5,296,1250412.9842,,14828892,3938.2401000000004,,5,3,0.0,0.0,0.0,0.0,,0,0,,,,2746.7943000000005,1191.4458000000002,1555.3485000000003,5,-0.0005073059233303968,0.0012446420874976329,0.0,0.0,0.0012454169759135182,0.0,0.0031534740129066582,-0.001470070092934539,2,2,price=observed;tvl=observed;lp_amount=none,False
2022-05-23T10:00:00+00:00,0.0003777593563475147,0.0003791476724214663,0.00037204183851931766,0.00037209170518584804,0.00037334942666694985,WETH,pool_swap_ratio,6,896,1254398.1645000002,,14829110,12833.523099999999,,6,3,0.0,0.0,0.0,0.0,,0,0,,,,8409.3517,4424.1714,3985.180299999999,6,-0.026342556607212155,0.0031820232552494977,0.0,0.0,0.0031870912653307673,0.0,0.010263427573259518,-0.003368751607120468,2,2,price=observed;tvl=observed;lp_amount=none,False
2022-05-23T11:00:00+00:00,0.0003731302320632406,0.0003731302320632406,0.0003731302320632406,0.0003731302320632406,0.0003731302320632406,WETH,pool_swap_ratio,1,164,1254459.1931,,14829439,61.0286,,1,1,0.0,0.0,0.0,0.0,,0,0,,,,61.0286,0.0,61.0286,1,0.002787163119548632,4.865051400948129e-05,0.0,0.0,4.865169746507548e-05,0.0,4.865169746507548e-05,0.0,2,2,price=observed;tvl=observed;lp_amount=none,False
2022-05-23T12:00:00+00:00,0.00037680796548280644,0.00037680796548280644,0.0003696158820777168,0.0003702738156625967,0.00037251595891890567,WETH,pool_swap_ratio,7,181,1255593.4878,,14829710,10563.7159,,7,5,0.0,0.0,0.0,0.0,,0,0,,,,5849.0053,4714.7106,1134.2946999999995,6,-0.007684732055287592,0.00090380157025735,0.0,0.0,0.0009042101219705267,0.0,0.00842093226954247,-0.006018918660064876,2,2,price=observed;tvl=observed;lp_amount=none,False
2022-05-23T13:00:00+00:00,0.0003757792984708115,0.0003886051054132171,0.0003757792984708115,0.00038004074194184076,0.00038229462888057943,WETH,pool_swap_ratio,7,121,1252067.6109000002,,14829977,14029.814299999998,,7,4,0.0,0.0,0.0,0.0,,0,0,,,,5251.9687,8777.8456,-3525.8769,6,0.026035688336359542,-0.0028120859117122666,0.0,0.0,-0.0028081357017691283,0.0,0.011173850801490274,-0.005895680369191747,2,2,price=observed;tvl=observed;lp_amount=none,False
2022-05-23T14:00:00+00:00,0.0003808606138128214,0.0003808606138128214,0.0003808606138128214,0.0003808606138128214,0.0003808606138128214,WETH,pool_swap_ratio,1,2607,1251575.7085000002,,14830043,491.9024,,1,1,0.0,0.0,0.0,0.0,,0,0,,,,0.0,491.9024,-491.9024,1,0.0021550025691839864,-0.00039294926918539725,0.0,0.0,-0.00039287207473278143,0.0,0.00039287207473278143,0.0,2,2,price=observed;tvl=observed;lp_amount=none,False
2022-05-23T15:00:00+00:00,0.0003800596446645812,0.00038387709736633523,0.0003800596446645812,0.00038387709736633523,0.0003824668812565699,WETH,pool_swap_ratio,4,889,1249512.8446999998,,14830429,2250.9792,,4,3,0.0,0.0,0.0,0.0,,0,0,,,,94.0577,2156.9215000000004,-2062.8638000000005,4,0.007888977237243973,-0.001649573154961781,0.0,0.0,-0.0016482133569628962,0.0,0.00179851621017619,0.003687158755111497,2,2,price=observed;tvl=observed;lp_amount=none,False
2022-05-23T16:00:00+00:00,,,,0.00038387709736633523,,WETH,pool_swap_ratio,0,4489,1249512.8446999998,,14830429,0.0,,0,0,0.0,0.0,0.0,0.0,,0,0,,,,0.0,0.0,0.0,0,0.0,0.0,0.0,0.0,0.0,0.0,0.0,,2,2,price=carried;tvl=carried;lp_amount=none,True
2022-05-23T17:00:00+00:00,0.00038468211216637966,0.00038468211216637966,0.0003823868840015516,0.0003823868840015516,0.00038349810865974534,WETH,pool_swap_ratio,3,1645,1249737.8244,,14830889,2304.6177,,3,2,0.0,0.0,0.0,0.0,,0,0,,,,1264.7993000000001,1039.8196,224.9797000000001,3,-0.0038895609862028067,0.00018003772361825602,0.0,0.0,0.0001800539313815668,0.0,0.001844412972443932,-0.0028976014042865206,2,2,price=observed;tvl=observed;lp_amount=none,False
2022-05-23T18:00:00+00:00,0.0003806284080206642,0.0003806284080206642,0.0003806284080206642,0.0003806284080206642,0.0003806284080206642,WETH,pool_swap_ratio,1,724,1250769.8244,,14831232,1032.0,,1,1,0.0,0.0,0.0,0.0,,0,0,,,,1032.0,0.0,1032.0,1,-0.004609289256946015,0.0008254324349621141,0.0,0.0,0.0008257731980669336,0.0,0.0008257731980669336,0.0,2,2,price=observed;tvl=observed;lp_amount=none,False
2022-05-23T19:00:00+00:00,0.00037998040045645633,0.00038194954652478915,0.00037998040045645633,0.00038194954652478915,0.00038108952305856704,WETH,pool_swap_ratio,2,340,1250646.5643,,14831500,974.3797,,2,2,0.0,0.0,0.0,0.0,,0,0,,,,425.5598,548.8199,-123.26009999999997,2,0.003464930550432942,-9.855224476550488e-05,0.0,0.0,-9.854738865252717e-05,0.0,0.0007790239906590442,0.002256749173579209,2,2,price=observed;tvl=observed;lp_amount=none,False
2022-05-23T20:00:00+00:00,0.00037954503007539753,0.00037954503007539753,0.00037607026428194875,0.0003788879774609301,0.00037831187256370173,WETH,pool_swap_ratio,6,754,1251996.3519,,14831720,3127.3036,,6,4,0.0,0.0,0.0,0.0,,0,0,,,,2238.5456,888.758,1349.7875999999999,6,-0.008047935313268409,0.0010786898299743584,0.0,0.0,0.0010792718250943185,0.0,0.0025005494671873066,0.0015228306035552919,2,2,price=observed;tvl=observed;lp_amount=none,False
2022-05-23T21:00:00+00:00,0.00037417354876371936,0.00037443927142299726,0.00037024979075160115,0.00037024979075160115,0.0003737749448552158,WETH,pool_swap_ratio,4,546,1254579.6142,,14832008,6614.0895,,4,3,0.0,0.0,0.0,0.0,,0,0,,,,4598.675899999999,2015.4136,2583.2622999999994,4,-0.02306269941671636,0.0020611888484685734,0.0,0.0,0.0020633145584487544,0.0,0.005282834482674502,-0.009431220985077426,2,2,price=observed;tvl=observed;lp_amount=none,False
2022-05-23T22:00:00+00:00,0.00037691679230575484,0.00038078121073193766,0.00037691679230575484,0.00037866121708410387,0.00037766045492689155,WETH,pool_swap_ratio,4,111,1260350.5617999998,,14832291,3430.2098,,4,1,9093.3558,0.0,9093.3558,9093.3558,0.0,1,0,,,,9147.256599999999,3376.309,5770.947599999999,5,0.022464031012785143,0.0045893582129189914,0.007248129729733018,0.007248129729733018,0.004599905446160085,0.0,0.0027341507555001367,0.0026498992525072484,2,2,price=observed;tvl=observed;lp_amount=quantified,False
2022-05-23T23:00:00+00:00,0.00037687417441433635,0.00037687417441433635,0.0003766499694635256,0.0003766499694635256,0.0003767781140261044,WETH,pool_swap_ratio,2,2477,1263504.6157999998,,14832373,3154.054,,2,1,0.0,0.0,0.0,0.0,,0,0,,,,3154.054,0.0,3154.054,2,-0.005325625808354426,0.002499395107876836,0.0,0.0,0.0025025211997330827,0.0,0.0025025211997330827,-0.0003401061733907529,2,2,price=observed;tvl=observed;lp_amount=none,False
2022-05-24T00:00:00+00:00,0.0003733233562959734,0.0003733233562959734,0.0003733233562959734,0.0003733233562959734,0.0003733233562959734,WETH,pool_swap_ratio,1,3240,1265425.1637,,14832581,1920.5479,,1,1,0.0,0.0,0.0,0.0,,0,0,,,,1920.5479,0.0,1920.5479,1,-0.00887134214110856,0.0015188624728014034,0.0,0.0,0.0015200165286171014,0.0,0.0015200165286171014,0.0,2,2,price=observed;tvl=observed;lp_amount=none,False
2022-05-24T01:00:00+00:00,0.00037110495326112865,0.00037335014369948666,0.0003654005480231029,0.00037335014369948666,0.00037036312130376387,WETH,pool_swap_ratio,16,1653,1264062.2276,,14832954,46435.523100000006,,16,6,0.0,0.0,0.0,0.0,,0,0,,,,22536.2935,23899.2296,-1362.936099999999,16,7.175131707469865e-05,-0.00107763828875856,0.0,0.0,-0.0010770578451394827,0.0,0.03669559009260281,0.00806511832281731,2,2,price=observed;tvl=observed;lp_amount=none,False
2022-05-24T02:00:00+00:00,,,,0.00037335014369948666,,WETH,pool_swap_ratio,0,5253,1264062.2276,,14832954,0.0,,0,0,0.0,0.0,0.0,0.0,,0,0,,,,0.0,0.0,0.0,0,0.0,0.0,0.0,0.0,0.0,0.0,0.0,,2,2,price=carried;tvl=carried;lp_amount=none,True
2022-05-24T03:00:00+00:00,0.0003895186240812395,0.00039353913453102986,0.00037861055870154416,0.00037861055870154416,0.00038941316373029627,WETH,pool_swap_ratio,4,1320,1259068.2356,,14833479,23420.572,,4,4,0.0,0.0,0.0,0.0,,0,0,,,,9213.29,14207.282000000001,-4993.992,4,0.013991424817467653,-0.003958573362958061,0.0,0.0,-0.003950748539873544,0.0,0.01852802139691117,-0.02774072896065194,2,2,price=observed;tvl=observed;lp_amount=none,False
2022-05-24T04:00:00+00:00,0.0003817576480064671,0.00038688813089630427,0.0003817576480064671,0.00038538800517750536,0.00038489893608561733,WETH,pool_swap_ratio,4,221,1255921.7515,,14833800,3146.4840999999997,,4,2,0.0,0.0,0.0,0.0,,0,0,,,,0.0,3146.4841,-3146.4841,4,0.0177425052572039,-0.002502185501969599,0.0,0.0,-0.002499057645196303,0.0,0.0024990576451963025,0.0012706428780027146,2,2,price=observed;tvl=observed;lp_amount=none,False
2022-05-24T05:00:00+00:00,0.00038755644922873846,0.00038755644922873846,0.00038420801097977994,0.00038420801097977994,0.00038504872208802965,WETH,pool_swap_ratio,2,2988,1256960.8634,,14833863,2087.2037,,2,2,0.0,0.0,0.0,0.0,,0,0,,,,1563.1578,524.0459,1039.1118999999999,2,-0.0030665312648091077,0.0008270278548356366,0.0,0.0,0.0008273699366691794,0.0,0.0016618899206954296,-0.002183388906449868,2,2,price=observed;tvl=observed;lp_amount=none,False
2022-05-24T06:00:00+00:00,,,,0.00038420801097977994,,WETH,pool_swap_ratio,0,6588,1256960.8634,,14833863,0.0,,0,0,0.0,0.0,0.0,0.0,,0,0,,,,0.0,0.0,0.0,0,0.0,0.0,0.0,0.0,0.0,0.0,0.0,,2,2,price=carried;tvl=carried;lp_amount=none,True
2022-05-24T07:00:00+00:00,0.0003840798052823466,0.0003840798052823466,0.0003840798052823466,0.0003840798052823466,0.0003840798052823466,WETH,pool_swap_ratio,1,3523,1257456.4884,,14834361,495.625,,1,1,0.0,0.0,0.0,0.0,,0,0,,,,495.625,0.0,495.625,1,-0.00033374393270238544,0.0003942265241401871,0.0,0.0,0.0003943042416287852,0.0,0.0003943042416287852,0.0,2,2,price=observed;tvl=observed;lp_amount=none,False
2022-05-24T08:00:00+00:00,0.0003854709292772462,0.0003854709292772462,0.0003854709292772462,0.0003854709292772462,0.0003854709292772462,WETH,pool_swap_ratio,1,1627,1257414.5023999999,,14834744,41.986,,1,1,0.0,0.0,0.0,0.0,,0,0,,,,0.0,41.986,-41.986,1,0.0036154224737621247,-3.3390181967628395e-05,0.0,0.0,-3.3389624521659114e-05,0.0,3.3389624521659114e-05,0.0,2,2,price=observed;tvl=observed;lp_amount=none,False
2022-05-24T09:00:00+00:00,0.00038145134569276396,0.00038145134569276396,0.00037930042695008076,0.00037930042695008076,0.0003810057447803036,WETH,pool_swap_ratio,3,320,1255852.2802,,14835088,2798.6162999999997,,3,2,0.0,4360.8385,-4360.8385,4360.8385,0.0,0,1,,,1.0,2798.6162999999997,4360.8385,-1562.2222000000002,4,-0.01613720540412929,-0.0012431807176353441,-0.0034680994148521124,0.0034680994148521124,-0.0012424082886098582,0.0034680994148521124,0.0022256911262422546,-0.004475832329525975,2,2,price=observed;tvl=observed;lp_amount=quantified,False
2022-05-24T10:00:00+00:00,0.00037800917168420353,0.00038436029026375334,0.00037800917168420353,0.00038436029026375334,0.00038188717954193744,WETH,pool_swap_ratio,3,2745,1251039.2142,,14835182,6100.193,,3,3,0.0,1287.127,-1287.127,1287.127,0.0,0,1,,,1.0,1287.127,6100.192999999999,-4813.065999999999,4,0.01325179427539892,-0.003839872547059133,-0.0010249031835137643,0.0010249031835137643,-0.0038325096636632272,0.0010249031835137643,0.004857412847176993,0.0064760244760830865,2,2,price=observed;tvl=observed;lp_amount=quantified,False
2022-05-24T11:00:00+00:00,,,,0.00038436029026375334,,WETH,pool_swap_ratio,0,6345,1251039.2142,,14835182,0.0,,0,0,0.0,0.0,0.0,0.0,,0,0,,,,0.0,0.0,0.0,0,0.0,0.0,0.0,0.0,0.0,0.0,0.0,,2,2,price=carried;tvl=carried;lp_amount=none,True
2022-05-24T12:00:00+00:00,,,,0.00038436029026375334,,WETH,pool_swap_ratio,0,9945,1251039.2142,,14835182,0.0,,0,0,0.0,0.0,0.0,0.0,,0,0,,,,0.0,0.0,0.0,0,0.0,0.0,0.0,0.0,0.0,0.0,0.0,,2,2,price=carried;tvl=carried;lp_amount=none,True
2022-05-24T13:00:00+00:00,0.00038858954027633333,0.00039283490728071437,0.00038756838236252725,0.00039283490728071437,0.0003905092648136421,WETH,pool_swap_ratio,5,194,1244982.7849,,14836146,11945.4896,,5,4,0.0,0.0,0.0,0.0,,0,0,,,,2944.5308,9000.9601,-6056.4293,5,0.021809071758407524,-0.004852874844949711,0.0,0.0,-0.004841118672585251,0.0,0.009548453369336438,0.005955409196711781,2,2,price=observed;tvl=observed;lp_amount=none,False
2022-05-24T14:00:00+00:00,0.0003933753715032102,0.0003933753715032102,0.0003933753715032102,0.0003933753715032102,0.0003933753715032102,WETH,pool_swap_ratio,1,3227,1246116.8090000001,,14836195,1134.0241,,1,1,0.0,0.0,0.0,0.0,,0,0,,,,1134.0241,0.0,1134.0241,1,0.0013748594293772807,0.0009104607307658895,0.0,0.0,0.0009108753259516657,0.0,0.0009108753259516657,0.0,2,2,price=observed;tvl=observed;lp_amount=none,False
2022-05-24T15:00:00+00:00,,,,0.0003933753715032102,,WETH,pool_swap_ratio,0,6827,1246116.8090000001,,14836195,0.0,,0,0,0.0,0.0,0.0,0.0,,0,0,,,,0.0,0.0,0.0,0,0.0,0.0,0.0,0.0,0.0,0.0,0.0,,2,2,price=carried;tvl=carried;lp_amount=none,True
2022-05-24T16:00:00+00:00,0.00039450224104584607,0.00039450224104584607,0.0003887271843758899,0.0003887271843758899,0.0003901585555090186,WETH,pool_swap_ratio,2,2068,1249469.1631,,14836766,6647.6458999999995,,2,1,0.0,0.0,0.0,0.0,,0,0,,,,5000.0,1647.6459,3352.3541,2,-0.011886527720955829,0.0026866284342927367,0.0,0.0,0.0026902406546383405,0.0,0.005334689213713992,-0.003668690876870051,2,2,price=observed;tvl=observed;lp_amount=none,False
2022-05-24T17:00:00+00:00,0.0003916291632188725,0.0004023717238017989,0.0003915456505445605,0.0003915456505445605,0.00039684119166575504,WETH,pool_swap_ratio,4,624,1245837.1014,,14837093,15643.7729,,4,3,0.0,0.0,0.0,0.0,,0,0,,,,6005.8556,9637.917300000001,-3632.061700000001,4,0.007224340770967965,-0.0029111170173338227,0.0,0.0,-0.0029068838249586416,0.0,0.012520335324792619,-0.01334423248495531,2,2,price=observed;tvl=observed;lp_amount=none,False
2022-05-24T18:00:00+00:00,,,,0.0003915456505445605,,WETH,pool_swap_ratio,0,4224,1245837.1014,,14837093,0.0,,0,0,0.0,0.0,0.0,0.0,,0,0,,,,0.0,0.0,0.0,0,0.0,0.0,0.0,0.0,0.0,0.0,0.0,,2,2,price=carried;tvl=carried;lp_amount=none,True
2022-05-24T19:00:00+00:00,0.00040496419609625957,0.0004086135616853617,0.00039224553524811536,0.00039334778479648957,0.0004023103656749326,WETH,pool_swap_ratio,12,921,1244196.2663,,14837563,37359.4565,,12,8,0.0,0.0,0.0,0.0,,0,0,,,,17859.310699999998,19500.1458,-1640.8351000000002,11,0.004592056290908977,-0.0013179223690608492,0.0,0.0,-0.0013170542907705383,0.0,0.029987432913996213,-0.022277777664035714,2,2,price=observed;tvl=observed;lp_amount=none,False
2022-05-24T20:00:00+00:00,0.0003894480079214646,0.0003932073895307432,0.0003894480079214646,0.0003917698548822384,0.00039035136596727633,WETH,pool_swap_ratio,4,3023,1245502.4202,,14837684,7912.1293000000005,,4,4,0.0,0.0,0.0,0.0,,0,0,,,,4609.1416,3302.9876999999997,1306.1539000000002,4,-0.004019606640041019,0.0010492466633921075,0.0,0.0,0.0010497973152453273,0.0,0.006359229258522973,0.003633877164608057,2,2,price=observed;tvl=observed;lp_amount=none,False
2022-05-24T21:00:00+00:00,,,,0.0003917698548822384,,WETH,pool_swap_ratio,0,6623,1245502.4202,,14837684,0.0,,0,0,0.0,0.0,0.0,0.0,,0,0,,,,0.0,0.0,0.0,0,0.0,0.0,0.0,0.0,0.0,0.0,0.0,,2,2,price=carried;tvl=carried;lp_amount=none,True
2022-05-24T22:00:00+00:00,0.0003896231074098422,0.00039147676781121427,0.0003896231074098422,0.00039147676781121427,0.0003900587146944943,WETH,pool_swap_ratio,2,2773,1245732.8653,,14838240,434.79949999999997,,2,1,0.0,0.0,0.0,0.0,,0,0,,,,332.6223,102.1772,230.4451,2,-0.0007483902929470324,0.00018500468582675238,0.0,0.0,0.00018502180024908795,0.0,0.000349095668501536,0.0036354863083385425,2,2,price=observed;tvl=observed;lp_amount=none,False
2022-05-24T23:00:00+00:00,0.0003913342192002872,0.0003913342192002872,0.00038486440752447815,0.0003862747360331156,0.0003860434462194738,WETH,pool_swap_ratio,4,943,1250263.2874,,14838581,11291.977900000002,,4,3,0.0,0.0,0.0,0.0,,0,0,,,,7911.200000000001,3380.7779,4530.422100000001,4,-0.013377304520632955,0.003630155495446329,0.0,0.0,0.0036367524901969855,0.0,0.009064525962619316,0.0005991289734532668,2,2,price=observed;tvl=observed;lp_amount=none,False
2022-05-25T00:00:00+00:00,0.0003848991342324209,0.00038764690354793825,0.0003848991342324209,0.00038764690354793825,0.0003854372931381724,WETH,pool_swap_ratio,2,1684,1248957.6496,,14838774,1305.6378,,2,1,0.0,0.0,0.0,0.0,,0,0,,,,0.0,1305.6378,-1305.6378,2,0.0035460152099987853,-0.0010448359322292717,0.0,0.0,-0.0010442902812216094,0.0,0.0010442902812216094,0.00573273642458294,2,2,price=observed;tvl=observed;lp_amount=none,False
2022-05-25T01:00:00+00:00,0.00038577427062748773,0.00045098537975482957,0.000384256004382085,0.000384256004382085,0.000411166698550983,WETH,pool_swap_ratio,9,448,1249669.9123,,14839121,36292.2555,,9,5,0.0,0.0,0.0,0.0,,0,0,,,,18502.2591,17789.996399999996,712.262700000003,9,-0.008785874346104186,0.0005701231589323929,0.0,0.0,0.0005702857100303739,0.0,0.02905803532379438,-0.06544959565970576,2,2,price=observed;tvl=observed;lp_amount=none,False
2022-05-25T02:00:00+00:00,,,,0.000384256004382085,,WETH,pool_swap_ratio,0,4048,1249669.9123,,14839121,0.0,,0,0,0.0,0.0,0.0,0.0,,0,0,,,,0.0,0.0,0.0,0,0.0,0.0,0.0,0.0,0.0,0.0,0.0,,2,2,price=carried;tvl=carried;lp_amount=none,True
2022-05-25T03:00:00+00:00,0.0003867210098369475,0.0003867210098369475,0.0003867210098369475,0.0003867210098369475,0.0003867210098369475,WETH,pool_swap_ratio,1,1035,1249788.3335,,14839610,118.4212,,1,1,0.0,0.0,0.0,0.0,,0,0,,,,118.4212,0.0,118.4212,1,0.006394519703899802,9.475749417914892e-05,0.0,0.0,9.476198381222721e-05,0.0,9.476198381222721e-05,0.0,2,2,price=observed;tvl=observed;lp_amount=none,False
2022-05-25T04:00:00+00:00,0.00038648389093834384,0.00038648389093834384,0.0003851727083155374,0.0003851727083155374,0.0003852910061077454,WETH,pool_swap_ratio,2,461,1251107.3369,,14839901,1319.0034,,2,1,0.0,0.0,0.0,0.0,,0,0,,,,1319.0034,0.0,1319.0034,2,-0.0040117015114812405,0.0010548249076609672,0.0,0.0,0.0010553814311149514,0.0,0.0010553814311149514,-0.00030703491732930743,2,2,price=observed;tvl=observed;lp_amount=none,False
2022-05-25T05:00:00+00:00,0.0003879557651588824,0.0003912113631990471,0.0003846324480162514,0.0003886314663552849,0.0003882476892399685,WETH,pool_swap_ratio,8,1110,1251320.332,,14840127,18864.635899999997,,8,4,0.0,0.0,0.0,0.0,,0,0,,,,9538.8155,9325.8204,212.9951000000001,8,0.008939680574631775,0.00017023077482827354,0.0,0.0,0.00017024526490889297,0.0,0.015078351268199647,0.0009884852529777888,2,2,price=observed;tvl=observed;lp_amount=none,False
2022-05-25T06:00:00+00:00,,,,0.0003886314663552849,,WETH,pool_swap_ratio,0,4710,1251320.332,,14840127,0.0,,0,0,0.0,0.0,0.0,0.0,,0,0,,,,0.0,0.0,0.0,0,0.0,0.0,0.0,0.0,0.0,0.0,0.0,,2,2,price=carried;tvl=carried;lp_amount=none,True
2022-05-25T07:00:00+00:00,0.00038635913737870104,0.00038635913737870104,0.00038378892187229815,0.00038378892187229815,0.0003857301964473989,WETH,pool_swap_ratio,2,1758,1251185.1287,,14840576,264.7967,,2,2,0.0,0.0,0.0,0.0,,0,0,,,,64.7967,200.0,-135.2033,2,-0.012538788469390211,-0.00010805434973445126,0.0,0.0,-0.00010804851207356552,0.0,0.00021161383958076692,-0.005032726483381489,2,2,price=observed;tvl=observed;lp_amount=none,False
2022-05-25T08:00:00+00:00,0.0003843050439207311,0.0003869561320665188,0.0003843050439207311,0.0003869561320665188,0.00038675355113919487,WETH,pool_swap_ratio,2,1547,1250341.2073000001,,14840858,996.1636,,2,2,0.0,0.0,0.0,0.0,,0,0,,,,76.1211,920.0425,-843.9214000000001,2,0.008218613938841242,-0.0006747252026663385,0.0,0.0,-0.0006744976268035146,0.0,0.000796176023155765,0.0005237984931933948,2,2,price=observed;tvl=observed;lp_amount=none,False
2022-05-25T09:00:00+00:00,,,,0.0003869561320665188,,WETH,pool_swap_ratio,0,5147,1250341.2073000001,,14840858,0.0,,0,0,0.0,0.0,0.0,0.0,,0,0,,,,0.0,0.0,0.0,0,0.0,0.0,0.0,0.0,0.0,0.0,0.0,,2,2,price=carried;tvl=carried;lp_amount=none,True
2022-05-25T10:00:00+00:00,0.0003885753529830613,0.0003885753529830613,0.00038260478775069094,0.000383390810388018,0.00038433125998641094,WETH,pool_swap_ratio,6,1737,1251917.5613,,14841379,7233.2248,,6,5,0.0,0.0,0.0,0.0,,0,0,,,,4404.7894,2828.4354000000003,1576.3539999999994,6,-0.009256471179523688,0.0012599449971475753,0.0,0.0,0.00126073906130311,0.0,0.005785000732415675,-0.0024469765962472634,2,2,price=observed;tvl=observed;lp_amount=none,False
2022-05-25T11:00:00+00:00,0.0003819348419924562,0.00038265428311399607,0.0003763034362104265,0.0003791316982747545,0.00037880721997905574,WETH,pool_swap_ratio,8,53,1255783.1304,,14841760,10059.104299999999,,8,4,0.0,0.0,0.0,0.0,,0,0,,,,6962.3367,3096.7675999999997,3865.5691,8,-0.01117122801818905,0.0030829613554234016,0.0,0.0,0.003087718568294518,0.0,0.008034957421281443,0.0008565789630849974,2,2,price=observed;tvl=observed;lp_amount=none,False
2022-05-25T12:00:00+00:00,0.00037852649749684506,0.000379443806165978,0.00037344796340008015,0.00037815291270000784,0.0003764080525152888,WETH,pool_swap_ratio,9,209,1255669.8407,,14841981,13521.2411,,9,4,0.0,0.0,0.0,0.0,,0,0,,,,6703.9764,6817.2661,-113.28970000000027,9,-0.002584988802349393,-9.021845233042523e-05,0.0,0.0,-9.021438276839611e-05,0.0,0.010767178482237716,0.00463555488002787,2,2,price=observed;tvl=observed;lp_amount=none,False
2022-05-25T13:00:00+00:00,0.0003812076396624983,0.0003817653027457814,0.0003812076396624983,0.0003817653027457814,0.00038149024886503547,WETH,pool_swap_ratio,2,1000,1253808.3513,,14842178,1861.4894,,2,2,0.0,0.0,0.0,0.0,,0,0,,,,0.0,1861.4894,-1861.4894,2,0.009507384302003277,-0.0014835671793108842,0.0,0.0,-0.0014824672375361606,0.0,0.0014824672375361606,0.0007209984568785632,2,2,price=observed;tvl=observed;lp_amount=none,False
2022-05-25T14:00:00+00:00,0.00038398012409110585,0.00038398012409110585,0.0003819640325888026,0.0003819640325888026,0.00038309619778265433,WETH,pool_swap_ratio,2,1224,1253521.5711,,14842429,2329.1077999999998,,2,2,0.0,0.0,0.0,0.0,,0,0,,,,1021.1638,1307.944,-286.7801999999999,2,0.0005204195735636725,-0.0002287534629475701,0.0,0.0,-0.00022872730086911166,0.0,0.0018576266441239486,-0.002955302611732158,2,2,price=observed;tvl=observed;lp_amount=none,False
2022-05-25T15:00:00+00:00,0.0003803850178983283,0.00040006776450598016,0.0003803850178983283,0.0003886565093863512,0.00039402538027601716,WETH,pool_swap_ratio,10,1185,1249722.4204,,14842681,44282.066900000005,,10,6,0.0,0.0,0.0,0.0,,0,0,,,,20241.4581,24040.6088,-3799.150700000002,8,0.01736949559953964,-0.003035384189375335,0.0,0.0,-0.0030307820683661162,0.0,0.035326130735142645,-0.01362569813625969,2,2,price=observed;tvl=observed;lp_amount=none,False
2022-05-25T16:00:00+00:00,0.00039661797403321827,0.000400177527820708,0.00039185646191568024,0.00039185646191568024,0.00039778917431563935,WETH,pool_swap_ratio,5,2526,1244441.3904000001,,14842833,21383.4058,,5,4,0.0,0.0,0.0,0.0,,0,0,,,,8051.1879,13332.2179,-5281.03,5,0.008199659905418965,-0.004234716155458921,0.0,0.0,-0.004225762388346762,0.0,0.017110524265985236,-0.014914212811763417,2,2,price=observed;tvl=observed;lp_amount=none,False
2022-05-25T17:00:00+00:00,0.0003923328856424467,0.0003923328856424467,0.0003826166377887193,0.0003826166377887193,0.0003880038994995502,WETH,pool_swap_ratio,5,251,1252580.3367,,14843281,8138.9463,,5,4,0.0,0.0,0.0,0.0,,0,0,,,,8138.9463000000005,0.0,8138.9463000000005,5,-0.023862061973342234,0.006518946178815152,0.0,0.0,0.0065402407560422775,0.0,0.0065402407560422775,-0.01388455558766133,2,2,price=observed;tvl=observed;lp_amount=none,False
2022-05-25T18:00:00+00:00,0.00038640021100537156,0.00038640021100537156,0.00038640021100537156,0.00038640021100537156,0.00038640021100537156,WETH,pool_swap_ratio,1,2246,1251824.7694,,14843407,755.5673,,1,1,0.0,0.0,0.0,0.0,,0,0,,,,0.0,755.5673,-755.5673,1,0.009840106239781128,-0.0006033906583911453,0.0,0.0,-0.0006032086548560938,0.0,0.0006032086548560938,0.0,2,2,price=observed;tvl=observed;lp_amount=none,False
2022-05-25T19:00:00+00:00,0.0003845821719711782,0.000387164647562192,0.0003765536763145183,0.00037677030236193536,0.00037768822406572,WETH,pool_swap_ratio,6,675,1255463.9802,,14843753,16958.5526,,6,5,0.0,0.0,0.0,0.0,,0,0,,,,10298.8817,6659.670899999999,3639.2108000000007,6,-0.025237924209900835,0.0029029072588282736,0.0,0.0,0.00290712477413614,0.0,0.013547065863002725,-0.0024303688738385176,2,2,price=observed;tvl=observed;lp_amount=none,False
2022-05-25T20:00:00+00:00,0.00038189628602249963,0.00038189628602249963,0.00038189628602249963,0.00038189628602249963,0.00038189628602249963,WETH,pool_swap_ratio,1,2999,1254218.0922,,14843844,1245.888,,1,1,0.0,0.0,0.0,0.0,,0,0,,,,0.0,1245.888,-1245.888,1,0.013513344975714414,-0.0009928652844512754,0.0,0.0,-0.0009923725567989017,0.0,0.0009923725567989017,0.0,2,2,price=observed;tvl=observed;lp_amount=none,False
2022-05-25T21:00:00+00:00,0.00038058201957043373,0.00038221832125160873,0.00037746656161755,0.00038221832125160873,0.0003794108040523055,WETH,pool_swap_ratio,5,381,1254019.6702,,14844288,7924.976199999999,,5,5,0.0,0.0,0.0,0.0,,0,0,,,,3863.2771,4061.6991,-198.42200000000003,5,0.0008428977671934059,-0.00015821626114428987,0.0,0.0,-0.00015820374561169962,0.0,0.006318658811641721,0.007399676470246863,2,2,price=observed;tvl=observed;lp_amount=none,False
2022-05-25T22:00:00+00:00,,,,0.00038221832125160873,,WETH,pool_swap_ratio,0,3981,1254019.6702,,14844288,0.0,,0,0,0.0,0.0,0.0,0.0,,0,0,,,,0.0,0.0,0.0,0,0.0,0.0,0.0,0.0,0.0,0.0,0.0,,2,2,price=carried;tvl=carried;lp_amount=none,True
2022-05-25T23:00:00+00:00,0.000380491901946621,0.000380491901946621,0.000380491901946621,0.000380491901946621,0.000380491901946621,WETH,pool_swap_ratio,1,978,1254287.5638000001,,14844733,267.8936,,1,1,0.0,0.0,0.0,0.0,,0,0,,,,267.8936,0.0,267.8936,1,-0.004527072539396053,0.000213605093815859,0.0,0.0,0.00021362790900821707,0.0,0.00021362790900821707,0.0,2,2,price=observed;tvl=observed;lp_amount=none,False
2022-05-26T00:00:00+00:00,,,,0.000380491901946621,,WETH,pool_swap_ratio,0,4578,1254287.5638000001,,14844733,0.0,,0,0,0.0,0.0,0.0,0.0,,0,0,,,,0.0,0.0,0.0,0,0.0,0.0,0.0,0.0,0.0,0.0,0.0,,2,2,price=carried;tvl=carried;lp_amount=none,True
2022-05-26T01:00:00+00:00,0.00037873609654684665,0.00037873609654684665,0.00037873609654684665,0.00037873609654684665,0.00037873609654684665,WETH,pool_swap_ratio,1,3537,1254877.2638,,14845053,589.7,,1,1,0.0,0.0,0.0,0.0,,0,0,,,,589.7,0.0,589.7,1,-0.004625247049387621,0.00047003688587566087,0.0,0.0,0.00047014737052278506,0.0,0.00047014737052278506,0.0,2,2,price=observed;tvl=observed;lp_amount=none,False
2022-05-26T02:00:00+00:00,,,,0.00037873609654684665,,WETH,pool_swap_ratio,0,7137,1254877.2638,,14845053,0.0,,0,0,0.0,0.0,0.0,0.0,,0,0,,,,0.0,0.0,0.0,0,0.0,0.0,0.0,0.0,0.0,0.0,0.0,,2,2,price=carried;tvl=carried;lp_amount=none,True
2022-05-26T03:00:00+00:00,0.00038043061383731335,0.00038043061383731335,0.000378642070464438,0.000378642070464438,0.00038011684267670874,WETH,pool_swap_ratio,2,430,1254638.0497,,14845803,368.5137,,2,2,0.0,0.0,0.0,0.0,,0,0,,,,64.6498,303.8639,-239.2141,2,-0.0002482936186627475,-0.00019064565929338584,0.0,0.0,-0.00019062748756449338,0.0,0.00029366513413755894,-0.0038797865463832126,2,2,price=observed;tvl=observed;lp_amount=none,False
2022-05-26T04:00:00+00:00,,,,0.000378642070464438,,WETH,pool_swap_ratio,0,4030,1254638.0497,,14845803,0.0,,0,0,0.0,0.0,0.0,0.0,,0,0,,,,0.0,0.0,0.0,0,0.0,0.0,0.0,0.0,0.0,0.0,0.0,,2,2,price=carried;tvl=carried;lp_amount=none,True
2022-05-26T05:00:00+00:00,0.0003798863386584393,0.0003798863386584393,0.0003798863386584393,0.0003798863386584393,0.0003798863386584393,WETH,pool_swap_ratio,1,166,1254939.2225000001,,14846341,301.1728,,1,1,0.0,0.0,0.0,0.0,,0,0,,,,301.1728,0.0,301.1728,1,0.0032807454409648426,0.00024001875119152973,0.0,0.0,0.0002400475579965188,0.0,0.0002400475579965188,0.0,2,2,price=observed;tvl=observed;lp_amount=none,False
2022-05-26T06:00:00+00:00,0.00038389845953962584,0.00038389845953962584,0.0003833219815509891,0.0003833219815509891,0.00038368291198939046,WETH,pool_swap_ratio,2,3095,1251668.6996,,14846390,3270.5229,,2,1,0.0,0.0,0.0,0.0,,0,0,,,,0.0,3270.5229,-3270.5229,2,0.009003219720562958,-0.0026095223964461853,0.0,0.0,-0.0026061205525831745,0.0,0.0026061205525831745,-0.0009406997995556887,2,2,price=observed;tvl=observed;lp_amount=none,False
2022-05-26T07:00:00+00:00,,,,0.0003833219815509891,,WETH,pool_swap_ratio,0,6695,1251668.6996,,14846390,0.0,,0,0,0.0,0.0,0.0,0.0,,0,0,,,,0.0,0.0,0.0,0,0.0,0.0,0.0,0.0,0.0,0.0,0.0,,2,2,price=carried;tvl=carried;lp_amount=none,True
2022-05-26T08:00:00+00:00,0.00037293732384679454,0.0003930608662697309,0.0003652179414427638,0.0003930608662697309,0.00037980488320407056,WETH,pool_swap_ratio,23,2038,1246833.0299,,14846968,72519.96070000001,,23,11,0.0,0.0,0.0,0.0,,0,0,,,,33842.1455,38677.8152,-4835.669699999999,22,0.025089156976158922,-0.0038708604287647475,0.0,0.0,-0.0038633783057332584,0.0,0.05793862283460109,0.034902086971161594,2,2,price=observed;tvl=observed;lp_amount=none,False
2022-05-26T09:00:00+00:00,0.0003885103319634432,0.0003885103319634432,0.0003885103319634432,0.0003885103319634432,0.0003885103319634432,WETH,pool_swap_ratio,1,3173,1249435.8468,,14847120,2602.8169,,1,1,0.0,0.0,0.0,0.0,,0,0,,,,2602.8169,0.0,2602.8169,1,-0.011644711927043402,0.002085366578532701,0.0,0.0,0.0020875424676620527,0.0,0.0020875424676620527,0.0,2,2,price=observed;tvl=observed;lp_amount=none,False
2022-05-26T10:00:00+00:00,0.0003856210712551784,0.0003856210712551784,0.000370944628316249,0.0003796510705794755,0.0003748024605434064,WETH,pool_swap_ratio,10,88,1255871.8551999999,,14847572,44046.8845,,10,7,0.0,0.0,0.0,0.0,,0,0,,,,25241.448500000002,18805.4401,6436.008400000002,10,-0.02306716838760887,0.005137909848810025,0.0,0.0,0.005151131541874378,0.0,0.0352534182629792,0.012936441316418579,2,2,price=observed;tvl=observed;lp_amount=none,False
2022-05-26T11:00:00+00:00,0.00037604227852135365,0.00038010673227814406,0.00035171068158060015,0.00035853144723427326,0.0003671814112409529,WETH,pool_swap_ratio,14,12,1271467.1844000001,,14847838,59843.21079999999,,14,8,0.0,0.0,0.0,0.0,,0,0,,,,37719.270000000004,22123.9408,15595.329200000004,14,-0.057236220450314165,0.012341460248099168,0.0,0.0,0.01241793032897964,0.0,0.0476507300901889,-0.023557739422171764,2,2,price=observed;tvl=observed;lp_amount=none,False
2022-05-26T12:00:00+00:00,0.00035964306417049887,0.00036894111915052036,0.00035837496140758143,0.0003667084507887452,0.0003641353885701963,WETH,pool_swap_ratio,8,2668,1265196.2915999999,,14847898,19307.067199999998,,8,6,0.0,0.0,0.0,0.0,,0,0,,,,6518.089,12788.981799999998,-6270.892799999998,8,0.022550745205709998,-0.004944215607467743,0.0,0.0,-0.004932013092386026,0.0,0.01518487259198193,0.007066223990621179,2,2,price=observed;tvl=observed;lp_amount=none,False
2022-05-26T13:00:00+00:00,0.00035868775642373333,0.0003743722197567754,0.00035868775642373333,0.00037434346824774566,0.00036715791937720404,WETH,pool_swap_ratio,6,1276,1261020.5834,,14848249,23364.7658,,6,6,0.0,0.0,0.0,0.0,,0,0,,,,9594.5301,13770.2383,-4175.708200000001,6,0.02060661995246865,-0.003305901440485037,0.0,0.0,-0.003300442965035325,0.0,0.01846730499854083,0.019570730988807794,2,2,price=observed;tvl=observed;lp_amount=none,False
2022-05-26T14:00:00+00:00,0.00037032366607598217,0.00037494838256466213,0.0003628017060465952,0.00037031966630126446,0.00036851825444413435,WETH,pool_swap_ratio,11,144,1266752.6914,,14848591,30049.4998,,11,8,0.0,0.0,0.0,0.0,,0,0,,,,17890.803900000003,12158.6959,5732.108000000002,11,-0.01080714466135513,0.004535310094833625,0.0,0.0,0.004545610179133577,0.0,0.023829507777723722,0.004888256783500022,2,2,price=observed;tvl=observed;lp_amount=none,False
2022-05-26T15:00:00+00:00,0.0003628768390589899,0.0003628768390589899,0.0003628768390589899,0.0003628768390589899,0.0003628768390589899,WETH,pool_swap_ratio,1,1069,1268735.1914,,14848798,1982.5,,1,1,0.0,0.0,0.0,0.0,,0,0,,,,1982.5,0.0,1982.5,1,-0.02030310525812445,0.001563801915569612,0.0,0.0,0.0015650252914078792,0.0,0.0015650252914078792,0.0,2,2,price=observed;tvl=observed;lp_amount=none,False
2022-05-26T16:00:00+00:00,0.0003642969598266156,0.0003642969598266156,0.0003605219719083785,0.0003628782488575636,0.00036191166974113486,WETH,pool_swap_ratio,4,2850,1268450.2455,,14848932,4251.6959,,4,2,0.0,0.0,0.0,0.0,,0,0,,,,1983.375,2268.3209,-284.94590000000017,4,3.885053228481411e-06,-0.00022461574708235939,0.0,0.0,-0.00022459052285416113,0.0,0.003351129478254969,0.0026707597384745263,2,2,price=observed;tvl=observed;lp_amount=none,False
2022-05-26T17:00:00+00:00,0.0003642947974554659,0.0003642947974554659,0.0003642947974554659,0.0003642947974554659,0.0003642947974554659,WETH,pool_swap_ratio,1,2066,1268554.1360999998,,14849263,103.8906,,1,1,0.0,0.0,0.0,0.0,,0,0,,,,103.8906,0.0,103.8906,1,0.003896047569205452,8.190021334719764e-05,0.0,0.0,8.19035672613617e-05,0.0,8.19035672613617e-05,0.0,2,2,price=observed;tvl=observed;lp_amount=none,False
2022-05-26T18:00:00+00:00,,,,0.0003642947974554659,,WETH,pool_swap_ratio,0,5666,1268554.1360999998,,14849263,0.0,,0,0,0.0,0.0,0.0,0.0,,0,0,,,,0.0,0.0,0.0,0,0.0,0.0,0.0,0.0,0.0,0.0,0.0,,2,2,price=carried;tvl=carried;lp_amount=none,True
2022-05-26T19:00:00+00:00,0.00035335598511593833,0.00035335598511593833,0.0003424492983164987,0.000351090555524288,0.00034851767623425605,WETH,pool_swap_ratio,9,429,1276295.3296,,14849885,57192.9687,,9,5,0.0,0.0,0.0,0.0,,0,0,,,,32467.081099999996,24725.887600000002,7741.193499999994,9,-0.036919239839683794,0.006083831268915098,0.0,0.0,0.0061023753576644815,0.0,0.04508516197490171,0.007382349491801943,2,2,price=observed;tvl=observed;lp_amount=none,False
2022-05-26T20:00:00+00:00,0.0003574396810112969,0.0003574396810112969,0.0003574396810112969,0.0003574396810112969,0.0003574396810112969,WETH,pool_swap_ratio,1,2776,1272938.1198,,14849969,3357.2098,,1,1,0.0,0.0,0.0,0.0,,0,0,,,,0.0,3357.2098,-3357.2098,1,0.017922440316469335,-0.002633899019060504,0.0,0.0,-0.002630433350447324,0.0,0.002630433350447324,0.0,2,2,price=observed;tvl=observed;lp_amount=none,False
2022-05-26T21:00:00+00:00,0.0003626211695732176,0.0003643104990232733,0.0003612938456614181,0.0003643078919683236,0.00036288974627743804,WETH,pool_swap_ratio,6,197,1268978.901,,14850385,8314.6084,,6,5,0.0,0.0,0.0,0.0,,0,0,,,,2177.6948,6136.9136,-3959.2187999999996,6,0.019032743702529734,-0.0031151465365200125,0.0,0.0,-0.003110299501928703,0.0,0.006531824501654774,0.003907924391452378,2,2,price=observed;tvl=observed;lp_amount=none,False
2022-05-26T22:00:00+00:00,0.00036231195419645366,0.0003666913469703613,0.0003564154397309705,0.0003666913469703613,0.0003614153860545853,WETH,pool_swap_ratio,8,173,1269339.9810000001,,14850643,14568.8312,,8,6,0.0,0.0,0.0,0.0,,0,0,,,,7464.9556,7103.8756,361.0799999999999,8,0.006521110615211401,0.0002845032631606155,0.0,0.0,0.00028454373805226877,0.0,0.011480751325746432,0.014598052875864909,2,2,price=observed;tvl=observed;lp_amount=none,False
2022-05-26T23:00:00+00:00,0.0003662864412789808,0.0003716806283663591,0.00035434829726978186,0.00036317578846820233,0.00036010066493533035,WETH,pool_swap_ratio,9,877,1268849.1557,,14850834,33566.1699,,9,6,0.0,0.0,0.0,0.0,,0,0,,,,16537.6723,17028.4976,-490.8253000000004,9,-0.00963349497365192,-0.00038675234955600786,0.0,0.0,-0.00038667757050662093,0.0,0.0264437978811289,0.008539621923286944,2,2,price=observed;tvl=observed;lp_amount=none,False
2022-05-27T00:00:00+00:00,,,,0.00036317578846820233,,WETH,pool_swap_ratio,0,4477,1268849.1557,,14850834,0.0,,0,0,0.0,0.0,0.0,0.0,,0,0,,,,0.0,0.0,0.0,0,0.0,0.0,0.0,0.0,0.0,0.0,0.0,,2,2,price=carried;tvl=carried;lp_amount=none,True
2022-05-27T01:00:00+00:00,0.0003624671840855819,0.0003705165783019404,0.00036174360375917236,0.00036174360375917236,0.00036844238444014234,WETH,pool_swap_ratio,8,569,1269438.2762,,14851394,18612.4785,,8,3,0.0,0.0,0.0,0.0,,0,0,,,,9600.799500000001,9011.679,589.1205000000009,8,-0.003951298827838756,0.00046418739121053957,0.0,0.0,0.0004642951428493439,0.0,0.014668787393984473,-0.018181351993878048,2,2,price=observed;tvl=observed;lp_amount=none,False
2022-05-27T02:00:00+00:00,0.00036084682494170295,0.00036084682494170295,0.0003440455733683099,0.0003440455733683099,0.00035403048251633166,WETH,pool_swap_ratio,18,71,1285761.7916,,14851706,52111.4324,,18,7,0.0,0.0,0.0,0.0,,0,0,,,,34217.4739,17893.9585,16323.515399999997,18,-0.05016155465038431,0.012776876199226945,0.0,0.0,0.012858849229647954,0.0,0.041050780787856,-0.02820352947309035,2,2,price=observed;tvl=observed;lp_amount=none,False
2022-05-27T03:00:00+00:00,0.00034155720579319865,0.0003457681502462439,0.0003392593717315316,0.0003410365878596745,0.0003441520299046061,WETH,pool_swap_ratio,6,233,1286472.7751,,14851948,7142.4613,,6,6,0.0,0.0,0.0,0.0,,0,0,,,,3926.7223999999997,3215.7389,710.9834999999998,6,-0.008784362016525382,0.0005528139053185136,0.0,0.0,0.0005529667350864837,0.0,0.005555042424391793,-0.009052516836222546,2,2,price=observed;tvl=observed;lp_amount=none,False
2022-05-27T04:00:00+00:00,0.00034499603214791283,0.00034499603214791283,0.000338716596162991,0.00034036886652435245,0.00034050707546454383,WETH,pool_swap_ratio,5,1383,1286849.3242,,14852135,10728.5353,,5,4,0.0,0.0,0.0,0.0,,0,0,,,,5552.5422,5175.9931,376.5491000000002,5,-0.0019598362318651048,0.00029265602062790945,0.0,0.0,0.00029269884857899953,0.0,0.008339496573618552,-0.0004058915369168359,2,2,price=observed;tvl=observed;lp_amount=none,False
2022-05-27T05:00:00+00:00,0.00033828838635596085,0.00035639861457777215,0.00032344158933846913,0.00033111253043247566,0.0003324299050873043,WETH,pool_swap_ratio,25,335,1298276.6478,,14852456,74255.8628,,25,12,0.0,0.0,0.0,0.0,,0,0,,,,42841.59320000001,31414.2696,11427.32360000001,24,-0.02757164237696568,0.008840882923924216,0.0,0.0,0.008880078953380244,0.0,0.05770361875595879,-0.003962864455538839,2,2,price=observed;tvl=observed;lp_amount=none,False
2022-05-27T06:00:00+00:00,0.00032906003644478577,0.00036311168649103877,0.0003239796693716286,0.0003317963697990094,0.00033655408587106593,WETH,pool_swap_ratio,22,321,1297800.4071,,14852701,79323.27549999999,,22,9,0.0,0.0,0.0,0.0,,0,0,,,,39423.517400000004,39899.7581,-476.24069999999483,19,0.002063148070158833,-0.00036689258082180386,0.0,0.0,-0.0003668252839693377,0.0,0.0610989003263808,-0.014136557159134311,2,2,price=observed;tvl=observed;lp_amount=none,False
2022-05-27T07:00:00+00:00,0.0003275110940478445,0.0003275110940478445,0.0002957623359084421,0.0003223618820261863,0.0003068627519465828,WETH,pool_swap_ratio,12,489,1302126.0847,,14852943,58699.68379999999,,12,6,0.0,0.0,0.0,0.0,,0,0,,,,31512.6818,27187.0042,4325.677599999999,12,-0.028846665051410866,0.0033275414554931005,0.0,0.0,0.003333083867392169,0.0,0.04523013205949548,0.050508346097025036,2,2,price=observed;tvl=observed;lp_amount=none,False
2022-05-27T08:00:00+00:00,0.0003212551034176158,0.00032522645589519716,0.0003212551034176158,0.00032236190346748194,0.00032359304009236476,WETH,pool_swap_ratio,6,909,1302845.689,,14853187,8365.8085,,6,6,0.0,0.0,0.0,0.0,,0,0,,,,4542.707399999999,3823.1031000000003,719.6042999999991,6,6.651312124140673e-08,0.0005524853094913691,0.0,0.0,0.0005526379576105262,0.0,0.006424729984521751,-0.0038045831410076225,2,2,price=observed;tvl=observed;lp_amount=none,False
2022-05-27T09:00:00+00:00,0.00032108002953768676,0.0003242005228345089,0.0003199516380943469,0.0003242005228345089,0.00032308591601434123,WETH,pool_swap_ratio,5,965,1300872.4930999998,,14853445,3394.5209000000004,,5,3,0.0,0.0,0.0,0.0,,0,0,,,,710.6625,2683.8584,-1973.1959000000002,5,0.005687383764596226,-0.001515675768071109,0.0,0.0,-0.001514527711654423,0.0,0.0026054665787822247,0.003449877462681439,2,2,price=observed;tvl=observed;lp_amount=none,False
2022-05-27T10:00:00+00:00,0.00032570625625918124,0.0003291515343292418,0.00032570625625918124,0.0003269817867873281,0.0003279958870789884,WETH,pool_swap_ratio,4,804,1300287.1644,,14853720,3904.7866999999997,,4,4,0.0,0.0,0.0,0.0,,0,0,,,,1659.729,2245.0577,-585.3286999999998,4,0.008542249456445996,-0.0004500521205546998,0.0,0.0,-0.00044995086229024047,0.0,0.003001667512159344,-0.003091807951287162,2,2,price=observed;tvl=observed;lp_amount=none,False
2022-05-27T11:00:00+00:00,0.00032462709187111854,0.00032851119224789813,0.00032462709187111854,0.00032851119224789813,0.0003279084975237293,WETH,pool_swap_ratio,4,866,1299296.0276,,14853984,1189.8886,,4,3,0.0,0.0,0.0,0.0,,0,0,,,,99.3759,1090.5127,-991.1368,4,0.004666436666138258,-0.0007625352026244861,0.0,0.0,-0.0007622445465401074,0.0,0.0009150967821397038,0.0018379966628501165,2,2,price=observed;tvl=observed;lp_amount=none,False
2022-05-27T12:00:00+00:00,0.0003276621545829943,0.0003304044141696412,0.0003276621545829943,0.0003304044141696412,0.0003287913829816008,WETH,pool_swap_ratio,2,716,1298713.1812,,14854244,582.8464,,2,2,0.0,0.0,0.0,0.0,,0,0,,,,0.0,582.8464,-582.8464,2,0.005746493521057376,-0.00044868694676204794,0.0,0.0,-0.0004485863018273112,0.0,0.0004485863018273112,0.004905941188035001,2,2,price=observed;tvl=observed;lp_amount=none,False
2022-05-27T13:00:00+00:00,0.0003294502208003514,0.0003998074254045982,0.00031557986235364994,0.0003481533829558228,0.0003655170459327937,WETH,pool_swap_ratio,22,92,1281864.2384,,14854542,174347.96839999998,,22,10,0.0,0.0,0.0,0.0,,0,0,,,,78749.5128,95598.45559999999,-16848.94279999999,20,0.05232573665524374,-0.013058459009623151,0.0,0.0,-0.012973567254035036,0.0,0.13424670737452896,-0.04750438637590515,2,2,price=observed;tvl=observed;lp_amount=none,False
2022-05-27T14:00:00+00:00,0.0003437752592151339,0.00035178115133619684,0.00034115566972809687,0.00034268151584907993,0.00034564664351113367,WETH,pool_swap_ratio,10,149,1284516.4656,,14854772,29724.691800000004,,10,6,0.0,0.0,0.0,0.0,,0,0,,,,16188.4595,13536.232300000001,2652.2271999999994,10,-0.015841647692404332,0.002066901563027799,0.0,0.0,0.0020690390764863385,0.0,0.02318864268894952,-0.008578494013231297,2,2,price=observed;tvl=observed;lp_amount=none,False
2022-05-27T15:00:00+00:00,0.00034541106013354257,0.00034541106013354257,0.0003323301997174071,0.0003398247876476664,0.00033683749975464184,WETH,pool_swap_ratio,7,257,1291123.0212,,14855009,15174.431799999998,,7,5,0.0,0.0,0.0,0.0,,0,0,,,,10890.493699999999,4283.9381,6606.555599999999,5,-0.008371336264227673,0.005130042556626654,0.0,0.0,0.005143223755340547,0.0,0.011813341600811628,0.008868632189707348,2,2,price=observed;tvl=observed;lp_amount=none,False
2022-05-27T16:00:00+00:00,0.00033604428166818007,0.00033604428166818007,0.00032014411827868954,0.0003250653199987551,0.00032542860709425654,WETH,pool_swap_ratio,10,687,1300988.3631,,14855234,26016.3175,,10,7,0.0,0.0,0.0,0.0,,0,0,,,,17940.8297,8075.4878,9865.3419,10,-0.04440400758720556,0.007611856182691466,0.0,0.0,0.007640900005663999,0.0,0.020150146092058542,-0.0011163342360870354,2,2,price=observed;tvl=observed;lp_amount=none,False
2022-05-27T17:00:00+00:00,0.00032791565659535666,0.0003292847406331225,0.0003088629027866021,0.0003088647201302851,0.00031637267025881865,WETH,pool_swap_ratio,17,9,1309844.0697,,14855566,36035.7406,,17,10,0.0,0.0,0.0,0.0,,0,0,,,,22445.7236,13590.016999999998,8855.706600000003,17,-0.05112276464189306,0.0067838444557043265,0.0,0.0,0.006806906849572883,0.0,0.027698741681388986,-0.023731348609825953,2,2,price=observed;tvl=observed;lp_amount=none,False
2022-05-27T18:00:00+00:00,0.0003088275970114336,0.0003088275970114336,0.00028924393154117277,0.00030125647903117244,0.0002989004643636651,WETH,pool_swap_ratio,20,384,1317935.4526,,14855795,57727.6851,,20,9,0.0,0.0,0.0,0.0,,0,0,,,,32909.5354,24818.1525,8091.3829000000005,20,-0.02494139037368939,0.006158361767981114,0.0,0.0,0.0061773634642276224,0.0,0.044072181136203224,0.007882271687075226,2,2,price=observed;tvl=observed;lp_amount=none,False
2022-05-27T19:00:00+00:00,0.000299276103009514,0.00030811546384427237,0.00028981561730120377,0.0002972247442457437,0.0002983735307141543,WETH,pool_swap_ratio,27,121,1318511.0986000001,,14856065,71428.70300000001,,27,12,0.0,0.0,0.0,0.0,,0,0,,,,36002.1745,35426.5285,575.6460000000006,27,-0.013473424460337974,0.00043668323857031324,0.0,0.0,0.00043677859857580754,0.0,0.05419742132217986,-0.003850162129532708,2,2,price=observed;tvl=observed;lp_amount=none,False
2022-05-27T20:00:00+00:00,0.0002972072916836942,0.00030005602817807726,0.0002972072916836942,0.00030005602817807726,0.0002986186205450014,WETH,pool_swap_ratio,2,1139,1316510.619,,14856258,2000.4796,,2,2,0.0,0.0,0.0,0.0,,0,0,,,,0.0,2000.4796,-2000.4796,2,0.009480650541533285,-0.0015183783655185919,0.0,0.0,-0.0015172262122966705,0.0,0.0015172262122966705,0.004813523116718121,2,2,price=observed;tvl=observed;lp_amount=none,False
2022-05-27T21:00:00+00:00,0.00029676808374286295,0.00030296174441965805,0.0002912170474134686,0.00030296174441965805,0.0002955035272635072,WETH,pool_swap_ratio,7,84,1314659.1674000002,,14856593,11851.451599999999,,7,5,0.0,0.0,0.0,0.0,,0,0,,,,5000.0,6851.451599999999,-1851.4515999999994,7,0.009637323685468557,-0.0014073222603458028,0.0,0.0,-0.001406332446757119,0.0,0.00900216939305979,0.025239012289353102,2,2,price=observed;tvl=observed;lp_amount=none,False
2022-05-27T22:00:00+00:00,0.00030297752086553577,0.00031771297368162783,0.00030297752086553577,0.00031609852605116704,0.0003110759751338542,WETH,pool_swap_ratio,13,289,1305981.2539,,14856830,25238.304099999994,,13,8,0.0,0.0,0.0,0.0,,0,0,,,,8280.1953,16958.1088,-8677.913500000002,13,0.04244741479359513,-0.006622766822926774,0.0,0.0,-0.006600884636253137,0.0,0.019197602485755878,0.01614573711502998,2,2,price=observed;tvl=observed;lp_amount=none,False
2022-05-27T23:00:00+00:00,0.0003187929224783281,0.00032426861077306635,0.0003187929224783281,0.00032426861077306635,0.0003213860558128194,WETH,pool_swap_ratio,5,423,1305075.5214,,14857076,3593.004,,5,3,2687.2715,0.0,2687.2715,2687.2715,0.0,1,0,,,,2687.2715,3593.004,-905.7325000000001,6,0.025518261628466987,-0.0006937670179341703,0.002057664680848295,0.002057664680848295,-0.0006935264172400999,0.0,0.002751191098088395,0.008969135119931249,2,2,price=observed;tvl=observed;lp_amount=quantified,False
2022-05-28T00:00:00+00:00,0.00032915312521566384,0.00032915312521566384,0.0002996063112662623,0.00030969349860378076,0.00031019853114384215,WETH,pool_swap_ratio,11,45,1314982.4266,,14857323,42953.7639,,11,7,0.0,0.0,0.0,0.0,,0,0,,,,26430.3527,16523.4475,9906.905200000001,9,-0.04598912372217422,0.007562391833346132,0.0,0.0,0.007591058936859469,0.0,0.03291285691568408,-0.0016280945567315186,2,2,price=observed;tvl=observed;lp_amount=none,False
2022-05-28T01:00:00+00:00,0.0003101517420889158,0.0003101517420889158,0.00030580633150840747,0.0003080204015072067,0.0003077953031277629,WETH,pool_swap_ratio,3,1269,1313733.774,,14857480,1651.2110000000002,,3,3,0.0,0.0,0.0,0.0,,0,0,,,,201.2792,1449.9318,-1248.6526000000001,3,-0.005417074757906437,-0.0009500095093002877,0.0,0.0,-0.0009495583931326739,0.0,0.001255690545058726,0.0007313249330200833,2,2,price=observed;tvl=observed;lp_amount=none,False
2022-05-28T02:00:00+00:00,0.00030596919032404755,0.00030799621083098,0.00030539277321950056,0.00030799621083098,0.00030619741715379384,WETH,pool_swap_ratio,3,1348,1314591.3146,,14857726,4372.4294,,3,3,0.0,0.0,0.0,0.0,,0,0,,,,2614.985,1757.4443999999999,857.5406000000003,3,-7.853903857338048e-05,0.0006525377200470226,0.0,0.0,0.0006527506691016991,0.0,0.00332824616869445,0.005874620674160225,2,2,price=observed;tvl=observed;lp_amount=none,False
2022-05-28T03:00:00+00:00,,,,0.00030799621083098,,WETH,pool_swap_ratio,0,4948,1314591.3146,,14857726,0.0,,0,0,0.0,0.0,0.0,0.0,,0,0,,,,0.0,0.0,0.0,0,0.0,0.0,0.0,0.0,0.0,0.0,0.0,,2,2,price=carried;tvl=carried;lp_amount=none,True
2022-05-28T04:00:00+00:00,0.00030954597169699787,0.00030954597169699787,0.00030954597169699787,0.00030954597169699787,0.00030954597169699787,WETH,pool_swap_ratio,1,1874,1314328.2849,,14858181,263.0297,,1,1,0.0,0.0,0.0,0.0,,0,0,,,,0.0,263.0297,-263.0297,1,0.005019136063229661,-0.00020010478899964914,0.0,0.0,-0.00020008476937186665,0.0,0.00020008476937186665,0.0,2,2,price=observed;tvl=observed;lp_amount=none,False
2022-05-28T05:00:00+00:00,0.0003111541029277858,0.00031614775228432557,0.000306535097623272,0.000306535097623272,0.0003107566095607274,WETH,pool_swap_ratio,13,35,1316607.3186,,14858592,16103.548899999998,,13,5,0.0,0.0,0.0,0.0,,0,0,,,,9191.2913,6912.2576,2279.033700000001,12,-0.009774356638146771,0.0017324895881261119,0.0,0.0,0.0017339912152719134,0.0,0.012252303389503047,-0.013584624775713428,2,2,price=observed;tvl=observed;lp_amount=none,False
2022-05-28T06:00:00+00:00,0.0003066083956852484,0.00030890444811305316,0.00030392629908874253,0.00030890444811305316,0.00030750073470377774,WETH,pool_swap_ratio,5,605,1314128.4220999999,,14858816,3208.7236999999996,,5,3,0.0,0.0,0.0,0.0,,0,0,,,,364.9136,2843.8100999999997,-2478.8965,5,0.007699739842715676,-0.001884565747382034,0.0,0.0,-0.001882791068361907,0.0,0.0024371151934746652,0.004564910749327744,2,2,price=observed;tvl=observed;lp_amount=none,False
2022-05-28T07:00:00+00:00,0.0003081038846258915,0.0003081038846258915,0.0003081038846258915,0.0003081038846258915,0.0003081038846258915,WETH,pool_swap_ratio,1,2207,1314248.6985,,14858969,120.2764,,1,1,0.0,0.0,0.0,0.0,,0,0,,,,120.2764,0.0,120.2764,1,-0.002594985817627974,9.152141763930364e-05,0.0,0.0,9.152560585197315e-05,0.0,9.152560585197315e-05,0.0,2,2,price=observed;tvl=observed;lp_amount=none,False
2022-05-28T08:00:00+00:00,0.0003081067627871773,0.0003081067627871773,0.0003081067627871773,0.0003081067627871773,0.0003081067627871773,WETH,pool_swap_ratio,1,1130,1314399.79,,14859303,151.0915,,1,1,0.0,0.0,0.0,0.0,,0,0,,,,151.0915,0.0,151.0915,1,9.341485084314831e-06,0.00011495755391221838,0.0,0.0,0.00011496416178493937,0.0,0.00011496416178493937,0.0,2,2,price=observed;tvl=observed;lp_amount=none,False
2022-05-28T09:00:00+00:00,,,,0.0003081067627871773,,WETH,pool_swap_ratio,0,4730,1314399.79,,14859303,0.0,,0,0,0.0,0.0,0.0,0.0,,0,0,,,,0.0,0.0,0.0,0,0.0,0.0,0.0,0.0,0.0,0.0,0.0,,2,2,price=carried;tvl=carried;lp_amount=none,True
2022-05-28T10:00:00+00:00,0.00030621059461171085,0.00030621059461171085,0.0003041780001676836,0.0003041780001676836,0.0003059874809119355,WETH,pool_swap_ratio,3,175,1316937.1587,,14859898,2537.3687,,3,1,0.0,0.0,0.0,0.0,,0,0,,,,2537.3687,0.0,2537.3687,3,-0.01283329841670421,0.0019285781607815702,0.0,0.0,0.001930439063749394,0.0,0.001930439063749394,-0.005913577702130635,2,2,price=observed;tvl=observed;lp_amount=none,False
2022-05-28T11:00:00+00:00,0.0003064268657565789,0.00033093234570819193,0.0003064268657565789,0.00033093234570819193,0.0003202545267870018,WETH,pool_swap_ratio,17,259,1300237.926,,14860133,48767.660299999996,,17,9,0.0,0.0,0.0,0.0,,0,0,,,,16034.213800000001,32733.446500000002,-16699.2327,17,0.0843009039353672,-0.012761438411600285,0.0,0.0,-0.012680356530059842,0.0,0.037031121779675845,0.03334166429532437,2,2,price=observed;tvl=observed;lp_amount=none,False
2022-05-28T12:00:00+00:00,0.00033126334919512257,0.00033126334919512257,0.00030719797303082805,0.00030840997614550015,0.0003175862432097631,WETH,pool_swap_ratio,15,189,1315282.0359,,14860405,28047.8275,,15,10,0.0,0.0,0.0,0.0,,0,0,,,,21545.968699999998,6501.8588,15044.109899999998,14,-0.07048397161670186,0.011503850881252976,0.0,0.0,0.01157027463910478,0.0,0.02157130394302927,-0.0288937800690634,2,2,price=observed;tvl=observed;lp_amount=none,False
2022-05-28T13:00:00+00:00,0.0003086476910066236,0.0003086476910066236,0.00030416958371764894,0.00030466772508415277,0.000304412305788058,WETH,pool_swap_ratio,4,694,1317667.7550000001,,14860620,4086.9581000000003,,4,3,0.0,0.0,0.0,0.0,,0,0,,,,3236.3386,850.6195,2385.7191000000003,4,-0.012208232440283174,0.0018122029984417613,0.0,0.0,0.0018138460306481253,0.0,0.003107286489474056,0.000839057065822324,2,2,price=observed;tvl=observed;lp_amount=none,False
2022-05-28T14:00:00+00:00,0.00030396731568054153,0.0003071248609485919,0.0003035726684739982,0.0003035726684739982,0.0003058930741525326,WETH,pool_swap_ratio,5,329,1317333.5045,,14860920,4030.7704000000003,,5,4,0.0,0.0,0.0,0.0,,0,0,,,,1848.2608,2182.5113,-334.2505000000001,5,-0.0036007401182147226,-0.0002537004493548393,0.0,0.0,-0.0002536682701171511,0.0,0.0030590187736665073,-0.00758567576256175,2,2,price=observed;tvl=observed;lp_amount=none,False
2022-05-28T15:00:00+00:00,0.00030410434580833366,0.00030410434580833366,0.0003017069246260633,0.0003017069246260633,0.00030204652602724394,WETH,pool_swap_ratio,2,1036,1318443.645,,14861122,1110.1405,,2,2,0.0,0.0,0.0,0.0,,0,0,,,,1110.1405,0.0,1110.1405,2,-0.006164918752775929,0.0008423629940449225,0.0,0.0,0.0008427178813928056,0.0,0.0008427178813928056,-0.0011243347362650535,2,2,price=observed;tvl=observed;lp_amount=none,False
2022-05-28T16:00:00+00:00,0.00029819711776386484,0.0003033436907521615,0.00029682012613030666,0.00029922614272327296,0.0002986610450991265,WETH,pool_swap_ratio,5,1128,1321249.6252000001,,14861386,4144.6386,,5,3,0.0,0.0,0.0,0.0,,0,0,,,,3475.3094,669.3292,2805.9802,5,-0.008256480231700369,0.0021259903857450716,0.0,0.0,0.0021282519056777735,0.0,0.003143584191647418,0.0018921035515659934,2,2,price=observed;tvl=observed;lp_amount=none,False
2022-05-28T17:00:00+00:00,0.0002998844045581896,0.00030671371189007094,0.00029968181122697583,0.0003025262326038055,0.00030322779967922517,WETH,pool_swap_ratio,8,150,1318563.1658,,14861742,7278.9641,,8,7,0.0,0.0,0.0,0.0,,0,0,,,,2296.2532000000006,4982.7126,-2686.4593999999993,8,0.010968375367091764,-0.0020353415488953827,0.0,0.0,-0.002033271645843112,0.0,0.0055091513073452485,-0.0023136634443209347,2,2,price=observed;tvl=observed;lp_amount=none,False
2022-05-28T18:00:00+00:00,0.0003032932331827674,0.0003120836174018712,0.0003032932331827674,0.00030890737075880823,0.0003096235731408206,WETH,pool_swap_ratio,7,87,1313802.1416000002,,14861985,9037.8849,,7,4,0.0,247.8295,-247.8295,247.8295,0.0,0,1,,,1.0,2262.3451,7023.3693,-4761.0242,8,0.020873467887928873,-0.003617301427019414,-0.0001879542113931543,0.0001879542113931543,-0.0036107668737366755,0.0001879542113931543,0.006854343526664894,-0.002313139063499614,2,2,price=observed;tvl=observed;lp_amount=quantified,False
2022-05-28T19:00:00+00:00,0.0003079171582255834,0.0003126062421016529,0.0003079171582255834,0.0003105391176712798,0.00031061660356582443,WETH,pool_swap_ratio,9,2,1313813.1955,,14862230,6271.1105,,9,6,0.0,0.0,0.0,0.0,,0,0,,,,3141.0822,3130.0283,11.053899999999885,9,0.005268415326279906,8.413636382547503e-06,0.0,0.0,8.413671777500688e-06,0.0,0.004773253370071991,-0.0002494583150259855,2,2,price=observed;tvl=observed;lp_amount=none,False
2022-05-28T20:00:00+00:00,,,,0.0003105391176712798,,WETH,pool_swap_ratio,0,3602,1313813.1955,,14862230,0.0,,0,0,0.0,0.0,0.0,0.0,,0,0,,,,0.0,0.0,0.0,0,0.0,0.0,0.0,0.0,0.0,0.0,0.0,,2,2,price=carried;tvl=carried;lp_amount=none,True
2022-05-28T21:00:00+00:00,0.0003097145584252219,0.00030982819572950465,0.0003051919491793061,0.00030982819572950465,0.00030678911046810967,WETH,pool_swap_ratio,7,294,1314385.5855,,14862729,6331.980200000001,,7,2,0.0,0.0,0.0,0.0,,0,0,,,,3452.1851,2879.7951,572.3900000000003,7,-0.0022919397512525036,0.0004355758880856873,0.0,0.0,0.0004356707650376163,0.0,0.004819543768998476,0.009906105391934705,2,2,price=observed;tvl=observed;lp_amount=none,False
2022-05-28T22:00:00+00:00,0.000308249577547573,0.000308249577547573,0.0003042686563675626,0.0003044924949738001,0.0003060706128837591,WETH,pool_swap_ratio,6,82,1316662.7637,,14863006,2651.3974,,6,3,0.0,0.0,0.0,0.0,,0,0,,,,2464.2877999999996,187.1096,2277.1781999999994,6,-0.017371496727437243,0.0017310048819889792,0.0,0.0,0.0017325039357714406,0.0,0.0020172143009247875,-0.005156058254303542,2,2,price=observed;tvl=observed;lp_amount=none,False
2022-05-28T23:00:00+00:00,0.00030638463131842645,0.00030670189384614574,0.0003044329243268465,0.0003044329243268465,0.0003051321062367841,WETH,pool_swap_ratio,3,1608,1316899.2933,,14863152,652.8842,,3,2,0.0,0.0,0.0,0.0,,0,0,,,,444.7069,208.1773,236.52960000000002,3,-0.00019565827030854833,0.00017962713277041488,0.0,0.0,0.0001796432666898849,0.0,0.0004958628875972061,-0.002291407215584851,2,2,price=observed;tvl=observed;lp_amount=none,False
2022-05-29T00:00:00+00:00,0.0003035258895437666,0.00030636636050995845,0.0002798779017590662,0.00030498908028837114,0.00029398060096621397,WETH,pool_swap_ratio,34,249,1316923.3253,,14863528,87985.83199999997,,34,13,0.0,0.0,0.0,0.0,,0,0,,,,44004.93199999999,43980.899999999994,24.031999999999243,32,0.001825192105659326,1.8248761196643687e-05,0.0,0.0,1.8248927706368328e-05,0.0,0.06681287813551594,0.0374462780400342,2,2,price=observed;tvl=observed;lp_amount=none,False
2022-05-29T01:00:00+00:00,0.0002918677117711953,0.0003013999283897775,0.00028911914815648963,0.00029210296371424873,0.00029384432479417894,WETH,pool_swap_ratio,9,552,1323679.6602,,14863743,11241.8733,,9,7,0.0,0.0,0.0,0.0,,0,0,,,,8999.1041,2242.7691999999997,6756.334900000001,8,-0.04316961805946635,0.0051172778951193605,0.0,0.0,0.005130393524209835,0.0,0.008536467601436903,-0.005926134803351801,2,2,price=observed;tvl=observed;lp_amount=none,False
2022-05-29T02:00:00+00:00,0.0002916034039361006,0.0002916034039361006,0.0002916034039361006,0.0002916034039361006,0.0002916034039361006,WETH,pool_swap_ratio,1,2068,1323178.2668,,14863895,501.3934,,1,1,0.0,0.0,0.0,0.0,,0,0,,,,0.0,501.3934,-501.3934,1,-0.001711682201202992,-0.00037885932666249317,0.0,0.0,-0.00037878756853017027,0.0,0.00037878756853017027,0.0,2,2,price=observed;tvl=observed;lp_amount=none,False
2022-05-29T03:00:00+00:00,0.0002945683047422179,0.00031981252388598564,0.0002945683047422179,0.0003080120156171956,0.00030753761438148333,WETH,pool_swap_ratio,4,2607,1321343.7388,,14864119,18261.8248,,4,3,0.0,0.0,0.0,0.0,,0,0,,,,8213.6484,10048.1764,-1834.5280000000002,4,0.054744120584163676,-0.0013874176810729968,0.0,0.0,-0.0013864556621207649,0.0,0.013801484847665121,0.0015425795529642183,2,2,price=observed;tvl=observed;lp_amount=none,False
2022-05-29T04:00:00+00:00,0.00029803651531554816,0.0002983605090030284,0.0002955147424584316,0.0002971764131746821,0.0002963842810541922,WETH,pool_swap_ratio,5,1617,1321367.8785,,14864464,1565.8603,,5,4,0.0,0.0,0.0,0.0,,0,0,,,,795.0,770.8603,24.139699999999948,5,-0.035812847739464596,1.8268887034757192e-05,0.0,0.0,1.8269053911681462e-05,0.0,0.0011850514396973355,0.002672652266417108,2,2,price=observed;tvl=observed;lp_amount=none,False
2022-05-29T05:00:00+00:00,0.0002968333040951198,0.0002968333040951198,0.0002968333040951198,0.0002968333040951198,0.0002968333040951198,WETH,pool_swap_ratio,1,246,1321037.8785,,14864829,330.0,,1,1,0.0,0.0,0.0,0.0,,0,0,,,,0.0,330.0,-330.0,1,-0.0011552306561501164,-0.00024977239081579736,0.0,0.0,-0.0002497412002890609,0.0,0.0002497412002890609,0.0,2,2,price=observed;tvl=observed;lp_amount=none,False
2022-05-29T06:00:00+00:00,,,,0.0002968333040951198,,WETH,pool_swap_ratio,0,3846,1321037.8785,,14864829,0.0,,0,0,0.0,0.0,0.0,0.0,,0,0,,,,0.0,0.0,0.0,0,0.0,0.0,0.0,0.0,0.0,0.0,0.0,,2,2,price=carried;tvl=carried;lp_amount=none,True
2022-05-29T07:00:00+00:00,0.00030147539149656053,0.00031477502263179953,0.0003011862651797017,0.0003100214112573896,0.00030979919949639806,WETH,pool_swap_ratio,13,2279,1313840.7111000002,,14865172,32092.2782,,13,5,0.0,0.0,0.0,0.0,,0,0,,,,12447.555400000001,19644.7228,-7197.167399999998,12,0.04347064810512935,-0.005463010954696048,0.0,0.0,-0.005448115846740271,0.0,0.024293230892394883,0.0007172767436220973,2,2,price=observed;tvl=observed;lp_amount=none,False
2022-05-29T08:00:00+00:00,0.0003123698458975427,0.00031246094238220225,0.0003086177255759231,0.0003086177255759231,0.00030873892307660677,WETH,pool_swap_ratio,4,13,1315090.8673,,14865568,1335.2982,,4,2,0.0,0.0,0.0,0.0,,0,0,,,,1292.7272,42.571,1250.1562000000001,4,-0.004537986709118659,0.0009510755658356664,0.0,0.0,0.0009515279816175883,0.0,0.0010163318800511477,-0.00039255659596115766,2,2,price=observed;tvl=observed;lp_amount=none,False
2022-05-29T09:00:00+00:00,,,,0.0003086177255759231,,WETH,pool_swap_ratio,0,3613,1315090.8673,,14865568,0.0,,0,0,0.0,0.0,0.0,0.0,,0,0,,,,0.0,0.0,0.0,0,0.0,0.0,0.0,0.0,0.0,0.0,0.0,,2,2,price=carried;tvl=carried;lp_amount=none,True
2022-05-29T10:00:00+00:00,0.0003051077566878864,0.0003094174288649331,0.00030491827485657695,0.00030619417241626554,0.000306195537356835,WETH,pool_swap_ratio,7,1100,1316555.3254999998,,14866004,7865.2384,,7,2,0.0,0.0,0.0,0.0,,0,0,,,,4664.8483,3200.3901,1464.4581999999996,7,-0.007883925866804992,0.0011129599071277919,0.0,0.0,0.0011135794768362007,0.0,0.005980756612011186,-4.457741550556449e-06,2,2,price=observed;tvl=observed;lp_amount=none,False
2022-05-29T11:00:00+00:00,0.0003086432432828971,0.00031342342376225956,0.00030772863121943296,0.00030772863121943296,0.00031015634320148277,WETH,pool_swap_ratio,9,151,1315638.5511999999,,14866307,9375.4783,,9,4,0.0,0.0,0.0,0.0,,0,0,,,,4229.352,5146.1263,-916.7743,9,0.004998876045753626,-0.0006965857227963192,0.0,0.0,-0.0006963431632862285,0.0,0.007121218621359032,-0.007827381368346598,2,2,price=observed;tvl=observed;lp_amount=none,False
2022-05-29T12:00:00+00:00,0.000313788713132021,0.0003287726611489423,0.00030846352335205015,0.00032642350948871283,0.0003190806641174917,WETH,pool_swap_ratio,39,51,1303567.6719999998,,14866559,106656.6558,,39,15,0.0,0.0,0.0,0.0,,0,0,,,,47292.8883,59363.7675,-12070.879200000003,34,0.058977319979868034,-0.009217269379422577,0.0,0.0,-0.009174920565371164,0.0,0.0810683570367545,0.023012504977479198,2,2,price=observed;tvl=observed;lp_amount=none,False
2022-05-29T13:00:00+00:00,0.0003218766798017982,0.0003301144948307217,0.0003142416801630406,0.000315957121465247,0.0003218098096659865,WETH,pool_swap_ratio,46,243,1310709.8946,,14866831,100642.8072,,46,17,0.0,0.0,0.0,0.0,,0,0,,,,53892.5149,46750.29230000001,7142.222599999994,41,-0.03258913430168581,0.005464026055106601,0.0,0.0,0.005478981071264243,0.0,0.0772056636274116,-0.01818679240018861,2,2,price=observed;tvl=observed;lp_amount=none,False
2022-05-29T14:00:00+00:00,0.00031997039451069764,0.0003334765156276923,0.00031808069867181245,0.00032324417983017184,0.0003275622712603669,WETH,pool_swap_ratio,14,342,1304186.3806999999,,14867076,36733.081,,14,5,0.0,2018.7499,-2018.7499,2018.7499,0.0,0,1,,,1.0,16114.1585,22637.6724,-6523.5139,15,0.022801499509818978,-0.004989511435164843,-0.0015401958193167363,0.0015401958193167363,-0.0049770844996869686,0.0015401958193167363,0.028025332799681148,-0.013182505462489003,2,2,price=observed;tvl=observed;lp_amount=quantified,False
2022-05-29T15:00:00+00:00,0.00032082880909223256,0.0003269509038873608,0.00032082880909223256,0.0003259586695954498,0.0003249778755121731,WETH,pool_swap_ratio,4,329,1301134.8445000001,,14867342,4051.5361999999996,,4,3,0.0,0.0,0.0,0.0,,0,0,,,,500.0,3551.5362,-3051.5362,4,0.008362580623216213,-0.002342542306051749,0.0,0.0,-0.0023398006950219336,0.0,0.0031065622674463188,0.003018033402215181,2,2,price=observed;tvl=observed;lp_amount=none,False
2022-05-29T16:00:00+00:00,0.0003235942918673942,0.0003239702392956759,0.0003235942918673942,0.0003239702392956759,0.0003237475074124949,WETH,pool_swap_ratio,3,85,1304119.6957999999,,14867626,3984.8513000000003,,3,2,0.0,0.0,0.0,0.0,,0,0,,,,3484.8513000000003,500.0,2984.8513000000003,3,-0.006118935399541404,0.0022914095800152822,0.0,0.0,0.0022940368652927885,0.0,0.003062596714586718,0.0006879802255812528,2,2,price=observed;tvl=observed;lp_amount=none,False
2022-05-29T17:00:00+00:00,,,,0.0003239702392956759,,WETH,pool_swap_ratio,0,3685,1304119.6957999999,,14867626,0.0,,0,0,0.0,0.0,0.0,0.0,,0,0,,,,0.0,0.0,0.0,0,0.0,0.0,0.0,0.0,0.0,0.0,0.0,,2,2,price=carried;tvl=carried;lp_amount=none,True
2022-05-29T18:00:00+00:00,0.00032557340130123845,0.0003429288193436671,0.00031620565255759743,0.00032289300461445816,0.0003296848565601164,WETH,pool_swap_ratio,24,114,1306205.6230000001,,14868148,75636.07680000001,,24,9,0.0,0.0,0.0,0.0,,0,0,,,,38861.00199999999,36775.0748,2085.927199999991,20,-0.003330644265816684,0.0015982127813580747,0.0,0.0,0.001599490604058701,0.0,0.05799780268911726,-0.020601043118945284,2,2,price=observed;tvl=observed;lp_amount=none,False
2022-05-29T19:00:00+00:00,,,,0.00032289300461445816,,WETH,pool_swap_ratio,0,3714,1306205.6230000001,,14868148,0.0,,0,0,0.0,0.0,0.0,0.0,,0,0,,,,0.0,0.0,0.0,0,0.0,0.0,0.0,0.0,0.0,0.0,0.0,,2,2,price=carried;tvl=carried;lp_amount=none,True
2022-05-29T20:00:00+00:00,0.000310611737099329,0.0003806249303302157,0.0003090061353404374,0.0003497265691333121,0.0003412341243779703,WETH,pool_swap_ratio,7,1537,1310328.3492,,14868554,46835.13560000001,,7,5,2330.0,0.0,2330.0,2330.0,0.0,1,0,,,,26643.9309,22521.204700000002,4122.726199999997,7,0.07983060483379567,0.003151290719383525,0.0017837926578884431,0.0017837926578884431,0.0031562612558130114,0.0,0.035855867388192984,0.02488744281018951,2,2,price=observed;tvl=observed;lp_amount=quantified,False
2022-05-29T21:00:00+00:00,0.00028552510052217003,0.00030521011726667287,0.0002714739380962983,0.00030521011726667287,0.00028675427475810414,WETH,pool_swap_ratio,10,3041,1316443.6045,,14868704,73365.1211,,10,5,0.0,0.0,0.0,0.0,,0,0,,,,39740.1882,33624.9329,6115.255299999997,8,-0.1361511696262332,0.004656107538587263,0.0,0.0,0.0046669640504485525,0.0,0.05598987547265684,0.06436117656532736,2,2,price=observed;tvl=observed;lp_amount=none,False
2022-05-29T22:00:00+00:00,,,,0.00030521011726667287,,WETH,pool_swap_ratio,0,6641,1316443.6045,,14868704,0.0,,0,0,0.0,0.0,0.0,0.0,,0,0,,,,0.0,0.0,0.0,0,0.0,0.0,0.0,0.0,0.0,0.0,0.0,,2,2,price=carried;tvl=carried;lp_amount=none,True
2022-05-29T23:00:00+00:00,0.0003114924969867773,0.0003114924969867773,0.0003092911857854948,0.0003092911857854948,0.00031031385712283684,WETH,pool_swap_ratio,2,474,1316688.4112,,14869402,3455.1569,,2,2,0.0,0.0,0.0,0.0,,0,0,,,,1849.9818,1605.1751,244.8067000000001,2,0.01328273349666812,0.00018594335509643288,0.0,0.0,0.0001859606436334813,0.0,0.00262461444469724,-0.0032956031896996807,2,2,price=observed;tvl=observed;lp_amount=none,False
2022-05-30T00:00:00+00:00,0.0003113187577156245,0.0003116608801649671,0.00030884882701108767,0.00030884882701108767,0.00031010308629364584,WETH,pool_swap_ratio,4,1005,1317627.8656,,14869612,9739.4544,,4,2,0.0,0.0,0.0,0.0,,0,0,,,,5339.4544000000005,4400.0,939.4544000000005,4,-0.0014312577757912886,0.0007132434689788949,0.0,0.0,0.0007134978875858739,0.0,0.007396931815571827,-0.004044652691300388,2,2,price=observed;tvl=observed;lp_amount=none,False
2022-05-30T01:00:00+00:00,0.0003029945915465282,0.00030424232929705244,0.0002980626686545187,0.00030097535030676654,0.00030159290234549216,WETH,pool_swap_ratio,9,268,1320996.4772,,14869898,8382.514799999999,,9,4,0.0,0.0,0.0,0.0,,0,0,,,,5875.5632,2506.9516000000003,3368.6115999999993,9,-0.025823555483482696,0.0025533103560579002,0.0,0.0,0.0025565728290559914,0.0,0.006361822650269244,-0.0020476345229708537,2,2,price=observed;tvl=observed;lp_amount=none,False
2022-05-30T02:00:00+00:00,0.0003005487952781371,0.00030830544698665655,0.00029533379351518786,0.0003079970887699287,0.0003031028509998915,WETH,pool_swap_ratio,12,1987,1318702.1779,,14870024,25753.0133,,12,7,0.0,0.0,0.0,0.0,,0,0,,,,11729.357,14023.656299999999,-2294.2992999999988,12,0.023061962156279182,-0.0017383043881100005,0.0,0.0,-0.001736794412096407,0.0,0.019495141542380485,0.016147118886845835,2,2,price=observed;tvl=observed;lp_amount=none,False
2022-05-30T03:00:00+00:00,,,,0.0003079970887699287,,WETH,pool_swap_ratio,0,5587,1318702.1779,,14870024,0.0,,0,0,0.0,0.0,0.0,0.0,,0,0,,,,0.0,0.0,0.0,0,0.0,0.0,0.0,0.0,0.0,0.0,0.0,,2,2,price=carried;tvl=carried;lp_amount=none,True
2022-05-30T04:00:00+00:00,0.0002982773726305354,0.00030037690025662173,0.00029567112775941216,0.00029567112775941216,0.00029896385103730423,WETH,pool_swap_ratio,4,1308,1323302.9562000001,,14870573,5258.655500000001,,4,3,0.0,0.0,0.0,0.0,,0,0,,,,4929.7169,328.9386,4600.7783,4,-0.04084254910502579,0.0034827963740024954,0.0,0.0,0.003488868356406769,0.0,0.003987750674966107,-0.011013783995849069,2,2,price=observed;tvl=observed;lp_amount=none,False
2022-05-30T05:00:00+00:00,0.00029599466056037555,0.00029970806379710815,0.00029599466056037555,0.0002995065783540698,0.00029865440936392387,WETH,pool_swap_ratio,5,273,1320860.8617,,14870923,3146.2319,,5,3,0.0,0.0,0.0,0.0,,0,0,,,,352.0687,2794.1632,-2442.0945,5,0.012888599990420477,-0.0018471587712046453,0.0,0.0,-0.0018454538233729368,0.0,0.0023775597910207402,0.0028533614888222036,2,2,price=observed;tvl=observed;lp_amount=none,False
2022-05-30T06:00:00+00:00,0.00030295367669986835,0.00030295367669986835,0.00030295367669986835,0.00030295367669986835,0.00030295367669986835,WETH,pool_swap_ratio,1,2529,1319617.5198,,14871019,1243.3419,,1,1,0.0,0.0,0.0,0.0,,0,0,,,,0.0,1243.3419,-1243.3419,1,0.011443529874433039,-0.0009417551005945935,0.0,0.0,-0.0009413117884345288,0.0,0.0009413117884345288,0.0,2,2,price=observed;tvl=observed;lp_amount=none,False
2022-05-30T07:00:00+00:00,0.0003154213130689737,0.00033344887762627967,0.0003100645719248437,0.0003326383496017384,0.0003247924722216541,WETH,pool_swap_ratio,15,19,1299829.7199,,14871437,64772.5959,,15,8,0.0,0.0,0.0,0.0,,0,0,,,,22492.399100000002,42280.199,-19787.799899999998,14,0.09347595093961378,-0.01510866568718609,0.0,0.0,-0.014995102446805207,0.0,0.0490843709848721,0.024156586285441595,2,2,price=observed;tvl=observed;lp_amount=none,False
2022-05-30T08:00:00+00:00,0.0003293732662063527,0.00034495923056032803,0.0003293732662063527,0.0003439594827183884,0.0003393690099721951,WETH,pool_swap_ratio,11,113,1289426.3176,,14871669,29750.065900000005,,11,5,0.0,0.0,0.0,0.0,,0,0,,,,9673.3334,20076.735699999997,-10403.402299999998,11,0.03346800505841854,-0.00803586677617819,0.0,0.0,-0.008003665511510511,0.0,0.022887664010551145,0.013526493614043789,2,2,price=observed;tvl=observed;lp_amount=none,False
2022-05-30T09:00:00+00:00,0.0003452620121016192,0.0003599013156074285,0.000342914486844981,0.00035566669529337933,0.0003525739852220422,WETH,pool_swap_ratio,21,120,1276856.6124999998,,14871925,48165.4302,,21,10,0.0,0.0,0.0,0.0,,0,0,,,,17797.876600000003,30367.5817,-12569.705099999996,21,0.0334701754800398,-0.009796118325279463,0.0,0.0,-0.009748292654206018,0.0,0.03735415474507297,0.008771804503356684,2,2,price=observed;tvl=observed;lp_amount=none,False
2022-05-30T10:00:00+00:00,0.0003563661056880171,0.0003563661056880171,0.00034864389513650516,0.00034864389513650516,0.0003522812683579533,WETH,pool_swap_ratio,5,2277,1284503.884,,14872023,7647.2715,,5,2,0.0,0.0,0.0,0.0,,0,0,,,,7647.2715,0.0,7647.2715,5,-0.019942999613121213,0.005971275213395814,0.0,0.0,0.005989138815694547,0.0,0.005989138815694547,-0.010325196222900512,2,2,price=observed;tvl=observed;lp_amount=none,False
2022-05-30T11:00:00+00:00,0.0003558291200070026,0.0003558291200070026,0.00033872787747655397,0.0003391398566383226,0.000347324298729817,WETH,pool_swap_ratio,16,155,1293369.0088,,14872399,34545.8552,,16,6,0.0,0.0,0.0,0.0,,0,0,,,,21705.49,12840.3652,8865.124800000001,16,-0.027638464750332627,0.0068778874024713,0.0,0.0,0.0069015943901964884,0.0,0.02689431743283074,-0.0235642657925903,2,2,price=observed;tvl=observed;lp_amount=none,False
2022-05-30T12:00:00+00:00,,,,0.0003391398566383226,,WETH,pool_swap_ratio,0,3755,1293369.0088,,14872399,0.0,,0,0,0.0,0.0,0.0,0.0,,0,0,,,,0.0,0.0,0.0,0,0.0,0.0,0.0,0.0,0.0,0.0,0.0,,2,2,price=carried;tvl=carried;lp_amount=none,True
2022-05-30T13:00:00+00:00,0.00033552472689223935,0.0003385843970395785,0.00033283490601058085,0.0003330164823837859,0.00033434819819486665,WETH,pool_swap_ratio,5,1325,1301992.3155,,14872827,14003.871299999999,,5,4,0.0,0.0,0.0,0.0,,0,0,,,,11313.589,2690.2823,8623.306700000001,5,-0.018220593354132685,0.0066451929848788125,0.0,0.0,0.006667321268197687,0.0,0.010827436875878851,-0.0039830207498369186,2,2,price=observed;tvl=observed;lp_amount=none,False
2022-05-30T14:00:00+00:00,0.0003325118104545051,0.0003378017638960201,0.0003325118104545051,0.00033540549592554476,0.0003338556117365219,WETH,pool_swap_ratio,6,370,1296084.9274,,14873176,5907.388100000001,,6,5,0.0,0.0,0.0,0.0,,0,0,,,,0.0,5907.388100000001,-5907.388100000001,6,0.007148250033629647,-0.004547515510932996,0.0,0.0,-0.004537191218161226,0.0,0.004537191218161226,0.0046423787246268056,2,2,price=observed;tvl=observed;lp_amount=none,False
2022-05-30T15:00:00+00:00,0.0003372881018861944,0.0003444242314899415,0.0003323796936480069,0.00033959569048919684,0.0003374838481551589,WETH,pool_swap_ratio,6,2853,1298351.1289,,14873253,22381.6557,,6,3,0.0,0.0,0.0,0.0,,0,0,,,,12323.9286,10057.7271,2266.201499999999,6,0.012415528958373513,0.0017469708462076218,0.0,0.0,0.0017484976887634156,0.0,0.017268664442305126,0.006257610091807919,2,2,price=observed;tvl=observed;lp_amount=none,False
2022-05-30T16:00:00+00:00,,,,0.00033959569048919684,,WETH,pool_swap_ratio,0,6453,1293087.9065999999,,14873563,0.0,,0,0,0.0,5173.1806,-5173.1806,5173.1806,0.0,0,2,,,1.0,0.0,5263.222299999999,-5263.222299999999,2,0.0,-0.004062013008838632,-0.003984423385053676,0.003984423385053676,-0.004053774193163872,0.003984423385053676,0.0,,2,2,price=carried;tvl=observed;lp_amount=quantified,True
2022-05-30T17:00:00+00:00,0.0003336406281122913,0.0003343498944547634,0.0003336406281122913,0.0003343498944547634,0.0003336668705882089,WETH,pool_swap_ratio,2,1611,1291488.064,,14873864,1727.6898,,2,1,0.0,0.0,0.0,0.0,,0,0,,,,63.9236,1663.7662,-1599.8426,2,-0.015567731568503594,-0.0012379924773179808,0.0,0.0,-0.0012372264807630675,0.0,0.0013360961704009184,0.0020470233240430513,2,2,price=observed;tvl=observed;lp_amount=none,False
2022-05-30T18:00:00+00:00,0.000332389106653892,0.00033244371278814657,0.0003296704460473918,0.0003296704460473918,0.00033207411532767945,WETH,pool_swap_ratio,3,143,1295582.1845,,14874266,4094.1205,,3,2,0.0,0.0,0.0,0.0,,0,0,,,,4094.1205,0.0,4094.1205,3,-0.014094525689228457,0.003165065904305712,0.0,0.0,0.003170080013995391,0.0,0.003170080013995391,-0.007238351829728762,2,2,price=observed;tvl=observed;lp_amount=none,False
2022-05-30T19:00:00+00:00,0.00034294052256164887,0.00034815451571059363,0.0003318148822663665,0.0003369485963272029,0.0003382325552218473,WETH,pool_swap_ratio,13,263,1292863.499,,14874532,46531.4442,,13,8,0.0,0.0,0.0,0.0,,0,0,,,,21906.380400000002,24625.065899999998,-2718.685499999996,13,0.021836878426494663,-0.0021006324506237864,0.0,0.0,-0.0020984276663615978,0.0,0.03591547086451929,-0.00379608312334756,2,2,price=observed;tvl=observed;lp_amount=none,False
2022-05-30T20:00:00+00:00,0.0003342718955054498,0.00033464878663685255,0.0003342718955054498,0.00033464878663685255,0.00033429733525838415,WETH,pool_swap_ratio,2,1691,1292395.7376,,14874689,467.7614,,2,2,0.0,0.0,0.0,0.0,,0,0,,,,0.0,467.7614,-467.7614,2,-0.006848801791878489,-0.0003618680853990451,0.0,0.0,-0.0003618026190404498,0.0,0.0003618026190404498,0.0010513137300265374,2,2,price=observed;tvl=observed;lp_amount=none,False
2022-05-30T21:00:00+00:00,0.0003349812014535448,0.0003442524804307959,0.0003349812014535448,0.0003442524804307959,0.00034074890136770496,WETH,pool_swap_ratio,13,23,1283042.349,,14875054,21486.1882,,13,7,0.0,0.0,0.0,0.0,,0,0,,,,6066.3998,15419.7884,-9353.388599999998,13,0.02829375912860428,-0.007263564029642077,0.0,0.0,-0.0072372481027903985,0.0,0.016625084387774446,0.010281996652163006,2,2,price=observed;tvl=observed;lp_amount=none,False
2022-05-30T22:00:00+00:00,0.00033852505293780876,0.00034828353163262536,0.00033852505293780876,0.00034671360264680704,0.00034226238365110803,WETH,pool_swap_ratio,7,418,1274911.3072,,14875272,20214.7449,,7,5,0.0,6690.7125,-6690.7125,6690.7125,0.0,0,2,,,1.0,9715.042300000001,17846.0841,-8131.041799999999,8,0.007123743651987912,-0.006357479672605389,-0.005214724599865877,0.005214724599865877,-0.006337313656355391,0.005214724599865877,0.015755321650727527,0.013005282521015848,2,2,price=observed;tvl=observed;lp_amount=quantified,False
2022-05-30T23:00:00+00:00,0.0003465232932957753,0.0004049071093186049,0.0003465232932957753,0.00039907293110956975,0.0003798440022648579,WETH,pool_swap_ratio,49,227,1237930.7885,,14875521,122349.66690000001,,49,18,0.0,0.0,0.0,0.0,,0,0,,,,42685.44539999999,79665.96409999998,-36980.51869999999,47,0.1406450983695227,-0.029435346407376828,0.0,0.0,-0.029006346160046038,0.0,0.09596719882319357,0.050623226193009296,2,2,price=observed;tvl=observed;lp_amount=none,False
2022-05-31T00:00:00+00:00,0.0003636986474217725,0.0003926036382402281,0.0003427037711919379,0.00037915584876900587,0.0003712574768434161,WETH,pool_swap_ratio,30,94,1251894.6591,,14875788,173203.25420000002,,30,13,0.0,0.0,0.0,0.0,,0,0,,,,93583.56240000002,79619.6918,13963.870600000024,27,-0.051196853891651115,0.011216864236052726,0.0,0.0,0.011280009132756152,0.0,0.13991352005217536,0.021274647429985638,2,2,price=observed;tvl=observed;lp_amount=none,False
2022-05-31T01:00:00+00:00,0.00037938419846635535,0.00038195732775476163,0.00037643293847744756,0.0003814899596484082,0.00038098314611269735,WETH,pool_swap_ratio,5,94,1247802.0998,,14876082,5281.8615,,5,4,0.0,0.0,0.0,0.0,,0,0,,,,594.6511,4687.2104,-4092.5593,5,0.006137201256629881,-0.0032744475441928464,0.0,0.0,-0.003269092387487445,0.0,0.004219094203818383,0.001330278099916038,2,2,price=observed;tvl=observed;lp_amount=none,False
2022-05-31T02:00:00+00:00,0.00039426225052202184,0.0004081816078356068,0.00037907607691599267,0.0003818946787941141,0.00039070272741841824,WETH,pool_swap_ratio,7,815,1236671.7234,,14876289,30328.379899999996,,7,5,0.0,11878.9064,-11878.9064,11878.9064,0.0,0,1,,,1.0,15748.497399999998,26878.8738,-11130.376400000003,8,0.0010603283410320365,-0.00896000654929442,-0.009519864088948058,0.009519864088948058,-0.008919985309997476,0.009519864088948058,0.024305440666321274,-0.02254411860010197,2,2,price=observed;tvl=observed;lp_amount=quantified,False
2022-05-31T03:00:00+00:00,0.00039137625068566274,0.0004044670298401895,0.0003867595685433749,0.0003943051920609331,0.00039591340135637247,WETH,pool_swap_ratio,7,2366,1229033.5011,,14876426,23947.5821,,7,6,0.0,0.0,0.0,0.0,,0,0,,,,8154.6799,15792.9022,-7638.2223,7,0.031980347961731805,-0.006195587904871166,0.0,0.0,-0.006176434825403885,0.0,0.019364542462538527,-0.004062022881594185,2,2,price=observed;tvl=observed;lp_amount=none,False
2022-05-31T04:00:00+00:00,0.0003984043689589665,0.0004180583959802662,0.00039560214028779066,0.0004064341576047509,0.00040642069410503056,WETH,pool_swap_ratio,10,1148,1224240.7159,,14876764,40712.7978,,10,9,0.0,0.0,0.0,0.0,,0,0,,,,17960.0063,22752.7915,-4792.785199999998,10,0.03029673336634723,-0.003907260969265711,0.0,0.0,-0.003899637557243474,0.0,0.03312586496914978,3.312700341218111e-05,2,2,price=observed;tvl=observed;lp_amount=none,False
2022-05-31T05:00:00+00:00,0.0003987708206942673,0.00040377026134312804,0.0003987708206942673,0.0004027338030577406,0.0004010015087694297,WETH,pool_swap_ratio,4,626,1223918.3362,,14877052,9353.9399,,4,4,0.0,0.0,0.0,0.0,,0,0,,,,4515.7801,4838.1598,-322.3797000000004,4,-0.009146136579750448,-0.0002633649979455239,0.0,0.0,-0.0002633303204288571,0.0,0.007640605134688283,0.004319919627302271,2,2,price=observed;tvl=observed;lp_amount=none,False
2022-05-31T06:00:00+00:00,0.00039842076176855825,0.00039842076176855825,0.00038785024270072553,0.00039394692311314706,0.0003928629795707336,WETH,pool_swap_ratio,5,3090,1228994.4557,,14877124,10765.8079,,5,4,0.0,0.0,0.0,0.0,,0,0,,,,7920.9637,2844.8442,5076.119500000001,4,-0.02205961806433173,0.004138856271593831,0.0,0.0,0.0041474331659743305,0.0,0.00879618156014027,0.002759088025035661,2,2,price=observed;tvl=observed;lp_amount=none,False
2022-05-31T07:00:00+00:00,0.0003924973990148383,0.00039385626187343303,0.0003924973990148383,0.00039385626187343303,0.0003928721445989174,WETH,pool_swap_ratio,2,1791,1229457.8926,,14877471,1033.4369000000002,,2,2,0.0,0.0,0.0,0.0,,0,0,,,,748.4369,285.0,463.43690000000004,2,-0.00023016215684836628,0.0003770151622501193,0.0,0.0,0.0003770862413989001,0.0,0.0008408800342483108,0.0025049301357831233,2,2,price=observed;tvl=observed;lp_amount=none,False
2022-05-31T08:00:00+00:00,,,,0.00039385626187343303,,WETH,pool_swap_ratio,0,5391,1229457.8926,,14877471,0.0,,0,0,0.0,0.0,0.0,0.0,,0,0,,,,0.0,0.0,0.0,0,0.0,0.0,0.0,0.0,0.0,0.0,0.0,,2,2,price=carried;tvl=carried;lp_amount=none,True
2022-05-31T09:00:00+00:00,0.0004018168823165491,0.00040183454278725996,0.0003827009125183908,0.0003885904937668286,0.00039179421685227756,WETH,pool_swap_ratio,13,431,1233044.7493999999,,14878054,41523.2615,,13,8,0.0,0.0,0.0,0.0,,0,0,,,,22555.0593,18968.2025,3586.8568000000014,12,-0.013459951283499298,0.0029131821225419916,0.0,0.0,0.0029174295611008563,0.0,0.033773634501779115,-0.008177055575725567,2,2,price=observed;tvl=observed;lp_amount=none,False
2022-05-31T10:00:00+00:00,0.000389313249895885,0.000389313249895885,0.000389313249895885,0.000389313249895885,0.000389313249895885,WETH,pool_swap_ratio,1,1809,1231871.2656,,14878208,1173.4838,,1,1,0.0,0.0,0.0,0.0,,0,0,,,,0.0,1173.4838,-1173.4838,1,0.001858215345832374,-0.0009521491860284061,0.0,0.0,-0.0009516960358259647,0.0,0.0009516960358259647,0.0,2,2,price=observed;tvl=observed;lp_amount=none,False
2022-05-31T11:00:00+00:00,0.0003918805125184327,0.0003918805125184327,0.0003918805125184327,0.0003918805125184327,0.0003918805125184327,WETH,pool_swap_ratio,1,1737,1231845.9709,,14878445,25.2947,,1,1,0.0,0.0,0.0,0.0,,0,0,,,,0.0,25.2947,-25.2947,1,0.006572689102903264,-2.0533768750796742e-05,0.0,0.0,-2.0533557934464737e-05,0.0,2.0533557934464737e-05,0.0,2,2,price=observed;tvl=observed;lp_amount=none,False
2022-05-31T12:00:00+00:00,0.0003883830658607218,0.0003909348816760401,0.00038577872492657404,0.00038577872492657404,0.0003872195149276919,WETH,pool_swap_ratio,4,1326,1235047.5485,,14878731,4531.722400000001,,4,2,0.0,0.0,0.0,0.0,,0,0,,,,3866.65,665.0724,3201.5776,4,-0.015693024713110355,0.0025956364734260767,0.0,0.0,0.0025990080542788096,0.0,0.0036788060415451737,-0.003720861024752109,2,2,price=observed;tvl=observed;lp_amount=none,False
2022-05-31T13:00:00+00:00,0.00038659859151359054,0.0003875455280471537,0.00038659859151359054,0.0003875455280471537,0.0003870038542265311,WETH,pool_swap_ratio,2,2366,1234599.3133,,14878916,448.23519999999996,,2,1,0.0,0.0,0.0,0.0,,0,0,,,,0.0,448.23519999999996,-448.23519999999996,2,0.004569380018560465,-0.0003629953835546702,0.0,0.0,-0.00036292950870142143,0.0,0.00036292950870142143,0.0013996600155448125,2,2,price=observed;tvl=observed;lp_amount=none,False
2022-05-31T14:00:00+00:00,0.0003882980954282344,0.00039786656002767596,0.00038296204600335226,0.000393463079326272,0.00038956681781263114,WETH,pool_swap_ratio,8,605,1231091.48,,14879308,16431.4453,,8,7,0.0,0.0,0.0,0.0,,0,0,,,,6461.8060000000005,9969.6393,-3507.8333000000002,8,0.015153903466396642,-0.002845316757558871,0.0,0.0,-0.0028412726803028914,0.0,0.013309132058465076,0.010001523064818274,2,2,price=observed;tvl=observed;lp_amount=none,False
2022-05-31T15:00:00+00:00,0.0004013331662841121,0.0004013331662841121,0.0003933940589809718,0.0003933940589809718,0.0003975761011087397,WETH,pool_swap_ratio,3,417,1228472.4916,,14879590,8115.104,,3,3,0.0,0.0,0.0,0.0,,0,0,,,,2748.0578,5367.046200000001,-2618.9884000000006,3,-0.00017543297789918824,-0.0021296371390029916,0.0,0.0,-0.0021273710707509735,0.0,0.00659179608651016,-0.010518846872599408,2,2,price=observed;tvl=observed;lp_amount=none,False
2022-05-31T16:00:00+00:00,0.0003999833017764664,0.00041492902525955386,0.0003999833017764664,0.00041285107960344335,0.0004089912927041498,WETH,pool_swap_ratio,12,1311,1218424.4634,,14879782,33404.217,,12,10,0.0,0.0,0.0,0.0,,0,0,,,,11678.0944,21726.1226,-10048.028199999999,12,0.048275141746821786,-0.00821292017174574,0.0,0.0,-0.008179286283336423,0.0,0.027191668701098324,0.009437332696678125,2,2,price=observed;tvl=observed;lp_amount=none,False
2022-05-31T17:00:00+00:00,0.0004197130577118256,0.00042907017441747665,0.0004197130577118256,0.00042907017441747665,0.0004231774775802406,WETH,pool_swap_ratio,5,29,1208464.3603,,14880137,12434.389899999998,,5,5,0.0,0.0,0.0,0.0,,0,0,,,,1237.1434,11197.2465,-9960.1031,5,0.038533536419819193,-0.008208170826554489,0.0,0.0,-0.008174575773213255,0.0,0.010205302235398303,0.013924882937841776,2,2,price=observed;tvl=observed;lp_amount=none,False
2022-05-31T18:00:00+00:00,0.00042617965396672474,0.00043053383011392165,0.0004152706406930288,0.00041919441811589966,0.0004219421690574972,WETH,pool_swap_ratio,11,576,1212838.3843,,14880372,34137.2914,,11,7,0.0,0.0,0.0,0.0,,0,0,,,,19255.657700000003,14881.6337,4374.024000000003,11,-0.02328566492655408,0.0036129548589162773,0.0,0.0,0.003619489447677345,0.0,0.02824848834724878,-0.006512150581524545,2,2,price=observed;tvl=observed;lp_amount=none,False
2022-05-31T19:00:00+00:00,0.0004322732032459171,0.00043535437575071114,0.0004322732032459171,0.00043535437575071114,0.00043365967093959867,WETH,pool_swap_ratio,4,2843,1207692.4446,,14880461,17120.3514,,4,3,0.0,0.0,0.0,0.0,,0,0,,,,5987.2078,11133.1475,-5145.939699999999,4,0.03782553897908668,-0.004251916473242961,0.0,0.0,-0.00424288987437516,0.0,0.014115937969658798,0.003907914257833989,2,2,price=observed;tvl=observed;lp_amount=none,False
2022-05-31T20:00:00+00:00,,,,0.00043535437575071114,,WETH,pool_swap_ratio,0,6443,1207692.4446,,14880461,0.0,,0,0,0.0,0.0,0.0,0.0,,0,0,,,,0.0,0.0,0.0,0,0.0,0.0,0.0,0.0,0.0,0.0,0.0,,2,2,price=carried;tvl=carried;lp_amount=none,True
2022-05-31T21:00:00+00:00,0.0004133000855079916,0.00042708926730951975,0.0004035514917470754,0.00042230696564765196,0.00041580421138943756,WETH,pool_swap_ratio,10,2400,1213617.7599,,14880996,52755.86050000001,,10,8,0.0,0.0,0.0,0.0,,0,0,,,,29340.5879,23415.272599999997,5925.315300000002,10,-0.03042789998211065,0.0048943147532740415,0.0,0.0,0.0049063114756526666,0.0,0.043683191640296534,0.015638981232260818,2,2,price=observed;tvl=observed;lp_amount=none,False
2022-05-31T22:00:00+00:00,,,,0.00042230696564765196,,WETH,pool_swap_ratio,0,6000,1213617.7599,,14880996,0.0,,0,0,0.0,0.0,0.0,0.0,,0,0,,,,0.0,0.0,0.0,0,0.0,0.0,0.0,0.0,0.0,0.0,0.0,,2,2,price=carried;tvl=carried;lp_amount=none,True
2022-05-31T23:00:00+00:00,0.0004212718333621011,0.00042773924542597415,0.0004212718333621011,0.00042773924542597415,0.000426652857284131,WETH,pool_swap_ratio,3,2021,1208248.6429,,14881535,5369.117,,3,3,0.0,0.0,0.0,0.0,,0,0,,,,0.0,5369.117,-5369.117,3,0.01278131390902554,-0.004433874461327917,0.0,0.0,-0.004424059351638366,0.0,0.004424059351638366,0.0025463046204790007,2,2,price=observed;tvl=observed;lp_amount=none,False
2022-06-01T00:00:00+00:00,0.00042710876820723425,0.00042710876820723425,0.00042710876820723425,0.00042710876820723425,0.00042710876820723425,WETH,pool_swap_ratio,1,847,1210055.8718,,14881862,1807.2289,,1,1,0.0,0.0,0.0,0.0,,0,0,,,,1807.2289,0.0,1807.2289,1,-0.001475062988979478,0.001494625036215131,0.0,0.0,0.001495742544897337,0.0,0.001495742544897337,0.0,2,2,price=observed;tvl=observed;lp_amount=none,False
2022-06-01T01:00:00+00:00,0.00042376689655890894,0.00042376689655890894,0.00042135807270364176,0.00042135807270364176,0.00042328297742311687,WETH,pool_swap_ratio,2,1371,1212848.6281,,14882100,2792.7563,,2,2,0.0,0.0,0.0,0.0,,0,0,,,,2792.7563,0.0,2792.7563,2,-0.013555706097150219,0.0023052972471120266,0.0,0.0,0.002307956487865042,0.0,0.002307956487865042,-0.004547559959045877,2,2,price=observed;tvl=observed;lp_amount=none,False
2022-06-01T02:00:00+00:00,0.00042277220188218184,0.00042277220188218184,0.00042277220188218184,0.00042277220188218184,0.00042277220188218184,WETH,pool_swap_ratio,1,468,1212754.0145,,14882444,94.6136,,1,1,0.0,0.0,0.0,0.0,,0,0,,,,0.0,94.6136,-94.6136,1,0.0033505029828157095,-7.801244802947559e-05,0.0,0.0,-7.800940513757093e-05,0.0,7.800940513757093e-05,0.0,2,2,price=observed;tvl=observed;lp_amount=none,False
2022-06-01T03:00:00+00:00,0.00041652107729307243,0.000421765074999521,0.00041652107729307243,0.000421765074999521,0.0004184123680746986,WETH,pool_swap_ratio,6,1659,1212285.0087,,14882585,13698.2956,,6,4,0.0,0.0,0.0,0.0,,0,0,,,,6614.644899999999,7083.6507,-469.0058000000008,6,-0.0023850394473817144,-0.0003868026875946178,0.0,0.0,-0.00038672788907927446,0.0,0.011295197077247028,0.008012925000878246,2,2,price=observed;tvl=observed;lp_amount=none,False
2022-06-01T04:00:00+00:00,0.00042105694370470737,0.00042236073735630496,0.0004179677019796715,0.00042236073735630496,0.0004207587354929372,WETH,pool_swap_ratio,3,1040,1211771.7495,,14882887,7573.304400000001,,3,3,0.0,0.0,0.0,0.0,,0,0,,,,3530.0226000000002,4043.2818,-513.2592,3,0.001411312027034507,-0.00042347127882539026,0.0,0.0,-0.0004233816275187599,0.0,0.006247131941457622,0.0038074120112823184,2,2,price=observed;tvl=observed;lp_amount=none,False
2022-06-01T05:00:00+00:00,,,,0.00042236073735630496,,WETH,pool_swap_ratio,0,4640,1211724.149,,14883035,0.0,,0,0,0.0,0.0,0.0,0.0,,0,1,,,1.0,0.0,47.6005,-47.6005,1,0.0,-3.928250923429918e-05,0.0,0.0,-3.928173768668965e-05,0.0,0.0,,2,2,price=carried;tvl=observed;lp_amount=quantified,True
2022-06-01T06:00:00+00:00,0.0004241737665671394,0.0004241737665671394,0.0004241737665671394,0.0004241737665671394,0.0004241737665671394,WETH,pool_swap_ratio,1,1997,1212020.4271,,14883315,296.2781,,1,1,0.0,0.0,0.0,0.0,,0,0,,,,296.2781,0.0,296.2781,1,0.004283421347875995,0.00024447964063304724,0.0,0.0,0.00024450952821606265,0.0,0.00024450952821606265,0.0,2,2,price=observed;tvl=observed;lp_amount=none,False
2022-06-01T07:00:00+00:00,0.00042361510370781123,0.00042361510370781123,0.0004078944430761514,0.00040875892520185323,0.00041345250263175124,WETH,pool_swap_ratio,8,865,1219813.0576,,14883650,16735.9096,,8,4,0.0,0.0,0.0,0.0,,0,0,,,,12264.270199999999,4471.6397,7792.630499999999,8,-0.03701764075588835,0.006408873980614206,0.0,0.0,0.006429454756505563,0.0,0.013808273545392293,-0.011352156293702342,2,2,price=observed;tvl=observed;lp_amount=none,False
2022-06-01T08:00:00+00:00,0.0004026333763501673,0.0004042933862219467,0.0004026333763501673,0.0004038767312499186,0.0004038618417942879,WETH,pool_swap_ratio,4,2532,1221947.5451,,14883777,10749.5125,,4,2,0.0,0.0,0.0,0.0,,0,0,,,,6442.0,4307.5125,2134.4875,4,-0.012015846595441524,0.00174831884938489,0.0,0.0,0.0017498480498312058,0.0,0.008812426160734682,3.6867696052933496e-05,2,2,price=observed;tvl=observed;lp_amount=none,False
2022-06-01T09:00:00+00:00,0.0004089053711499471,0.0004089053711499471,0.00040538078685440254,0.00040538078685440254,0.0004065605406583828,WETH,pool_swap_ratio,2,170,1222426.3444,,14884163,1448.4613,,2,2,0.0,0.0,0.0,0.0,,0,0,,,,963.6303,484.831,478.7993,2,0.003717129103249002,0.00039175619423892377,0.0,0.0,0.00039183294071826685,0.0,0.0011853710953537394,-0.0029017912118813882,2,2,price=observed;tvl=observed;lp_amount=none,False
2022-06-01T10:00:00+00:00,0.0004030036735141588,0.0004030036735141588,0.0004030036735141588,0.0004030036735141588,0.0004030036735141588,WETH,pool_swap_ratio,1,3018,1222515.6064,,14884214,89.262,,1,1,0.0,0.0,0.0,0.0,,0,0,,,,89.262,0.0,89.262,1,-0.005881162512211996,7.301768453868028e-05,0.0,0.0,7.302035039486342e-05,0.0,7.302035039486342e-05,0.0,2,2,price=observed;tvl=observed;lp_amount=none,False
2022-06-01T11:00:00+00:00,0.000401697337368669,0.000401697337368669,0.000401697337368669,0.000401697337368669,0.000401697337368669,WETH,pool_swap_ratio,1,3229,1225217.9938,,14884445,2702.3874,,1,1,0.0,0.0,0.0,0.0,,0,0,,,,2702.3874,0.0,2702.3874,1,-0.003246764389213442,0.0022080740304068146,0.0,0.0,0.002210513621137197,0.0,0.002210513621137197,0.0,2,2,price=observed;tvl=observed;lp_amount=none,False
2022-06-01T12:00:00+00:00,,,,0.000401697337368669,,WETH,pool_swap_ratio,0,6829,1225217.9938,,14884445,0.0,,0,0,0.0,0.0,0.0,0.0,,0,0,,,,0.0,0.0,0.0,0,0.0,0.0,0.0,0.0,0.0,0.0,0.0,,2,2,price=carried;tvl=carried;lp_amount=none,True
2022-06-01T13:00:00+00:00,0.0004023447678501154,0.0004023447678501154,0.0004023447678501154,0.0004023447678501154,0.0004023447678501154,WETH,pool_swap_ratio,1,3086,1223720.8694,,14884954,1497.1244,,1,1,0.0,0.0,0.0,0.0,,0,0,,,,0.0,1497.1244,-1497.1244,1,0.0016104395955657625,-0.0012226720797361248,0.0,0.0,-0.0012219249207699645,0.0,0.0012219249207699645,0.0,2,2,price=observed;tvl=observed;lp_amount=none,False
2022-06-01T14:00:00+00:00,0.0003930207686271782,0.0003991408736230206,0.00038994656571180846,0.0003991408736230206,0.0003947963424509278,WETH,pool_swap_ratio,7,1984,1224629.4460999998,,14885316,24216.2571,,7,5,0.0,0.0,0.0,0.0,,0,0,,,,12562.4169,11653.8402,908.5766999999996,6,-0.007994931230402355,0.0007421950494221782,0.0,0.0,0.0007424705443206848,0.0,0.019789036622275977,0.011004486883342324,2,2,price=observed;tvl=observed;lp_amount=none,False
2022-06-01T15:00:00+00:00,,,,0.0003991408736230206,,WETH,pool_swap_ratio,0,5584,1224629.4460999998,,14885316,0.0,,0,0,0.0,0.0,0.0,0.0,,0,0,,,,0.0,0.0,0.0,0,0.0,0.0,0.0,0.0,0.0,0.0,0.0,,2,2,price=carried;tvl=carried;lp_amount=none,True
2022-06-01T16:00:00+00:00,,,,0.0003991408736230206,,WETH,pool_swap_ratio,0,9184,1224629.4460999998,,14885316,0.0,,0,0,0.0,0.0,0.0,0.0,,0,0,,,,0.0,0.0,0.0,0,0.0,0.0,0.0,0.0,0.0,0.0,0.0,,2,2,price=carried;tvl=carried;lp_amount=none,True
2022-06-01T17:00:00+00:00,0.0004084420462293357,0.0004084420462293357,0.0004078320625437219,0.0004078320625437219,0.0004081975467433748,WETH,pool_swap_ratio,2,1067,1223405.7547,,14886134,6169.6372,,2,2,0.0,0.0,0.0,0.0,,0,0,,,,2472.9729,3696.6643,-1223.6913999999997,2,0.021541056955648483,-0.0009997335835040283,0.0,0.0,-0.0009992340163769641,0.0,0.0050379624788935585,-0.0008953610882005414,2,2,price=observed;tvl=observed;lp_amount=none,False
2022-06-01T18:00:00+00:00,,,,0.0004078320625437219,,WETH,pool_swap_ratio,0,4667,1223405.7547,,14886134,0.0,,0,0,0.0,0.0,0.0,0.0,,0,0,,,,0.0,0.0,0.0,0,0.0,0.0,0.0,0.0,0.0,0.0,0.0,,2,2,price=carried;tvl=carried;lp_amount=none,True
2022-06-01T19:00:00+00:00,0.00040087554731886577,0.0004065934411194556,0.0004003024002875324,0.0004003024002875324,0.0004023101797743797,WETH,pool_swap_ratio,3,216,1225379.4347,,14886721,5342.7976,,3,3,0.0,0.0,0.0,0.0,,0,0,,,,3658.2388,1684.5588,1973.68,3,-0.018635216054269762,0.0016119669752310021,0.0,0.0,0.0016132668923761768,0.0,0.00436715094683378,-0.004990625611246746,2,2,price=observed;tvl=observed;lp_amount=none,False
2022-06-01T20:00:00+00:00,0.0004005635341766173,0.0004005635341766173,0.00039863909884614113,0.00039863909884614113,0.0004000422937179876,WETH,pool_swap_ratio,4,322,1226871.9397,,14886986,7540.8282,,4,4,0.0,0.0,0.0,0.0,,0,0,,,,4516.6666000000005,3024.1616,1492.5050000000006,4,-0.004163768802208543,0.001217253010738047,0.0,0.0,0.0012179941638774106,0.0,0.0061538720060584015,-0.003507616304279315,2,2,price=observed;tvl=observed;lp_amount=none,False
2022-06-01T21:00:00+00:00,0.00040003839338945184,0.00040003839338945184,0.00040003839338945184,0.00040003839338945184,0.00040003839338945184,WETH,pool_swap_ratio,1,1935,1226789.6351,,14887139,82.3046,,1,1,0.0,0.0,0.0,0.0,,0,0,,,,0.0,82.3046,-82.3046,1,0.003504032575485786,-6.708716546416379e-05,0.0,0.0,-6.708491517062935e-05,0.0,6.708491517062935e-05,0.0,2,2,price=observed;tvl=observed;lp_amount=none,False
2022-06-01T22:00:00+00:00,0.0003967919788037635,0.0003967919788037635,0.0003952212454226522,0.0003952212454226522,0.00039625038763779557,WETH,pool_swap_ratio,2,409,1227508.3458,,14887498,718.7107,,2,1,0.0,0.0,0.0,0.0,,0,0,,,,718.7107,0.0,718.7107,2,-0.012114802886167725,0.0005856751919588977,0.0,0.0,0.0005858467331617252,0.0,0.0005858467331617252,-0.002597201787683967,2,2,price=observed;tvl=observed;lp_amount=none,False
2022-06-01T23:00:00+00:00,0.0003945351866899369,0.0003945351866899369,0.0003945351866899369,0.0003945351866899369,0.0003945351866899369,WETH,pool_swap_ratio,1,2513,1228978.3458,,14887610,1470.0,,1,1,0.0,0.0,0.0,0.0,,0,0,,,,1470.0,0.0,1470.0,1,-0.0017373936504817167,0.0011968313775085825,0.0,0.0,0.0011975478659918696,0.0,0.0011975478659918696,0.0,2,2,price=observed;tvl=observed;lp_amount=none,False
2022-06-02T00:00:00+00:00,0.00039425143254296914,0.00039425143254296914,0.00039425143254296914,0.00039425143254296914,0.00039425143254296914,WETH,pool_swap_ratio,1,3010,1229176.6693000002,,14887829,198.3235,,1,1,0.0,0.0,0.0,0.0,,0,0,,,,198.3235,0.0,198.3235,1,-0.0007194700120137385,0.00016135963697333345,0.0,0.0,0.0001613726561397645,0.0,0.0001613726561397645,0.0,2,2,price=observed;tvl=observed;lp_amount=none,False
2022-06-02T01:00:00+00:00,0.0003875490038473179,0.0003875490038473179,0.0003854427879653829,0.0003854427879653829,0.0003869251949078579,WETH,pool_swap_ratio,3,1167,1235253.1602,,14888192,8659.5793,,3,2,0.0,0.0,0.0,0.0,,0,0,,,,7368.0351,1291.5442,6076.4909,3,-0.022596087384417336,0.004931366388651468,0.0,0.0,0.004943545587682266,0.0,0.0070450241338631285,-0.003831249455926611,2,2,price=observed;tvl=observed;lp_amount=none,False
2022-06-02T02:00:00+00:00,0.0003838725136630538,0.0003838725136630538,0.0003838725136630538,0.0003838725136630538,0.0003838725136630538,WETH,pool_swap_ratio,1,924,1235149.8707,,14888468,103.2895,,1,1,0.0,0.0,0.0,0.0,,0,0,,,,0.0,103.2895,-103.2895,1,-0.00408227024657877,-8.362157815404293e-05,0.0,0.0,-8.361808196732432e-05,0.0,8.361808196732432e-05,0.0,2,2,price=observed;tvl=observed;lp_amount=none,False
2022-06-02T03:00:00+00:00,0.00038075752019879665,0.00038075752019879665,0.00038075752019879665,0.00038075752019879665,0.00038075752019879665,WETH,pool_swap_ratio,1,1833,1235649.8707,,14888679,500.0,,1,1,0.0,0.0,0.0,0.0,,0,0,,,,500.0,0.0,500.0,1,-0.008147759201043214,0.00040472726174230563,0.0,0.0,0.00040480917487092764,0.0,0.00040480917487092764,0.0,2,2,price=observed;tvl=observed;lp_amount=none,False
2022-06-02T04:00:00+00:00,0.00038448405383812134,0.00038448405383812134,0.0003831084150649,0.0003831084150649,0.000383760055963407,WETH,pool_swap_ratio,2,1346,1235781.4311000002,,14888974,2501.2043999999996,,2,2,0.0,0.0,0.0,0.0,,0,0,,,,1316.3824,1184.822,131.56040000000007,2,0.006155274584222079,0.00010646494606470314,0.0,0.0,0.0001064706136581155,0.0,0.002024201563330443,-0.0016980425356440954,2,2,price=observed;tvl=observed;lp_amount=none,False
2022-06-02T05:00:00+00:00,0.00038298614025693967,0.00038298614025693967,0.00038298614025693967,0.00038298614025693967,0.00038298614025693967,WETH,pool_swap_ratio,1,1716,1236581.4311000002,,14889191,800.0,,1,1,0.0,0.0,0.0,0.0,,0,0,,,,800.0,0.0,800.0,1,-0.0003192159718384991,0.0006471542184618851,0.0,0.0,0.000647363667932686,0.0,0.000647363667932686,0.0,2,2,price=observed;tvl=observed;lp_amount=none,False
2022-06-02T06:00:00+00:00,,,,0.00038298614025693967,,WETH,pool_swap_ratio,0,5316,1236581.4311000002,,14889191,0.0,,0,0,0.0,0.0,0.0,0.0,,0,0,,,,0.0,0.0,0.0,0,0.0,0.0,0.0,0.0,0.0,0.0,0.0,,2,2,price=carried;tvl=carried;lp_amount=none,True
2022-06-02T07:00:00+00:00,0.0003844928205508982,0.0003844928205508982,0.00037289904530531256,0.00037624796635468254,0.00037481409702322025,WETH,pool_swap_ratio,5,540,1234915.5425,,14889779,26263.6984,,5,3,0.0,0.0,0.0,0.0,,0,0,,,,12298.9049,13964.7935,-1665.8886000000002,5,-0.017750390196084213,-0.0013480808352854972,0.0,0.0,-0.001347172582494717,0.0,0.02123895583377566,0.003825548032611703,2,2,price=observed;tvl=observed;lp_amount=none,False
2022-06-02T08:00:00+00:00,0.0003882049201860038,0.0003882049201860038,0.0003882049201860038,0.0003882049201860038,0.0003882049201860038,WETH,pool_swap_ratio,1,3108,1234277.5341,,14889853,638.0084,,1,1,0.0,0.0,0.0,0.0,,0,0,,,,0.0,638.0084,-638.0084,1,0.03128493400208916,-0.0005167748283800592,0.0,0.0,-0.0005166413232668501,0.0,0.0005166413232668501,0.0,2,2,price=observed;tvl=observed;lp_amount=none,False
2022-06-02T09:00:00+00:00,0.00039027131661931375,0.00039158644484362534,0.00038933080219945694,0.00038933080219945694,0.0003904395902155146,WETH,pool_swap_ratio,3,2670,1233903.5239,,14890124,854.0101999999999,,3,2,0.0,0.0,0.0,0.0,,0,0,,,,240.0,614.0101999999999,-374.01019999999994,3,0.0028960284857260238,-0.00030306545109447735,0.0,0.0,-0.0003030195313995709,0.0,0.0006919109976531492,-0.0028398452509532657,2,2,price=observed;tvl=observed;lp_amount=none,False
2022-06-02T10:00:00+00:00,0.0003880468606446072,0.0003880468606446072,0.0003877778225147014,0.0003877778225147014,0.0003878339348671638,WETH,pool_swap_ratio,2,837,1232883.4829,,14890536,1750.041,,2,2,0.0,0.0,0.0,0.0,,0,0,,,,365.0,1385.041,-1020.0409999999999,2,-0.003996820271233233,-0.0008270199699667184,0.0,0.0,-0.0008266780832069881,0.0,0.0014182964600576258,-0.00014468138916634565,2,2,price=observed;tvl=observed;lp_amount=none,False
2022-06-02T11:00:00+00:00,0.0003860956818219417,0.0004418613572267625,0.0003860956818219417,0.0004314012093694242,0.00042286299354378287,WETH,pool_swap_ratio,43,29,1208885.0007,,14890851,147062.4208,,43,17,0.0,0.0,0.0,0.0,,0,0,,,,61531.9693,85530.4515,-23998.4822,42,0.10660598408327004,-0.019657273098666012,0.0,0.0,-0.01946532866475796,0.0,0.11928330847135563,0.0201914472441469,2,2,price=observed;tvl=observed;lp_amount=none,False
2022-06-02T12:00:00+00:00,0.00042615899881914024,0.00042615899881914024,0.00042615899881914024,0.00042615899881914024,0.00042615899881914024,WETH,pool_swap_ratio,1,2681,1210801.5391,,14890927,1916.5384,,1,1,0.0,0.0,0.0,0.0,,0,0,,,,1916.5384,0.0,1916.5384,1,-0.012226024012400197,0.0015841215539804184,0.0,0.0,0.001585376937335012,0.0,0.001585376937335012,0.0,2,2,price=observed;tvl=observed;lp_amount=none,False
2022-06-02T13:00:00+00:00,0.00042660848279958046,0.00043323149890289156,0.00041639058327221627,0.0004332027892152203,0.0004239743875976875,WETH,pool_swap_ratio,9,2302,1208618.7679,,14891203,31823.873000000003,,9,8,0.0,0.0,0.0,0.0,,0,0,,,,14820.550900000002,17003.322099999998,-2182.7711999999956,9,0.01639344043919191,-0.0018043758547464561,0.0,0.0,-0.0018027489472985554,0.0,0.026283310660188776,0.02176641298976234,2,2,price=observed;tvl=observed;lp_amount=none,False
2022-06-02T14:00:00+00:00,0.0004311783618494088,0.0004335453642068918,0.0004311783618494088,0.0004335453642068918,0.0004329721565637361,WETH,pool_swap_ratio,2,297,1207667.9592,,14891640,950.8087,,2,1,0.0,0.0,0.0,0.0,,0,0,,,,0.0,950.8087,-950.8087,2,0.0007904833904924174,-0.0007869999354061934,0.0,0.0,-0.0007866903321814617,0.0,0.0007866903321814617,0.0013238903113421685,2,2,price=observed;tvl=observed;lp_amount=none,False
2022-06-02T15:00:00+00:00,0.00043624602602434826,0.00043624602602434826,0.0004273523849997711,0.0004273523849997711,0.0004297337025537888,WETH,pool_swap_ratio,2,1222,1208283.3800000001,,14891840,1324.9392,,2,2,0.0,0.0,0.0,0.0,,0,0,,,,970.18,354.7592,615.4207999999999,2,-0.014387506626726778,0.0005094645768115271,0.0,0.0,0.0005095943759306783,0.0,0.0010971055329460628,-0.005541379556376902,2,2,price=observed;tvl=observed;lp_amount=none,False
2022-06-02T16:00:00+00:00,0.00043165367405757234,0.00043165367405757234,0.00043165367405757234,0.00043165367405757234,0.00043165367405757234,WETH,pool_swap_ratio,1,18,1209437.2261,,14892129,1153.8461,,1,1,0.0,0.0,0.0,0.0,,0,0,,,,1153.8461,0.0,1153.8461,1,0.010014655802727574,0.000954490923963679,0.0,0.0,0.0009549465953922166,0.0,0.0009549465953922166,0.0,2,2,price=observed;tvl=observed;lp_amount=none,False
2022-06-02T17:00:00+00:00,0.0004317442142435527,0.0004317442142435527,0.0004317442142435527,0.0004317442142435527,0.0004317442142435527,WETH,pool_swap_ratio,1,605,1209289.4511,,14892324,147.775,,1,1,0.0,0.0,0.0,0.0,,0,0,,,,0.0,147.775,-147.775,1,0.00020972992299151126,-0.00012219239286272046,0.0,0.0,-0.00012218492767625586,0.0,0.00012218492767625586,0.0,2,2,price=observed;tvl=observed;lp_amount=none,False
2022-06-02T18:00:00+00:00,,,,0.0004317442142435527,,WETH,pool_swap_ratio,0,4205,1209289.4511,,14892324,0.0,,0,0,0.0,0.0,0.0,0.0,,0,0,,,,0.0,0.0,0.0,0,0.0,0.0,0.0,0.0,0.0,0.0,0.0,,2,2,price=carried;tvl=carried;lp_amount=none,True
2022-06-02T19:00:00+00:00,,,,0.0004317442142435527,,WETH,pool_swap_ratio,0,7805,1209289.4511,,14892324,0.0,,0,0,0.0,0.0,0.0,0.0,,0,0,,,,0.0,0.0,0.0,0,0.0,0.0,0.0,0.0,0.0,0.0,0.0,,2,2,price=carried;tvl=carried;lp_amount=none,True
2022-06-02T20:00:00+00:00,0.00042926346503082704,0.00044269249039631146,0.00042926346503082704,0.0004423664488529311,0.00044029546888815497,WETH,pool_swap_ratio,6,486,1204709.045,,14893123,15733.180699999999,,6,5,0.0,0.0,0.0,0.0,,0,0,,,,5576.3873,10156.793399999999,-4580.406099999998,5,0.024305292164959733,-0.003794875269638789,0.0,0.0,-0.003787683830230675,0.0,0.013010268704228507,0.004703614075352247,2,2,price=observed;tvl=observed;lp_amount=none,False
2022-06-02T21:00:00+00:00,0.000445527024364716,0.0004758755241765659,0.00044544121281288025,0.0004473361459422824,0.0004630714800891509,WETH,pool_swap_ratio,8,1200,1199068.1967,,14893318,30273.120300000002,,8,5,0.0,0.0,0.0,0.0,,0,0,,,,12316.136,17956.9843,-5640.8483,8,0.01117170795294958,-0.004693328946248044,0.0,0.0,-0.0046823324880075085,0.0,0.025128988966792398,-0.03398035686378076,2,2,price=observed;tvl=observed;lp_amount=none,False
2022-06-02T22:00:00+00:00,0.0004456401932772079,0.0004470606653609727,0.0004456401932772079,0.00044598651107300905,0.00044615914271300196,WETH,pool_swap_ratio,3,2883,1199879.0299,,14893478,2909.55,,3,3,0.0,0.0,0.0,0.0,,0,0,,,,1860.1916,1049.3584,810.8332,3,-0.0030216090133509802,0.000675990886240466,0.0,0.0,0.0006762194195722346,0.0,0.0024265091910597586,-0.0003869283927326883,2,2,price=observed;tvl=observed;lp_amount=none,False
2022-06-02T23:00:00+00:00,0.0004458171155488724,0.00045750566297542996,0.0004458171155488724,0.00044782555055086575,0.00045595008538314353,WETH,pool_swap_ratio,6,294,1199153.0974,,14893928,14766.927099999999,,6,4,0.0,0.0,0.0,0.0,,0,0,,,,7020.4973,7746.4298,-725.9324999999999,6,0.004115053157045842,-0.0006051878287875527,0.0,0.0,-0.0006050047395698718,0.0,0.012307013233851333,-0.017818912843169166,2,2,price=observed;tvl=observed;lp_amount=none,False
2022-06-03T00:00:00+00:00,0.00045110956549126655,0.00045110956549126655,0.0004435723346167816,0.0004464655049439763,0.00044525310218378975,WETH,pool_swap_ratio,4,229,1200518.4618,,14894192,6206.921600000001,,4,4,0.0,0.0,0.0,0.0,,0,0,,,,3786.143,2420.7786,1365.3644,4,-0.0030416197211535585,0.0011379595195896118,0.0,0.0,0.0011386072411941216,0.0,0.0051760877017770525,0.0027229518542153386,2,2,price=observed;tvl=observed;lp_amount=none,False
2022-06-03T01:00:00+00:00,,,,0.0004464655049439763,,WETH,pool_swap_ratio,0,3829,1200518.4618,,14894192,0.0,,0,0,0.0,0.0,0.0,0.0,,0,0,,,,0.0,0.0,0.0,0,0.0,0.0,0.0,0.0,0.0,0.0,0.0,,2,2,price=carried;tvl=carried;lp_amount=none,True
2022-06-03T02:00:00+00:00,0.0004969953648224295,0.0005577211264401307,0.0004969953648224295,0.0005004922092520988,0.0005003724735884691,WETH,pool_swap_ratio,3,1576,1199518.4618,,14894609,36211.596,,3,2,0.0,0.0,0.0,0.0,,0,0,,,,17605.798,18605.798,-1000.0,3,0.11422989193658344,-0.0008333205610592529,0.0,0.0,-0.0008329734459065692,0.0,0.03016329790189654,0.00023929306656489402,2,2,price=observed;tvl=observed;lp_amount=none,False
2022-06-03T03:00:00+00:00,0.00044553515400960476,0.000447068658748282,0.00044553515400960476,0.000447068658748282,0.00044613619744280524,WETH,pool_swap_ratio,2,356,1199957.2552,,14894951,2030.3424,,2,2,0.0,0.0,0.0,0.0,,0,0,,,,1234.5679,795.7745,438.7934,2,-0.11287985089635537,0.0003657410673362829,0.0,0.0,0.00036580795875500383,0.0,0.0016926312221599857,0.0020900821561251615,2,2,price=observed;tvl=observed;lp_amount=none,False
2022-06-03T04:00:00+00:00,,,,0.000447068658748282,,WETH,pool_swap_ratio,0,3956,1199957.2552,,14894951,0.0,,0,0,0.0,0.0,0.0,0.0,,0,0,,,,0.0,0.0,0.0,0,0.0,0.0,0.0,0.0,0.0,0.0,0.0,,2,2,price=carried;tvl=carried;lp_amount=none,True
2022-06-03T05:00:00+00:00,0.0004486477756043286,0.0004486477756043286,0.0004486477756043286,0.0004486477756043286,0.0004486477756043286,WETH,pool_swap_ratio,1,328,1199845.8092,,14895436,111.446,,1,1,0.0,0.0,0.0,0.0,,0,0,,,,0.0,111.446,-111.446,1,0.003525933948460542,-9.287928808269549e-05,0.0,0.0,-9.28749749351905e-05,0.0,9.28749749351905e-05,0.0,2,2,price=observed;tvl=observed;lp_amount=none,False
2022-06-03T06:00:00+00:00,0.0004416978836355824,0.0004416978836355824,0.00044079100339870645,0.00044079100339870645,0.00044112077803029766,WETH,pool_swap_ratio,2,1425,1204931.6592,,14895627,5085.85,,2,1,0.0,0.0,0.0,0.0,,0,0,,,,5085.85,0.0,5085.85,2,-0.01766726783848738,0.004229794772677735,0.0,0.0,0.0042387529805942336,0.0,0.0042387529805942336,-0.0007475835372429129,2,2,price=observed;tvl=observed;lp_amount=none,False
2022-06-03T07:00:00+00:00,0.0004404100091353619,0.00044263805600689896,0.0004404100091353619,0.00044263805600689896,0.00044240651093119173,WETH,pool_swap_ratio,2,1967,1201872.7989999999,,14895822,3058.8602,,2,2,0.0,0.0,0.0,0.0,,0,0,,,,0.0,3058.8602,-3058.8602,2,0.004181558847092688,-0.002541844923474017,0.0,0.0,-0.002538617171060883,0.0,0.002538617171060883,0.0005233762839969014,2,2,price=observed;tvl=observed;lp_amount=none,False
2022-06-03T08:00:00+00:00,0.0004492502682330657,0.0004497793165146236,0.0004387643601399944,0.0004497793165146236,0.0004444163527804546,WETH,pool_swap_ratio,6,414,1200599.8341,,14896195,21878.6477,,6,4,0.0,0.0,0.0,0.0,,0,0,,,,10302.8414,11575.8063,-1272.9649000000009,5,0.01600464796491455,-0.0010597123992912992,0.0,0.0,-0.001059151102395488,0.0,0.01820379637362939,0.012067431138877094,2,2,price=observed;tvl=observed;lp_amount=none,False
2022-06-03T09:00:00+00:00,0.00045393268402679657,0.00045439225658906084,0.00044910498059746713,0.00044910498059746713,0.00045399462792977154,WETH,pool_swap_ratio,3,1288,1199528.6659,,14896413,5035.7984,,3,3,0.0,0.0,0.0,0.0,,0,0,,,,1982.3151,3053.4833,-1071.1681999999998,3,-0.0015003845229598855,-0.0008925924350456292,0.0,0.0,-0.0008921941929160557,0.0,0.004194402045519989,-0.01077027575106193,2,2,price=observed;tvl=observed;lp_amount=none,False
2022-06-03T10:00:00+00:00,0.000451511240356,0.0004603008545267301,0.000451511240356,0.0004603008545267301,0.0004577426644802049,WETH,pool_swap_ratio,4,1211,1196449.3239,,14896669,6876.178,,4,3,0.0,0.0,0.0,0.0,,0,0,,,,1898.418,4977.76,-3079.3420000000006,3,0.024623637070627254,-0.002570427364999286,0.0,0.0,-0.002567126645272447,0.0,0.005732399896288298,0.005588707903009693,2,2,price=observed;tvl=observed;lp_amount=none,False
2022-06-03T11:00:00+00:00,0.00044835760706978277,0.00045003376363751836,0.00043825360659645746,0.0004393798763475691,0.00044165584045346014,WETH,pool_swap_ratio,7,2351,1203472.3074,,14896814,15438.8701,,7,4,0.0,0.0,0.0,0.0,,0,0,,,,11230.926800000001,4207.9433,7022.983500000001,7,-0.04651594640135623,0.005852694067603378,0.0,0.0,0.0058698545435318305,0.0,0.012903906410072401,-0.0051532525949486985,2,2,price=observed;tvl=observed;lp_amount=none,False
2022-06-03T12:00:00+00:00,0.00044105247467702505,0.00044105247467702505,0.00044105247467702505,0.00044105247467702505,0.00044105247467702505,WETH,pool_swap_ratio,1,890,1203247.5609,,14897189,224.7465,,1,1,0.0,0.0,0.0,0.0,,0,0,,,,0.0,224.7465,-224.7465,1,0.0037994976892210533,-0.0001867658165071068,0.0,0.0,-0.00018674837685758285,0.0,0.00018674837685758285,0.0,2,2,price=observed;tvl=observed;lp_amount=none,False
2022-06-03T13:00:00+00:00,,,,0.00044105247467702505,,WETH,pool_swap_ratio,0,4490,1203247.5609,,14897189,0.0,,0,0,0.0,0.0,0.0,0.0,,0,0,,,,0.0,0.0,0.0,0,0.0,0.0,0.0,0.0,0.0,0.0,0.0,,2,2,price=carried;tvl=carried;lp_amount=none,True
2022-06-03T14:00:00+00:00,0.0004353402186492865,0.00046727746471537674,0.0004353402186492865,0.0004662563765702276,0.00045634770081186743,WETH,pool_swap_ratio,14,38,1193153.5333,,14897752,42553.433000000005,,14,11,0.0,0.0,0.0,0.0,,0,0,,,,16229.7027,26323.7303,-10094.0276,14,0.0555717885891284,-0.008424372132161123,0.0,0.0,-0.008388986546085256,0.0,0.03536548452936075,0.021712995903632404,2,2,price=observed;tvl=observed;lp_amount=none,False
2022-06-03T15:00:00+00:00,0.0004662516405397009,0.0004733721770192956,0.0004616232948438274,0.0004616232948438274,0.0004699942924443362,WETH,pool_swap_ratio,9,43,1195912.2141,,14898002,12796.8803,,9,5,4296.6282,0.0,4296.6282,4296.6282,0.0,1,0,,,,9926.096,7167.4152,2758.680799999999,10,-0.009986467801083813,0.0023094232790420582,0.003601068999155936,0.003601068999155936,0.0023120920510289193,0.0,0.010725258688717659,-0.017810849482816304,2,2,price=observed;tvl=observed;lp_amount=quantified,False
2022-06-03T16:00:00+00:00,0.0004644813293684544,0.00047140923042079795,0.0004644813293684544,0.0004660033102413154,0.00046786286493808463,WETH,pool_swap_ratio,3,205,1198357.7772000001,,14898240,9220.8983,,3,3,0.0,0.0,0.0,0.0,,0,0,,,,5833.2307,3387.6676,2445.5631,3,0.009443558269097698,0.0020428472639901205,0.0,0.0,0.0020449352980648683,0.0,0.007710347123546449,-0.003974572115304165,2,2,price=observed;tvl=observed;lp_amount=none,False
2022-06-03T17:00:00+00:00,0.00045943784646064803,0.00045943784646064803,0.00045943784646064803,0.00045943784646064803,0.00045943784646064803,WETH,pool_swap_ratio,1,474,1199041.3549000002,,14898489,683.5777,,1,1,0.0,0.0,0.0,0.0,,0,0,,,,683.5777,0.0,683.5777,1,-0.01418906839107806,0.0005702660932612607,0.0,0.0,0.0005704287258828498,0.0,0.0005704287258828498,0.0,2,2,price=observed;tvl=observed;lp_amount=none,False
2022-06-03T18:00:00+00:00,0.000462014742207104,0.000462014742207104,0.000462014742207104,0.000462014742207104,0.000462014742207104,WETH,pool_swap_ratio,1,133,1198427.7006,,14898780,613.6543,,1,1,0.0,0.0,0.0,0.0,,0,0,,,,0.0,613.6543,-613.6543,1,0.005593130880352637,-0.0005119184433212445,0.0,0.0,-0.0005117874354310146,0.0,0.0005117874354310146,0.0,2,2,price=observed;tvl=observed;lp_amount=none,False
2022-06-03T19:00:00+00:00,,,,0.000462014742207104,,WETH,pool_swap_ratio,0,3733,1198427.7006,,14898780,0.0,,0,0,0.0,0.0,0.0,0.0,,0,0,,,,0.0,0.0,0.0,0,0.0,0.0,0.0,0.0,0.0,0.0,0.0,,2,2,price=carried;tvl=carried;lp_amount=none,True
2022-06-03T20:00:00+00:00,,,,0.000462014742207104,,WETH,pool_swap_ratio,0,7333,1198427.7006,,14898780,0.0,,0,0,0.0,0.0,0.0,0.0,,0,0,,,,0.0,0.0,0.0,0,0.0,0.0,0.0,0.0,0.0,0.0,0.0,,2,2,price=carried;tvl=carried;lp_amount=none,True
2022-06-03T21:00:00+00:00,,,,0.000462014742207104,,WETH,pool_swap_ratio,0,10933,1198427.7006,,14898780,0.0,,0,0,0.0,0.0,0.0,0.0,,0,0,,,,0.0,0.0,0.0,0,0.0,0.0,0.0,0.0,0.0,0.0,0.0,,2,2,price=carried;tvl=carried;lp_amount=none,True
2022-06-03T22:00:00+00:00,0.00046079131792511717,0.0004619633967922185,0.00046079131792511717,0.0004619633967922185,0.00046187960530323803,WETH,pool_swap_ratio,2,122,1197828.2985,,14899834,699.4021,,2,1,0.0,0.0,0.0,0.0,,0,0,,,,50.0,649.4021,-599.4021,2,-0.00011113989124017268,-0.0005002822008390533,0.0,0.0,-0.0005001570805647314,0.0,0.0005835997446069046,0.0001814141348057685,2,2,price=observed;tvl=observed;lp_amount=none,False
2022-06-03T23:00:00+00:00,,,,0.0004619633967922185,,WETH,pool_swap_ratio,0,3722,1197828.2985,,14899834,0.0,,0,0,0.0,0.0,0.0,0.0,,0,0,,,,0.0,0.0,0.0,0,0.0,0.0,0.0,0.0,0.0,0.0,0.0,,2,2,price=carried;tvl=carried;lp_amount=none,True
2022-06-04T00:00:00+00:00,,,,0.0004619633967922185,,WETH,pool_swap_ratio,0,7322,1197828.2985,,14899834,0.0,,0,0,0.0,0.0,0.0,0.0,,0,0,,,,0.0,0.0,0.0,0,0.0,0.0,0.0,0.0,0.0,0.0,0.0,,2,2,price=carried;tvl=carried;lp_amount=none,True
2022-06-04T01:00:00+00:00,0.0004574391860155949,0.0004574391860155949,0.00045685691727198716,0.00045685691727198716,0.00045706071132795283,WETH,pool_swap_ratio,2,1022,1201215.966,,14900544,3387.6675000000005,,2,1,0.0,0.0,0.0,0.0,,0,0,,,,3387.6675000000005,0.0,3387.6675000000005,2,-0.011115409658260153,0.0028241827812857364,0.0,0.0,0.002828174542413351,0.0,0.002828174542413351,-0.0004458796193038683,2,2,price=observed;tvl=observed;lp_amount=none,False
2022-06-04T02:00:00+00:00,0.00045717430062984705,0.0004577956916777201,0.00045717430062984705,0.0004577956916777201,0.0004575956514567942,WETH,pool_swap_ratio,2,1401,1200986.3184,,14900774,229.6476,,2,2,0.0,0.0,0.0,0.0,,0,0,,,,0.0,229.6476,-229.6476,2,0.002052745985077141,-0.00019119755417017285,0.0,0.0,-0.0001911792770826358,0.0,0.0001911792770826358,0.0004371549866983848,2,2,price=observed;tvl=observed;lp_amount=none,False
2022-06-04T03:00:00+00:00,0.0004552876822819233,0.0004552876822819233,0.0004552876822819233,0.0004552876822819233,0.0004552876822819233,WETH,pool_swap_ratio,1,1649,1201055.3999,,14901013,69.0815,,1,1,0.0,0.0,0.0,0.0,,0,0,,,,69.0815,0.0,69.0815,1,-0.0054935086426472785,5.751898436480855e-05,0.0,0.0,5.75206386131301e-05,0.0,5.75206386131301e-05,0.0,2,2,price=observed;tvl=observed;lp_amount=none,False
2022-06-04T04:00:00+00:00,0.00045449215820772857,0.00045449215820772857,0.00045449215820772857,0.00045449215820772857,0.00045449215820772857,WETH,pool_swap_ratio,1,1346,1201283.0652,,14901334,227.6653,,1,1,0.0,0.0,0.0,0.0,,0,0,,,,227.6653,0.0,227.6653,1,-0.0017488281044326323,0.0001895364071208795,0.0,0.0,0.00018955437028046784,0.0,0.00018955437028046784,0.0,2,2,price=observed;tvl=observed;lp_amount=none,False
2022-06-04T05:00:00+00:00,0.0004724845792721693,0.0005094718164664172,0.00046320644091549235,0.00046320644091549235,0.000481718042664388,WETH,pool_swap_ratio,12,358,1198039.1527,,14901634,61198.6275,,12,7,0.0,0.0,0.0,0.0,,0,0,,,,28977.357500000002,32221.27,-3243.9124999999985,12,0.01899217161975638,-0.0027040257055568353,0.0,0.0,-0.0027003731210178375,0.0,0.05094438544325198,-0.03842829229834899,2,2,price=observed;tvl=observed;lp_amount=none,False
2022-06-04T06:00:00+00:00,0.00046334201762898263,0.00046334201762898263,0.00045897424045514485,0.00045996436927488827,0.0004607877630107071,WETH,pool_swap_ratio,3,775,1197153.4041,,14901860,4260.7486,,3,3,0.0,0.0,0.0,0.0,,0,0,,,,1687.5,2573.2486,-885.7485999999999,3,-0.007023803035041346,-0.0007396053714862964,0.0,0.0,-0.000739331930850343,0.0,0.0035564351886143496,-0.0017869262205205683,2,2,price=observed;tvl=observed;lp_amount=none,False
2022-06-04T07:00:00+00:00,0.0004620310890874688,0.0004620310890874688,0.0004620310890874688,0.0004620310890874688,0.0004620310890874688,WETH,pool_swap_ratio,1,339,1197731.0041,,14902161,577.6,,1,1,0.0,0.0,0.0,0.0,,0,0,,,,577.6,0.0,577.6,1,0.0044831528297874425,0.0004823614945437781,0.0,0.0,0.0004824778495569915,0.0,0.0004824778495569915,0.0,2,2,price=observed;tvl=observed;lp_amount=none,False
2022-06-04T08:00:00+00:00,0.0004588443346333666,0.00046060643933741775,0.0004588443346333666,0.00046060643933741775,0.0004596299543588458,WETH,pool_swap_ratio,2,1415,1198525.9217,,14902325,794.9176,,2,2,0.0,0.0,0.0,0.0,,0,0,,,,794.9176,0.0,794.9176,2,-0.0030882136015665824,0.0006634661088306807,0.0,0.0,0.0006636862511522925,0.0,0.0006636862511522925,0.0021245024814235958,2,2,price=observed;tvl=observed;lp_amount=none,False
2022-06-04T09:00:00+00:00,0.0004574186395149102,0.00046279344343868115,0.00045554545539091743,0.00046279344343868115,0.00045744760935909957,WETH,pool_swap_ratio,5,22,1197349.8632,,14902643,6581.9534,,5,4,0.0,682.4798,-682.4798,682.4798,0.0,0,1,,,1.0,3084.4688,4260.5273,-1176.0584999999996,6,0.004736860446618522,-0.0009817358661661192,-0.0005694326569357502,0.0005694326569357502,-0.0009812541211723378,0.0005694326569357502,0.0054917071719768045,0.011686221482436698,2,2,price=observed;tvl=observed;lp_amount=quantified,False
2022-06-04T10:00:00+00:00,0.0004613376086735955,0.0004613376086735955,0.0004613376086735955,0.0004613376086735955,0.0004613376086735955,WETH,pool_swap_ratio,1,2943,1202105.1195,,14902696,255.2563,,1,1,4500.0,0.0,4500.0,4500.0,0.0,1,0,,,,4755.2563,0.0,4755.2563,2,-0.003150713237254436,0.003963618871631726,0.0037583000076297163,0.0037583000076297163,0.003971484397460279,0.0,0.00021318438983056293,0.0,2,2,price=observed;tvl=observed;lp_amount=quantified,False
2022-06-04T11:00:00+00:00,0.000456918024897569,0.000456918024897569,0.000456918024897569,0.000456918024897569,0.000456918024897569,WETH,pool_swap_ratio,1,616,1202205.8882,,14903090,100.7687,,1,1,0.0,0.0,0.0,0.0,,0,0,,,,100.7687,0.0,100.7687,1,-0.009626116610076176,8.382334875650379e-05,0.0,0.0,8.382686203176093e-05,0.0,8.382686203176093e-05,0.0,2,2,price=observed;tvl=observed;lp_amount=none,False
2022-06-04T12:00:00+00:00,,,,0.000456918024897569,,WETH,pool_swap_ratio,0,4216,1202205.8882,,14903090,0.0,,0,0,0.0,0.0,0.0,0.0,,0,0,,,,0.0,0.0,0.0,0,0.0,0.0,0.0,0.0,0.0,0.0,0.0,,2,2,price=carried;tvl=carried;lp_amount=none,True
2022-06-04T13:00:00+00:00,0.00046018368542209985,0.00046018368542209985,0.00046018368542209985,0.00046018368542209985,0.00046018368542209985,WETH,pool_swap_ratio,1,245,1202705.8882,,14903592,500.0,,1,1,0.0,0.0,0.0,0.0,,0,0,,,,500.0,0.0,500.0,1,0.007121727700123244,0.00041581567532828216,0.0,0.0,0.0004159021386499977,0.0,0.0004159021386499977,0.0,2,2,price=observed;tvl=observed;lp_amount=none,False
2022-06-04T14:00:00+00:00,0.000461114016482759,0.000461114016482759,0.000461114016482759,0.000461114016482759,0.000461114016482759,WETH,pool_swap_ratio,1,1564,1202076.9765,,14903756,628.9117,,1,1,0.0,0.0,0.0,0.0,,0,0,,,,0.0,628.9117,-628.9117,1,0.002019610761987752,-0.000523050728254804,0.0,0.0,-0.0005229139610692728,0.0,0.0005229139610692728,0.0,2,2,price=observed;tvl=observed;lp_amount=none,False
2022-06-04T15:00:00+00:00,,,,0.000461114016482759,,WETH,pool_swap_ratio,0,5164,1202076.9765,,14903756,0.0,,0,0,0.0,0.0,0.0,0.0,,0,0,,,,0.0,0.0,0.0,0,0.0,0.0,0.0,0.0,0.0,0.0,0.0,,2,2,price=carried;tvl=carried;lp_amount=none,True
2022-06-04T16:00:00+00:00,,,,0.000461114016482759,,WETH,pool_swap_ratio,0,8764,1202076.9765,,14903756,0.0,,0,0,0.0,0.0,0.0,0.0,,0,0,,,,0.0,0.0,0.0,0,0.0,0.0,0.0,0.0,0.0,0.0,0.0,,2,2,price=carried;tvl=carried;lp_amount=none,True
2022-06-04T17:00:00+00:00,0.0004599180699375693,0.0004599180699375693,0.0004444912172039722,0.000455863268271125,0.0004504956746674309,WETH,pool_swap_ratio,9,23,1204247.0354,,14904563,22091.456299999998,,9,6,0.0,0.0,0.0,0.0,,0,0,,,,12130.7576,9960.6987,2170.0589,9,-0.01145242240697702,0.00180363033203341,0.0,0.0,0.0018052578515548997,0.0,0.018377738474221576,0.011914861574767954,2,2,price=observed;tvl=observed;lp_amount=none,False
2022-06-04T18:00:00+00:00,0.00045308061848908207,0.00045308061848908207,0.00045308061848908207,0.00045308061848908207,0.00045308061848908207,WETH,pool_swap_ratio,1,3584,1205738.8522,,14904564,1491.8168,,1,1,0.0,0.0,0.0,0.0,,0,0,,,,1491.8168,0.0,1491.8168,1,-0.006122838859111076,0.0012380296484061205,0.0,0.0,0.0012387963234673702,0.0,0.0012387963234673702,0.0,2,2,price=observed;tvl=observed;lp_amount=none,False
2022-06-04T19:00:00+00:00,0.00045212393102481423,0.00045212393102481423,0.00045212393102481423,0.00045212393102481423,0.00045212393102481423,WETH,pool_swap_ratio,1,2636,1205624.7242,,14904864,114.128,,1,1,0.0,0.0,0.0,0.0,,0,0,,,,0.0,114.128,-114.128,1,-0.002113749474598098,-9.465847556308419e-05,0.0,0.0,-9.465399559096997e-05,0.0,9.465399559096997e-05,0.0,2,2,price=observed;tvl=observed;lp_amount=none,False
2022-06-04T20:00:00+00:00,,,,0.00045212393102481423,,WETH,pool_swap_ratio,0,6236,1205624.7242,,14904864,0.0,,0,0,0.0,0.0,0.0,0.0,,0,0,,,,0.0,0.0,0.0,0,0.0,0.0,0.0,0.0,0.0,0.0,0.0,,2,2,price=carried;tvl=carried;lp_amount=none,True
2022-06-04T21:00:00+00:00,0.0004569952512651996,0.0004668248796688343,0.0004569952512651996,0.0004579152420455045,0.0004623272272150144,WETH,pool_swap_ratio,4,632,1204459.6613,,14905455,5996.231699999999,,4,3,0.0,0.0,0.0,0.0,,0,0,,,,2415.5843999999997,3580.6472999999996,-1165.0629,4,0.012727780018290313,-0.0009668234006765465,0.0,0.0,-0.0009663561775187422,0.0,0.004973547389697766,-0.009542992300252351,2,2,price=observed;tvl=observed;lp_amount=none,False
2022-06-04T22:00:00+00:00,0.0004530158419017651,0.0004530158419017651,0.00044666423969631753,0.00044666423969631753,0.00044833064269042734,WETH,pool_swap_ratio,3,2111,1208239.9284,,14905597,7580.416700000001,,3,3,0.0,0.0,0.0,0.0,,0,0,,,,5680.3419,1900.0748,3780.2671,3,-0.02487693520588341,0.0031336435000600704,0.0,0.0,0.003138558493457451,0.0,0.0062936243890628005,-0.0037169063084997456,2,2,price=observed;tvl=observed;lp_amount=none,False
2022-06-04T23:00:00+00:00,0.0004512181143210082,0.0004512181143210082,0.0004512181143210082,0.0004512181143210082,0.0004512181143210082,WETH,pool_swap_ratio,1,3000,1208039.9284,,14905876,1200.0,,1,1,1000.0,0.0,1000.0,1000.0,0.0,1,0,,,,1000.0,1200.0,-200.0,2,0.010143675619651807,-0.0001655437385647919,0.000827650184780965,0.000827650184780965,-0.000165530036956193,0.0,0.000993180221737158,0.0,2,2,price=observed;tvl=observed;lp_amount=quantified,False
2022-06-05T00:00:00+00:00,0.0004530175498998831,0.00045304217822679293,0.0004530175498998831,0.00045304217822679293,0.000453021654435082,WETH,pool_swap_ratio,2,2612,1208026.684,,14906058,13.2444,,2,1,0.0,0.0,0.0,0.0,,0,0,,,,0.0,13.2444,-13.2444,2,0.004034383451077532,-1.0963605003583866e-05,0.0,0.0,-1.0963544903306028e-05,0.0,1.0963544903306028e-05,4.53042178227836e-05,2,2,price=observed;tvl=observed;lp_amount=none,False
2022-06-05T01:00:00+00:00,,,,0.00045304217822679293,,WETH,pool_swap_ratio,0,6212,1208026.684,,14906058,0.0,,0,0,0.0,0.0,0.0,0.0,,0,0,,,,0.0,0.0,0.0,0,0.0,0.0,0.0,0.0,0.0,0.0,0.0,,2,2,price=carried;tvl=carried;lp_amount=none,True
2022-06-05T02:00:00+00:00,0.00045317168362155416,0.00045317168362155416,0.0004504828393612724,0.00045312201065340186,0.0004521005179926481,WETH,pool_swap_ratio,3,887,1207988.9585,,14906671,181.99890000000002,,3,1,0.0,0.0,0.0,0.0,,0,0,,,,72.1367,109.8622,-37.7255,3,0.0001761985913703762,-3.1229516348601255e-05,0.0,0.0,-3.122902871241543e-05,0.0,0.00015065801311388917,0.0022594370501702876,2,2,price=observed;tvl=observed;lp_amount=none,False
2022-06-05T03:00:00+00:00,,,,0.00045312201065340186,,WETH,pool_swap_ratio,0,4487,1207988.9585,,14906671,0.0,,0,0,0.0,0.0,0.0,0.0,,0,0,,,,0.0,0.0,0.0,0,0.0,0.0,0.0,0.0,0.0,0.0,0.0,,2,2,price=carried;tvl=carried;lp_amount=none,True
2022-06-05T04:00:00+00:00,0.0004549683776483464,0.0004549683776483464,0.00044084677631433297,0.00044084677631433297,0.00044605017909504015,WETH,pool_swap_ratio,5,101,1210504.3531,,14907180,11640.355800000001,,5,5,0.0,0.0,0.0,0.0,,0,0,,,,7077.8752,4562.4806,2515.3946000000005,5,-0.027464059334223342,0.0020801343505363334,0.0,0.0,0.002082299330884158,0.0,0.009636144203217071,-0.011665509901294113,2,2,price=observed;tvl=observed;lp_amount=none,False
2022-06-05T05:00:00+00:00,0.00044245882095146855,0.0004470831767281672,0.00044245882095146855,0.0004470831767281672,0.0004454213674724059,WETH,pool_swap_ratio,2,2658,1210709.3185,,14907261,204.9654,,2,2,0.0,0.0,0.0,0.0,,0,0,,,,204.9654,0.0,204.9654,2,0.014047285920656611,0.0001693079821032805,0.0,0.0,0.000169322315508491,0.0,0.000169322315508491,0.003730870086433802,2,2,price=observed;tvl=observed;lp_amount=none,False
2022-06-05T06:00:00+00:00,,,,0.0004470831767281672,,WETH,pool_swap_ratio,0,6258,1210709.3185,,14907261,0.0,,0,0,0.0,0.0,0.0,0.0,,0,0,,,,0.0,0.0,0.0,0,0.0,0.0,0.0,0.0,0.0,0.0,0.0,,2,2,price=carried;tvl=carried;lp_amount=none,True
2022-06-05T07:00:00+00:00,0.0004451948153049706,0.0004451948153049706,0.0004451948153049706,0.0004451948153049706,0.0004451948153049706,WETH,pool_swap_ratio,1,764,1210609.1236,,14907902,100.1949,,1,1,0.0,0.0,0.0,0.0,,0,0,,,,0.0,100.1949,-100.1949,1,-0.00423268142734823,-8.27606136516809e-05,0.0,0.0,-8.275718908658915e-05,0.0,8.275718908658915e-05,0.0,2,2,price=observed;tvl=observed;lp_amount=none,False
2022-06-05T08:00:00+00:00,,,,0.0004451948153049706,,WETH,pool_swap_ratio,0,4364,1210609.1236,,14907902,0.0,,0,0,0.0,0.0,0.0,0.0,,0,0,,,,0.0,0.0,0.0,0,0.0,0.0,0.0,0.0,0.0,0.0,0.0,,2,2,price=carried;tvl=carried;lp_amount=none,True
2022-06-05T09:00:00+00:00,0.00044677602035801195,0.00044677602035801195,0.00044677602035801195,0.00044677602035801195,0.00044677602035801195,WETH,pool_swap_ratio,1,1345,1210689.145,,14908401,80.0214,,1,1,0.0,0.0,0.0,0.0,,0,0,,,,80.0214,0.0,80.0214,1,0.0035454224423843474,6.60979285921569e-05,0.0,0.0,6.610011310838265e-05,0.0,6.610011310838265e-05,0.0,2,2,price=observed;tvl=observed;lp_amount=none,False
2022-06-05T10:00:00+00:00,,,,0.00044677602035801195,,WETH,pool_swap_ratio,0,4945,1210689.145,,14908401,0.0,,0,0,0.0,0.0,0.0,0.0,,0,0,,,,0.0,0.0,0.0,0,0.0,0.0,0.0,0.0,0.0,0.0,0.0,,2,2,price=carried;tvl=carried;lp_amount=none,True
2022-06-05T11:00:00+00:00,,,,0.00044677602035801195,,WETH,pool_swap_ratio,0,8545,1210689.145,,14908401,0.0,,0,0,0.0,0.0,0.0,0.0,,0,0,,,,0.0,0.0,0.0,0,0.0,0.0,0.0,0.0,0.0,0.0,0.0,,2,2,price=carried;tvl=carried;lp_amount=none,True
2022-06-05T12:00:00+00:00,,,,0.00044677602035801195,,WETH,pool_swap_ratio,0,12145,1210689.145,,14908401,0.0,,0,0,0.0,0.0,0.0,0.0,,0,0,,,,0.0,0.0,0.0,0,0.0,0.0,0.0,0.0,0.0,0.0,0.0,,2,2,price=carried;tvl=carried;lp_amount=none,True
2022-06-05T13:00:00+00:00,0.0004507070134462223,0.0004507070134462223,0.0004414585520077022,0.0004414585520077022,0.0004455221184004534,WETH,pool_swap_ratio,3,3281,1210768.7084,,14909266,6900.634,,3,3,0.0,0.0,0.0,0.0,,0,0,,,,3490.0987,3410.5353,79.5634,3,-0.011973260310184686,6.57152879343282e-05,0.0,0.0,6.571744723126265e-05,0.0,0.005699757058613092,-0.00912090831166934,2,2,price=observed;tvl=observed;lp_amount=none,False
2022-06-05T14:00:00+00:00,0.0004422809755189271,0.00044625254073884065,0.0004422809755189271,0.00044625254073884065,0.0004458815029414505,WETH,pool_swap_ratio,2,965,1210266.2188,,14909670,617.9522000000001,,2,2,0.0,0.0,0.0,0.0,,0,0,,,,57.7313,560.2209,-502.48960000000005,2,0.01080089091029367,-0.0004151031458240313,0.0,0.0,-0.0004150170024331297,0.0,0.0005103800550119999,0.0008321444037091563,2,2,price=observed;tvl=observed;lp_amount=none,False
2022-06-05T15:00:00+00:00,0.00045170905624803776,0.00045170905624803776,0.0004422590699327382,0.0004422590699327382,0.00044417430955121927,WETH,pool_swap_ratio,2,35,1214960.7809,,14909995,7894.5621,,2,2,0.0,0.0,0.0,0.0,,0,0,,,,6294.5621,1600.0,4694.5621,2,-0.008989185170538247,0.003871446230909343,0.0,0.0,0.003878949959170752,0.0,0.006522996327062319,-0.0043119099355749535,2,2,price=observed;tvl=observed;lp_amount=none,False
2022-06-05T16:00:00+00:00,0.0004393462681487561,0.0004433691662911224,0.0004393462681487561,0.0004433691662911224,0.0004397863968743246,WETH,pool_swap_ratio,3,442,1212248.923,,14910193,2711.8579,,3,3,0.0,0.0,0.0,0.0,,0,0,,,,0.0,2711.8579,-2711.8579,3,0.0025069140624852373,-0.0022345486045546067,0.0,0.0,-0.00223205385937738,0.0,0.00223205385937738,0.00814661263345462,2,2,price=observed;tvl=observed;lp_amount=none,False
2022-06-05T17:00:00+00:00,,,,0.0004433691662911224,,WETH,pool_swap_ratio,0,4042,1212248.923,,14910193,0.0,,0,0,0.0,0.0,0.0,0.0,,0,0,,,,0.0,0.0,0.0,0,0.0,0.0,0.0,0.0,0.0,0.0,0.0,,2,2,price=carried;tvl=carried;lp_amount=none,True
2022-06-05T18:00:00+00:00,,,,0.0004433691662911224,,WETH,pool_swap_ratio,0,7642,1212248.923,,14910193,0.0,,0,0,0.0,0.0,0.0,0.0,,0,0,,,,0.0,0.0,0.0,0,0.0,0.0,0.0,0.0,0.0,0.0,0.0,,2,2,price=carried;tvl=carried;lp_amount=none,True
2022-06-05T19:00:00+00:00,0.000437013583276906,0.000437013583276906,0.0004353669335049968,0.0004353669335049968,0.0004360926364244454,WETH,pool_swap_ratio,2,1122,1219400.9091,,14910846,7151.9861,,2,2,0.0,0.0,0.0,0.0,,0,0,,,,7151.9861,0.0,7151.9861,2,-0.018213554682001816,0.005882431449563971,0.0,0.0,0.005899766924354694,0.0,0.005899766924354694,-0.0016641026672651327,2,2,price=observed;tvl=observed;lp_amount=none,False
2022-06-05T20:00:00+00:00,,,,0.0004353669335049968,,WETH,pool_swap_ratio,0,4722,1219400.9091,,14910846,0.0,,0,0,0.0,0.0,0.0,0.0,,0,0,,,,0.0,0.0,0.0,0,0.0,0.0,0.0,0.0,0.0,0.0,0.0,,2,2,price=carried;tvl=carried;lp_amount=none,True
2022-06-05T21:00:00+00:00,0.0004368904382332488,0.0004368904382332488,0.0004368904382332488,0.0004368904382332488,0.0004368904382332488,WETH,pool_swap_ratio,1,2195,1216190.2412,,14911261,3210.6679,,1,1,0.0,0.0,0.0,0.0,,0,0,,,,0.0,3210.6679,-3210.6679,1,0.0034932494166636185,-0.002636460359418799,0.0,0.0,-0.0026329879500989455,0.0,0.0026329879500989455,0.0,2,2,price=observed;tvl=observed;lp_amount=none,False
2022-06-05T22:00:00+00:00,0.0004318137265579055,0.00043822771787499975,0.0004146883510673958,0.00042107361255815513,0.0004219717933866507,WETH,pool_swap_ratio,12,1073,1224612.0709,,14911594,26556.7461,,12,8,0.0,0.0,0.0,0.0,,0,0,,,,17489.2879,9067.4582,8421.8297,10,-0.03687478015697891,0.00690089736520142,0.0,0.0,0.006924763424914744,0.0,0.021836013150209777,-0.0021285328606610587,2,2,price=observed;tvl=observed;lp_amount=none,False
2022-06-05T23:00:00+00:00,0.00042285898805999983,0.00042285898805999983,0.00042285898805999983,0.00042285898805999983,0.00042285898805999983,WETH,pool_swap_ratio,1,3424,1224482.0039,,14911685,130.067,,1,1,0.0,0.0,0.0,0.0,,0,0,,,,0.0,130.067,-130.067,1,0.004231091828990604,-0.00010621641811198183,0.0,0.0,-0.00010621077734797299,0.0,0.00010621077734797299,0.0,2,2,price=observed;tvl=observed;lp_amount=none,False
2022-06-06T00:00:00+00:00,0.000412805896011127,0.0004198260718398246,0.00041261000741283456,0.0004198260718398246,0.00041474491659847695,WETH,pool_swap_ratio,3,3230,1227833.1509,,14911952,7762.1452,,3,2,0.0,0.0,0.0,0.0,,0,0,,,,5556.6461,2205.4991,3351.147,2,-0.007198251067505782,0.002733049281537998,0.0,0.0,0.0027367874654968625,0.0,0.006339125585576114,0.012251277925286352,2,2,price=observed;tvl=observed;lp_amount=none,False
2022-06-06T01:00:00+00:00,0.0004165063264494397,0.0004165063264494397,0.00041020729688086136,0.00041020729688086136,0.00041269021471287157,WETH,pool_swap_ratio,5,275,1229555.7312,,14912372,9365.7801,,5,4,0.0,0.0,0.0,0.0,,0,0,,,,5544.180200000001,3821.5999,1722.5803000000005,5,-0.023177876768075093,0.001401960100569227,0.0,0.0,0.0014029433060488321,0.0,0.007627893165398651,-0.0060164204129183885,2,2,price=observed;tvl=observed;lp_amount=none,False
2022-06-06T02:00:00+00:00,0.000413474361010805,0.000413474361010805,0.000413474361010805,0.000413474361010805,0.000413474361010805,WETH,pool_swap_ratio,1,552,1231367.6037,,14912597,1811.8725,,1,1,0.0,0.0,0.0,0.0,,0,0,,,,1811.8725,0.0,1811.8725,1,0.007932873657643221,0.0014725146465920749,0.0,0.0,0.0014735993286222827,0.0,0.0014735993286222827,0.0,2,2,price=observed;tvl=observed;lp_amount=none,False
2022-06-06T03:00:00+00:00,,,,0.000413474361010805,,WETH,pool_swap_ratio,0,4152,1231367.6037,,14912597,0.0,,0,0,0.0,0.0,0.0,0.0,,0,0,,,,0.0,0.0,0.0,0,0.0,0.0,0.0,0.0,0.0,0.0,0.0,,2,2,price=carried;tvl=carried;lp_amount=none,True
2022-06-06T04:00:00+00:00,0.0004157367411289956,0.0004157367411289956,0.0004157367411289956,0.0004157367411289956,0.0004157367411289956,WETH,pool_swap_ratio,1,72,1229767.6037,,14913114,1600.0,,1,1,0.0,0.0,0.0,0.0,,0,0,,,,0.0,1600.0,-1600.0,1,0.005456718382150243,-0.0013002131866598958,0.0,0.0,-0.0012993682757223247,0.0,0.0012993682757223247,0.0,2,2,price=observed;tvl=observed;lp_amount=none,False
2022-06-06T05:00:00+00:00,,,,0.0004157367411289956,,WETH,pool_swap_ratio,0,3672,1229767.6037,,14913114,0.0,,0,0,0.0,0.0,0.0,0.0,,0,0,,,,0.0,0.0,0.0,0,0.0,0.0,0.0,0.0,0.0,0.0,0.0,,2,2,price=carried;tvl=carried;lp_amount=none,True
2022-06-06T06:00:00+00:00,0.0004169231943687784,0.00041938737102300313,0.0004169231943687784,0.00041938737102300313,0.00041704059051751,WETH,pool_swap_ratio,2,1950,1228724.9646,,14913462,1042.6390999999999,,2,1,0.0,0.0,0.0,0.0,,0,0,,,,0.0,1042.6390999999999,-1042.6390999999999,2,0.008742779891547148,-0.0008481938696524813,0.0,0.0,-0.0008478342549137032,0.0,0.0008478342549137032,0.005627223246017943,2,2,price=observed;tvl=observed;lp_amount=none,False
2022-06-06T07:00:00+00:00,0.00040953934948799475,0.00040953934948799475,0.00040953934948799475,0.00040953934948799475,0.00040953934948799475,WETH,pool_swap_ratio,1,45,1231954.1502,,14913829,3229.1856,,1,1,0.0,0.0,0.0,0.0,,0,0,,,,3229.1856,0.0,3229.1856,1,-0.023762015782035035,0.002624631090104503,0.0,0.0,0.002628078449640055,0.0,0.002628078449640055,0.0,2,2,price=observed;tvl=observed;lp_amount=none,False
2022-06-06T08:00:00+00:00,0.00040803610506582444,0.0004133689132084682,0.00040803610506582444,0.0004133689132084682,0.00041070250913714633,WETH,pool_swap_ratio,2,3593,1231954.1502,,14913831,3014.3866,,2,1,0.0,0.0,0.0,0.0,,0,0,,,,1507.1933,1507.1933,0.0,1,0.009307456346938924,0.0,0.0,0.0,0.0,0.0,0.0024468334308631805,0.0064923004169703535,2,2,price=observed;tvl=observed;lp_amount=none,False
2022-06-06T09:00:00+00:00,0.0004116515987886794,0.00041265184217504,0.0004116515987886794,0.00041265184217504,0.0004124894821858341,WETH,pool_swap_ratio,2,2159,1231521.142,,14914176,433.0082,,2,2,0.0,0.0,0.0,0.0,,0,0,,,,0.0,433.0082,-433.0082,2,-0.0017362062850933815,-0.00035154255927018836,0.0,0.0,-0.0003514807754247216,0.0,0.0003514807754247216,0.00039361000999460494,2,2,price=observed;tvl=observed;lp_amount=none,False
2022-06-06T10:00:00+00:00,0.00041390966239000977,0.00041390966239000977,0.0004034009099446182,0.00040803312141904087,0.00040580055866232804,WETH,pool_swap_ratio,5,1750,1234189.1893,,14914467,7131.2355,,5,4,0.0,0.0,0.0,0.0,,0,0,,,,4899.6413999999995,2231.5941,2668.0472999999997,5,-0.011255889226370048,0.0021641214764205694,0.0,0.0,0.0021664648774661474,0.0,0.005790591210166979,0.005501625636179952,2,2,price=observed;tvl=observed;lp_amount=none,False
2022-06-06T11:00:00+00:00,0.0004097738708306526,0.0004097738708306526,0.0004097738708306526,0.0004097738708306526,0.0004097738708306526,WETH,pool_swap_ratio,1,1175,1232094.9775,,14914775,138.6622,,1,1,0.0,0.0,0.0,0.0,,0,1,,,1.0,0.0,2094.2118,-2094.2118,2,0.0042571219299599354,-0.0016982733226959493,0.0,0.0,-0.0016968320725510345,0.0,0.00011235084637116747,0.0,2,2,price=observed;tvl=observed;lp_amount=quantified,False
2022-06-06T12:00:00+00:00,,,,0.0004097738708306526,,WETH,pool_swap_ratio,0,4775,1232094.9775,,14914775,0.0,,0,0,0.0,0.0,0.0,0.0,,0,0,,,,0.0,0.0,0.0,0,0.0,0.0,0.0,0.0,0.0,0.0,0.0,,2,2,price=carried;tvl=carried;lp_amount=none,True
2022-06-06T13:00:00+00:00,0.0004002549218905612,0.00040726107920465256,0.00039431648591775224,0.00039431648591775224,0.0003988782688778431,WETH,pool_swap_ratio,7,894,1239381.4526,,14915280,21544.446900000003,,7,5,0.0,0.0,0.0,0.0,,0,0,,,,14415.461,7128.9859,7286.4751,7,-0.03845162238293003,0.005896472345701952,0.0,0.0,0.005913890757662795,0.0,0.017486027695458244,-0.011436529176995336,2,2,price=observed;tvl=observed;lp_amount=none,False
2022-06-06T14:00:00+00:00,0.0003990216432052752,0.0003990216432052752,0.00039212577968911774,0.00039212577968911774,0.0003933838718257579,WETH,pool_swap_ratio,5,551,1243893.1253,,14915534,11685.972099999999,,5,4,0.0,0.0,0.0,0.0,,0,0,,,,8098.8224,3587.1497,4511.6727,5,-0.005571195727236861,0.003633651875856777,0.0,0.0,0.003640261592212244,0.0,0.009428874440136995,-0.003198128410300982,2,2,price=observed;tvl=observed;lp_amount=none,False
2022-06-06T15:00:00+00:00,0.00038558527108008717,0.00039140028378915664,0.0003779975476912894,0.0003779975476912894,0.0003834541675791691,WETH,pool_swap_ratio,4,1393,1249486.5840999999,,14915719,6623.5562,,4,4,0.0,0.0,0.0,0.0,,0,0,,,,6108.5075,515.0486999999999,5593.458799999999,4,-0.03669494686830899,0.004486655732356924,0.0,0.0,0.004496735841876269,0.0,0.005324859560102917,-0.014230174944579566,2,2,price=observed;tvl=observed;lp_amount=none,False
2022-06-06T16:00:00+00:00,,,,0.0003779975476912894,,WETH,pool_swap_ratio,0,4993,1249486.5840999999,,14915719,0.0,,0,0,0.0,0.0,0.0,0.0,,0,0,,,,0.0,0.0,0.0,0,0.0,0.0,0.0,0.0,0.0,0.0,0.0,,2,2,price=carried;tvl=carried;lp_amount=none,True
2022-06-06T17:00:00+00:00,0.00038067467553602226,0.00038067467553602226,0.00038067467553602226,0.00038067467553602226,0.00038067467553602226,WETH,pool_swap_ratio,1,1015,1248549.2377,,14916209,937.3464,,1,1,0.0,0.0,0.0,0.0,,0,0,,,,0.0,937.3464,-937.3464,1,0.007057432378520759,-0.0007504667753862539,0.0,0.0,-0.0007501852456264401,0.0,0.0007501852456264401,0.0,2,2,price=observed;tvl=observed;lp_amount=none,False
2022-06-06T18:00:00+00:00,0.000374743728892945,0.00038038933754353963,0.0003703089359637974,0.0003719615932965855,0.00037372577817673127,WETH,pool_swap_ratio,9,275,1256219.6295999999,,14916508,15377.2277,,9,6,0.0,0.0,0.0,0.0,,0,0,,,,11523.809799999999,3853.4179,7670.391899999999,8,-0.023154535271129574,0.006124649645196213,0.0,0.0,0.006143443661164633,0.0,0.012316076319366449,-0.0047205330302677595,2,2,price=observed;tvl=observed;lp_amount=none,False
2022-06-06T19:00:00+00:00,0.00037000517752763785,0.00037000517752763785,0.0003622261296140695,0.0003622261296140695,0.00036453590491588184,WETH,pool_swap_ratio,9,956,1261699.9788,,14916729,10741.578000000001,,9,6,0.0,0.0,0.0,0.0,,0,0,,,,8110.9636,2630.6144,5480.349200000001,9,-0.026521920872295206,0.004353084058599882,0.0,0.0,0.0043625724919973035,0.0,0.008550716568105443,-0.006336207958295259,2,2,price=observed;tvl=observed;lp_amount=none,False
2022-06-06T20:00:00+00:00,0.0003600504161389761,0.0004328816914632531,0.0003600504161389761,0.0003833503174121292,0.00038674063524863717,WETH,pool_swap_ratio,21,849,1247821.2533,,14916972,97374.95249999998,,21,13,0.0,0.0,0.0,0.0,,0,0,,,,41748.1135,55626.839,-13878.7255,20,0.0566805537557446,-0.01106096798192965,0.0,0.0,-0.011000020395656998,0.0,0.07717758114937363,-0.008766386377599855,2,2,price=observed;tvl=observed;lp_amount=none,False
2022-06-06T21:00:00+00:00,0.0003781479365500723,0.0003801124162963513,0.00037585589351905673,0.0003801124162963513,0.00037807835940016534,WETH,pool_swap_ratio,3,2793,1251372.8854,,14917074,6174.7813,,3,2,0.0,0.0,0.0,0.0,,0,0,,,,4863.2067,1311.5746,3551.6321,3,-0.008482196670715704,0.0028422237679841633,0.0,0.0,0.002846266715370747,0.0,0.0049484501755921485,0.005379987628524985,2,2,price=observed;tvl=observed;lp_amount=none,False
2022-06-06T22:00:00+00:00,0.0003788009342679969,0.0003788009342679969,0.0003788009342679969,0.0003788009342679969,0.0003788009342679969,WETH,pool_swap_ratio,1,894,1251228.8003999998,,14917462,144.085,,1,1,0.0,0.0,0.0,0.0,,0,0,,,,0.0,144.085,-144.085,1,-0.003456213632017487,-0.00011514816838564652,0.0,0.0,-0.00011514153908964025,0.0,0.00011514153908964025,0.0,2,2,price=observed;tvl=observed;lp_amount=none,False
2022-06-06T23:00:00+00:00,0.00038492933780077325,0.00039433589730071203,0.00037813754954434706,0.00037813754954434706,0.0003859532669451399,WETH,pool_swap_ratio,4,2274,1252231.6361,,14917594,9873.350699999999,,4,3,0.0,0.0,0.0,0.0,,0,0,,,,5438.093199999999,4435.2575,1002.8356999999996,4,-0.0017528105854896256,0.0008011596580626789,0.0,0.0,0.0008014806721835427,0.0,0.007890923464072783,-0.02025042426160828,2,2,price=observed;tvl=observed;lp_amount=none,False
2022-06-07T00:00:00+00:00,0.0003753017405016337,0.0003885921245115477,0.00036391359527600774,0.0003774172822090928,0.0003767139160980423,WETH,pool_swap_ratio,18,102,1254448.4276,,14917953,53631.4611,,18,10,0.0,0.0,0.0,0.0,,0,0,,,,27924.126300000004,25707.3348,2216.791500000003,16,-0.001906592409102488,0.001768707630468017,0.0,0.0,0.0017702727163993928,0.0,0.042828706410127086,0.0018671094456395032,2,2,price=observed;tvl=observed;lp_amount=none,False
2022-06-07T01:00:00+00:00,0.00037941266597649615,0.0003817930128092551,0.0003759418144600404,0.0003771128858748204,0.00037872607668209396,WETH,pool_swap_ratio,7,8,1252160.4682,,14918216,14200.7014,,7,4,0.0,0.0,0.0,0.0,,0,0,,,,5956.371,8244.3304,-2287.9594000000006,6,-0.0008068500469876954,-0.0018255421013137515,0.0,0.0,-0.0018238768128374197,0.0,0.011320275180358478,-0.0042595187038775295,2,2,price=observed;tvl=observed;lp_amount=none,False
2022-06-07T02:00:00+00:00,,,,0.0003771128858748204,,WETH,pool_swap_ratio,0,3608,1252160.4682,,14918216,0.0,,0,0,0.0,0.0,0.0,0.0,,0,0,,,,0.0,0.0,0.0,0,0.0,0.0,0.0,0.0,0.0,0.0,0.0,,2,2,price=carried;tvl=carried;lp_amount=none,True
2022-06-07T03:00:00+00:00,0.00038031235510099266,0.0003837245441739525,0.00037306049152124036,0.0003837245441739525,0.0003779681331836925,WETH,pool_swap_ratio,8,811,1249674.6085,,14918678,15709.823499999999,,8,5,0.0,0.0,0.0,0.0,,0,0,,,,6611.9819,9097.8416,-2485.8597,8,0.017380387645170296,-0.001987229726869743,0.0,0.0,-0.001985256493182109,0.0,0.012546174311494686,0.015229884439655672,2,2,price=observed;tvl=observed;lp_amount=none,False
2022-06-07T04:00:00+00:00,0.00037978758596917306,0.00037978758596917306,0.00037978758596917306,0.00037978758596917306,0.00037978758596917306,WETH,pool_swap_ratio,1,938,1250020.9268,,14918916,346.3183,,1,1,0.0,0.0,0.0,0.0,,0,0,,,,346.3183,0.0,346.3183,1,-0.01031285016224215,0.0002770883872256465,0.0,0.0,0.0002771267797588447,0.0,0.0002771267797588447,0.0,2,2,price=observed;tvl=observed;lp_amount=none,False
2022-06-07T05:00:00+00:00,0.0003890416721157535,0.0003907431731756115,0.0003848605151229716,0.0003901946998390691,0.0003885283866548614,WETH,pool_swap_ratio,4,1309,1245944.3586000002,,14919124,7607.3240000000005,,4,3,0.0,0.0,0.0,0.0,,0,0,,,,1765.3779,5841.9461,-4076.5682,3,0.027033732767446722,-0.0032665292651832423,0.0,0.0,-0.0032611999628164947,0.0,0.006085757315659046,0.004288781055495683,2,2,price=observed;tvl=observed;lp_amount=none,False
2022-06-07T06:00:00+00:00,0.00038086072149136975,0.0003883165454871436,0.0003767414454835397,0.0003870507816955126,0.0003812967637667145,WETH,pool_swap_ratio,7,2513,1247804.3398000002,,14919287,20987.998199999998,,7,5,0.0,0.0,0.0,0.0,,0,0,,,,11423.9897,9564.0085,1859.9812000000002,6,-0.008089941633468966,0.0014917153008226001,0.0,0.0,0.0014928284615293413,0.0,0.0168450525540186,0.015090655037183875,2,2,price=observed;tvl=observed;lp_amount=none,False
2022-06-07T07:00:00+00:00,0.00037566903219208377,0.00038152420126419005,0.00037114422203330625,0.00038119641223811576,0.00037633266207457794,WETH,pool_swap_ratio,8,27,1176279.5616000001,,14919694,27312.357800000005,,8,5,0.0,69431.5565,-69431.5565,69431.5565,0.0,0,1,,,1.0,14286.5183,85811.2965,-71524.7782,8,-0.015241143294342742,-0.059028934975801944,-0.05564298366771876,0.05564298366771876,-0.05732050764582538,0.05564298366771876,0.021888333714545075,0.012924071316918972,2,2,price=observed;tvl=observed;lp_amount=quantified,False
2022-06-07T08:00:00+00:00,0.0003842466313630888,0.0003842466313630888,0.00038219179714364047,0.00038219179714364047,0.00038334094592378567,WETH,pool_swap_ratio,2,457,1176303.7551,,14919935,204.1935,,2,2,0.0,0.0,0.0,0.0,,0,0,,,,114.1935,90.0,24.1935,2,0.002607809388195359,2.056760313571905e-05,0.0,0.0,2.0567814650363808e-05,0.0,0.00017359266169876463,-0.002997719894951345,2,2,price=observed;tvl=observed;lp_amount=none,False
2022-06-07T09:00:00+00:00,0.00038379613602596685,0.00038379613602596685,0.0003744691847516336,0.0003744691847516336,0.0003752309937394348,WETH,pool_swap_ratio,4,438,1184903.1746,,14920173,8599.4195,,4,2,0.0,0.0,0.0,0.0,,0,0,,,,8599.4195,0.0,8599.4195,4,-0.020413053502116738,0.007283950773357471,0.0,0.0,0.007310543269726234,0.0,0.007310543269726234,-0.0020302400401663867,2,2,price=observed;tvl=observed;lp_amount=none,False
2022-06-07T10:00:00+00:00,0.0003730045298094204,0.0003730045298094204,0.000366766471894094,0.00036784924650196875,0.0003679247611107084,WETH,pool_swap_ratio,6,796,1185178.2425000002,,14920400,9768.1913,,6,5,0.0,0.0,0.0,0.0,,0,0,,,,5021.6296,4746.5617,275.0679,6,-0.017836317872292347,0.00023211683721122435,0.0,0.0,0.00023214377840860922,0.0,0.008243873009537299,-0.00020524470413929574,2,2,price=observed;tvl=observed;lp_amount=none,False
2022-06-07T11:00:00+00:00,,,,0.00036784924650196875,,WETH,pool_swap_ratio,0,4396,1185178.2425000002,,14920400,0.0,,0,0,0.0,0.0,0.0,0.0,,0,0,,,,0.0,0.0,0.0,0,0.0,0.0,0.0,0.0,0.0,0.0,0.0,,2,2,price=carried;tvl=carried;lp_amount=none,True
2022-06-07T12:00:00+00:00,0.00037005787705197095,0.00037005787705197095,0.00037005787705197095,0.00037005787705197095,0.00037005787705197095,WETH,pool_swap_ratio,1,3132,1185164.7311,,14920721,13.5114,,1,1,0.0,0.0,0.0,0.0,,0,0,,,,0.0,13.5114,-13.5114,1,0.005986219877787251,-1.1400375515962253e-05,0.0,0.0,-1.1400310531772184e-05,0.0,1.1400310531772184e-05,0.0,2,2,price=observed;tvl=observed;lp_amount=none,False
2022-06-07T13:00:00+00:00,0.0003743916244787002,0.0003744109338834402,0.0003743916244787002,0.0003744109338834402,0.00037440586198643017,WETH,pool_swap_ratio,2,782,1180060.8872,,14921135,5103.8439,,2,2,0.0,0.0,0.0,0.0,,0,0,,,,0.0,5103.8439,-5103.8439,2,0.011694530055494999,-0.004315742043691072,0.0,0.0,-0.004306442611790273,0.0,0.004306442611790273,1.3546521368867914e-05,2,2,price=observed;tvl=observed;lp_amount=none,False
2022-06-07T14:00:00+00:00,0.00037447564803067717,0.00037447564803067717,0.00036349826310675087,0.0003689997851307439,0.0003677338614698703,WETH,pool_swap_ratio,8,404,1184894.0775,,14921451,22930.6507,,8,6,0.0,0.0,0.0,0.0,,0,0,,,,13881.9205,9048.7302,4833.1903,7,-0.014557886186670019,0.004087348047563582,0.0,0.0,0.004095712647055014,0.0,0.019431752165270814,0.003442499572417823,2,2,price=observed;tvl=observed;lp_amount=none,False
2022-06-07T15:00:00+00:00,0.0003740424336251742,0.0003740424336251742,0.0003740424336251742,0.0003740424336251742,0.0003740424336251742,WETH,pool_swap_ratio,1,455,1182831.6591,,14921712,2062.4184,,1,1,0.0,0.0,0.0,0.0,,0,0,,,,0.0,2062.4184,-2062.4184,1,0.013573188130548117,-0.0017421096453274889,0.0,0.0,-0.0017405930531372753,0.0,0.0017405930531372753,0.0,2,2,price=observed;tvl=observed;lp_amount=none,False
2022-06-07T16:00:00+00:00,0.00037925943905632673,0.00037925943905632673,0.00037925943905632673,0.00037925943905632673,0.00037925943905632673,WETH,pool_swap_ratio,1,3422,1182304.3155999999,,14921752,527.3435,,1,1,0.0,0.0,0.0,0.0,,0,0,,,,0.0,527.3435,-527.3435,1,0.013851256793957618,-0.0004459308169847216,0.0,0.0,-0.00044583140461530106,0.0,0.00044583140461530106,0.0,2,2,price=observed;tvl=observed;lp_amount=none,False
2022-06-07T17:00:00+00:00,0.00037798772602035943,0.00039599280649806046,0.0003720957649801113,0.0003720957649801113,0.00038627648551064087,WETH,pool_swap_ratio,8,327,1184481.3681,,14922167,38243.708900000005,,8,6,0.0,0.0,0.0,0.0,,0,0,,,,20210.380699999998,18033.3282,2177.052499999998,8,-0.019069252778097793,0.0018396706799376444,0.0,0.0,0.0018413639122133966,0.0,0.03234675573402771,-0.03671132223278695,2,2,price=observed;tvl=observed;lp_amount=none,False
2022-06-07T18:00:00+00:00,0.0003625991005846766,0.00036359350391276427,0.0003625991005846766,0.00036359350391276427,0.00036305262745658365,WETH,pool_swap_ratio,2,405,1185097.7803,,14922418,7017.347,,2,2,0.0,0.0,0.0,0.0,,0,0,,,,3816.8796,3200.4674,616.4122000000002,2,-0.02311475776803498,0.0005202714704173386,0.0,0.0,0.000520406835093382,0.0,0.005924404713310407,0.0014898017953204334,2,2,price=observed;tvl=observed;lp_amount=none,False
2022-06-07T19:00:00+00:00,0.00036028966464110573,0.00036672898378799907,0.0003542658052162519,0.0003614091527686719,0.00035916604360852777,WETH,pool_swap_ratio,6,1526,1192775.6132,,14922591,17244.8009,,6,3,0.0,0.0,0.0,0.0,,0,0,,,,12461.316900000002,4783.484,7677.832900000001,6,-0.006025792411854273,0.006457753052021753,0.0,0.0,0.006478649295973204,0.0,0.014551373892232409,0.006245326361054904,2,2,price=observed;tvl=observed;lp_amount=none,False
2022-06-07T20:00:00+00:00,,,,0.0003614091527686719,,WETH,pool_swap_ratio,0,5126,1192775.6132,,14922591,0.0,,0,0,0.0,0.0,0.0,0.0,,0,0,,,,0.0,0.0,0.0,0,0.0,0.0,0.0,0.0,0.0,0.0,0.0,,2,2,price=carried;tvl=carried;lp_amount=none,True
2022-06-07T21:00:00+00:00,,,,0.0003614091527686719,,WETH,pool_swap_ratio,0,8726,1192775.6132,,14922591,0.0,,0,0,0.0,0.0,0.0,0.0,,0,0,,,,0.0,0.0,0.0,0,0.0,0.0,0.0,0.0,0.0,0.0,0.0,,2,2,price=carried;tvl=carried;lp_amount=none,True
2022-06-07T22:00:00+00:00,0.0003659968854349241,0.0003698051965727723,0.0003659968854349241,0.0003661839548684369,0.00036637881463838897,WETH,pool_swap_ratio,3,28,1184945.5868,,14923410,9212.979599999999,,3,3,0.0,0.0,0.0,0.0,,0,0,,,,691.4766,8521.503,-7830.026400000001,3,0.01312511236059047,-0.006586184035456041,0.0,0.0,-0.00656454266280098,0.0,0.007723983872610583,-0.0005318532681656274,2,2,price=observed;tvl=observed;lp_amount=none,False
2022-06-07T23:00:00+00:00,0.00037952500990381835,0.0003825832753641573,0.0003743620682685314,0.0003743620682685314,0.00037851377230649575,WETH,pool_swap_ratio,5,3144,1181733.7472,,14923446,15066.222,,5,4,0.0,0.0,0.0,0.0,,0,0,,,,5927.191199999999,9139.0308,-3211.839600000001,4,0.022087610019596717,-0.0027142177866295333,0.0,0.0,-0.002710537627870088,0.0,0.012714695229750612,-0.010968435871344107,2,2,price=observed;tvl=observed;lp_amount=none,False
2022-06-08T00:00:00+00:00,,,,0.0003743620682685314,,WETH,pool_swap_ratio,0,6744,1181733.7472,,14923446,0.0,,0,0,0.0,0.0,0.0,0.0,,0,0,,,,0.0,0.0,0.0,0,0.0,0.0,0.0,0.0,0.0,0.0,0.0,,2,2,price=carried;tvl=carried;lp_amount=none,True
2022-06-08T01:00:00+00:00,,,,0.0003743620682685314,,WETH,pool_swap_ratio,0,10344,1181733.7472,,14923446,0.0,,0,0,0.0,0.0,0.0,0.0,,0,0,,,,0.0,0.0,0.0,0,0.0,0.0,0.0,0.0,0.0,0.0,0.0,,2,2,price=carried;tvl=carried;lp_amount=none,True
2022-06-08T02:00:00+00:00,,,,0.0003743620682685314,,WETH,pool_swap_ratio,0,13944,1181733.7472,,14923446,0.0,,0,0,0.0,0.0,0.0,0.0,,0,0,,,,0.0,0.0,0.0,0,0.0,0.0,0.0,0.0,0.0,0.0,0.0,,2,2,price=carried;tvl=carried;lp_amount=none,True
2022-06-08T03:00:00+00:00,0.0003702391176750463,0.00040584839091953995,0.0003702391176750463,0.00040584839091953995,0.0003890692954893523,WETH,pool_swap_ratio,9,325,1175130.5885,,14924622,38783.5023,,9,7,0.0,0.0,0.0,0.0,,0,0,,,,16090.1718,22693.3305,-6603.1587,8,0.08075624239660702,-0.005603356864389865,0.0,0.0,-0.005587687341286076,0.0,0.03281915439234399,0.04312623901375656,2,2,price=observed;tvl=observed;lp_amount=none,False
2022-06-08T04:00:00+00:00,0.00038266802057274356,0.00038445349731282703,0.00038266802057274356,0.00038445349731282703,0.0003836123166142942,WETH,pool_swap_ratio,3,425,1174011.1130000001,,14924854,1119.4755,,3,3,0.0,0.0,0.0,0.0,,0,0,,,,0.0,1119.4755,-1119.4755,3,-0.054156830120322456,-0.0009530932800078706,0.0,0.0,-0.0009526392308696166,0.0,0.0009526392308696166,0.002192788557877856,2,2,price=observed;tvl=observed;lp_amount=none,False
2022-06-08T05:00:00+00:00,0.00038258385581392643,0.00038258385581392643,0.0003813670671041834,0.0003813670671041834,0.0003821622898189432,WETH,pool_swap_ratio,2,635,1175706.4046,,14925074,5520.606400000001,,2,2,0.0,0.0,0.0,0.0,,0,0,,,,3607.949,1912.6574,1695.2916,2,-0.008060496317004567,0.0014429750652662694,0.0,0.0,0.0014440166547213934,0.0,0.00470234594789564,-0.002080850821614466,2,2,price=observed;tvl=observed;lp_amount=none,False
2022-06-08T06:00:00+00:00,0.00038203427687245753,0.00038203427687245753,0.00038203427687245753,0.00038203427687245753,0.00038203427687245753,WETH,pool_swap_ratio,1,451,1176179.8558,,14925330,473.4512,,1,1,0.0,0.0,0.0,0.0,,0,0,,,,473.4512,0.0,473.4512,1,0.0017479925688514387,0.0004026140331419254,0.0,0.0,0.00040269509305010376,0.0,0.00040269509305010376,0.0,2,2,price=observed;tvl=observed;lp_amount=none,False
2022-06-08T07:00:00+00:00,,,,0.00038203427687245753,,WETH,pool_swap_ratio,0,4051,1176179.8558,,14925330,0.0,,0,0,0.0,0.0,0.0,0.0,,0,0,,,,0.0,0.0,0.0,0,0.0,0.0,0.0,0.0,0.0,0.0,0.0,,2,2,price=carried;tvl=carried;lp_amount=none,True
2022-06-08T08:00:00+00:00,0.0003812402640461692,0.0003812402640461692,0.0003812402640461692,0.0003812402640461692,0.0003812402640461692,WETH,pool_swap_ratio,1,3287,1177364.7157,,14925635,1184.8599,,1,1,0.0,0.0,0.0,0.0,,0,0,,,,1184.8599,0.0,1184.8599,1,-0.0020805439462202925,0.0010068727947184543,0.0,0.0,0.0010073798613002907,0.0,0.0010073798613002907,0.0,2,2,price=observed;tvl=observed;lp_amount=none,False
2022-06-08T09:00:00+00:00,,,,0.0003812402640461692,,WETH,pool_swap_ratio,0,6887,1177364.7157,,14925635,0.0,,0,0,0.0,0.0,0.0,0.0,,0,0,,,,0.0,0.0,0.0,0,0.0,0.0,0.0,0.0,0.0,0.0,0.0,,2,2,price=carried;tvl=carried;lp_amount=none,True
2022-06-08T10:00:00+00:00,,,,0.0003812402640461692,,WETH,pool_swap_ratio,0,10487,1177364.7157,,14925635,0.0,,0,0,0.0,0.0,0.0,0.0,,0,0,,,,0.0,0.0,0.0,0,0.0,0.0,0.0,0.0,0.0,0.0,0.0,,2,2,price=carried;tvl=carried;lp_amount=none,True
2022-06-08T11:00:00+00:00,,,,0.0003812402640461692,,WETH,pool_swap_ratio,0,14087,1177364.7157,,14925635,0.0,,0,0,0.0,0.0,0.0,0.0,,0,0,,,,0.0,0.0,0.0,0,0.0,0.0,0.0,0.0,0.0,0.0,0.0,,2,2,price=carried;tvl=carried;lp_amount=none,True
2022-06-08T12:00:00+00:00,,,,0.0003812402640461692,,WETH,pool_swap_ratio,0,17687,1177364.7157,,14925635,0.0,,0,0,0.0,0.0,0.0,0.0,,0,0,,,,0.0,0.0,0.0,0,0.0,0.0,0.0,0.0,0.0,0.0,0.0,,2,2,price=carried;tvl=carried;lp_amount=none,True
2022-06-08T13:00:00+00:00,0.00037747501304058836,0.00038046721205915144,0.00037747501304058836,0.00038046721205915144,0.000377853369610288,WETH,pool_swap_ratio,2,2198,1179654.2179,,14926912,2289.5022,,2,2,0.0,0.0,0.0,0.0,,0,0,,,,2289.5022,0.0,2289.5022,2,-0.0020297877510337442,0.0019427106735840339,0.0,0.0,0.001944598958563813,0.0,0.001944598958563813,0.006917610531194329,2,2,price=observed;tvl=observed;lp_amount=none,False
2022-06-08T14:00:00+00:00,0.0003774711796271247,0.0003813561327905605,0.0003774711796271247,0.0003813561327905605,0.0003812790327424746,WETH,pool_swap_ratio,2,1300,1176378.9676,,14927234,3275.2503,,2,1,0.0,0.0,0.0,0.0,,0,0,,,,0.0,3275.2503,-3275.2503,2,0.002333667354356359,-0.002780310931101603,0.0,0.0,-0.002776449446203434,0.0,0.002776449446203434,0.00020221423541544326,2,2,price=observed;tvl=observed;lp_amount=none,False
2022-06-08T15:00:00+00:00,0.00037729987476872707,0.00037729987476872707,0.00037729987476872707,0.00037729987476872707,0.00037729987476872707,WETH,pool_swap_ratio,1,1856,1181112.6954,,14927453,4733.7278,,1,1,0.0,0.0,0.0,0.0,,0,0,,,,4733.7278,0.0,4733.7278,1,-0.010693375214900486,0.004015907446232413,0.0,0.0,0.004023982007819772,0.0,0.004023982007819772,0.0,2,2,price=observed;tvl=observed;lp_amount=none,False
2022-06-08T16:00:00+00:00,0.0003795077782388439,0.0003795077782388439,0.0003795077782388439,0.0003795077782388439,0.0003795077782388439,WETH,pool_swap_ratio,1,2906,1181292.6954,,14927634,180.0,,1,1,0.0,0.0,0.0,0.0,,0,0,,,,180.0,0.0,180.0,1,0.0058347975877882765,0.00015238705520181334,0.0,0.0,0.00015239866669881195,0.0,0.00015239866669881195,0.0,2,2,price=observed;tvl=observed;lp_amount=none,False
2022-06-08T17:00:00+00:00,,,,0.0003795077782388439,,WETH,pool_swap_ratio,0,6506,1181292.6954,,14927634,0.0,,0,0,0.0,0.0,0.0,0.0,,0,0,,,,0.0,0.0,0.0,0,0.0,0.0,0.0,0.0,0.0,0.0,0.0,,2,2,price=carried;tvl=carried;lp_amount=none,True
2022-06-08T18:00:00+00:00,0.0003721654975853541,0.0003721654975853541,0.00037154021032037983,0.00037154021032037983,0.0003719336450074678,WETH,pool_swap_ratio,2,1152,1182728.423,,14928257,5555.9504,,2,2,0.0,0.0,0.0,0.0,,0,0,,,,3495.839,2060.1114,1435.7276000000002,2,-0.02121799660322691,0.0012146488585438996,0.0,0.0,0.001215386843236041,0.0,0.0047032800775244675,-0.0010578088117844109,2,2,price=observed;tvl=observed;lp_amount=none,False
2022-06-08T19:00:00+00:00,,,,0.00037154021032037983,,WETH,pool_swap_ratio,0,4752,1182728.423,,14928257,0.0,,0,0,0.0,0.0,0.0,0.0,,0,0,,,,0.0,0.0,0.0,0,0.0,0.0,0.0,0.0,0.0,0.0,0.0,,2,2,price=carried;tvl=carried;lp_amount=none,True
2022-06-08T20:00:00+00:00,0.00037259344462925605,0.00037259344462925605,0.0003626837204955382,0.0003685660057512591,0.00036761429632359993,WETH,pool_swap_ratio,10,884,1187566.7434,,14928755,10631.6796,,10,3,0.0,0.0,0.0,0.0,,0,0,,,,7735.0,2896.6796,4838.3204000000005,10,-0.008037280366318887,0.004082468030500316,0.0,0.0,0.004090812654799961,0.0,0.008989113133032401,0.0025888803487157386,2,2,price=observed;tvl=observed;lp_amount=none,False
2022-06-08T21:00:00+00:00,,,,0.0003685660057512591,,WETH,pool_swap_ratio,0,4484,1187566.7434,,14928755,0.0,,0,0,0.0,0.0,0.0,0.0,,0,0,,,,0.0,0.0,0.0,0,0.0,0.0,0.0,0.0,0.0,0.0,0.0,,2,2,price=carried;tvl=carried;lp_amount=none,True
2022-06-08T22:00:00+00:00,0.0003664307492234131,0.00037489744926039593,0.0003664307492234131,0.00037489744926039593,0.0003726543027808438,WETH,pool_swap_ratio,2,90,1181872.517,,14929297,5694.2264,,2,2,0.0,0.0,0.0,0.0,,0,0,,,,0.0,5694.2264,-5694.2264,2,0.017032704257967702,-0.004806400786257508,0.0,0.0,-0.004794868525618566,0.0,0.004794868525618566,0.00601937630348881,2,2,price=observed;tvl=observed;lp_amount=none,False
2022-06-08T23:00:00+00:00,0.0003719492305851621,0.0004165476053251897,0.00036791964119196755,0.00037189849634683344,0.0003904265741953034,WETH,pool_swap_ratio,36,1115,1182596.8806,,14929485,176236.88980000006,,36,16,0.0,0.0,0.0,0.0,,0,0,,,,88480.6267,87756.26310000001,724.3635999999824,34,-0.008031562174526292,0.0006127071243945467,0.0,0.0,0.0006128948677465375,0.0,0.14911666636207943,-0.04745598551189212,2,2,price=observed;tvl=observed;lp_amount=none,False
2022-06-09T00:00:00+00:00,,,,0.00037189849634683344,,WETH,pool_swap_ratio,0,4715,1182596.8806,,14929485,0.0,,0,0,0.0,0.0,0.0,0.0,,0,0,,,,0.0,0.0,0.0,0,0.0,0.0,0.0,0.0,0.0,0.0,0.0,,2,2,price=carried;tvl=carried;lp_amount=none,True
2022-06-09T01:00:00+00:00,0.00038019939495675714,0.0003889623869040545,0.00038019939495675714,0.0003836523606632029,0.00038330970553996345,WETH,pool_swap_ratio,3,550,1180191.1466,,14930018,12232.7136,,3,2,0.0,0.0,0.0,0.0,,0,0,,,,4913.4898,7319.2238,-2405.7339999999995,3,0.031115874015951277,-0.0020363526508796657,0.0,0.0,-0.0020342806914723393,0.0,0.010343942048784733,0.0008939380304935352,2,2,price=observed;tvl=observed;lp_amount=none,False
2022-06-09T02:00:00+00:00,,,,0.0003836523606632029,,WETH,pool_swap_ratio,0,4150,1180191.1466,,14930018,0.0,,0,0,0.0,0.0,0.0,0.0,,0,0,,,,0.0,0.0,0.0,0,0.0,0.0,0.0,0.0,0.0,0.0,0.0,,2,2,price=carried;tvl=carried;lp_amount=none,True
2022-06-09T03:00:00+00:00,0.00037793906677395934,0.00037793906677395934,0.00037793906677395934,0.00037793906677395934,0.00037793906677395934,WETH,pool_swap_ratio,1,2671,1179556.1236,,14930371,635.023,,1,1,0.0,0.0,0.0,0.0,,0,0,,,,0.0,635.023,-635.023,1,-0.015003848158583624,-0.0005382127343452823,0.0,0.0,-0.0005380679238523615,0.0,0.0005380679238523615,0.0,2,2,price=observed;tvl=observed;lp_amount=none,False
2022-06-09T04:00:00+00:00,0.00036952892337780937,0.0003752962649257921,0.00036858183285334856,0.0003752962649257921,0.00037081580925115375,WETH,pool_swap_ratio,3,2005,1183318.9552,,14930652,8073.875,,3,2,0.0,0.0,0.0,0.0,,0,0,,,,5918.3533,2155.5217,3762.8316,3,-0.007017229759588741,0.0031849629416328814,0.0,0.0,0.003190040325097762,0.0,0.006844841748910233,0.012082698641372458,2,2,price=observed;tvl=observed;lp_amount=none,False
2022-06-09T05:00:00+00:00,0.00037515675133731086,0.00037515675133731086,0.00036559153011282453,0.00037081976732062033,0.0003688976334120629,WETH,pool_swap_ratio,5,1570,1186040.8554,,14930910,8518.757,,5,3,0.0,0.0,0.0,0.0,,0,0,,,,5620.3286,2898.4284,2721.9002,4,-0.011999611658415352,0.0022975838327361623,0.0,0.0,0.0023002253010811907,0.0,0.007199037049617947,0.005210480454371336,2,2,price=observed;tvl=observed;lp_amount=none,False
2022-06-09T06:00:00+00:00,,,,0.00037081976732062033,,WETH,pool_swap_ratio,0,5170,1186040.8554,,14930910,0.0,,0,0,0.0,0.0,0.0,0.0,,0,0,,,,0.0,0.0,0.0,0,0.0,0.0,0.0,0.0,0.0,0.0,0.0,,2,2,price=carried;tvl=carried;lp_amount=none,True
2022-06-09T07:00:00+00:00,0.0003689660454995926,0.0003700723463726531,0.0003689660454995926,0.0003700723463726531,0.000369651583559771,WETH,pool_swap_ratio,3,108,1185672.4311,,14931485,368.4243,,3,1,0.0,0.0,0.0,0.0,,0,0,,,,0.0,368.4243,-368.4243,3,-0.00201762493540973,-0.00031068199099840014,0.0,0.0,-0.00031063373434614655,0.0,0.00031063373434614655,0.0011382686605319048,2,2,price=observed;tvl=observed;lp_amount=none,False
2022-06-09T08:00:00+00:00,0.00037038469598123225,0.00037038469598123225,0.0003652490147185815,0.00036577267506711434,0.0003658793096999079,WETH,pool_swap_ratio,4,1888,1187565.847,,14931609,7006.0847,,4,3,0.0,0.0,0.0,0.0,,0,0,,,,4449.7503,2556.3344,1893.4158999999995,4,-0.01168648320063552,0.0015956394426993093,0.0,0.0,0.0015969131526853459,0.0,0.005908954713149694,-0.00029144756198717925,2,2,price=observed;tvl=observed;lp_amount=none,False
2022-06-09T09:00:00+00:00,,,,0.00036577267506711434,,WETH,pool_swap_ratio,0,5488,1187565.847,,14931609,0.0,,0,0,0.0,0.0,0.0,0.0,,0,0,,,,0.0,0.0,0.0,0,0.0,0.0,0.0,0.0,0.0,0.0,0.0,,2,2,price=carried;tvl=carried;lp_amount=none,True
2022-06-09T10:00:00+00:00,0.00037098340661737656,0.00038054798657956524,0.00037098340661737656,0.0003767485805910634,0.00037563843786961933,WETH,pool_swap_ratio,3,3502,1185565.8422,,14932000,7539.88,,3,2,0.0,0.0,0.0,0.0,,0,0,,,,2769.9376,4769.9424,-2000.0047999999997,3,0.029566035929825946,-0.0016855409100229172,0.0,0.0,-0.0016841211837241388,0.0,0.006349020577719595,0.0029553491057519032,2,2,price=observed;tvl=observed;lp_amount=none,False
2022-06-09T11:00:00+00:00,0.00036982025837788206,0.0003702441537323013,0.00036982025837788206,0.0003702441537323013,0.00037012417830275743,WETH,pool_swap_ratio,2,33,1185860.8967,,14932478,679.9455,,2,2,0.0,0.0,0.0,0.0,,0,0,,,,487.5,192.4455,295.05449999999996,2,-0.01741540702202808,0.000248841338155246,0.0,0.0,0.00024887230172934206,0.0,0.000573519812900696,0.00032414912771705495,2,2,price=observed;tvl=observed;lp_amount=none,False
2022-06-09T12:00:00+00:00,,,,0.0003702441537323013,,WETH,pool_swap_ratio,0,3633,1185860.8967,,14932478,0.0,,0,0,0.0,0.0,0.0,0.0,,0,0,,,,0.0,0.0,0.0,0,0.0,0.0,0.0,0.0,0.0,0.0,0.0,,2,2,price=carried;tvl=carried;lp_amount=none,True
2022-06-09T13:00:00+00:00,0.0003720978794312034,0.0003720978794312034,0.00037044231450746273,0.00037044231450746273,0.00037119793635282744,WETH,pool_swap_ratio,2,49,1185211.241,,14932978,649.6557,,2,2,0.0,0.0,0.0,0.0,,0,0,,,,0.0,649.6557,-649.6557,2,0.0005350733093861605,-0.0005479847752646497,0.0,0.0,-0.0005478346590294481,0.0,0.0005478346590294481,-0.002035630512359554,2,2,price=observed;tvl=observed;lp_amount=none,False
2022-06-09T14:00:00+00:00,0.0003702322908579877,0.0003714334456992274,0.00036474297596554843,0.000365841470290692,0.0003664458636741945,WETH,pool_swap_ratio,5,1573,1187299.1118,,14933109,9196.4884,,5,4,0.0,0.0,0.0,0.0,,0,0,,,,5642.1795999999995,3554.3088,2087.8707999999997,5,-0.012497637991753217,0.0017600524579520986,0.0,0.0,0.0017616022593899782,0.0,0.00775936650097972,-0.0016493388066726178,2,2,price=observed;tvl=observed;lp_amount=none,False
2022-06-09T15:00:00+00:00,0.0003531773122119375,0.0003896641837309447,0.0003498834110153368,0.0003896641837309447,0.00036965943125212634,WETH,pool_swap_ratio,10,67,1177613.7877,,14933457,60006.28170000001,,10,6,0.0,0.0,0.0,0.0,,0,0,,,,25160.4788,34845.8029,-9685.324100000002,10,0.06308520254937454,-0.008190896376481677,0.0,0.0,-0.008157442386456944,0.0,0.05054015547019801,0.054116710646492594,2,2,price=observed;tvl=observed;lp_amount=none,False
2022-06-09T16:00:00+00:00,0.0003781149766552011,0.0003781149766552011,0.0003640257359884277,0.0003684393388577128,0.00036923234124943923,WETH,pool_swap_ratio,5,455,1186335.937,,14933643,17041.279499999997,,5,5,0.0,0.0,0.0,0.0,,0,0,,,,12881.7144,4159.5651,8722.149300000001,5,-0.056009219154052346,0.007379335346194502,0.0,0.0,0.0074066297381208904,0.0,0.01447102579639744,-0.00214770566696032,2,2,price=observed;tvl=observed;lp_amount=none,False
2022-06-09T17:00:00+00:00,0.0003739618101749067,0.0003739618101749067,0.000368860163316816,0.000368860163316816,0.00037338762408453257,WETH,pool_swap_ratio,2,1239,1185447.4364,,14933844,888.5006,,2,2,0.0,0.0,0.0,0.0,,0,0,,,,0.0,888.5006,-888.5006,2,0.0011415293338993917,-0.0007492257948404375,0.0,0.0,-0.0007489451952765046,0.0,0.0007489451952765046,-0.01212536376591733,2,2,price=observed;tvl=observed;lp_amount=none,False
2022-06-09T18:00:00+00:00,,,,0.000368860163316816,,WETH,pool_swap_ratio,0,4839,1185447.4364,,14933844,0.0,,0,0,0.0,0.0,0.0,0.0,,0,0,,,,0.0,0.0,0.0,0,0.0,0.0,0.0,0.0,0.0,0.0,0.0,,2,2,price=carried;tvl=carried;lp_amount=none,True
2022-06-09T19:00:00+00:00,0.0003685878850832743,0.0003685878850832743,0.0003685878850832743,0.0003685878850832743,0.0003685878850832743,WETH,pool_swap_ratio,1,404,1187847.4364,,14934389,2400.0,,1,1,0.0,0.0,0.0,0.0,,0,0,,,,2400.0,0.0,2400.0,1,-0.0007384337012074308,0.0020225053747949195,0.0,0.0,0.0020245520183403386,0.0,0.0020245520183403386,0.0,2,2,price=observed;tvl=observed;lp_amount=none,False
2022-06-09T20:00:00+00:00,0.00033730330207512637,0.00035037610000915233,0.00033111937349253215,0.000349856397959563,0.00033941067905733847,WETH,pool_swap_ratio,10,1789,1199956.6053,,14934543,82690.1936,,10,8,0.0,0.0,0.0,0.0,,0,0,,,,47399.68280000001,35290.5139,12109.168900000011,10,-0.05215639856758865,0.010142601734975382,0.0,0.0,0.010194212260708475,0.0,0.06961347986792692,0.03077604667960343,2,2,price=observed;tvl=observed;lp_amount=none,False
2022-06-09T21:00:00+00:00,0.0003550072035399188,0.0003550072035399188,0.00035240799715073926,0.00035240799715073926,0.00035486959029670426,WETH,pool_swap_ratio,2,994,1194637.8633,,14934826,5948.635,,2,2,0.0,0.0,0.0,0.0,,0,0,,,,314.9465,5633.6885,-5318.742,2,0.00726680844807806,-0.004442297697097488,0.0,0.0,-0.004432445287194587,0.0,0.004957375103171158,-0.006936613373681566,2,2,price=observed;tvl=observed;lp_amount=none,False
2022-06-09T22:00:00+00:00,0.0003585594742020949,0.00036370288900992967,0.0003585594742020949,0.00036370288900992967,0.00036135080692662695,WETH,pool_swap_ratio,3,652,1189125.2101,,14935091,6651.6766,,3,2,0.0,0.0,0.0,0.0,,0,0,,,,569.5117,6082.1649,-5512.6532,3,0.03154770815378236,-0.004625176963981745,0.0,0.0,-0.004614497304456899,0.0,0.005567943896927714,0.006509137486941707,2,2,price=observed;tvl=observed;lp_amount=none,False
2022-06-09T23:00:00+00:00,0.00037238429344164036,0.0003772386410200473,0.00035902207859463505,0.00036053580176313336,0.0003677023937505276,WETH,pool_swap_ratio,8,485,1196523.8658,,14935342,33300.932499999995,,8,5,0.0,0.0,0.0,0.0,,0,0,,,,20349.7941,12951.1384,7398.655699999999,7,-0.00874603214513256,0.0062026552818617575,0.0,0.0,0.006221931582274507,0.0,0.02800456353725739,-0.01949019671668628,2,2,price=observed;tvl=observed;lp_amount=none,False
2022-06-10T00:00:00+00:00,,,,0.00036053580176313336,,WETH,pool_swap_ratio,0,4085,1196523.8658,,14935342,0.0,,0,0,0.0,0.0,0.0,0.0,,0,0,,,,0.0,0.0,0.0,0,0.0,0.0,0.0,0.0,0.0,0.0,0.0,,2,2,price=carried;tvl=carried;lp_amount=none,True
2022-06-10T01:00:00+00:00,0.000352819542224854,0.000352819542224854,0.000352819542224854,0.000352819542224854,0.000352819542224854,WETH,pool_swap_ratio,1,3551,1197433.0784,,14935640,909.2126,,1,1,0.0,0.0,0.0,0.0,,0,0,,,,909.2126,0.0,909.2126,1,-0.021634548811104794,0.0007595898045861498,0.0,0.0,0.0007598783659798522,0.0,0.0007598783659798522,0.0,2,2,price=observed;tvl=observed;lp_amount=none,False
2022-06-10T02:00:00+00:00,,,,0.000352819542224854,,WETH,pool_swap_ratio,0,7151,1197433.0784,,14935640,0.0,,0,0,0.0,0.0,0.0,0.0,,0,0,,,,0.0,0.0,0.0,0,0.0,0.0,0.0,0.0,0.0,0.0,0.0,,2,2,price=carried;tvl=carried;lp_amount=none,True
2022-06-10T03:00:00+00:00,0.00035637865826404984,0.00035637865826404984,0.00034916021281359834,0.00034916021281359834,0.00035117695088112614,WETH,pool_swap_ratio,3,2705,1197442.4352,,14936185,7938.789199999999,,3,3,0.0,0.0,0.0,0.0,,0,0,,,,3974.073,3964.7162,9.356800000000021,3,-0.01042583502375165,7.814017845060038e-06,0.0,0.0,7.814048374630253e-06,0.0,0.006629839565320629,-0.005742797363174512,2,2,price=observed;tvl=observed;lp_amount=none,False
2022-06-10T04:00:00+00:00,0.0003439776119005943,0.00035094781484893355,0.0003436432649220887,0.0003478992764691695,0.0003459840184913979,WETH,pool_swap_ratio,4,1778,1202052.3389,,14936517,10017.5917,,4,3,8174.1016,8122.2957,51.80590000000029,16296.3973,0.9968210212940746,1,1,,,1.0,15487.8493,10877.9456,4609.903700000001,6,-0.003617876922085434,0.0038424000097775075,4.326379162548013e-05,0.01360933671711587,0.00384979149267417,0.006783036462745195,0.00836582319577378,0.005535683370933464,2,2,price=observed;tvl=observed;lp_amount=quantified,False
2022-06-10T05:00:00+00:00,0.000339213969378421,0.00034508177939536114,0.00032586734470928925,0.00033067856274962614,0.0003351599717199209,WETH,pool_swap_ratio,18,497,1218807.6057,,14936816,47035.201400000005,,18,9,0.0,0.0,0.0,0.0,,0,0,,,,31895.234100000005,15139.9673,16755.266800000005,17,-0.05076620841955685,0.013842630085216343,0.0,0.0,0.013938882906989537,0.0,0.03912907939020525,-0.013370955210724622,2,2,price=observed;tvl=observed;lp_amount=none,False
2022-06-10T06:00:00+00:00,0.00031988035567360096,0.0003272859615268806,0.0003181187575827346,0.0003260951648661458,0.00032195818860900494,WETH,pool_swap_ratio,9,2540,1222298.5257,,14936935,29397.908400000004,,9,5,0.0,0.0,0.0,0.0,,0,0,,,,16444.4142,12953.4942,3490.92,9,-0.013957538492360732,0.002860115203362264,0.0,0.0,0.002864209235054005,0.0,0.024120220666916374,0.012849420836333891,2,2,price=observed;tvl=observed;lp_amount=none,False
2022-06-10T07:00:00+00:00,0.0003146612550475059,0.00032037998963402987,0.00031343077213787324,0.0003172859845018,0.00031584489997299524,WETH,pool_swap_ratio,4,1185,1226658.9479999999,,14937251,9371.2603,,4,3,0.0,0.0,0.0,0.0,,0,0,,,,6865.8413,2505.4190000000003,4360.4223,3,-0.027385729046788074,0.003561047469973957,0.0,0.0,0.003567395532529848,0.0,0.007666916144428103,0.004562633523378157,2,2,price=observed;tvl=observed;lp_amount=none,False
2022-06-10T08:00:00+00:00,,,,0.0003172859845018,,WETH,pool_swap_ratio,0,4785,1226658.9479999999,,14937251,0.0,,0,0,0.0,0.0,0.0,0.0,,0,0,,,,0.0,0.0,0.0,0,0.0,0.0,0.0,0.0,0.0,0.0,0.0,,2,2,price=carried;tvl=carried;lp_amount=none,True
2022-06-10T09:00:00+00:00,0.00032063046413339087,0.0003218293795531084,0.0002984271515968211,0.0003011788078591122,0.00030757577196081437,WETH,pool_swap_ratio,23,183,1237629.6184999999,,14937796,56675.5175,,23,12,0.0,0.0,0.0,0.0,,0,0,,,,33823.094000000005,22852.4235,10970.670500000004,22,-0.052099392070894944,0.008903781096218557,0.0,0.0,0.008943537662108184,0.0,0.04620315825552516,-0.020798010392434785,2,2,price=observed;tvl=observed;lp_amount=none,False
2022-06-10T10:00:00+00:00,0.00030076708653264077,0.00031067774503520094,0.0002912453762058938,0.00029299324714810745,0.0003012525986887546,WETH,pool_swap_ratio,14,87,1242221.5797000001,,14938070,23537.447500000006,,14,11,0.0,0.0,0.0,0.0,,0,0,,,,14064.705600000001,9472.7444,4591.961200000002,14,-0.027554572941542708,0.0037034209566172045,0.0,0.0,0.003710287093456468,0.0,0.019018167590823545,-0.027416698068654655,2,2,price=observed;tvl=observed;lp_amount=none,False
2022-06-10T11:00:00+00:00,0.0002959771360526694,0.0003106506794758739,0.0002959771360526694,0.00030771496423995156,0.00030464182594812605,WETH,pool_swap_ratio,9,376,1233926.6383,,14938273,23299.367199999997,,9,6,0.0,0.0,0.0,0.0,,0,0,,,,7502.2129,15797.154299999998,-8294.941399999998,8,0.04902435223410891,-0.006699899762657654,0.0,0.0,-0.006677505475314032,0.0,0.0187562086996,0.01008770966449224,2,2,price=observed;tvl=observed;lp_amount=none,False
2022-06-10T12:00:00+00:00,0.0003094086955142825,0.00031767471962493543,0.0003094086955142825,0.00031767471962493543,0.0003150523003514063,WETH,pool_swap_ratio,4,182,1228379.2621,,14938527,9493.003,,4,3,0.0,0.0,0.0,0.0,,0,0,,,,1972.8134,7520.1896,-5547.3762,3,0.031854051296103296,-0.0045058459914597455,0.0,0.0,-0.0044957098970184375,0.0,0.007693328521603731,0.008323758533437475,2,2,price=observed;tvl=observed;lp_amount=none,False
2022-06-10T13:00:00+00:00,0.00030362526770835865,0.0003107646998261703,0.00025898270711090455,0.00026016013003358904,0.0002828925973353729,WETH,pool_swap_ratio,32,3,1262744.299,,14938799,126055.67309999999,,32,13,0.0,0.0,0.0,0.0,,0,0,,,,80210.355,45845.318100000004,34365.03689999999,30,-0.1997306388246761,0.027591740205932344,0.0,0.0,0.027975917503890915,0.0,0.10261950603472338,-0.08035723633600156,2,2,price=observed;tvl=observed;lp_amount=none,False
2022-06-10T14:00:00+00:00,0.0002596243343446285,0.0002941237716084424,0.0002596243343446285,0.00027311934273642566,0.0002784772960228473,WETH,pool_swap_ratio,27,80,1252579.0374,,14939055,78239.8204,,27,14,0.0,0.0,0.0,0.0,,0,0,,,,34037.2794,44202.541,-10165.261599999998,26,0.04861152636123025,-0.008082711907776713,0.0,0.0,-0.008050134621910494,0.0,0.06196014542450133,-0.019240179946238944,2,2,price=observed;tvl=observed;lp_amount=none,False
2022-06-10T15:00:00+00:00,0.00028627370429002395,0.00028942343655038175,0.000267683192049086,0.000267683192049086,0.0002792463463846212,WETH,pool_swap_ratio,16,229,1254558.5015,,14939318,51396.3547,,16,7,0.0,0.0,0.0,0.0,,0,0,,,,26687.9094,24708.445299999996,1979.4641000000047,15,-0.02010469050517588,0.0015790633585861232,0.0,0.0,0.0015803107356074013,0.0,0.04103242443421719,-0.04140843554532547,2,2,price=observed;tvl=observed;lp_amount=none,False
2022-06-10T16:00:00+00:00,0.00026387655913663133,0.0002845134572264783,0.00024624498823750383,0.0002841853434953485,0.00026246806200896813,WETH,pool_swap_ratio,28,579,1252769.5502,,14939547,102796.60789999999,,28,15,0.0,0.0,0.0,0.0,,0,0,,,,50503.8283,52292.779599999994,-1788.9512999999934,27,0.059822481203110865,-0.001426978493980767,0.0,0.0,-0.0014259608442819143,0.0,0.08193847299834346,0.08274256806772295,2,2,price=observed;tvl=observed;lp_amount=none,False
2022-06-10T17:00:00+00:00,0.0002970011528189765,0.0003027742157133626,0.0002727215117108639,0.0002819646989724518,0.0002909999140731468,WETH,pool_swap_ratio,24,380,1250452.6157,,14939802,91183.25549999998,,24,12,0.0,0.0,0.0,0.0,,0,0,,,,44433.1605,46750.094999999994,-2316.9344999999958,23,-0.007844761086519906,-0.0018511622285882542,0.0,0.0,-0.001849449884561854,0.0,0.07278533828144444,-0.03104885831142834,2,2,price=observed;tvl=observed;lp_amount=none,False
2022-06-10T18:00:00+00:00,0.00027408476822596815,0.0002998751114569045,0.0002709133306534587,0.00027756454409350425,0.0002860205868279543,WETH,pool_swap_ratio,15,185,1251756.2726,,14940051,43086.98800000001,,15,9,0.0,0.0,0.0,0.0,,0,0,,,,22195.3234,20891.666500000003,1303.6568999999981,15,-0.01572838468430914,0.0010420049453523502,0.0,0.0,0.001042548021118109,0.0,0.03445711373547732,-0.02956445488148196,2,2,price=observed;tvl=observed;lp_amount=none,False
2022-06-10T19:00:00+00:00,0.0002703783427391337,0.00028796735602052147,0.0002702500796832739,0.0002858205067712531,0.00027670640090098883,WETH,pool_swap_ratio,11,511,1252135.7464,,14940241,41003.4982,,11,7,0.0,0.0,0.0,0.0,,0,0,,,,20691.486,20312.012199999997,379.4738000000034,10,0.02931051762617366,0.00030310716278962217,0.0,0.0,0.0003031531044073023,0.0,0.03275677469930499,0.03293782088375141,2,2,price=observed;tvl=observed;lp_amount=none,False
2022-06-10T20:00:00+00:00,0.0002806721433499267,0.00028666792752776797,0.0002806721433499267,0.00028666792752776797,0.00028432914307881615,WETH,pool_swap_ratio,2,372,1247560.3161,,14940486,4575.4303,,2,2,0.0,0.0,0.0,0.0,,0,0,,,,0.0,4575.4303,-4575.4303,2,0.002960483827013231,-0.0036607933887694124,0.0,0.0,-0.003654100853804999,0.0,0.003654100853804999,0.008225623387130288,2,2,price=observed;tvl=observed;lp_amount=none,False
2022-06-10T21:00:00+00:00,0.00028398909254693345,0.00029542038482978367,0.0002805311289648334,0.0002872440364219033,0.000287225171683163,WETH,pool_swap_ratio,9,492,1249976.5079,,14940717,16222.310599999999,,9,7,0.0,0.0,0.0,0.0,,0,0,,,,9319.251199999999,6903.0594,2416.1917999999987,8,0.002007656657582091,0.0019348604037147106,0.0,0.0,0.001936733453940936,0.0,0.01300322749180784,6.567926700062898e-05,2,2,price=observed;tvl=observed;lp_amount=none,False
2022-06-10T22:00:00+00:00,0.00028571024820227015,0.00031534614820339534,0.00027729842939331267,0.00028156217228268894,0.0002930802815589078,WETH,pool_swap_ratio,26,518,1250336.5115,,14941006,94155.00939999997,,26,15,3555.8833,3127.0292,428.8541,6682.9125,0.9358282635003824,1,2,,,1.0,50664.76840000001,50304.764800000004,360.00360000000364,26,-0.019978871701909533,0.00028796682630892516,0.00034308972791855777,0.005346430479103567,0.0002880082927356939,0.0025016703755925043,0.07532542316189873,-0.03930018496963861,2,2,price=observed;tvl=observed;lp_amount=quantified,False
2022-06-10T23:00:00+00:00,0.00027673502084560986,0.00027673502084560986,0.0002441338578638894,0.0002481844992432934,0.0002582638318204701,WETH,pool_swap_ratio,17,627,1261053.4558,,14941227,44293.5985,,17,11,0.0,8170.3958,-8170.3958,8170.3958,0.0,0,2,,,1.0,31937.901600000005,21220.957300000002,10716.944300000003,19,-0.1261808657440327,0.008534723394342187,-0.00653455747700926,0.00653455747700926,0.008571247981187986,0.00653455747700926,0.035425341972027985,-0.03902727108991111,2,2,price=observed;tvl=observed;lp_amount=quantified,False
2022-06-11T00:00:00+00:00,0.00025138113472275,0.0002575695205460611,0.00024159073477603531,0.0002486334032890011,0.0002470552730599773,WETH,pool_swap_ratio,13,472,1261844.6573,,14941466,16159.355099999997,,13,5,1621.1994,0.0,1621.1994,1621.1994,0.0,1,0,,,,9285.878,8494.6765,791.201500000001,14,0.0018071175196552264,0.0006272163919977489,0.0012855913383715575,0.0012855913383715575,0.0006274131333299193,0.0,0.012814171378443793,0.00638776177281053,2,2,price=observed;tvl=observed;lp_amount=quantified,False
2022-06-11T01:00:00+00:00,0.00024733632061662176,0.00028902795230783504,0.00024220963022964558,0.0002527335216374513,0.00025556004391191246,WETH,pool_swap_ratio,17,278,1260099.9468,,14941694,58352.6673,,17,11,0.0,0.0,0.0,0.0,,0,0,,,,28303.9784,30048.6889,-1744.710500000001,16,0.016356123830471466,-0.001383623395617089,0.0,0.0,-0.0013826666300851968,0.0,0.0462439389527223,-0.011060110302044679,2,2,price=observed;tvl=observed;lp_amount=none,False
2022-06-11T02:00:00+00:00,0.00025109464711409386,0.00026030348302165206,0.0002480619600671645,0.0002530093135692849,0.0002538858049563746,WETH,pool_swap_ratio,9,141,1256808.7455,,14941947,18009.0737,,9,6,0.0,0.0,0.0,0.0,,0,0,,,,7358.9362,10650.1375,-3291.2013000000006,9,0.0010906410925570933,-0.0026152741940618876,0.0,0.0,-0.002611857343822563,0.0,0.014291781969941117,-0.003452305603459327,2,2,price=observed;tvl=observed;lp_amount=none,False
2022-06-11T03:00:00+00:00,0.0002607991030199318,0.0002607991030199318,0.0002479369298679797,0.0002575478739250322,0.00025354864683710713,WETH,pool_swap_ratio,11,41,1258076.9219,,14942202,21662.7172,,11,8,0.0,0.0,0.0,0.0,,0,0,,,,11465.4468,10197.270400000001,1268.1763999999985,11,0.017779320401843487,0.0010085361127405408,0.0,0.0,0.0010090448563002926,0.0,0.017236287762607713,0.015773016885766822,2,2,price=observed;tvl=observed;lp_amount=none,False
2022-06-11T04:00:00+00:00,0.0002585127193934429,0.0003317009778353985,0.0002499562938007468,0.00027044719958525804,0.00029254601720749826,WETH,pool_swap_ratio,83,97,1255272.3774,,14942459,487969.75190000003,,83,23,200.0,0.0,200.0,200.0,0.0,1,0,,,,242682.60370000007,245487.1482,-2804.544499999931,83,0.04887126263650514,-0.002231719773133612,0.00015897279134407115,0.00015897279134407115,-0.002229231338068257,0.0,0.38786956775508435,-0.07553962905796763,2,2,price=observed;tvl=observed;lp_amount=quantified,False
2022-06-11T05:00:00+00:00,0.0002631176434674425,0.0003032388952242016,0.00025672702986747074,0.0002620399838950226,0.0002773942269282371,WETH,pool_swap_ratio,28,34,1253919.2843,,14942670,90499.94230000001,,28,17,0.0,0.0,0.0,0.0,,0,0,,,,44573.4246,45926.517700000004,-1353.0931000000055,27,-0.03157978121144496,-0.0010785092679936857,0.0,0.0,-0.0010779278859004433,0.0,0.07209586057127237,-0.0553517036141733,2,2,price=observed;tvl=observed;lp_amount=none,False
2022-06-11T06:00:00+00:00,0.0002607190899763157,0.0002607190899763157,0.00025352173831370985,0.000260449461356169,0.0002571630133091797,WETH,pool_swap_ratio,4,1402,1256265.3346,,14942827,10446.2769,,4,3,0.0,0.0,0.0,0.0,,0,0,,,,6396.1636,4050.1133,2346.0503,4,-0.006088266342206281,0.0018692258453250057,0.0,0.0,0.0018709739369784728,0.0,0.008330900585703674,0.01277962956141776,2,2,price=observed;tvl=observed;lp_amount=none,False
2022-06-11T07:00:00+00:00,0.0002625629754641088,0.0002625629754641088,0.0002587178154676142,0.0002587178154676142,0.0002606887930999025,WETH,pool_swap_ratio,4,277,1258624.2099,,14943131,4858.8753,,4,2,1300.0,0.0,1300.0,1300.0,0.0,1,0,,,,4258.8753,1900.0,2358.8752999999997,5,-0.006670883884531758,0.0018759281073952453,0.0010348132390470882,0.0010348132390470882,0.0018776887613085936,0.0,0.0038677142210145326,-0.0075606534859093966,2,2,price=observed;tvl=observed;lp_amount=quantified,False
2022-06-11T08:00:00+00:00,0.00025266360536962767,0.00025786911234317153,0.0002488915366454951,0.00025777979418861236,0.00025267209766720094,WETH,pool_swap_ratio,12,269,1257184.983,,14943400,26447.7689,,12,6,0.0,0.0,0.0,0.0,,0,0,,,,12504.271,13943.497899999998,-1439.2268999999978,12,-0.003632242599987072,-0.0011441464329376332,0.0,0.0,-0.0011434921469644598,0.0,0.02101323706628949,0.02021472322653861,2,2,price=observed;tvl=observed;lp_amount=none,False
2022-06-11T09:00:00+00:00,0.00025555559008383767,0.0002659461010558778,0.0002283846554025048,0.0002506148290558648,0.0002451361607304107,WETH,pool_swap_ratio,28,207,1267335.3747,,14943631,106933.78629999998,,28,16,0.0,0.0,0.0,0.0,,0,0,,,,58542.089,48391.6973,10150.3917,28,-0.028188494660342386,0.008041485082354543,0.0,0.0,0.008073904665786164,0.0,0.08505811614518782,0.02234949062239444,2,2,price=observed;tvl=observed;lp_amount=none,False
2022-06-11T10:00:00+00:00,0.00023695320405036328,0.00024649097444088246,0.0002129868504544532,0.0002303110255403006,0.00022874056355120875,WETH,pool_swap_ratio,40,132,1273273.3732,,14943898,121269.02269999999,,40,18,0.0,0.0,0.0,0.0,,0,0,,,,63603.510599999994,57665.51210000001,5937.998499999987,40,-0.08448653454942817,0.004674477577372995,0.0,0.0,0.004685419991062439,0.0,0.09568818571698627,0.006865690827679849,2,2,price=observed;tvl=observed;lp_amount=none,False
2022-06-11T11:00:00+00:00,0.00022598403396557106,0.00025264077953814334,0.00018973828674474284,0.000192473332423197,0.00020990345821444783,WETH,pool_swap_ratio,64,4,1286058.4316,,14944140,271463.9286,,64,20,0.0,12633.0163,-12633.0163,12633.0163,0.0,0,1,,,1.0,148681.87400000004,135896.81559999997,12785.058400000067,64,-0.17947306910241573,0.009991017754467193,-0.009921684192806616,0.009921684192806616,0.010041094606312676,0.009921684192806616,0.21320160643723732,-0.08303877382259861,2,2,price=observed;tvl=observed;lp_amount=quantified,False
2022-06-11T12:00:00+00:00,0.00019678937407181926,0.0002182744567743778,0.00019678937407181926,0.00021234064365545266,0.000205598560680885,WETH,pool_swap_ratio,23,244,1271190.4942,,14944361,94310.8196,,23,12,0.0,0.0,0.0,0.0,,0,0,,,,39721.441100000004,54589.378500000006,-14867.937400000003,23,0.09823418356525508,-0.011628203089993234,0.0,0.0,-0.011560856827867946,0.0,0.07333323065474313,0.03279246193280616,2,2,price=observed;tvl=observed;lp_amount=none,False
2022-06-11T13:00:00+00:00,0.00020809532140088,0.0002323666747187846,0.00020344237232363378,0.00021427079134792428,0.00021384719190833523,WETH,pool_swap_ratio,50,98,1269832.5946,,14944640,142317.80599999998,,50,20,0.0,0.0,0.0,0.0,,0,0,,,,70479.9532,71837.85280000002,-1357.8996000000188,50,0.009048800403609968,-0.0010687818896612756,0.0,0.0,-0.0010682109457202853,0.0,0.11195631705031356,0.001980851073184242,2,2,price=observed;tvl=observed;lp_amount=none,False
2022-06-11T14:00:00+00:00,0.0002157980725302786,0.00022448180619857123,0.0002031820421350531,0.00020420894780214153,0.00021030708660923128,WETH,pool_swap_ratio,11,97,1280591.3745,,14944897,36298.76010000001,,11,7,0.0,0.0,0.0,0.0,,0,0,,,,23528.77,12769.990099999999,10758.779900000001,11,-0.04809687164750179,0.00843690605876615,0.0,0.0,0.008472597053936106,0.0,0.028585468867598406,-0.02899635435690584,2,2,price=observed;tvl=observed;lp_amount=none,False
2022-06-11T15:00:00+00:00,0.00020220310385219982,0.00026546585881248136,0.0001653620887357714,0.00017862778268207044,0.0001953575761841863,WETH,pool_swap_ratio,27,123,1297323.3674,,14945139,153898.4869,,27,14,0.0,0.0,0.0,0.0,,0,0,,,,85315.2399,68583.247,16731.992899999997,25,-0.13383950911134843,0.012981211200638734,0.0,0.0,0.013065832890318284,0.0,0.1201776694459533,-0.0856367786132991,2,2,price=observed;tvl=observed;lp_amount=none,False
2022-06-11T16:00:00+00:00,0.00018045442159639327,0.00019464727708577424,0.00017458553387928903,0.00019464727708577424,0.0001862187631231042,WETH,pool_swap_ratio,20,36,1283527.6933,,14945382,60798.13989999999,,20,9,0.0,0.0,0.0,0.0,,0,0,,,,23501.2329,37296.907,-13795.6741,20,0.08588487071309389,-0.010690896276950029,0.0,0.0,-0.010633951755334735,0.0,0.04686429106865402,0.045261357240882205,2,2,price=observed;tvl=observed;lp_amount=none,False
2022-06-11T17:00:00+00:00,0.00019619123064437265,0.00019993342922454218,0.0001831625840259563,0.00018358880247401003,0.00019191280633318807,WETH,pool_swap_ratio,21,755,1290551.3646,,14945579,59458.14170000001,,21,11,0.0,0.0,0.0,0.0,,0,0,,,,33240.9065,26217.2352,7023.671299999998,21,-0.058490597565020314,0.005457243987694325,0.0,0.0,0.005472161868157176,0.0,0.04632400376740668,-0.04337388430830602,2,2,price=observed;tvl=observed;lp_amount=none,False
2022-06-11T18:00:00+00:00,0.0001853802366059623,0.00020198328447609668,0.0001853802366059623,0.00019825000000000002,0.0001928835239662869,WETH,pool_swap_ratio,16,123,1281213.8431,,14945865,45474.401900000004,,16,8,0.0,0.0,0.0,0.0,,0,0,,,,18068.4402,27405.9617,-9337.521499999999,16,0.07683037289210302,-0.007261597989784788,0.0,0.0,-0.007235296289732814,0.0,0.03523641378977161,0.0278223661791408,2,2,price=observed;tvl=observed;lp_amount=none,False
2022-06-11T19:00:00+00:00,0.00019723919644086204,0.0002286451264555272,0.0001899228346104361,0.00021386717728578167,0.00020975318581598006,WETH,pool_swap_ratio,27,15,1269744.0226,,14946115,94024.51810000003,,27,15,0.0,0.0,0.0,0.0,,0,0,,,,41277.3488,52747.1693,-11469.820500000002,27,0.07582629492459342,-0.008992620339594366,0.0,0.0,-0.008952307658687052,0.0,0.07338706072087088,0.01961348741282465,2,2,price=observed;tvl=observed;lp_amount=none,False
2022-06-11T20:00:00+00:00,0.0002120403655023977,0.00023211019661394276,0.00019840283023692305,0.00022395374791985446,0.00021356275529615097,WETH,pool_swap_ratio,32,17,1266013.9105,,14946390,105777.1533,,32,16,0.0,0.0,0.0,0.0,,0,0,,,,51023.5206,54753.6327,-3730.1120999999985,31,0.04608439259439283,-0.0029420117289487755,0.0,0.0,-0.0029376882533867013,0.0,0.08330588797213212,0.048655453097587786,2,2,price=observed;tvl=observed;lp_amount=none,False
2022-06-11T21:00:00+00:00,0.00021993355031446683,0.00024792959798390683,0.00020358706088203618,0.0002271880027794927,0.00022174439526459046,WETH,pool_swap_ratio,35,358,1265194.4496,,14946625,176676.58349999998,,35,18,0.0,0.0,0.0,0.0,,0,0,,,,87928.5613,88748.0222,-819.4609000000055,35,0.014338332751111245,-0.0006474859529911173,0.0,0.0,-0.0006472763791958395,0.0,0.13955342989100591,0.02454901964221823,2,2,price=observed;tvl=observed;lp_amount=none,False
2022-06-11T22:00:00+00:00,0.00021956078501193693,0.00024605579216139476,0.00021642051564738993,0.00023784581465371825,0.00022847608861293182,WETH,pool_swap_ratio,29,70,1259441.5363,,14946886,109576.0105,,29,14,0.0,0.0,0.0,0.0,,0,0,,,,51911.5486,57664.4619,-5752.9133,29,0.04584474535955445,-0.004557427913989903,0.0,0.0,-0.004547058597845433,0.0,0.08660803921060768,0.04100965706157522,2,2,price=observed;tvl=observed;lp_amount=none,False
2022-06-11T23:00:00+00:00,0.0002425381670495762,0.00029394608845535633,0.0002425381670495762,0.00026216730557439326,0.00026749350058449865,WETH,pool_swap_ratio,47,31,1247612.02,,14947131,203830.89269999997,,47,18,0.0,0.0,0.0,0.0,,0,0,,,,96000.68820000002,107830.20449999999,-11829.516299999974,46,0.09736024471148025,-0.009437057348016267,0.0,0.0,-0.009392668066794783,0.0,0.1618422823331811,-0.01991149317073926,2,2,price=observed;tvl=observed;lp_amount=none,False
2022-06-12T00:00:00+00:00,0.00025239781934216276,0.00033641332042860886,0.00025239781934216276,0.0002809774045131081,0.0002922332584026321,WETH,pool_swap_ratio,62,366,1236626.6628,,14947337,282472.25340000005,,62,22,0.0,0.0,0.0,0.0,,0,0,,,,135743.4481,146728.80530000004,-10985.357200000028,60,0.06929138425913908,-0.008844100915476254,0.0,0.0,-0.008805106895331153,0.0,0.22641033339835892,-0.03851667654478941,2,2,price=observed;tvl=observed;lp_amount=none,False
2022-06-12T01:00:00+00:00,0.0002883730043887172,0.0002892563047478131,0.0002601557763750289,0.00026855808153376613,0.0002795563518784211,WETH,pool_swap_ratio,13,416,1243997.1528,,14947564,32296.146,,13,9,0.0,0.0,0.0,0.0,,0,0,,,,19833.318,12462.828,7370.49,13,-0.04520704599828313,0.0059424662805278574,0.0,0.0,0.005960157759587326,0.0,0.026116326755299197,-0.03934187247313248,2,2,price=observed;tvl=observed;lp_amount=none,False
2022-06-12T02:00:00+00:00,0.00026302321779344645,0.0002705279040608405,0.00024301022423667826,0.0002439777052458016,0.00025535046678155563,WETH,pool_swap_ratio,25,40,1253287.225,,14947813,89024.87999999999,,25,10,0.0,0.0,0.0,0.0,,0,0,,,,49157.4761,39867.4039,9290.072200000002,25,-0.09599035994185007,0.007440173924760024,0.0,0.0,0.0074679207899228895,0.0,0.07156357215096673,-0.04453785293246815,2,2,price=observed;tvl=observed;lp_amount=none,False
2022-06-12T03:00:00+00:00,0.00025976484195586907,0.00026320015835023446,0.00025379749002894033,0.00025945468929563506,0.00025994360440009004,WETH,pool_swap_ratio,8,85,1247487.2705,,14948075,25930.0263,,8,4,0.0,0.0,0.0,0.0,,0,0,,,,10065.0359,15864.990399999999,-5799.954499999998,8,0.061505230461194736,-0.00463853490968846,0.0,0.0,-0.0046277935211539376,0.0,0.020689611912385046,-0.0018808506775279676,2,2,price=observed;tvl=observed;lp_amount=none,False
2022-06-12T04:00:00+00:00,0.0002593154432725906,0.0002593154432725906,0.00025421502806294576,0.00025421502806294576,0.0002543964738963027,WETH,pool_swap_ratio,4,350,1249144.8889,,14948314,7148.0854,,4,3,0.0,0.0,0.0,0.0,,0,0,,,,4402.8519,2745.2335,1657.6183999999998,4,-0.02040160357668464,0.0013278837551848716,0.0,0.0,0.0013287657831856006,0.0,0.005729986645182364,-0.0007132403628788975,2,2,price=observed;tvl=observed;lp_amount=none,False
2022-06-12T05:00:00+00:00,0.00026099115864387996,0.0002711077275161279,0.00026099115864387996,0.00026687650947359687,0.0002666564530638795,WETH,pool_swap_ratio,8,65,1245272.1266,,14948598,21607.5273,,8,5,0.0,0.0,0.0,0.0,,0,0,,,,8867.3825,12740.1448,-3872.7623000000003,8,0.04860556401444214,-0.0031051467238062637,0.0,0.0,-0.003100330741784778,0.0,0.01729785511032883,0.000825243144086496,2,2,price=observed;tvl=observed;lp_amount=none,False
2022-06-12T06:00:00+00:00,0.00026913882476216924,0.0002814783558569109,0.0002612472377102286,0.0002636532427862744,0.0002712001719141578,WETH,pool_swap_ratio,25,995,1245035.0979,,14948778,59512.3707,,25,13,0.0,0.0,0.0,0.0,,0,0,,,,29637.671000000002,29874.6997,-237.02869999999893,25,-0.012151274585594406,-0.00019036101119089874,0.0,0.0,-0.00019034289368313796,0.0,0.04779065509358844,-0.027827892123431952,2,2,price=observed;tvl=observed;lp_amount=none,False
2022-06-12T07:00:00+00:00,0.0002753130606652825,0.0002778545412561058,0.00025786066911864363,0.00025921481255939907,0.00026825912131921327,WETH,pool_swap_ratio,17,36,1244339.3719000001,,14949049,45201.3633,,17,9,0.0,0.0,0.0,0.0,,0,0,,,,22252.8191,22948.5451,-695.7259999999987,17,-0.016977655423270087,-0.0005589564981516029,0.0,0.0,-0.00055880031107033,0.0,0.03630529241805401,-0.033714822874753136,2,2,price=observed;tvl=observed;lp_amount=none,False
2022-06-12T08:00:00+00:00,0.0002718059822322242,0.0002866670602468612,0.0002711019966879929,0.00028306671475672777,0.0002781265769336572,WETH,pool_swap_ratio,19,70,1241564.2541999999,,14949300,39564.9375,,19,10,0.0,0.0,0.0,0.0,,0,0,,,,18394.9099,21170.0276,-2775.1177000000025,17,0.08802550098531697,-0.0022326841826575653,0.0,0.0,-0.0022301935972359648,0.0,0.03179593798401453,0.01776219258704259,2,2,price=observed;tvl=observed;lp_amount=none,False
2022-06-12T09:00:00+00:00,0.0002747225897043745,0.00027712485105714214,0.00027256644560068495,0.00027712485105714214,0.0002755235838823731,WETH,pool_swap_ratio,3,229,1239680.6659,,14949522,2021.1441,,3,3,0.0,0.0,0.0,0.0,,0,0,,,,68.7779,1952.3662,-1883.5883,3,-0.02121448057148221,-0.0015182609717933131,0.0,0.0,-0.0015171089966774915,0.0,0.0016279013294421248,0.005811724543524521,2,2,price=observed;tvl=observed;lp_amount=none,False
2022-06-12T10:00:00+00:00,0.00028337174016372033,0.0002985251601121919,0.0002730135537510079,0.00027787487416632136,0.0002870173225200554,WETH,pool_swap_ratio,27,116,1241884.5156,,14949776,62250.711699999985,,27,10,0.0,0.0,0.0,0.0,,0,0,,,,32227.2807,30023.430999999997,2203.8497000000025,27,0.002702788962491818,0.0017761776283959666,0.0,0.0,0.0017777559662108808,0.0,0.05021511862880138,-0.03185329816842397,2,2,price=observed;tvl=observed;lp_amount=none,False
2022-06-12T11:00:00+00:00,0.00027433422291965305,0.0002809992266042268,0.0002620281820607898,0.00026391436208399714,0.00027253816913408067,WETH,pool_swap_ratio,12,651,1245864.1229,,14949972,22654.3313,,12,7,0.0,0.0,0.0,0.0,,0,0,,,,13316.9693,9337.362000000001,3979.6072999999997,12,-0.05154625496519316,0.0031993671973125563,0.0,0.0,0.003204490635006674,0.0,0.018241898514255058,-0.03164256616782679,2,2,price=observed;tvl=observed;lp_amount=none,False
2022-06-12T12:00:00+00:00,0.0002611954909835609,0.0002877616830278296,0.0002611954909835609,0.00027339137360887187,0.00027706698349712155,WETH,pool_swap_ratio,20,305,1241245.2563,,14950241,39240.69999999999,,20,14,0.0,0.0,0.0,0.0,,0,0,,,,17310.9167,21929.7833,-4618.866599999998,19,0.0352797070438832,-0.003714249118794681,0.0,0.0,-0.003707359827690241,0.0,0.03149677342715299,-0.013266141789455954,2,2,price=observed;tvl=observed;lp_amount=none,False
2022-06-12T13:00:00+00:00,0.000276975473836927,0.000276975473836927,0.0002383335554964986,0.0002688423343603415,0.00025671799219038243,WETH,pool_swap_ratio,16,191,1247196.1068,,14950515,64605.9835,,16,10,0.0,0.0,0.0,0.0,,0,0,,,,35278.417,29327.5665,5950.8505000000005,16,-0.016779281371987784,0.004782802546321815,0.0,0.0,0.00479425840283874,0.0,0.05204932963255185,0.04722825255258156,2,2,price=observed;tvl=observed;lp_amount=none,False
2022-06-12T14:00:00+00:00,0.00026263242742866186,0.00026367983335434534,0.00022896012861256678,0.00026051289863933045,0.0002490636168590648,WETH,pool_swap_ratio,28,122,1247813.4113,,14950777,130342.06310000001,,28,17,0.0,0.0,0.0,0.0,,0,0,,,,65479.6838,64862.37929999999,617.3045000000056,28,-0.031472715250363055,0.0004948313889127566,0.0,0.0,0.0004949538381609111,0.0,0.10450807406256732,0.04596930665607557,2,2,price=observed;tvl=observed;lp_amount=none,False
2022-06-12T15:00:00+00:00,0.00026723524032301854,0.00032065486761054826,0.00026204729188517153,0.00028579623860346354,0.00029780439437973404,WETH,pool_swap_ratio,50,39,1236384.2003,,14951024,162370.8343,,50,22,0.0,0.0,0.0,0.0,,0,0,,,,75488.7269,86917.93789999999,-11429.210999999996,49,0.09262672957171626,-0.009201596192289455,0.0,0.0,-0.009159391056786917,0.0,0.13012429008183074,-0.040322292091360956,2,2,price=observed;tvl=observed;lp_amount=none,False
2022-06-12T16:00:00+00:00,0.0002877332295366244,0.00029224191159797424,0.00027883119190219926,0.00027883119190219926,0.00028653645055755404,WETH,pool_swap_ratio,12,307,1237696.0107,,14951255,32943.8762,,12,7,0.0,0.0,0.0,0.0,,0,0,,,,17127.8433,15816.0329,1311.8104000000003,12,-0.02467255270849097,0.0010604430018876562,0.0,0.0,0.0010610054703721536,0.0,0.02664533903943968,-0.026891024302009625,2,2,price=observed;tvl=observed;lp_amount=none,False
2022-06-12T17:00:00+00:00,0.000274679806998602,0.00031995002016707905,0.00027228741675564114,0.00028276149616201997,0.0002889271111968861,WETH,pool_swap_ratio,32,53,1236321.4603,,14951526,84604.3372,,32,14,0.0,0.0,0.0,0.0,,0,0,,,,41614.8934,42989.4438,-1374.5504,31,0.0139972208065738,-0.0011111890336643435,0.0,0.0,-0.0011105718917382627,0.0,0.06835631404528045,-0.021339690170731784,2,2,price=observed;tvl=observed;lp_amount=none,False
2022-06-12T18:00:00+00:00,0.00028040307786857685,0.000298145537337924,0.00028040307786857685,0.00029574563076887966,0.0002882601593203743,WETH,pool_swap_ratio,23,364,1231778.9841,,14951748,51365.42970000001,,23,8,0.0,0.0,0.0,0.0,,0,0,,,,23411.4775,27953.9537,-4542.476199999997,23,0.044895956788244984,-0.0036809533739177946,0.0,0.0,-0.0036741869698660263,0.0,0.04154698543171443,0.02596776282283919,2,2,price=observed;tvl=observed;lp_amount=none,False
2022-06-12T19:00:00+00:00,0.0003133824384599051,0.0003231729217229185,0.00025775787820600906,0.00028245999406883033,0.0002862246680832053,WETH,pool_swap_ratio,10,125,1238080.6068,,14952006,59069.1825,,10,5,0.0,0.0,0.0,0.0,,0,0,,,,32685.4026,26383.7799,6301.6227,8,-0.045962802713239645,0.005102829648406001,0.0,0.0,0.00511587125721607,0.0,0.047954367839096505,-0.013152863586448738,2,2,price=observed;tvl=observed;lp_amount=none,False
2022-06-12T20:00:00+00:00,0.0002760274871062936,0.0002869010213954519,0.0002649861440701743,0.0002655785983204516,0.0002740115537490645,WETH,pool_swap_ratio,27,9,1247228.0103,,14952238,60877.6585,,27,12,0.0,0.0,0.0,0.0,,0,0,,,,35012.531,25865.1275,9147.403500000004,25,-0.061626090899763085,0.00736121441277054,0.0,0.0,0.007388374755051534,0.0,0.049170997563193555,-0.030775911866605776,2,2,price=observed;tvl=observed;lp_amount=none,False
2022-06-12T21:00:00+00:00,0.00026585452395523065,0.00028173464361570724,0.00026122182014110543,0.0002649165409248552,0.00026779476076062216,WETH,pool_swap_ratio,16,12,1262092.0737,,14952491,48281.256400000006,,16,10,0.0,0.0,0.0,0.0,,1,0,,,,31572.659900000002,16708.5965,14864.063400000003,16,-0.0024959992668623318,0.011847222959134127,0.0,0.0,0.011917679267341582,0.0,0.03871084998194256,-0.010747857155949836,2,2,price=observed;tvl=observed;lp_amount=quantified,False
2022-06-12T22:00:00+00:00,0.000263786312330648,0.000263786312330648,0.00025912439011578154,0.00025986514994037616,0.0002620055977964773,WETH,pool_swap_ratio,12,460,1297318.4299,,14952697,66238.92480000001,,12,6,0.0,0.0,0.0,0.0,,0,0,,,,50732.640499999994,15506.2843,35226.356199999995,11,-0.019251994083526125,0.02752866783005383,0.0,0.0,0.027911082665093512,0.0,0.05248343300803031,-0.008169473759731649,2,2,price=observed;tvl=observed;lp_amount=none,False
2022-06-12T23:00:00+00:00,0.0002617600563028368,0.0002626311810583208,0.0002588167292981547,0.0002588167292981547,0.0002608267551104156,WETH,pool_swap_ratio,7,1436,1305766.6837,,14952869,39179.319,,7,5,0.0,0.0,0.0,0.0,,0,0,,,,23813.7864,15365.5326,8448.2538,7,-0.004042640053731821,0.006490977508353315,0.0,0.0,0.006512089557419769,0.0,0.030200233109322298,-0.0077063636029593985,2,2,price=observed;tvl=observed;lp_amount=none,False
2022-06-13T00:00:00+00:00,0.00025840263623755187,0.00028650377669430015,0.0002572837550194809,0.0002648690884530321,0.0002730478142031586,WETH,pool_swap_ratio,47,794,1246551.3634,,14953162,146241.71120000005,,47,20,0.0,69321.8899,-69321.8899,69321.8899,0.0,0,1,,,1.0,78323.00199999998,137538.3223,-59215.32030000002,45,0.023115495748752646,-0.046409536124327994,-0.05308903249359263,0.05308903249359263,-0.04534908191424246,0.05308903249359263,0.11199681614299718,-0.02995345622522072,2,2,price=observed;tvl=observed;lp_amount=quantified,False
2022-06-13T01:00:00+00:00,0.0002604302014391521,0.00032111857581451045,0.0002566599534490921,0.0002673698509078949,0.0002901946933083209,WETH,pool_swap_ratio,18,51,1248908.7486,,14953451,91889.9516,,18,14,0.0,0.0,0.0,0.0,,0,0,,,,47123.6781,44766.2929,2357.385199999997,18,0.009397211188123365,0.001889339677207041,0.0,0.0,0.0018911256039784595,0.0,0.07371533520236813,-0.07865354855464368,2,2,price=observed;tvl=observed;lp_amount=none,False
2022-06-13T02:00:00+00:00,0.0002638907207370434,0.0002638907207370434,0.0002619049113186084,0.0002619049113186084,0.00026277630478858716,WETH,pool_swap_ratio,2,3383,1249275.405,,14953472,2996.0591999999997,,2,2,0.0,0.0,0.0,0.0,,0,0,,,,1681.3578,1314.7014,366.6564000000001,2,-0.020651405289437576,0.00029353833031439626,0.0,0.0,0.00029358141690576995,0.0,0.0023989416387374322,-0.0033161036748722283,2,2,price=observed;tvl=observed;lp_amount=none,False
