case,phase,bucket_start,price_close,price_trade_count,tvl_token_close,volume_turnover,net_lp_flow_ratio,withdrawal_ratio,liquidity_removed_token,net_lp_flow_token,future_24h_log_return,gross_lp_activity_ratio,actual_transfer_net_ratio,actual_transfer_net_token
CEL,incident_preceding,2022-05-14 02:00:00+00:00,0.0003949115092,4,185190.116,,,,0,0,-0.07271014533,,,-107.2248
CEL,incident_preceding,2022-05-14 03:00:00+00:00,0.0003992089722,15,184140.2735,0.1601205007,0,0,0,0,-0.1309503711,0,-0.005668998555,-1049.8425
CEL,incident_preceding,2022-05-14 04:00:00+00:00,0.0003994212447,7,183787.085,0.1349494569,0,0,0,0,-0.1536300953,0,-0.001918040488,-353.1885
CEL,incident_preceding,2022-05-14 05:00:00+00:00,0.0003985830811,1,1245521.87,0.0004183721615,0.0003735382168,0.01453324046,2671.0219,68.6515,-0.1425728349,0.02944001914,0.0004183721615,76.8914
CEL,incident_preceding,2022-05-14 06:00:00+00:00,0.0003886960162,9,1248762.807,0.02128478443,0,0,0,0,-0.1316892217,0,0.002602071934,3240.9375
CEL,incident_preceding,2022-05-14 07:00:00+00:00,0.0003928554182,1,1246505.744,0.001807439481,0,0,0,0,-0.118347701,0,-0.001807439481,-2257.0632
CEL,incident_preceding,2022-05-14 08:00:00+00:00,0.0003924965639,4,1247211.405,0.00256512047,0,0,0,0,-0.1346968141,0,0.0005661111499,705.6608
CEL,incident_preceding,2022-05-14 09:00:00+00:00,0.0003911052616,13,1247609.602,0.0196501347,0,0,0,0,-0.1269531826,0,0.0003192702524,398.1975
CEL,incident_preceding,2022-05-14 10:00:00+00:00,0.0003859651483,3,1248888.891,0.004362222758,0,0,0,0,-0.1375119246,0,0.001025391916,1279.2888
CEL,incident_preceding,2022-05-14 11:00:00+00:00,0.0003908768079,7,1248310.954,0.005439143345,0,0,0,0,-0.1655498997,0,-0.0004627605419,-577.9365
CEL,incident_preceding,2022-05-14 12:00:00+00:00,0.0003861004104,10,1223942.603,0.04379408953,-0.01899414206,0.01899414206,23710.5956,-23710.5956,-0.1094972778,0.01899414206,-0.01952105917,-24368.352
CEL,incident_preceding,2022-05-14 13:00:00+00:00,0.0003944270824,8,1248813.826,0.005314852336,0.01980338739,0,0,24238.2095,-0.1470495783,0.01980338739,0.02032058027,24871.2239
CEL,incident_preceding,2022-05-14 14:00:00+00:00,0.0004158384085,34,1237318.139,0.05701111038,0,0,0,0,-0.191967825,0,-0.009205285253,-11495.6875
CEL,incident_preceding,2022-05-14 15:00:00+00:00,0.0004190362225,18,1232691.948,0.03154623962,0,0,0,0,-0.1950205213,0,-0.00373888538,-4626.1907
CEL,incident_preceding,2022-05-14 16:00:00+00:00,0.000417850936,8,1235979.627,0.01414042683,0,0,0,0,-0.1463768066,0,0.002667072422,3287.6787
CEL,incident_preceding,2022-05-14 17:00:00+00:00,0.0004003874463,27,1246339.661,0.0575291612,0,0,0,0,0.02069258687,0,0.008382043016,10360.0344
CEL,incident_preceding,2022-05-14 18:00:00+00:00,0.0003887932033,25,1252818.576,0.04705980779,0,0,0,0,-0.02504697921,0,0.005198354109,6478.9149
CEL,incident_preceding,2022-05-14 19:00:00+00:00,0.0003866630319,17,1254699.039,0.02884194407,-0.0004435831417,0.0004435831417,555.7292,-555.7292,0.01357784911,0.0004435831417,0.001500985646,1880.4627
CEL,incident_preceding,2022-05-14 20:00:00+00:00,0.0003835673152,3,1255880.601,0.000941709337,0,0,0,0,0.1166755593,0,0.000941709337,1181.5618
CEL,incident_preceding,2022-05-14 21:00:00+00:00,0.0003746020338,40,1259778.958,0.1222022843,0,0,0,0,0.1355926434,0,0.003104082823,3898.3574
CEL,incident_preceding,2022-05-14 22:00:00+00:00,0.0003814951072,37,1256630.118,0.06569923681,0,0,0,0,0.1716103836,0,-0.002499517618,-3148.8397
CEL,incident_preceding,2022-05-14 23:00:00+00:00,0.0003745799506,54,1257955.699,0.1492236665,0,0,0,0,0.1550282058,0,0.001054869592,1325.5809
CEL,incident_preceding,2022-05-15 00:00:00+00:00,0.000360839069,21,1263256.686,0.03154380518,0,0,0,0,0.1671911633,0,0.00421396962,5300.9871
CEL,incident_preceding,2022-05-15 01:00:00+00:00,0.0003703518643,30,1261040.731,0.04333044843,0,0,0,0,0.1432027557,0,-0.001754160911,-2215.9555
CEL,incident_preceding,2022-05-15 02:00:00+00:00,0.0003672164907,13,1263536.049,0.01028086102,0,0,0,0,0.1462894391,0,0.001978776925,2495.3183
CEL,incident_preceding,2022-05-15 03:00:00+00:00,0.0003502105863,12,1267258.306,0.008471746736,0,0,0,0,0.1686241777,0,0.002945904869,3722.257
CEL,incident_preceding,2022-05-15 04:00:00+00:00,0.0003425393412,17,1268885.654,0.0182172755,0,0,0,0,0.1817651331,0,0.001284148379,1627.3477
CEL,incident_preceding,2022-05-15 05:00:00+00:00,0.0003456211131,16,1268824.268,0.021581405,0,0,0,0,0.1754913839,0,-4.837803928e-05,-61.3862
CEL,incident_preceding,2022-05-15 06:00:00+00:00,0.0003407361305,32,1269277.864,0.0444672023,0,0,0,0,0.195552336,0,0.0003574931624,453.596
CEL,incident_preceding,2022-05-15 07:00:00+00:00,0.000349007688,39,1268553.647,0.06594748557,0,0,0,0,0.1618149439,0,-0.0005705735684,-724.2164
CEL,incident_preceding,2022-05-15 08:00:00+00:00,0.0003430344806,16,1270405.591,0.02539699402,0,0,0,0,0.1720503909,0,0.001459885913,1851.9436
CEL,incident_preceding,2022-05-15 09:00:00+00:00,0.0003444757005,12,1269657.623,0.01538936371,0,0,0,0,0.1755111083,0,-0.0005887629158,-747.9677
CEL,incident_preceding,2022-05-15 10:00:00+00:00,0.0003363778735,5,1272321.739,0.003712892841,0,0,0,0,0.2037949088,0,0.00209829473,2664.1159
CEL,incident_preceding,2022-05-15 11:00:00+00:00,0.0003312397858,8,1274187.7,0.009266248181,0,0,0,0,0.222970502,0,0.001466579359,1865.9608
CEL,incident_preceding,2022-05-15 12:00:00+00:00,0.0003460558535,15,1267380.841,0.01206999942,0.0003810069741,0.02327159272,29652.3772,485.4744,0.1647795782,0.04692419241,-0.00534211655,-6806.8592
CEL,incident_preceding,2022-05-15 13:00:00+00:00,0.0003404896435,21,1267655.961,0.05883433164,0,0,0,0,0.1797817858,0,0.0002170778437,275.1203
CEL,incident_preceding,2022-05-15 14:00:00+00:00,0.0003432053372,2,1269528.181,0.001476914682,0,0,0,0,0.1720399384,0,0.001476914682,1872.2197
CEL,incident_preceding,2022-05-15 15:00:00+00:00,0.0003447904512,6,1266816.955,0.002533396146,0,0,0,0,0.1803824474,0,-0.002135617028,-2711.226
CEL,incident_preceding,2022-05-15 16:00:00+00:00,0.00036095307,8,1261595.763,0.009828962072,0,0,0,0,0.1275272219,0,-0.0041215042,-5221.1914
CEL,incident_preceding,2022-05-15 17:00:00+00:00,0.0004087588122,17,1252277.315,0.03930048209,0.0006665989412,0.002634207245,3323.3047,840.9784,0.02005389832,0.005935013431,-0.007386239532,-9318.4485
CEL,incident_preceding,2022-05-15 18:00:00+00:00,0.0003791760511,9,1250154.432,0.01002160796,0,0,0,0,0.07422260978,0,-0.001695217884,-2122.8829
CEL,incident_preceding,2022-05-15 19:00:00+00:00,0.0003919488883,18,1243239.893,0.03094756385,0,0,0,0,0.07221778024,0,-0.005530947636,-6914.5387
CEL,incident_preceding,2022-05-15 20:00:00+00:00,0.0004310356034,36,1227514.159,0.05569746988,0,0,0,0,0.00384473203,0,-0.01264899388,-15725.7338
CEL,incident_preceding,2022-05-15 21:00:00+00:00,0.0004289999759,15,1228491.749,0.02697854143,0,0,0,0,-0.0129022325,0,0.0007963978195,977.5896
CEL,incident_preceding,2022-05-15 22:00:00+00:00,0.0004529167841,20,1218252.873,0.02682792223,0,0,0,0,-0.06374745382,0,-0.00833450962,-10238.8763
CEL,incident_preceding,2022-05-15 23:00:00+00:00,0.0004373935983,12,1224616.974,0.006086552116,0,0,0,0,,0,0.005223957803,6364.1016
CEL,incident_preceding,2022-05-16 00:00:00+00:00,0.0004265046332,12,1230198.63,0.01420437914,0,0,0,0,-0.03377351444,0,0.004557878681,5581.6556
CEL,incident_preceding,2022-05-16 01:00:00+00:00,0.0004273726264,27,1230371.142,0.06470487266,0,0,0,0,-0.03544580549,0,0.0001402308504,172.5118
CEL,incident_preceding,2022-05-16 02:00:00+00:00,0.0004250645358,48,1229265.709,0.0887433797,0,0,0,0,-0.01532006601,0,-0.0008984544277,-1105.4324
CEL,incident_preceding,2022-05-16 03:00:00+00:00,0.0004145355871,10,1236849.091,0.01395867734,0,0,0,0,-0.01727118923,0,0.006169033873,7583.3818
CEL,incident_preceding,2022-05-16 04:00:00+00:00,0.0004108185566,3,1236777.065,0.0001998811349,0,0,0,0,-0.008553361148,0,-5.823329662e-05,-72.0258
CEL,incident_preceding,2022-05-16 05:00:00+00:00,0.0004119222055,3,1237212.208,0.0006266387223,0,0,0,0,-0.01899758386,0,0.000351835761,435.1424
CEL,incident_preceding,2022-05-16 06:00:00+00:00,0.0004143291486,2,1235582.143,0.002527679068,0,0,0,0,,0,-0.001317530323,-1630.0646
CEL,incident_preceding,2022-05-16 07:00:00+00:00,0.0004103083271,3,1237141.65,0.001262163595,0,0,0,0,-0.01777887153,0,0.001262163595,1559.5068
CEL,incident_preceding,2022-05-16 08:00:00+00:00,0.0004074349792,6,1237790.153,0.006022308844,0,0,0,0,-0.01463508316,0,0.0005241943799,648.5027
CEL,incident_preceding,2022-05-16 09:00:00+00:00,0.0004105651646,7,1237151.227,0.004140863125,0,0,0,0,0.01222547221,0,-0.0005161821644,-638.9252
CEL,incident_preceding,2022-05-16 10:00:00+00:00,0.0004124149738,1,1237042.114,8.819730166e-05,0,0,0,0,-0.003215994426,0,-8.819730166e-05,-109.1134
CEL,incident_preceding,2022-05-16 11:00:00+00:00,0.0004139780874,7,1234663.697,0.005853834658,0,0,0,0,-0.01010591179,0,-0.001922664534,-2378.417
CEL,incident_preceding,2022-05-16 12:00:00+00:00,0.0004080459402,33,1238600.39,0.03397732079,0,0,0,0,0.02371647008,0,0.003188473679,3936.6927
CEL,incident_preceding,2022-05-16 13:00:00+00:00,0.00040755117,4,1238309.688,0.0007626741505,0,0,0,0,,0,-0.000234701444,-290.7013
CEL,incident_preceding,2022-05-16 14:00:00+00:00,0.0004076336511,7,1237959.014,0.003314213672,0,0,0,0,0.01216549573,0,-0.0002831882067,-350.6747
CEL,incident_preceding,2022-05-16 15:00:00+00:00,0.0004129470151,10,1236899.676,0.01037607963,0,0,0,0,0.00659937516,0,-0.0008557133058,-1059.338
CEL,incident_preceding,2022-05-16 16:00:00+00:00,0.0004100483878,10,1236689.669,0.01087826658,0,0,0,0,-0.0002615820091,0,-0.0001697849908,-210.007
CEL,incident_preceding,2022-05-16 17:00:00+00:00,0.000417038765,7,1228175.091,0.01084312285,-0.003007949685,0.006159898957,7617.8834,-3719.9003,-0.02935744766,0.009311848228,-0.006884975443,-8514.578
CEL,incident_preceding,2022-05-16 18:00:00+00:00,0.0004083902539,10,1233597.116,0.0048828691,0,0,0,0,,0,0.004414700348,5422.025
CEL,incident_preceding,2022-05-16 19:00:00+00:00,0.0004213017086,17,1227886.298,0.04138587052,0,0,0,0,-0.01437257721,0,-0.004629402928,-5710.8181
CEL,incident_preceding,2022-05-16 20:00:00+00:00,0.0004326960097,33,1222573.694,0.06528879438,0,0,0,0,-0.07073394376,0,-0.004326624876,-5312.6034
CEL,incident_preceding,2022-05-16 21:00:00+00:00,0.0004235004727,6,1226630.337,0.003318117116,0,0,0,0,-0.03943699837,0,0.003318117116,4056.6427
CEL,incident_preceding,2022-05-16 22:00:00+00:00,0.0004249455127,3,1226786.939,0.0002227525211,0,0,0,0,-0.05665544102,0,0.0001276687811,156.6024
CEL,incident_preceding,2022-05-16 23:00:00+00:00,0.0004249455127,0,1226786.939,0,0,0,0,0,,0,0,0
CEL,incident_preceding,2022-05-17 00:00:00+00:00,0.0004123406036,7,1233774.715,0.01107063465,0,0,0,0,0.002264234834,0,0.005695998039,6987.776
CEL,incident_preceding,2022-05-17 01:00:00+00:00,0.0004124893918,3,1233083.413,0.001221416423,0,0,0,0,-0.01428169752,0,-0.0005603151786,-691.3027
CEL,incident_preceding,2022-05-17 02:00:00+00:00,0.0004186021475,11,1230022.727,0.02387733749,0,0,0,0,-0.02991941916,0,-0.002482140274,-3060.686
CEL,incident_preceding,2022-05-17 03:00:00+00:00,0.0004074375368,5,1235332.255,0.0101724605,0,0,0,0,-0.0005388569876,0,0.004316609836,5309.5282
CEL,incident_preceding,2022-05-17 04:00:00+00:00,0.0004073196621,1,1236223.043,0.0007210921568,0,0,0,0,,0,0.0007210921568,890.7884
CEL,incident_preceding,2022-05-17 05:00:00+00:00,0.0004041705435,2,1235967.132,0.0002757827577,0,0,0,0,,0,-0.0002070105402,-255.9112
CEL,incident_preceding,2022-05-17 06:00:00+00:00,0.0004041705435,0,1235967.132,0,0,0,0,0,,0,0,0
CEL,incident_preceding,2022-05-17 07:00:00+00:00,0.0004030779723,2,1236326.607,0.0002908451129,0,0,0,0,,0,0.0002908451129,359.475
CEL,incident_preceding,2022-05-17 08:00:00+00:00,0.0004015155557,5,1237385.46,0.00884972186,0,0,0,0,,0,0.000856451195,1058.8534
CEL,incident_preceding,2022-05-17 09:00:00+00:00,0.000415615325,10,1232175.605,0.02127461146,0,0,0,0,-0.02410248793,0,-0.004210374105,-5209.8557
CEL,incident_preceding,2022-05-17 10:00:00+00:00,0.00041109078,4,1232560.4,0.006581606201,0,0,0,0,-0.01717947744,0,0.000312289416,384.7954
CEL,incident_preceding,2022-05-17 11:00:00+00:00,0.00040981553,1,1233861.203,0.001055366049,0,0,0,0,-0.006724789789,0,0.001055366049,1300.8024
CEL,incident_preceding,2022-05-17 12:00:00+00:00,0.0004178390191,5,1231698.757,0.004049060129,0,0,0,0,-0.05753781252,0,-0.001752584323,-2162.4458
CEL,incident_preceding,2022-05-17 13:00:00+00:00,0.0004178390191,0,1231698.757,0,0,0,0,0,,0,0,0
CEL,incident_preceding,2022-05-17 14:00:00+00:00,0.000412623004,1,1231785.669,7.056278942e-05,0,0,0,0,,0,7.056278942e-05,86.9121
CEL,incident_preceding,2022-05-17 15:00:00+00:00,0.0004156812195,1,1232181.669,0.0003214845001,0,0,0,0,-0.04139498423,0,0.0003214845001,396
CEL,incident_preceding,2022-05-17 16:00:00+00:00,0.0004099411406,18,1234676.915,0.02492522943,0,0,0,0,-0.04159902504,0,0.002025063968,2495.2467
CEL,incident_preceding,2022-05-17 17:00:00+00:00,0.0004049735399,5,1235054.765,0.00634321206,0,0,0,0,-0.01215471537,0,0.000306031072,377.8495
CEL,incident_preceding,2022-05-17 18:00:00+00:00,0.0004049735399,0,1235054.765,0,0,0,0,0,,0,0,0
CEL,incident_preceding,2022-05-17 19:00:00+00:00,0.0004152898239,5,1231804.833,0.005967598206,0,0,0,0,-0.04034647946,0,-0.002631407199,-3249.932
CEL,incident_preceding,2022-05-17 20:00:00+00:00,0.0004031470894,5,1236714.289,0.006164361266,0,0,0,0,-0.0311278433,0,0.003985579589,4909.4562
CEL,incident_preceding,2022-05-17 21:00:00+00:00,0.0004071239285,1,1235903.725,0.0006554173483,0,0,0,0,-0.05171188683,0,-0.0006554173483,-810.564
CEL,incident_preceding,2022-05-17 22:00:00+00:00,0.0004015393412,4,1238608.065,0.002666599293,0,0,0,0,-0.02753014957,0,0.002188147786,2704.34
CEL,incident_preceding,2022-05-17 23:00:00+00:00,0.0004018073294,1,1238558.29,4.018631995e-05,0,0,0,0,-0.02047458933,0,-4.018631995e-05,-49.7751
CEL,incident_preceding,2022-05-18 00:00:00+00:00,0.0004132752974,19,1232756.935,0.03497417041,0,0,0,0,-0.04814196105,0,-0.004683958233,-5801.3553
CEL,incident_preceding,2022-05-18 01:00:00+00:00,0.0004066402106,6,1237250.187,0.01236896672,0,0,0,0,-0.02119539505,0,0.003644880976,4493.2523
CEL,incident_preceding,2022-05-18 02:00:00+00:00,0.0004062633201,4,1236849.964,0.0007975573658,0,0,0,0,-0.007406248447,0,-0.0003234781487,-400.2234
CEL,incident_preceding,2022-05-18 03:00:00+00:00,0.0004072180454,1,1235692.184,0.0009360714185,0,0,0,0,0.02535840217,0,-0.0009360714185,-1157.7799
CEL,incident_preceding,2022-05-18 04:00:00+00:00,0.0004072180454,0,1235692.184,0,0,0,0,0,,0,0,0
CEL,incident_preceding,2022-05-18 05:00:00+00:00,0.0004072180454,0,1235692.184,0,0,0,0,0,,0,0,0
CEL,incident_preceding,2022-05-18 06:00:00+00:00,0.0004064145365,2,1235299.986,0.0006657054328,0,0,0,0,0.03050268733,0,-0.000317390856,-392.1974
CEL,incident_preceding,2022-05-18 07:00:00+00:00,0.0004064145365,0,1235299.986,0,0,0,0,0,,0,0,0
CEL,incident_preceding,2022-05-18 08:00:00+00:00,0.0004064145365,0,1235299.986,0,0,0,0,0,,0,0,0
CEL,incident_preceding,2022-05-18 09:00:00+00:00,0.0004057177193,3,1236567.839,0.001026352072,0,0,0,0,0.02819611893,0,0.001026352072,1267.8527
CEL,incident_preceding,2022-05-18 10:00:00+00:00,0.0004040887728,1,1237275.03,0.0005718979401,0,0,0,0,0.01812462139,0,0.0005718979401,707.1906
CEL,incident_preceding,2022-05-18 11:00:00+00:00,0.0004070688525,4,1235324.701,0.00410488879,0,0,0,0,,0,-0.001576309675,-1950.3286
CEL,incident_preceding,2022-05-18 12:00:00+00:00,0.0003944760482,5,1240325.764,0.007968552714,4.651497695e-05,0.003139208903,3877.9423,57.4611,0.03554496314,0.006324932783,0.00404837918,5001.0628
CEL,incident_preceding,2022-05-18 13:00:00+00:00,0.0004007999876,3,1239352.331,0.001363965943,0,0,0,0,0.01424968331,0,-0.0007848201886,-973.4327
CEL,incident_preceding,2022-05-18 14:00:00+00:00,0.0004007999876,0,1239352.331,0,0,0,0,0,,0,0,0
CEL,incident_preceding,2022-05-18 15:00:00+00:00,0.0003988253824,4,1238859.363,0.002133338707,0,0,0,0,0.01624091745,0,-0.0003977628376,-492.9683
CEL,incident_preceding,2022-05-18 16:00:00+00:00,0.0003932378184,3,1242225.272,0.002716941891,0,0,0,0,0.02843866957,0,0.002716941891,3365.9089
CEL,incident_preceding,2022-05-18 17:00:00+00:00,0.0004000809958,4,1240120.054,0.006376524274,0,0,0,0,0.004286535764,0,-0.001694715321,-2105.2182
CEL,incident_preceding,2022-05-18 18:00:00+00:00,0.0004000809958,0,1240120.054,0,0,0,0,0,,0,0,0
CEL,incident_preceding,2022-05-18 19:00:00+00:00,0.0003988678535,2,1238849.459,0.001024573465,0,0,0,0,0.01676941451,0,-0.001024573465,-1270.5941
CEL,incident_preceding,2022-05-18 20:00:00+00:00,0.0003907912923,3,1243691.348,0.00586592862,0,0,0,0,0.05301673698,0,0.003908374874,4841.8881
CEL,incident_preceding,2022-05-18 21:00:00+00:00,0.0003866058679,3,1244380.624,0.0006566954105,0,0,0,0,0.07601361756,0,0.0005542185377,689.2768
CEL,incident_preceding,2022-05-18 22:00:00+00:00,0.0003906356814,2,1243608.899,0.0006201679654,0,0,0,0,0.06833212905,0,-0.0006201679654,-771.725
CEL,incident_preceding,2022-05-18 23:00:00+00:00,0.000393664138,2,1242473.193,0.001111525497,0,0,0,0,0.05625605841,0,-0.0009132343782,-1135.7064
CEL,incident_preceding,2022-05-19 00:00:00+00:00,0.0003938507339,1,1242522.812,3.993542901e-05,0,0,0,0,0.05344805048,0,3.993542901e-05,49.6187
CEL,incident_preceding,2022-05-19 01:00:00+00:00,0.0003981120093,3,1240458.771,0.002904345631,0,0,0,0,0.02047235595,0,-0.001661168938,-2064.0403
CEL,incident_preceding,2022-05-19 02:00:00+00:00,0.0004032655479,5,1237220.615,0.008751606059,0,0,0,0,0.03047300409,0,-0.002610450806,-3238.1566
CEL,incident_preceding,2022-05-19 03:00:00+00:00,0.0004176764887,13,1239811.894,0.01686003947,0.007933720941,0,0,9815.7631,-0.01918807457,0.007933720941,0.002094435438,2591.2787
CEL,incident_preceding,2022-05-19 04:00:00+00:00,0.0004153405517,2,1242786.338,0.002399109426,0,0,0,0,-0.008582762469,0,0.002399109426,2974.4444
CEL,incident_preceding,2022-05-19 05:00:00+00:00,0.0004142560641,3,1242480.528,0.0006487461886,0,0,0,0,-0.0127883751,0,-0.000246067639,-305.8095
CEL,incident_preceding,2022-05-19 06:00:00+00:00,0.000419002276,1,1241480.528,0.0008048415868,0,0,0,0,-0.02985001151,0,-0.0008048415868,-1000
CEL,incident_preceding,2022-05-19 07:00:00+00:00,0.0004186195106,1,1241559.244,6.340494128e-05,0,0,0,0,-0.03023084138,0,6.340494128e-05,78.716
CEL,incident_preceding,2022-05-19 08:00:00+00:00,0.0004181431722,1,1241687.005,0.0001029035872,0,0,0,0,-0.03628049825,0,0.0001029035872,127.7609
CEL,incident_preceding,2022-05-19 09:00:00+00:00,0.0004173201879,2,1241823.541,0.0001099595143,0,0,0,0,-0.01507338223,0,0.0001099595143,136.5353
CEL,incident_preceding,2022-05-19 10:00:00+00:00,0.0004114795036,2,1243017.668,0.002957736651,0,0,0,0,0.005003479094,0,0.0009615916923,1194.1272
CEL,incident_preceding,2022-05-19 11:00:00+00:00,0.0004114795036,0,1243017.668,0,0,0,0,0,,0,0,0
CEL,incident_preceding,2022-05-19 12:00:00+00:00,0.0004087498631,4,1248122.805,0.00433144495,0,0,0,0,0.004167080275,0,0.004107051358,5105.1374
CEL,incident_preceding,2022-05-19 13:00:00+00:00,0.0004065521464,1,1248131.908,7.293272715e-06,0,0,0,0,-0.005676490402,0,7.293272715e-06,9.1029
CEL,incident_preceding,2022-05-19 14:00:00+00:00,0.0004064136674,1,1248185.533,4.296404863e-05,0,0,0,0,-0.04989016246,0,4.296404863e-05,53.6248
CEL,incident_preceding,2022-05-19 15:00:00+00:00,0.000405355557,3,1250542.173,0.004048120145,0,0,0,0,-0.03740663934,0,0.001888052648,2356.64
CEL,incident_preceding,2022-05-19 16:00:00+00:00,0.0004045815141,1,1250421.06,9.684823321e-05,0,0,0,0,-0.02723802036,0,-9.684823321e-05,-121.1128
CEL,incident_preceding,2022-05-19 17:00:00+00:00,0.0004017996382,3,1253047.874,0.002100743569,0,0,0,0,-0.01991940452,0,0.002100743569,2626.814
CEL,incident_preceding,2022-05-19 18:00:00+00:00,0.000405286412,6,1251120.157,0.003019287354,0,0,0,0,-0.02526057049,0,-0.001538422146,-1927.7166
CEL,incident_preceding,2022-05-19 19:00:00+00:00,0.0004056130321,4,1249720.322,0.003686271596,0,0,0,0,-0.02368160489,0,-0.001118866075,-1399.8359
CEL,incident_preceding,2022-05-19 20:00:00+00:00,0.0004120688204,10,1245749.986,0.02641184754,0,0,0,0,-0.04702333211,0,-0.003176979626,-3970.336
CEL,incident_preceding,2022-05-19 21:00:00+00:00,0.0004171389428,5,1240614.355,0.007504844558,0,0,0,0,,0,-0.004122521099,-5135.6306
CEL,incident_preceding,2022-05-19 22:00:00+00:00,0.0004182617755,6,1242905.077,0.005167499936,0,0,0,0,-0.05461010211,0,0.001846441959,2290.7224
CEL,incident_preceding,2022-05-19 23:00:00+00:00,0.0004164449011,3,1242959.967,0.001089303459,0,0,0,0,,0,4.416234272e-05,54.8896
CEL,incident_preceding,2022-05-20 00:00:00+00:00,0.0004154740012,2,1242833.872,0.0001014471128,0,0,0,0,-0.02906503515,0,-0.0001014471128,-126.0947
CEL,incident_preceding,2022-05-20 01:00:00+00:00,0.0004063463001,7,1249486.368,0.00549042165,0,0,0,0,-0.01247208611,0,0.005352683048,6652.4958
CEL,incident_preceding,2022-05-20 02:00:00+00:00,0.000415743414,5,1244379.665,0.0070477033,0,0,0,0,-0.02956983418,0,-0.004087041628,-5106.7028
CEL,incident_preceding,2022-05-20 03:00:00+00:00,0.0004097384821,10,1247158.698,0.03006549339,0,0,0,0,-0.009902433121,0,0.002233267448,2779.0326
CEL,incident_preceding,2022-05-20 04:00:00+00:00,0.0004117910366,1,1247062.411,7.720484984e-05,0,0,0,0,-0.02854045011,0,-7.720484984e-05,-96.2867
CEL,incident_preceding,2022-05-20 05:00:00+00:00,0.0004089921324,1,1247308.274,0.0001971537253,0,0,0,0,-0.009234815568,0,0.0001971537253,245.863
CEL,incident_preceding,2022-05-20 06:00:00+00:00,0.00040667988,3,1248581.604,0.001020862065,0,0,0,0,-0.02010069133,0,0.001020862065,1273.3297
CEL,incident_preceding,2022-05-20 07:00:00+00:00,0.0004061536664,1,1249236.007,0.0005241168042,0,0,0,0,-0.02820466118,0,0.0005241168042,654.4026
CEL,incident_preceding,2022-05-20 08:00:00+00:00,0.0004032446271,1,1251836.007,0.002081272063,0,0,0,0,-0.01527039141,0,0.002081272063,2600
CEL,incident_preceding,2022-05-20 09:00:00+00:00,0.0004110769329,5,1246988.346,0.008644955604,0,0,0,0,-0.039844923,0,-0.003872440859,-4847.6609
CEL,incident_preceding,2022-05-20 10:00:00+00:00,0.0004135434919,5,1243334.202,0.01310826734,0,0,0,0,-0.05469799724,0,-0.002930374941,-3654.1434
CEL,incident_preceding,2022-05-20 11:00:00+00:00,0.0004072482028,3,1249643.633,0.005074605435,0,0,0,0,-0.03431400368,0,0.005074605435,6309.4305
CEL,incident_preceding,2022-05-20 12:00:00+00:00,0.0004104567104,2,1249417.997,0.0001805601966,0,0,0,0,-0.03871924798,0,-0.0001805601966,-225.6359
CEL,incident_preceding,2022-05-20 13:00:00+00:00,0.0004042508947,1,1251243.269,0.001460897958,0,0,0,0,-0.01240146851,0,0.001460897958,1825.2722
CEL,incident_preceding,2022-05-20 14:00:00+00:00,0.0003866351037,7,1264455.466,0.02622789374,0,0,0,0,0.03058874333,0,0.01055925496,13212.1967
CEL,incident_preceding,2022-05-20 15:00:00+00:00,0.0003904726628,8,1261540.268,0.01147969232,0,0,0,0,0.01146227913,0,-0.002305496697,-2915.1979
CEL,incident_preceding,2022-05-20 16:00:00+00:00,0.0003937102426,1,1259000.329,0.002013363398,0,0,0,0,,0,-0.002013363398,-2539.939
CEL,incident_preceding,2022-05-20 17:00:00+00:00,0.0003938752156,2,1259021.116,0.0001364467475,0,0,0,0,0.001053935589,0,1.651063906e-05,20.7869
CEL,incident_preceding,2022-05-20 18:00:00+00:00,0.00039517687,1,1258479.92,0.0004298542679,0,0,0,0,-0.009457619739,0,-0.0004298542679,-541.1956
CEL,incident_preceding,2022-05-20 19:00:00+00:00,0.0003961203097,1,1258252.716,0.0001805382004,0,0,0,0,-0.0101440143,0,-0.0001805382004,-227.2037
CEL,incident_preceding,2022-05-20 20:00:00+00:00,0.0003931404956,5,1257716.945,0.008853140593,0,0,0,0,-0.01528696242,0,-0.0004258058759,-535.7714
CEL,incident_preceding,2022-05-20 21:00:00+00:00,0.0003931404956,0,1257716.945,0,0,0,0,0,,0,0,0
CEL,incident_preceding,2022-05-20 22:00:00+00:00,0.0003960329408,4,1257938.931,0.002296075768,0,0,0,0,-0.06126342373,0,0.0001764991725,221.986
CEL,incident_preceding,2022-05-20 23:00:00+00:00,0.0003960329408,0,1257938.931,0,0,0,0,0,,0,0,0
CEL,incident_preceding,2022-05-21 00:00:00+00:00,0.0004035720381,10,1252171.626,0.04883501924,0,0,0,0,-0.07361903961,0,-0.00458472614,-5767.3055
CEL,incident_preceding,2022-05-21 01:00:00+00:00,0.0004013097873,1,1253813.443,0.001311175694,0,0,0,0,0.01352199411,0,0.001311175694,1641.817
CEL,incident_preceding,2022-05-21 02:00:00+00:00,0.0004036299297,7,1250591.832,0.01069228072,0,0,0,0,-0.06826083506,0,-0.002569449641,-3221.6105
CEL,incident_preceding,2022-05-21 03:00:00+00:00,0.0004057010972,2,1250492.915,0.001928266872,0,0,0,0,-0.08737867544,0,-7.909599077e-05,-98.9168
CEL,incident_preceding,2022-05-21 04:00:00+00:00,0.0004002044645,5,1254692.517,0.00557765759,0,0,0,0,-0.07826298574,0,0.003358356732,4199.6013
CEL,incident_preceding,2022-05-21 05:00:00+00:00,0.0004052325518,4,1250488.02,0.006699236657,0,0,0,0,-0.08230461089,0,-0.003351017118,-4204.4961
CEL,incident_preceding,2022-05-21 06:00:00+00:00,0.0003985869426,4,1256337.005,0.00642263106,0,0,0,0,-0.05731461114,0,0.004677361402,5848.9844
CEL,incident_preceding,2022-05-21 07:00:00+00:00,0.0003948582799,1,1258922.509,0.002057970186,0,0,0,0,-0.06402046076,0,0.002057970186,2585.5041
CEL,incident_preceding,2022-05-21 08:00:00+00:00,0.0003971337007,12,1260499.471,0.01923028298,0.001141037744,0,0,1436.4781,-0.06964830015,0.001141037744,0.001252628727,1576.9625
CEL,incident_preceding,2022-05-21 09:00:00+00:00,0.0003950196295,2,1260225.083,0.004113933736,0,0,0,0,-0.07481457019,0,-0.0002176825189,-274.3887
CEL,incident_preceding,2022-05-21 10:00:00+00:00,0.0003915309988,10,1262975.226,0.01779305856,0,0,0,0,-0.07022185836,0,0.002182263897,2750.1437
CEL,incident_preceding,2022-05-21 11:00:00+00:00,0.0003935109249,3,1261603.294,0.001114139906,0,0,0,0,-0.06145098739,0,-0.001086270317,-1371.9325
CEL,incident_preceding,2022-05-21 12:00:00+00:00,0.0003948678767,1,1261346.41,0.0002036171761,0,0,0,0,-0.04944678374,0,-0.0002036171761,-256.8841
CEL,incident_preceding,2022-05-21 13:00:00+00:00,0.0003992685481,9,1256350.047,0.006700525275,0,0,0,0,-0.05457735802,0,-0.003961134278,-4996.3625
CEL,incident_preceding,2022-05-21 14:00:00+00:00,0.0003986445258,1,1256401.047,4.059378205e-05,0,0,0,0,-0.04782321308,0,4.059378205e-05,51
CEL,incident_preceding,2022-05-21 15:00:00+00:00,0.0003949741186,3,1259365.752,0.002359680141,0,0,0,0,-0.03277433637,0,0.002359680141,2964.7046
CEL,incident_preceding,2022-05-21 16:00:00+00:00,0.0003949741186,0,1259365.752,0,0,0,0,0,,0,0,0
CEL,incident_preceding,2022-05-21 17:00:00+00:00,0.0003942905535,2,1259641.941,0.0002193082507,0,0,0,0,-0.03685501537,0,0.0002193082507,276.1893
CEL,incident_preceding,2022-05-21 18:00:00+00:00,0.0003914570555,2,1260449.249,0.0006409030008,0,0,0,0,-0.03085525289,0,0.0006409030008,807.3083
CEL,incident_preceding,2022-05-21 19:00:00+00:00,0.0003921223714,1,1262994.084,0.002018990293,0,0,0,0,-0.03825218593,0,0.002018990293,2544.8348
CEL,incident_preceding,2022-05-21 20:00:00+00:00,0.0003871762752,8,1266624.568,0.01620513101,0,0,0,0,-0.02247737373,0,0.002874505467,3630.4834
CEL,incident_preceding,2022-05-21 21:00:00+00:00,0.0003706400003,16,1255896.958,0.03557952273,-0.01621118358,0.01621118358,20533.4834,-20533.4834,0.02558639769,0.01621118358,-0.008469447201,-10727.6099
CEL,incident_preceding,2022-05-21 22:00:00+00:00,0.0003724988564,7,1256183.244,0.004298261148,0,0,0,0,0.02170819518,0,0.0002279531758,286.2857
CEL,incident_preceding,2022-05-21 23:00:00+00:00,0.0003724988564,0,1256183.244,0,0,0,0,0,,0,0,0
CEL,incident_preceding,2022-05-22 00:00:00+00:00,0.000374928734,3,1252719.119,0.002765489683,0,0,0,0,0.02935784262,0,-0.002757658342,-3464.1242
CEL,incident_preceding,2022-05-22 01:00:00+00:00,0.0004067731504,5,1255026.814,0.05198542825,0,0,0,0,,0,0.001842148223,2307.6943
CEL,incident_preceding,2022-05-22 02:00:00+00:00,0.0003769971424,2,1253782.271,0.0009916459844,0,0,0,0,0.01225250308,0,-0.0009916459844,-1244.5423
CEL,incident_preceding,2022-05-22 03:00:00+00:00,0.0003717561019,4,1256400.198,0.003146807058,0,0,0,0,0.01779527593,0,0.002088023702,2617.9271
CEL,incident_preceding,2022-05-22 04:00:00+00:00,0.0003700775551,1,1256674.119,0.0002180199433,0,0,0,0,0.03181871753,0,0.0002180199433,273.9203
CEL,incident_preceding,2022-05-22 05:00:00+00:00,0.0003732156838,2,1255184.411,0.001185436923,0,0,0,0,0.01154074165,0,-0.001185436923,-1489.7079
CEL,incident_preceding,2022-05-22 06:00:00+00:00,0.0003763844287,1,1252824.411,0.001880201809,0,0,0,0,0.01880192496,0,-0.001880201809,-2360
CEL,incident_preceding,2022-05-22 07:00:00+00:00,0.0003703714625,2,1256692.221,0.003087272619,0,0,0,0,0.03148375108,0,0.003087272619,3867.8105
CEL,incident_preceding,2022-05-22 08:00:00+00:00,0.0003704152603,1,1256701.967,7.755200386e-06,0,0,0,0,,0,7.755200386e-06,9.7459
CEL,incident_preceding,2022-05-22 09:00:00+00:00,0.0003665448503,3,1258316.497,0.001843571396,0,0,0,0,0.04136201129,0,0.001284735635,1614.5298
CEL,incident_preceding,2022-05-22 10:00:00+00:00,0.0003649801007,1,1259377.112,0.0008428842048,0,0,0,0,0.01929750983,0,0.0008428842048,1060.6151
CEL,incident_preceding,2022-05-22 11:00:00+00:00,0.0003700572944,4,1256743.241,0.003352869335,0,0,0,0,0.00826966292,0,-0.00209140747,-2633.8707
CEL,incident_preceding,2022-05-22 12:00:00+00:00,0.0003758177941,5,1252851.748,0.009463430881,0,0,0,0,-0.0148616615,0,-0.003096490573,-3891.4936
CEL,incident_preceding,2022-05-22 13:00:00+00:00,0.0003780615017,1,1251751.748,0.0008779969393,0,0,0,0,0.005221577344,0,-0.0008779969393,-1100
CEL,incident_preceding,2022-05-22 14:00:00+00:00,0.0003800287447,1,1251643.748,8.627908864e-05,0,0,0,0,0.002186571259,0,-8.627908864e-05,-108
CEL,incident_preceding,2022-05-22 15:00:00+00:00,0.0003822389375,3,1249966.444,0.004351252271,0,0,0,0,0.004276538515,0,-0.001340080596,-1677.3035
CEL,incident_preceding,2022-05-22 16:00:00+00:00,0.0003822389375,0,1249966.444,0,0,0,0,0,,0,0,0
CEL,incident_preceding,2022-05-22 17:00:00+00:00,0.0003800234904,1,1251415.214,0.001159046554,0,0,0,0,0.006199813842,0,0.001159046554,1448.7693
CEL,incident_preceding,2022-05-22 18:00:00+00:00,0.0003795629899,2,1251265.226,0.0002398991132,0,0,0,0,0.002803027918,0,-0.0001198540647,-149.9872
CEL,incident_preceding,2022-05-22 19:00:00+00:00,0.0003774060929,1,1251432.174,0.0001334233514,0,0,0,0,0.01196674557,0,0.0001334233514,166.948
CEL,incident_preceding,2022-05-22 20:00:00+00:00,0.0003785706476,1,1251782.087,0.0002796094005,0,0,0,0,0.0008378804511,0,0.0002796094005,349.9122
CEL,incident_preceding,2022-05-22 21:00:00+00:00,0.0003802457064,13,1250928.351,0.01482747405,0,0,0,0,-0.02663975162,0,-0.0006820159908,-853.7354
CEL,incident_preceding,2022-05-22 22:00:00+00:00,0.0003806735421,1,1250845.411,6.630323785e-05,0,0,0,0,-0.005300244002,0,-6.630323785e-05,-82.9406
CEL,incident_preceding,2022-05-22 23:00:00+00:00,0.0003806735421,0,1250845.411,0,0,0,0,0,,0,0,0
CEL,incident_preceding,2022-05-23 00:00:00+00:00,0.0003860989979,5,1249570.805,0.01148828271,0,0,0,0,-0.03364885674,0,-0.001018995544,-1274.6059
CEL,incident_preceding,2022-05-23 01:00:00+00:00,0.0003860989979,0,1249570.805,0,0,0,0,0,,0,0,0
CEL,incident_preceding,2022-05-23 02:00:00+00:00,0.0003816447151,1,1250189.555,0.0004951704199,0,0,0,0,,0,0.0004951704199,618.7505
CEL,incident_preceding,2022-05-23 03:00:00+00:00,0.0003784308174,4,1250072.655,0.008092292691,0,0,0,0,0.0004748520869,0,-9.350566041e-05,-116.8998
CEL,incident_preceding,2022-05-23 04:00:00+00:00,0.0003820422901,2,1250218.695,0.0005007304954,0,0,0,0,0.008719322906,0,0.0001168246496,146.0393
CEL,incident_preceding,2022-05-23 05:00:00+00:00,0.0003775478195,7,1250184.423,0.01810205422,0,0,0,0,0.01748686624,0,-2.7412644e-05,-34.2718
CEL,incident_preceding,2022-05-23 06:00:00+00:00,0.0003835281277,5,1248553.531,0.005945414264,0,0,0,0,,0,-0.001304520893,-1630.8917
CEL,incident_preceding,2022-05-23 07:00:00+00:00,0.0003822176481,2,1248857.636,0.0002435654479,0,0,0,0,0.004860151511,0,0.0002435654479,304.1045
CEL,incident_preceding,2022-05-23 08:00:00+00:00,0.0003822176481,0,1248857.636,0,0,0,0,0,,0,0,0
CEL,incident_preceding,2022-05-23 09:00:00+00:00,0.000382023796,5,1250412.984,0.003153474013,0,0,0,0,-0.007154325496,0,0.001245416976,1555.3485
CEL,incident_preceding,2022-05-23 10:00:00+00:00,0.0003720917052,6,1254398.165,0.01026342757,0,0,0,0,0.03244002539,0,0.003187091265,3985.1803
CEL,incident_preceding,2022-05-23 11:00:00+00:00,0.0003731302321,1,1254459.193,4.865169747e-05,0,0,0,0,,0,4.865169747e-05,61.0286
CEL,incident_preceding,2022-05-23 12:00:00+00:00,0.0003702738157,7,1255593.488,0.00842093227,0,0,0,0,,0,0.000904210122,1134.2947
CEL,incident_preceding,2022-05-23 13:00:00+00:00,0.0003800407419,7,1252067.611,0.0111738508,0,0,0,0,0.03311097774,0,-0.002808135702,-3525.8769
CEL,incident_preceding,2022-05-23 14:00:00+00:00,0.0003808606138,1,1251575.709,0.0003928720747,0,0,0,0,0.0323308346,0,-0.0003928720747,-491.9024
CEL,incident_preceding,2022-05-23 15:00:00+00:00,0.0003838770974,4,1249512.845,0.00179851621,0,0,0,0,,0,-0.001648213357,-2062.8638
CEL,incident_preceding,2022-05-23 16:00:00+00:00,0.0003838770974,0,1249512.845,0,0,0,0,0,,0,0,0
CEL,incident_preceding,2022-05-23 17:00:00+00:00,0.000382386884,3,1249737.824,0.001844412972,0,0,0,0,0.0236692314,0,0.0001800539314,224.9797
CEL,incident_preceding,2022-05-23 18:00:00+00:00,0.000380628408,1,1250769.824,0.0008257731981,0,0,0,0,,0,0.0008257731981,1032
CEL,incident_preceding,2022-05-23 19:00:00+00:00,0.0003819495465,2,1250646.564,0.0007790239907,0,0,0,0,0.0294056464,0,-9.854738865e-05,-123.2601
CEL,incident_preceding,2022-05-23 20:00:00+00:00,0.0003788879775,6,1251996.352,0.002500549467,0,0,0,0,0.03343397507,0,0.001079271825,1349.7876
CEL,incident_preceding,2022-05-23 21:00:00+00:00,0.0003702497908,4,1254579.614,0.005282834483,0,0,0,0,,0,0.002063314558,2583.2623
CEL,incident_preceding,2022-05-23 22:00:00+00:00,0.0003786612171,4,1260350.562,0.002734150756,0.00724812973,0,0,9093.3558,0.03328425319,0.00724812973,0.004599905446,5770.9476
CEL,incident_preceding,2022-05-23 23:00:00+00:00,0.0003766499695,2,1263504.616,0.0025025212,0,0,0,0,0.02523257447,0,0.0025025212,3154.054
CEL,incident_preceding,2022-05-24 00:00:00+00:00,0.0003733233563,1,1265425.164,0.001520016529,0,0,0,0,0.03764993182,0,0.001520016529,1920.5479
CEL,incident_preceding,2022-05-24 01:00:00+00:00,0.0003733501437,16,1264062.228,0.03669559009,0,0,0,0,0.02879230616,0,-0.001077057845,-1362.9361
CEL,incident_preceding,2022-05-24 02:00:00+00:00,0.0003733501437,0,1264062.228,0,0,0,0,0,,0,0,0
CEL,incident_preceding,2022-05-24 03:00:00+00:00,0.0003786105587,4,1259068.236,0.0185280214,0,0,0,0,0.02119540105,0,-0.00395074854,-4993.992
CEL,incident_preceding,2022-05-24 04:00:00+00:00,0.0003853880052,4,1255921.752,0.002499057645,0,0,0,0,-0.0005588057211,0,-0.002499057645,-3146.4841
CEL,incident_preceding,2022-05-24 05:00:00+00:00,0.000384208011,2,1256960.863,0.001661889921,0,0,0,0,0.01144740612,0,0.0008273699367,1039.1119
CEL,incident_preceding,2022-05-24 06:00:00+00:00,0.000384208011,0,1256960.863,0,0,0,0,0,,0,0,0
CEL,incident_preceding,2022-05-24 07:00:00+00:00,0.0003840798053,1,1257456.488,0.0003943042416,0,0,0,0,-0.0007576384183,0,0.0003943042416,495.625
CEL,incident_preceding,2022-05-24 08:00:00+00:00,0.0003854709293,1,1257414.502,3.338962452e-05,0,0,0,0,0.003845553047,0,-3.338962452e-05,-41.986
CEL,incident_preceding,2022-05-24 09:00:00+00:00,0.000379300427,3,1255852.28,0.002225691126,-0.003468099415,0.003468099415,4360.8385,-4360.8385,,0.003468099415,-0.001242408289,-1562.2222
CEL,incident_preceding,2022-05-24 10:00:00+00:00,0.0003843602903,3,1251039.214,0.004857412847,-0.001024903184,0.001024903184,1287.127,-1287.127,-0.002525507004,0.001024903184,-0.003832509664,-4813.066
CEL,incident_preceding,2022-05-24 11:00:00+00:00,0.0003843602903,0,1251039.214,0,0,0,0,0,,0,0,0
CEL,incident_preceding,2022-05-24 12:00:00+00:00,0.0003843602903,0,1251039.214,0,0,0,0,0,,0,0,0
CEL,incident_preceding,2022-05-24 13:00:00+00:00,0.0003928349073,5,1244982.785,0.009548453369,0,0,0,0,-0.02858341128,0,-0.004841118673,-6056.4293
CEL,incident_preceding,2022-05-24 14:00:00+00:00,0.0003933753715,1,1246116.809,0.000910875326,0,0,0,0,-0.02943785114,0,0.000910875326,1134.0241
CEL,incident_preceding,2022-05-24 15:00:00+00:00,0.0003933753715,0,1246116.809,0,0,0,0,0,,0,0,0
CEL,incident_preceding,2022-05-24 16:00:00+00:00,0.0003887271844,2,1249469.163,0.005334689214,0,0,0,0,0.008017832089,0,0.002690240655,3352.3541
CEL,incident_preceding,2022-05-24 17:00:00+00:00,0.0003915456505,4,1245837.101,0.01252033532,0,0,0,0,-0.02306857066,0,-0.002906883825,-3632.0617
CEL,incident_preceding,2022-05-24 18:00:00+00:00,0.0003915456505,0,1245837.101,0,0,0,0,0,,0,0,0
CEL,incident_preceding,2022-05-24 19:00:00+00:00,0.0003933477848,12,1244196.266,0.02998743291,0,0,0,0,-0.04305844492,0,-0.001317054291,-1640.8351
CEL,incident_preceding,2022-05-24 20:00:00+00:00,0.0003917698549,4,1245502.42,0.006359229259,0,0,0,0,-0.0255254933,0,0.001049797315,1306.1539
CEL,incident_preceding,2022-05-24 21:00:00+00:00,0.0003917698549,0,1245502.42,0,0,0,0,0,,0,0,0
CEL,incident_preceding,2022-05-24 22:00:00+00:00,0.0003914767678,2,1245732.865,0.0003490956685,0,0,0,0,,0,0.0001850218002,230.4451
CEL,incident_preceding,2022-05-24 23:00:00+00:00,0.000386274736,4,1250263.287,0.009064525963,0,0,0,0,-0.01508397326,0,0.00363675249,4530.4221
CEL,incident_preceding,2022-05-25 00:00:00+00:00,0.0003876469035,2,1248957.65,0.001044290281,0,0,0,0,,0,-0.001044290281,-1305.6378
CEL,incident_preceding,2022-05-25 01:00:00+00:00,0.0003842560044,9,1249669.912,0.02905803532,0,0,0,0,-0.01446936117,0,0.00057028571,712.2627
CEL,incident_preceding,2022-05-25 02:00:00+00:00,0.0003842560044,0,1249669.912,0,0,0,0,0,,0,0,0
CEL,incident_preceding,2022-05-25 03:00:00+00:00,0.0003867210098,1,1249788.333,9.476198381e-05,0,0,0,0,-0.02111217449,0,9.476198381e-05,118.4212
CEL,incident_preceding,2022-05-25 04:00:00+00:00,0.0003851727083,2,1251107.337,0.001055381431,0,0,0,0,,0,0.001055381431,1319.0034
CEL,incident_preceding,2022-05-25 05:00:00+00:00,0.0003886314664,8,1251320.332,0.01507835127,0,0,0,0,-0.02275940812,0,0.0001702452649,212.9951
CEL,incident_preceding,2022-05-25 06:00:00+00:00,0.0003886314664,0,1251320.332,0,0,0,0,0,,0,0,0
CEL,incident_preceding,2022-05-25 07:00:00+00:00,0.0003837889219,2,1251185.129,0.0002116138396,0,0,0,0,,0,-0.0001080485121,-135.2033
CEL,incident_preceding,2022-05-25 08:00:00+00:00,0.0003869561321,2,1250341.207,0.0007961760232,0,0,0,0,0.01565314311,0,-0.0006744976268,-843.9214
CEL,incident_preceding,2022-05-25 09:00:00+00:00,0.0003869561321,0,1250341.207,0,0,0,0,0,,0,0,0
CEL,incident_preceding,2022-05-25 10:00:00+00:00,0.0003833908104,6,1251917.561,0.005785000732,0,0,0,0,-0.009802266025,0,0.001260739061,1576.354
CEL,incident_preceding,2022-05-25 11:00:00+00:00,0.0003791316983,8,1255783.13,0.008034957421,0,0,0,0,-0.05586725846,0,0.003087718568,3865.5691
CEL,incident_preceding,2022-05-25 12:00:00+00:00,0.0003781529127,9,1255669.841,0.01076717848,0,0,0,0,-0.03073152445,0,-9.021438277e-05,-113.2897
CEL,incident_preceding,2022-05-25 13:00:00+00:00,0.0003817653027,2,1253808.351,0.001482467238,0,0,0,0,-0.0196322888,0,-0.001482467238,-1861.4894
CEL,incident_preceding,2022-05-25 14:00:00+00:00,0.0003819640326,2,1253521.571,0.001857626644,0,0,0,0,-0.03095985303,0,-0.0002287273009,-286.7802
CEL,incident_preceding,2022-05-25 15:00:00+00:00,0.0003886565094,10,1249722.42,0.03532613074,0,0,0,0,-0.06863245389,0,-0.003030782068,-3799.1507
CEL,incident_preceding,2022-05-25 16:00:00+00:00,0.0003918564619,5,1244441.39,0.01711052427,0,0,0,0,-0.07682822874,0,-0.004225762388,-5281.03
CEL,incident_preceding,2022-05-25 17:00:00+00:00,0.0003826166378,5,1252580.337,0.006540240756,0,0,0,0,-0.0490701192,0,0.006540240756,8138.9463
CEL,incident_preceding,2022-05-25 18:00:00+00:00,0.000386400211,1,1251824.769,0.0006032086549,0,0,0,0,,0,-0.0006032086549,-755.5673
CEL,incident_preceding,2022-05-25 19:00:00+00:00,0.0003767703024,6,1255463.98,0.01354706586,0,0,0,0,-0.07059154107,0,0.002907124774,3639.2108
CEL,incident_preceding,2022-05-25 20:00:00+00:00,0.000381896286,1,1254218.092,0.0009923725568,0,0,0,0,-0.06618244573,0,-0.0009923725568,-1245.888
CEL,incident_preceding,2022-05-25 21:00:00+00:00,0.0003822183213,5,1254019.67,0.006318658812,0,0,0,0,-0.04799259979,0,-0.0001582037456,-198.422
CEL,incident_preceding,2022-05-25 22:00:00+00:00,0.0003822183213,0,1254019.67,0,0,0,0,0,,0,0,0
CEL,incident_preceding,2022-05-25 23:00:00+00:00,0.0003804919019,1,1254287.564,0.000213627909,0,0,0,0,-0.04657791161,0,0.000213627909,267.8936
CEL,incident_preceding,2022-05-26 00:00:00+00:00,0.0003804919019,0,1254287.564,0,0,0,0,0,,0,0,0
CEL,incident_preceding,2022-05-26 01:00:00+00:00,0.0003787360965,1,1254877.264,0.0004701473705,0,0,0,0,-0.04590396339,0,0.0004701473705,589.7
CEL,incident_preceding,2022-05-26 02:00:00+00:00,0.0003787360965,0,1254877.264,0,0,0,0,0,,0,0,0
CEL,incident_preceding,2022-05-26 03:00:00+00:00,0.0003786420705,2,1254638.05,0.0002936651341,0,0,0,0,-0.1046015864,0,-0.0001906274876,-239.2141
CEL,incident_preceding,2022-05-26 04:00:00+00:00,0.0003786420705,0,1254638.05,0,0,0,0,0,,0,0,0
CEL,incident_preceding,2022-05-26 05:00:00+00:00,0.0003798863387,1,1254939.223,0.000240047558,0,0,0,0,-0.1374138105,0,0.000240047558,301.1728
CEL,incident_preceding,2022-05-26 06:00:00+00:00,0.0003833219816,2,1251668.7,0.002606120553,0,0,0,0,-0.1443538821,0,-0.002606120553,-3270.5229
CEL,incident_preceding,2022-05-26 07:00:00+00:00,0.0003833219816,0,1251668.7,0,0,0,0,0,,0,0,0
CEL,incident_preceding,2022-05-26 08:00:00+00:00,0.0003930608663,23,1246833.03,0.05793862283,0,0,0,0,-0.1982896377,0,-0.003863378306,-4835.6697
CEL,incident_preceding,2022-05-26 09:00:00+00:00,0.000388510332,1,1249435.847,0.002087542468,0,0,0,0,-0.180957542,0,0.002087542468,2602.8169
CEL,incident_preceding,2022-05-26 10:00:00+00:00,0.0003796510706,10,1255871.855,0.03525341826,0,0,0,0,-0.1493481241,0,0.005151131542,6436.0084
CEL,incident_preceding,2022-05-26 11:00:00+00:00,0.0003585314472,14,1271467.184,0.04765073009,0,0,0,0,-0.087445467,0,0.01241793033,15595.3292
CEL,incident_preceding,2022-05-26 12:00:00+00:00,0.0003667084508,8,1265196.292,0.01518487259,0,0,0,0,-0.1042497187,0,-0.004932013092,-6270.8928
CEL,incident_preceding,2022-05-26 13:00:00+00:00,0.0003743434682,6,1261020.583,0.018467305,0,0,0,0,-0.07253060198,0,-0.003300442965,-4175.7082
CEL,incident_preceding,2022-05-26 14:00:00+00:00,0.0003703196663,11,1266752.691,0.02382950778,0,0,0,0,-0.07756510502,0,0.004545610179,5732.108
CEL,incident_preceding,2022-05-26 15:00:00+00:00,0.0003628768391,1,1268735.191,0.001565025291,0,0,0,0,-0.06563333602,0,0.001565025291,1982.5
CEL,incident_preceding,2022-05-26 16:00:00+00:00,0.0003628782489,4,1268450.245,0.003351129478,0,0,0,0,-0.1100412287,0,-0.0002245905229,-284.9459
CEL,incident_preceding,2022-05-26 17:00:00+00:00,0.0003642947975,1,1268554.136,8.190356726e-05,0,0,0,0,-0.1650600409,0,8.190356726e-05,103.8906
CEL,incident_preceding,2022-05-26 18:00:00+00:00,0.0003642947975,0,1268554.136,0,0,0,0,0,,0,0,0
CEL,incident_preceding,2022-05-26 19:00:00+00:00,0.0003510905555,9,1276295.33,0.04508516197,0,0,0,0,-0.1665556159,0,0.006102375358,7741.1935
CEL,incident_preceding,2022-05-26 20:00:00+00:00,0.000357439681,1,1272938.12,0.00263043335,0,0,0,0,-0.1749974056,0,-0.00263043335,-3357.2098
CEL,incident_preceding,2022-05-26 21:00:00+00:00,0.000364307892,6,1268978.901,0.006531824502,0,0,0,0,-0.1843928257,0,-0.003110299502,-3959.2188
CEL,incident_preceding,2022-05-26 22:00:00+00:00,0.000366691347,8,1269339.981,0.01148075133,0,0,0,0,-0.1484665215,0,0.0002845437381,361.08
CEL,incident_preceding,2022-05-26 23:00:00+00:00,0.0003631757885,9,1268849.156,0.02644379788,0,0,0,0,-0.1133147649,0,-0.0003866775705,-490.8253
CEL,incident_preceding,2022-05-27 00:00:00+00:00,0.0003631757885,0,1268849.156,0,0,0,0,0,,0,0,0
CEL,incident_preceding,2022-05-27 01:00:00+00:00,0.0003617436038,8,1269438.276,0.01466878739,0,0,0,0,-0.1607696645,0,0.0004642951428,589.1205
CEL,incident_preceding,2022-05-27 02:00:00+00:00,0.0003440455734,18,1285761.792,0.04105078079,0,0,0,0,-0.1106866489,0,0.01285884923,16323.5154
CEL,incident_preceding,2022-05-27 03:00:00+00:00,0.0003410365879,6,1286472.775,0.005555042424,0,0,0,0,,0,0.0005529667351,710.9835
CEL,incident_preceding,2022-05-27 04:00:00+00:00,0.0003403688665,5,1286849.324,0.008339496574,0,0,0,0,-0.09492331461,0,0.0002926988486,376.5491
CEL,incident_preceding,2022-05-27 05:00:00+00:00,0.0003311125304,25,1298276.648,0.05770361876,0,0,0,0,-0.07712602887,0,0.008880078953,11427.3236
CEL,incident_preceding,2022-05-27 06:00:00+00:00,0.0003317963698,22,1297800.407,0.06109890033,0,0,0,0,-0.0714894371,0,-0.000366825284,-476.2407
CEL,incident_preceding,2022-05-27 07:00:00+00:00,0.000322361882,12,1302126.085,0.04523013206,0,0,0,0,-0.04523775786,0,0.003333083867,4325.6776
CEL,incident_preceding,2022-05-27 08:00:00+00:00,0.0003223619035,6,1302845.689,0.006424729985,0,0,0,0,-0.04522848289,0,0.0005526379576,719.6043
CEL,incident_preceding,2022-05-27 09:00:00+00:00,0.0003242005228,5,1300872.493,0.002605466579,0,0,0,0,,0,-0.001514527712,-1973.1959
CEL,incident_preceding,2022-05-27 10:00:00+00:00,0.0003269817868,4,1300287.164,0.003001667512,0,0,0,0,-0.07229141453,0,-0.0004499508623,-585.3287
CEL,incident_preceding,2022-05-27 11:00:00+00:00,0.0003285111922,4,1299296.028,0.0009150967821,0,0,0,0,0.007343052741,0,-0.0007622445465,-991.1368
CEL,incident_preceding,2022-05-27 12:00:00+00:00,0.0003304044142,2,1298713.181,0.0004485863018,0,0,0,0,-0.0688874124,0,-0.0004485863018,-582.8464
CEL,incident_preceding,2022-05-27 13:00:00+00:00,0.000348153383,22,1281864.238,0.1342467074,0,0,0,0,-0.1334213815,0,-0.01297356725,-16848.9428
CEL,incident_preceding,2022-05-27 14:00:00+00:00,0.0003426815158,10,1284516.466,0.02318864269,0,0,0,0,-0.1211804739,0,0.002069039076,2652.2272
CEL,incident_preceding,2022-05-27 15:00:00+00:00,0.0003398247876,7,1291123.021,0.0118133416,0,0,0,0,-0.1189740564,0,0.005143223755,6606.5556
CEL,incident_preceding,2022-05-27 16:00:00+00:00,0.00032506532,10,1300988.363,0.02015014609,0,0,0,0,-0.08282652905,0,0.007640900006,9865.3419
CEL,incident_preceding,2022-05-27 17:00:00+00:00,0.0003088647201,17,1309844.07,0.02769874168,0,0,0,0,-0.02073538904,0,0.00680690685,8855.7066
CEL,incident_preceding,2022-05-27 18:00:00+00:00,0.000301256479,20,1317935.453,0.04407218114,0,0,0,0,0.02507946922,0,0.006177363464,8091.3829
CEL,incident_preceding,2022-05-27 19:00:00+00:00,0.0002972247442,27,1318511.099,0.05419742132,0,0,0,0,0.04382130901,0,0.0004367785986,575.646
CEL,incident_preceding,2022-05-27 20:00:00+00:00,0.0003000560282,2,1316510.619,0.001517226212,0,0,0,0,,0,-0.001517226212,-2000.4796
CEL,incident_preceding,2022-05-27 21:00:00+00:00,0.0003029617444,7,1314659.167,0.009002169393,0,0,0,0,0.02241139503,0,-0.001406332447,-1851.4516
CEL,incident_preceding,2022-05-27 22:00:00+00:00,0.0003160985261,13,1305981.254,0.01919760249,0,0,0,0,-0.03740751649,0,-0.006600884636,-8677.9135
CEL,incident_preceding,2022-05-27 23:00:00+00:00,0.0003242686108,5,1305075.521,0.002751191098,0.002057664681,0,0,2687.2715,-0.06312143639,0.002057664681,-0.0006935264172,-905.7325
CEL,incident_preceding,2022-05-28 00:00:00+00:00,0.0003096934986,11,1314982.427,0.03291285692,0,0,0,0,-0.01530712056,0,0.007591058937,9906.9052
CEL,incident_preceding,2022-05-28 01:00:00+00:00,0.0003080204015,3,1313733.774,0.001255690545,0,0,0,0,-0.05305966387,0,-0.0009495583931,-1248.6526
CEL,incident_preceding,2022-05-28 02:00:00+00:00,0.0003079962108,3,1314591.315,0.003328246169,0,0,0,0,-0.05469280703,0,0.0006527506691,857.5406
CEL,incident_preceding,2022-05-28 03:00:00+00:00,0.0003079962108,0,1314591.315,0,0,0,0,0,,0,0,0
CEL,incident_preceding,2022-05-28 04:00:00+00:00,0.0003095459717,1,1314328.285,0.0002000847694,0,0,0,0,-0.04078067025,0,-0.0002000847694,-263.0297
CEL,incident_preceding,2022-05-28 05:00:00+00:00,0.0003065350976,13,1316607.319,0.01225230339,0,0,0,0,-0.03216154426,0,0.001733991215,2279.0337
CEL,incident_preceding,2022-05-28 06:00:00+00:00,0.0003089044481,5,1314128.422,0.002437115193,0,0,0,0,,0,-0.001882791068,-2478.8965
CEL,incident_preceding,2022-05-28 07:00:00+00:00,0.0003081038846,1,1314248.698,9.152560585e-05,0,0,0,0,0.006204349815,0,9.152560585e-05,120.2764
CEL,incident_preceding,2022-05-28 08:00:00+00:00,0.0003081067628,1,1314399.79,0.0001149641618,0,0,0,0,0.001657021621,0,0.0001149641618,151.0915
CEL,incident_preceding,2022-05-28 09:00:00+00:00,0.0003081067628,0,1314399.79,0,0,0,0,0,,0,0,0
CEL,incident_preceding,2022-05-28 10:00:00+00:00,0.0003041780002,3,1316937.159,0.001930439064,0,0,0,0,0.006606394171,0,0.001930439064,2537.3687
CEL,incident_preceding,2022-05-28 11:00:00+00:00,0.0003309323457,17,1300237.926,0.03703112178,0,0,0,0,-0.07269563372,0,-0.01268035653,-16699.2327
CEL,incident_preceding,2022-05-28 12:00:00+00:00,0.0003084099761,15,1315282.036,0.02157130394,0,0,0,0,0.05676565788,0,0.01157027464,15044.1099
CEL,incident_preceding,2022-05-28 13:00:00+00:00,0.0003046677251,4,1317667.755,0.003107286489,0,0,0,0,0.03638475602,0,0.001813846031,2385.7191
CEL,incident_preceding,2022-05-28 14:00:00+00:00,0.0003035726685,5,1317333.505,0.003059018774,0,0,0,0,0.06278699564,0,-0.0002536682701,-334.2505
CEL,incident_preceding,2022-05-28 15:00:00+00:00,0.0003017069246,2,1318443.645,0.0008427178814,0,0,0,0,0.07731449502,0,0.0008427178814,1110.1405
CEL,incident_preceding,2022-05-28 16:00:00+00:00,0.0002992261427,5,1321249.625,0.003143584192,0,0,0,0,0.07945203985,0,0.002128251906,2805.9802
CEL,incident_preceding,2022-05-28 17:00:00+00:00,0.0003025262326,8,1318563.166,0.005509151307,0,0,0,0,,0,-0.002033271646,-2686.4594
CEL,incident_preceding,2022-05-28 18:00:00+00:00,0.0003089073708,7,1313802.142,0.006854343527,-0.0001879542114,0.0001879542114,247.8295,-247.8295,0.04427955233,0.0001879542114,-0.003610766874,-4761.0242
CEL,incident_preceding,2022-05-28 19:00:00+00:00,0.0003105391177,9,1313813.195,0.00477325337,0,0,0,0,,0,8.413671778e-06,11.0539
CEL,incident_preceding,2022-05-28 20:00:00+00:00,0.0003105391177,0,1313813.195,0,0,0,0,0,,0,0,0
CEL,incident_preceding,2022-05-28 21:00:00+00:00,0.0003098281957,7,1314385.586,0.004819543769,0,0,0,0,-0.01501748804,0,0.000435670765,572.39
CEL,incident_preceding,2022-05-28 22:00:00+00:00,0.000304492495,6,1316662.764,0.002017214301,0,0,0,0,,0,0.001732503936,2277.1782
CEL,incident_preceding,2022-05-28 23:00:00+00:00,0.0003044329243,3,1316899.293,0.0004958628876,0,0,0,0,0.01583240046,0,0.0001796432667,236.5296
CEL,incident_preceding,2022-05-29 00:00:00+00:00,0.0003049890803,34,1316923.325,0.06681287814,0,0,0,0,0.01257595058,0,1.824892771e-05,24.032
CEL,incident_preceding,2022-05-29 01:00:00+00:00,0.0002921029637,9,1323679.66,0.008536467601,0,0,0,0,0.02992201315,0,0.005130393524,6756.3349
CEL,incident_preceding,2022-05-29 02:00:00+00:00,0.0002916034039,1,1323178.267,0.0003787875685,0,0,0,0,0.05469565751,0,-0.0003787875685,-501.3934
CEL,incident_preceding,2022-05-29 03:00:00+00:00,0.0003080120156,4,1321343.739,0.01380148485,0,0,0,0,,0,-0.001386455662,-1834.528
CEL,incident_preceding,2022-05-29 04:00:00+00:00,0.0002971764132,5,1321367.879,0.00118505144,0,0,0,0,-0.005078164439,0,1.826905391e-05,24.1397
CEL,incident_preceding,2022-05-29 05:00:00+00:00,0.0002968333041,1,1321037.879,0.0002497412003,0,0,0,0,0.008965666207,0,-0.0002497412003,-330
CEL,incident_preceding,2022-05-29 06:00:00+00:00,0.0002968333041,0,1321037.879,0,0,0,0,0,,0,0,0
CEL,incident_preceding,2022-05-29 07:00:00+00:00,0.0003100214113,13,1313840.711,0.02429323089,0,0,0,0,0.07041449892,0,-0.005448115847,-7197.1674
CEL,incident_preceding,2022-05-29 08:00:00+00:00,0.0003086177256,4,1315090.867,0.00101633188,0,0,0,0,0.1084204907,0,0.0009515279816,1250.1562
CEL,incident_preceding,2022-05-29 09:00:00+00:00,0.0003086177256,0,1315090.867,0,0,0,0,0,,0,0,0
CEL,incident_preceding,2022-05-29 10:00:00+00:00,0.0003061941724,7,1316555.325,0.005980756612,0,0,0,0,0.1298315924,0,0.001113579477,1464.4582
CEL,incident_preceding,2022-05-29 11:00:00+00:00,0.0003077286312,9,1315638.551,0.007121218621,0,0,0,0,0.09719425162,0,-0.0006963431633,-916.7743
CEL,incident_preceding,2022-05-29 12:00:00+00:00,0.0003264235095,39,1303567.672,0.08106835704,0,0,0,0,,0,-0.009174920565,-12070.8792
CEL,incident_preceding,2022-05-29 13:00:00+00:00,0.0003159571215,46,1310709.895,0.07720566363,0,0,0,0,0.05258547259,0,0.005478981071,7142.2226
CEL,incident_preceding,2022-05-29 14:00:00+00:00,0.0003232441798,14,1304186.381,0.0280253328,-0.001540195819,0.001540195819,2018.7499,-2018.7499,0.03693222311,0.001540195819,-0.0049770845,-6523.5139
CEL,incident_preceding,2022-05-29 15:00:00+00:00,0.0003259586696,4,1301134.845,0.003106562267,0,0,0,0,0.04098517145,0,-0.002339800695,-3051.5362
CEL,incident_preceding,2022-05-29 16:00:00+00:00,0.0003239702393,3,1304119.696,0.003062596715,0,0,0,0,,0,0.002294036865,2984.8513
CEL,incident_preceding,2022-05-29 17:00:00+00:00,0.0003239702393,0,1304119.696,0,0,0,0,0,,0,0,0
CEL,incident_preceding,2022-05-29 18:00:00+00:00,0.0003228930046,24,1306205.623,0.05799780269,0,0,0,0,0.02077249386,0,0.001599490604,2085.9272
CEL,incident_preceding,2022-05-29 19:00:00+00:00,0.0003228930046,0,1306205.623,0,0,0,0,0,,0,0,0
CEL,incident_preceding,2022-05-29 20:00:00+00:00,0.0003497265691,7,1310328.349,0.03585586739,0.001783792658,0,0,2330,-0.04407003434,0.001783792658,0.003156261256,4122.7262
CEL,incident_preceding,2022-05-29 21:00:00+00:00,0.0003052101173,10,1316443.604,0.05598987547,0,0,0,0,0.1203748944,0,0.00466696405,6115.2553
CEL,incident_preceding,2022-05-29 22:00:00+00:00,0.0003052101173,0,1316443.604,0,0,0,0,0,,0,0,0
CEL,incident_preceding,2022-05-29 23:00:00+00:00,0.0003092911858,2,1316688.411,0.002624614445,0,0,0,0,0.2548610029,0,0.0001859606436,244.8067
CEL,incident_preceding,2022-05-30 00:00:00+00:00,0.000308848827,4,1317627.866,0.007396931816,0,0,0,0,0.2050954068,0,0.0007134978876,939.4544
CEL,incident_preceding,2022-05-30 01:00:00+00:00,0.0003009753503,9,1320996.477,0.00636182265,0,0,0,0,0.2370561636,0,0.002556572829,3368.6116
CEL,incident_preceding,2022-05-30 02:00:00+00:00,0.0003079970888,12,1318702.178,0.01949514154,0,0,0,0,0.2150545297,0,-0.001736794412,-2294.2993
CEL,incident_preceding,2022-05-30 03:00:00+00:00,0.0003079970888,0,1318702.178,0,0,0,0,0,,0,0,0
CEL,incident_preceding,2022-05-30 04:00:00+00:00,0.0002956711278,4,1323302.956,0.003987750675,0,0,0,0,0.3181741602,0,0.003488868356,4600.7783
CEL,incident_preceding,2022-05-30 05:00:00+00:00,0.0002995065784,5,1320860.862,0.002377559791,0,0,0,0,0.2961394236,0,-0.001845453823,-2442.0945
CEL,incident_preceding,2022-05-30 06:00:00+00:00,0.0003029536767,1,1319617.52,0.0009413117884,0,0,0,0,0.2626362757,0,-0.0009413117884,-1243.3419
CEL,incident_preceding,2022-05-30 07:00:00+00:00,0.0003326383496,15,1299829.72,0.04908437098,0,0,0,0,0.1689301626,0,-0.01499510245,-19787.7999
CEL,incident_preceding,2022-05-30 08:00:00+00:00,0.0003439594827,11,1289426.318,0.02288766401,0,0,0,0,,0,-0.008003665512,-10403.4023
CEL,incident_preceding,2022-05-30 09:00:00+00:00,0.0003556666953,21,1276856.612,0.03735415475,0,0,0,0,0.08853203075,0,-0.009748292654,-12569.7051
CEL,incident_preceding,2022-05-30 10:00:00+00:00,0.0003486438951,5,1284503.884,0.005989138816,0,0,0,0,0.1103332457,0,0.005989138816,7647.2715
CEL,incident_preceding,2022-05-30 11:00:00+00:00,0.0003391398566,16,1293369.009,0.02689431743,0,0,0,0,0.1445443996,0,0.00690159439,8865.1248
CEL,incident_preceding,2022-05-30 12:00:00+00:00,0.0003391398566,0,1293369.009,0,0,0,0,0,,0,0,0
CEL,incident_preceding,2022-05-30 13:00:00+00:00,0.0003330164824,5,1301992.316,0.01082743688,0,0,0,0,0.1516413482,0,0.006667321268,8623.3067
CEL,incident_preceding,2022-05-30 14:00:00+00:00,0.0003354054959,6,1296084.927,0.004537191218,0,0,0,0,0.1596470017,0,-0.004537191218,-5907.3881
CEL,incident_preceding,2022-05-30 15:00:00+00:00,0.0003395956905,6,1298351.129,0.01726866444,0,0,0,0,0.1470560397,0,0.001748497689,2266.2015
CEL,incident_preceding,2022-05-30 16:00:00+00:00,0.0003395956905,0,1293087.907,0,-0.003984423385,0.003984423385,5173.1806,-5173.1806,,0.003984423385,-0.004053774193,-5263.2223
CEL,incident_preceding,2022-05-30 17:00:00+00:00,0.0003343498945,2,1291488.064,0.00133609617,0,0,0,0,0.2494324495,0,-0.001237226481,-1599.8426
CEL,incident_preceding,2022-05-30 18:00:00+00:00,0.000329670446,3,1295582.184,0.003170080014,0,0,0,0,0.2402413102,0,0.003170080014,4094.1205
CEL,incident_preceding,2022-05-30 19:00:00+00:00,0.0003369485963,13,1292863.499,0.03591547086,0,0,0,0,0.2562299708,0,-0.002098427666,-2718.6855
CEL,incident_preceding,2022-05-30 20:00:00+00:00,0.0003346487866,2,1292395.738,0.000361802619,0,0,0,0,,0,-0.000361802619,-467.7614
CEL,incident_preceding,2022-05-30 21:00:00+00:00,0.0003442524804,13,1283042.349,0.01662508439,0,0,0,0,0.2043571135,0,-0.007237248103,-9353.3886
CEL,incident_preceding,2022-05-30 22:00:00+00:00,0.0003467136026,7,1274911.307,0.01575532165,-0.0052147246,0.0052147246,6690.7125,-6690.7125,,0.0052147246,-0.006337313656,-8131.0418
CEL,incident_preceding,2022-05-30 23:00:00+00:00,0.0003990729311,49,1237930.789,0.09596719882,0,0,0,0,0.06936958534,0,-0.02900634616,-36980.5187
CEL,incident_preceding,2022-05-31 00:00:00+00:00,0.0003791558488,30,1251894.659,0.1399135201,0,0,0,0,0.1190913762,0,0.01128000913,13963.8706
CEL,incident_preceding,2022-05-31 01:00:00+00:00,0.0003814899596,5,1247802.1,0.004219094204,0,0,0,0,0.09939846889,0,-0.003269092387,-4092.5593
CEL,incident_preceding,2022-05-31 02:00:00+00:00,0.0003818946788,7,1236671.723,0.02430544067,-0.009519864089,0.009519864089,11878.9064,-11878.9064,0.1016886435,0.009519864089,-0.00891998531,-11130.3764
CEL,incident_preceding,2022-05-31 03:00:00+00:00,0.0003943051921,7,1229033.501,0.01936454246,0,0,0,0,0.06732325612,0,-0.006176434825,-7638.2223
CEL,incident_preceding,2022-05-31 04:00:00+00:00,0.0004064341576,10,1224240.716,0.03312586497,0,0,0,0,0.03843783478,0,-0.003899637557,-4792.7852
CEL,incident_preceding,2022-05-31 05:00:00+00:00,0.0004027338031,4,1223918.336,0.007640605135,0,0,0,0,,0,-0.0002633303204,-322.3797
CEL,incident_preceding,2022-05-31 06:00:00+00:00,0.0003939469231,5,1228994.456,0.00879618156,0,0,0,0,0.07392701077,0,0.004147433166,5076.1195
CEL,incident_preceding,2022-05-31 07:00:00+00:00,0.0003938562619,2,1229457.893,0.0008408800342,0,0,0,0,0.03713953217,0,0.0003770862414,463.4369
CEL,incident_preceding,2022-05-31 08:00:00+00:00,0.0003938562619,0,1229457.893,0,0,0,0,0,,0,0,0
CEL,incident_preceding,2022-05-31 09:00:00+00:00,0.0003885904938,13,1233044.749,0.0337736345,0,0,0,0,0.04230076596,0,0.002917429561,3586.8568
CEL,incident_preceding,2022-05-31 10:00:00+00:00,0.0003893132499,1,1231871.266,0.0009516960358,0,0,0,0,0.03456138811,0,-0.0009516960358,-1173.4838
CEL,incident_preceding,2022-05-31 11:00:00+00:00,0.0003918805125,1,1231845.971,2.053355793e-05,0,0,0,0,0.02474193461,0,-2.053355793e-05,-25.2947
CEL,incident_preceding,2022-05-31 12:00:00+00:00,0.0003857787249,4,1235047.549,0.003678806042,0,0,0,0,,0,0.002599008054,3201.5776
CEL,incident_preceding,2022-05-31 13:00:00+00:00,0.000387545528,2,1234599.313,0.0003629295087,0,0,0,0,0.0374760189,0,-0.0003629295087,-448.2352
CEL,incident_preceding,2022-05-31 14:00:00+00:00,0.0003934630793,8,1231091.48,0.01330913206,0,0,0,0,0.01432718421,0,-0.00284127268,-3507.8333
CEL,incident_preceding,2022-05-31 15:00:00+00:00,0.000393394059,3,1228472.492,0.006591796087,0,0,0,0,,0,-0.002127371071,-2618.9884
CEL,incident_preceding,2022-05-31 16:00:00+00:00,0.0004128510796,12,1218424.463,0.0271916687,0,0,0,0,,0,-0.008179286283,-10048.0282
CEL,incident_preceding,2022-05-31 17:00:00+00:00,0.0004290701744,5,1208464.36,0.01020530224,0,0,0,0,-0.05076500403,0,-0.008174575773,-9960.1031
CEL,incident_preceding,2022-05-31 18:00:00+00:00,0.0004191944181,11,1212838.384,0.02824848835,0,0,0,0,,0,0.003619489448,4374.024
CEL,incident_preceding,2022-05-31 19:00:00+00:00,0.0004353543758,4,1207692.445,0.01411593797,0,0,0,0,-0.08394009413,0,-0.004242889874,-5145.9397
CEL,incident_preceding,2022-05-31 20:00:00+00:00,0.0004353543758,0,1207692.445,0,0,0,0,0,,0,0,0
CEL,incident_preceding,2022-05-31 21:00:00+00:00,0.0004223069656,10,1213617.76,0.04368319164,0,0,0,0,-0.05417193038,0,0.004906311476,5925.3153
CEL,incident_preceding,2022-05-31 22:00:00+00:00,0.0004223069656,0,1213617.76,0,0,0,0,0,,0,0,0
CEL,incident_preceding,2022-05-31 23:00:00+00:00,0.0004277392454,3,1208248.643,0.004424059352,0,0,0,0,-0.08080544082,0,-0.004424059352,-5369.117
CEL,incident_preceding,2022-06-01 00:00:00+00:00,0.0004271087682,1,1210055.872,0.001495742545,0,0,0,0,-0.08004984785,0,0.001495742545,1807.2289
CEL,incident_preceding,2022-06-01 01:00:00+00:00,0.0004213580727,2,1212848.628,0.002307956488,0,0,0,0,-0.08909022913,0,0.002307956488,2792.7563
CEL,incident_preceding,2022-06-01 02:00:00+00:00,0.0004227722019,1,1212754.015,7.800940514e-05,0,0,0,0,-0.09652300236,0,-7.800940514e-05,-94.6136
CEL,incident_preceding,2022-06-01 03:00:00+00:00,0.000421765075,6,1212285.009,0.01129519708,0,0,0,0,-0.1022857221,0,-0.0003867278891,-469.0058
CEL,incident_preceding,2022-06-01 04:00:00+00:00,0.0004223607374,3,1211771.749,0.006247131941,0,0,0,0,-0.09754175956,0,-0.0004233816275,-513.2592
CEL,incident_preceding,2022-06-01 05:00:00+00:00,0.0004223607374,0,1211724.149,0,0,0,0,0,,0,-3.928173769e-05,-47.6005
CEL,incident_preceding,2022-06-01 06:00:00+00:00,0.0004241737666,1,1212020.427,0.0002445095282,0,0,0,0,,0,0.0002445095282,296.2781
CEL,incident_preceding,2022-06-01 07:00:00+00:00,0.0004087589252,8,1219813.058,0.01380827355,0,0,0,0,-0.08287714632,0,0.006429454757,7792.6305
CEL,incident_preceding,2022-06-01 08:00:00+00:00,0.0004038767312,4,1221947.545,0.008812426161,0,0,0,0,-0.03957636572,0,0.00174984805,2134.4875
CEL,incident_preceding,2022-06-01 09:00:00+00:00,0.0004053807869,2,1222426.344,0.001185371095,0,0,0,0,-0.04039746634,0,0.0003918329407,478.7993
CEL,incident_preceding,2022-06-01 10:00:00+00:00,0.0004030036735,1,1222515.606,7.302035039e-05,0,0,0,0,-0.0385131241,0,7.302035039e-05,89.262
CEL,incident_preceding,2022-06-01 11:00:00+00:00,0.0004016973374,1,1225217.994,0.002210513621,0,0,0,0,0.07133962438,0,0.002210513621,2702.3874
CEL,incident_preceding,2022-06-01 12:00:00+00:00,0.0004016973374,0,1225217.994,0,0,0,0,0,,0,0,0
CEL,incident_preceding,2022-06-01 13:00:00+00:00,0.0004023447679,1,1223720.869,0.001221924921,0,0,0,0,0.07389660121,0,-0.001221924921,-1497.1244
CEL,incident_preceding,2022-06-01 14:00:00+00:00,0.0003991408736,7,1224629.446,0.01978903662,0,0,0,0,0.08268201583,0,0.0007424705443,908.5767
CEL,incident_preceding,2022-06-01 15:00:00+00:00,0.0003991408736,0,1224629.446,0,0,0,0,0,,0,0,0
CEL,incident_preceding,2022-06-01 16:00:00+00:00,0.0003991408736,0,1224629.446,0,0,0,0,0,,0,0,0
CEL,incident_preceding,2022-06-01 17:00:00+00:00,0.0004078320625,2,1223405.755,0.005037962479,0,0,0,0,0.05697783797,0,-0.0009992340164,-1223.6914
CEL,incident_preceding,2022-06-01 18:00:00+00:00,0.0004078320625,0,1223405.755,0,0,0,0,0,,0,0,0
CEL,incident_preceding,2022-06-01 19:00:00+00:00,0.0004003024003,3,1225379.435,0.004367150947,0,0,0,0,,0,0.001613266892,1973.68
CEL,incident_preceding,2022-06-01 20:00:00+00:00,0.0003986390988,4,1226871.94,0.006153872006,0,0,0,0,0.104082115,0,0.001217994164,1492.505
CEL,incident_preceding,2022-06-01 21:00:00+00:00,0.0004000383934,1,1226789.635,6.708491517e-05,0,0,0,0,0.1117497904,0,-6.708491517e-05,-82.3046
CEL,incident_preceding,2022-06-01 22:00:00+00:00,0.0003952212454,2,1227508.346,0.0005858467332,0,0,0,0,0.1208429842,0,0.0005858467332,718.7107
CEL,incident_preceding,2022-06-01 23:00:00+00:00,0.0003945351867,1,1228978.346,0.001197547866,0,0,0,0,0.126695431,0,0.001197547866,1470
CEL,incident_preceding,2022-06-02 00:00:00+00:00,0.0003942514325,1,1229176.669,0.0001613726561,0,0,0,0,0.1243732813,0,0.0001613726561,198.3235
CEL,incident_preceding,2022-06-02 01:00:00+00:00,0.000385442788,3,1235253.16,0.007045024134,0,0,0,0,,0,0.004943545588,6076.4909
CEL,incident_preceding,2022-06-02 02:00:00+00:00,0.0003838725137,1,1235149.871,8.361808197e-05,0,0,0,0,0.2652815309,0,-8.361808197e-05,-103.2895
CEL,incident_preceding,2022-06-02 03:00:00+00:00,0.0003807575202,1,1235649.871,0.0004048091749,0,0,0,0,0.1605494392,0,0.0004048091749,500
CEL,incident_preceding,2022-06-02 04:00:00+00:00,0.0003831084151,2,1235781.431,0.002024201563,0,0,0,0,,0,0.0001064706137,131.5604
CEL,incident_preceding,2022-06-02 05:00:00+00:00,0.0003829861403,1,1236581.431,0.0006473636679,0,0,0,0,0.1582393145,0,0.0006473636679,800
CEL,incident_preceding,2022-06-02 06:00:00+00:00,0.0003829861403,0,1236581.431,0,0,0,0,0,,0,0,0
CEL,incident_preceding,2022-06-02 07:00:00+00:00,0.0003762479664,5,1234915.542,0.02123895583,0,0,0,0,0.1625039958,0,-0.001347172582,-1665.8886
CEL,incident_preceding,2022-06-02 08:00:00+00:00,0.0003882049202,1,1234277.534,0.0005166413233,0,0,0,0,0.1472237097,0,-0.0005166413233,-638.0084
CEL,incident_preceding,2022-06-02 09:00:00+00:00,0.0003893308022,3,1233903.524,0.0006919109977,0,0,0,0,0.1428272967,0,-0.0003030195314,-374.0102
CEL,incident_preceding,2022-06-02 10:00:00+00:00,0.0003877778225,2,1232883.483,0.00141829646,0,0,0,0,0.171447754,0,-0.0008266780832,-1020.041
CEL,incident_preceding,2022-06-02 11:00:00+00:00,0.0004314012094,43,1208885.001,0.1192833085,0,0,0,0,0.01832582357,0,-0.01946532866,-23998.4822
CEL,incident_preceding,2022-06-02 12:00:00+00:00,0.0004261589988,1,1210801.539,0.001585376937,0,0,0,0,0.03435134527,0,0.001585376937,1916.5384
CEL,incident_preceding,2022-06-02 13:00:00+00:00,0.0004332027892,9,1208618.768,0.02628331066,0,0,0,0,,0,-0.001802748947,-2182.7712
CEL,incident_preceding,2022-06-02 14:00:00+00:00,0.0004335453642,2,1207667.959,0.0007866903322,0,0,0,0,0.07273921003,0,-0.0007866903322,-950.8087
CEL,incident_preceding,2022-06-02 15:00:00+00:00,0.000427352385,2,1208283.38,0.001097105533,0,0,0,0,0.07714024885,0,0.0005095943759,615.4208
CEL,incident_preceding,2022-06-02 16:00:00+00:00,0.0004316536741,1,1209437.226,0.0009549465954,0,0,0,0,0.07656915132,0,0.0009549465954,1153.8461
CEL,incident_preceding,2022-06-02 17:00:00+00:00,0.0004317442142,1,1209289.451,0.0001221849277,0,0,0,0,0.062170353,0,-0.0001221849277,-147.775
CEL,incident_preceding,2022-06-02 18:00:00+00:00,0.0004317442142,0,1209289.451,0,0,0,0,0,,0,0,0
CEL,incident_preceding,2022-06-02 19:00:00+00:00,0.0004317442142,0,1209289.451,0,0,0,0,0,,0,0,0
CEL,incident_preceding,2022-06-02 20:00:00+00:00,0.0004423664489,6,1204709.045,0.0130102687,0,0,0,0,,0,-0.00378768383,-4580.4061
CEL,incident_preceding,2022-06-02 21:00:00+00:00,0.0004473361459,8,1199068.197,0.02512898897,0,0,0,0,,0,-0.004682332488,-5640.8483
CEL,incident_preceding,2022-06-02 22:00:00+00:00,0.0004459865111,3,1199879.03,0.002426509191,0,0,0,0,0.03519695289,0,0.0006762194196,810.8332
CEL,incident_preceding,2022-06-02 23:00:00+00:00,0.0004478255506,6,1199153.097,0.01230701323,0,0,0,0,,0,-0.0006050047396,-725.9325
CEL,incident_preceding,2022-06-03 00:00:00+00:00,0.0004464655049,4,1200518.462,0.005176087702,0,0,0,0,,0,0.001138607241,1365.3644
CEL,incident_preceding,2022-06-03 01:00:00+00:00,0.0004464655049,0,1200518.462,0,0,0,0,0,,0,0,0
CEL,incident_preceding,2022-06-03 02:00:00+00:00,0.0005004922093,3,1199518.462,0.0301632979,0,0,0,0,-0.08916903616,0,-0.0008329734459,-1000
CEL,incident_preceding,2022-06-03 03:00:00+00:00,0.0004470686587,2,1199957.255,0.001692631222,0,0,0,0,0.0182173061,0,0.0003658079588,438.7934
CEL,incident_preceding,2022-06-03 04:00:00+00:00,0.0004470686587,0,1199957.255,0,0,0,0,0,,0,0,0
CEL,incident_preceding,2022-06-03 05:00:00+00:00,0.0004486477756,1,1199845.809,9.287497494e-05,0,0,0,0,0.03193471566,0,-9.287497494e-05,-111.446
CEL,incident_preceding,2022-06-03 06:00:00+00:00,0.0004407910034,2,1204931.659,0.004238752981,0,0,0,0,0.04257818047,0,0.004238752981,5085.85
CEL,incident_preceding,2022-06-03 07:00:00+00:00,0.000442638056,2,1201872.799,0.002538617171,0,0,0,0,0.04287977445,0,-0.002538617171,-3058.8602
CEL,incident_preceding,2022-06-03 08:00:00+00:00,0.0004497793165,6,1200599.834,0.01820379637,0,0,0,0,0.02378691288,0,-0.001059151102,-1272.9649
CEL,incident_preceding,2022-06-03 09:00:00+00:00,0.0004491049806,3,1199528.666,0.004194402046,0,0,0,0,0.03002415785,0,-0.0008921941929,-1071.1682
CEL,incident_preceding,2022-06-03 10:00:00+00:00,0.0004603008545,4,1196449.324,0.005732399896,0,0,0,0,0.002249807545,0,-0.002567126645,-3079.342
CEL,incident_preceding,2022-06-03 11:00:00+00:00,0.0004393798763,7,1203472.307,0.01290390641,0,0,0,0,0.03913963734,0,0.005869854544,7022.9835
CEL,incident_preceding,2022-06-03 12:00:00+00:00,0.0004410524747,1,1203247.561,0.0001867483769,0,0,0,0,,0,-0.0001867483769,-224.7465
CEL,incident_preceding,2022-06-03 13:00:00+00:00,0.0004410524747,0,1203247.561,0,0,0,0,0,,0,0,0
CEL,incident_preceding,2022-06-03 14:00:00+00:00,0.0004662563766,14,1193153.533,0.03536548453,0,0,0,0,-0.01109031048,0,-0.008388986546,-10094.0276
CEL,incident_preceding,2022-06-03 15:00:00+00:00,0.0004616232948,9,1195912.214,0.01072525869,0.003601068999,0,0,4296.6282,,0.003601068999,0.002312092051,2758.6808
CEL,incident_preceding,2022-06-03 16:00:00+00:00,0.0004660033102,3,1198357.777,0.007710347124,0,0,0,0,,0,0.002044935298,2445.5631
CEL,incident_preceding,2022-06-03 17:00:00+00:00,0.0004594378465,1,1199041.355,0.0005704287259,0,0,0,0,-0.007810754964,0,0.0005704287259,683.5777
CEL,incident_preceding,2022-06-03 18:00:00+00:00,0.0004620147422,1,1198427.701,0.0005117874354,0,0,0,0,-0.0195267247,0,-0.0005117874354,-613.6543
CEL,incident_preceding,2022-06-03 19:00:00+00:00,0.0004620147422,0,1198427.701,0,0,0,0,0,,0,0,0
CEL,incident_preceding,2022-06-03 20:00:00+00:00,0.0004620147422,0,1198427.701,0,0,0,0,0,,0,0,0
CEL,incident_preceding,2022-06-03 21:00:00+00:00,0.0004620147422,0,1198427.701,0,0,0,0,0,,0,0,0
CEL,incident_preceding,2022-06-03 22:00:00+00:00,0.0004619633968,2,1197828.299,0.0005835997446,0,0,0,0,-0.03367848947,0,-0.0005001570806,-599.4021
CEL,incident_preceding,2022-06-03 23:00:00+00:00,0.0004619633968,0,1197828.299,0,0,0,0,0,,0,0,0
CEL,incident_preceding,2022-06-04 00:00:00+00:00,0.0004619633968,0,1197828.299,0,0,0,0,0,,0,0,0
CEL,incident_preceding,2022-06-04 01:00:00+00:00,0.0004568569173,2,1201215.966,0.002828174542,0,0,0,0,,0,0.002828174542,3387.6675
CEL,incident_preceding,2022-06-04 02:00:00+00:00,0.0004577956917,2,1200986.318,0.0001911792771,0,0,0,0,-0.01026156814,0,-0.0001911792771,-229.6476
CEL,incident_preceding,2022-06-04 03:00:00+00:00,0.0004552876823,1,1201055.4,5.752063861e-05,0,0,0,0,,0,5.752063861e-05,69.0815
CEL,incident_preceding,2022-06-04 04:00:00+00:00,0.0004544921582,1,1201283.065,0.0001895543703,0,0,0,0,-0.03048329073,0,0.0001895543703,227.6653
CEL,incident_preceding,2022-06-04 05:00:00+00:00,0.0004632064409,12,1198039.153,0.05094438544,0,0,0,0,-0.03542817643,0,-0.002700373121,-3243.9125
CEL,incident_preceding,2022-06-04 06:00:00+00:00,0.0004599643693,3,1197153.404,0.003556435189,0,0,0,0,,0,-0.0007393319309,-885.7486
CEL,incident_preceding,2022-06-04 07:00:00+00:00,0.0004620310891,1,1197731.004,0.0004824778496,0,0,0,0,-0.03712020765,0,0.0004824778496,577.6
CEL,incident_preceding,2022-06-04 08:00:00+00:00,0.0004606064393,2,1198525.922,0.0006636862512,0,0,0,0,,0,0.0006636862512,794.9176
CEL,incident_preceding,2022-06-04 09:00:00+00:00,0.0004627934434,5,1197349.863,0.005491707172,-0.0005694326569,0.0005694326569,682.4798,-682.4798,-0.03522343205,0.0005694326569,-0.0009812541212,-1176.0585
CEL,incident_preceding,2022-06-04 10:00:00+00:00,0.0004613376087,1,1202105.12,0.0002131843898,0.003758300008,0,0,4500,,0.003758300008,0.003971484397,4755.2563
CEL,incident_preceding,2022-06-04 11:00:00+00:00,0.0004569180249,1,1202205.888,8.382686203e-05,0,0,0,0,,0,8.382686203e-05,100.7687
CEL,incident_preceding,2022-06-04 12:00:00+00:00,0.0004569180249,0,1202205.888,0,0,0,0,0,,0,0,0
CEL,incident_preceding,2022-06-04 13:00:00+00:00,0.0004601836854,1,1202705.888,0.0004159021386,0,0,0,0,-0.04154159021,0,0.0004159021386,500
CEL,incident_preceding,2022-06-04 14:00:00+00:00,0.0004611140165,1,1202076.977,0.0005229139611,0,0,0,0,-0.03276031006,0,-0.0005229139611,-628.9117
CEL,incident_preceding,2022-06-04 15:00:00+00:00,0.0004611140165,0,1202076.977,0,0,0,0,0,,0,0,0
CEL,incident_preceding,2022-06-04 16:00:00+00:00,0.0004611140165,0,1202076.977,0,0,0,0,0,,0,0,0
CEL,incident_preceding,2022-06-04 17:00:00+00:00,0.0004558632683,9,1204247.035,0.01837773847,0,0,0,0,,0,0.001805257852,2170.0589
CEL,incident_preceding,2022-06-04 18:00:00+00:00,0.0004530806185,1,1205738.852,0.001238796323,0,0,0,0,,0,0.001238796323,1491.8168
CEL,incident_preceding,2022-06-04 19:00:00+00:00,0.000452123931,1,1205624.724,9.465399559e-05,0,0,0,0,-0.03776712511,0,-9.465399559e-05,-114.128
CEL,incident_preceding,2022-06-04 20:00:00+00:00,0.000452123931,0,1205624.724,0,0,0,0,0,,0,0,0
CEL,incident_preceding,2022-06-04 21:00:00+00:00,0.000457915242,4,1204459.661,0.00497354739,0,0,0,0,-0.04700165572,0,-0.0009663561775,-1165.0629
CEL,incident_preceding,2022-06-04 22:00:00+00:00,0.0004466642397,3,1208239.928,0.006293624389,0,0,0,0,-0.05899950067,0,0.003138558493,3780.2671
CEL,incident_preceding,2022-06-04 23:00:00+00:00,0.0004512181143,1,1208039.928,0.0009931802217,0.0008276501848,0,0,1000,-0.06491208446,0.0008276501848,-0.000165530037,-200
CEL,incident_preceding,2022-06-05 00:00:00+00:00,0.0004530421782,2,1208026.684,1.09635449e-05,0,0,0,0,-0.07614471898,0,-1.09635449e-05,-13.2444
CEL,incident_preceding,2022-06-05 01:00:00+00:00,0.0004530421782,0,1208026.684,0,0,0,0,0,,0,0,0
CEL,incident_preceding,2022-06-05 02:00:00+00:00,0.0004531220107,3,1207988.958,0.0001506580131,0,0,0,0,-0.09156592068,0,-3.122902871e-05,-37.7255
CEL,incident_preceding,2022-06-05 03:00:00+00:00,0.0004531220107,0,1207988.958,0,0,0,0,0,,0,0,0
CEL,incident_preceding,2022-06-05 04:00:00+00:00,0.0004408467763,5,1210504.353,0.009636144203,0,0,0,0,-0.05864514296,0,0.002082299331,2515.3946
CEL,incident_preceding,2022-06-05 05:00:00+00:00,0.0004470831767,2,1210709.319,0.0001693223155,0,0,0,0,,0,0.0001693223155,204.9654
CEL,incident_preceding,2022-06-05 06:00:00+00:00,0.0004470831767,0,1210709.319,0,0,0,0,0,,0,0,0
CEL,incident_preceding,2022-06-05 07:00:00+00:00,0.0004451948153,1,1210609.124,8.275718909e-05,0,0,0,0,-0.08347898335,0,-8.275718909e-05,-100.1949
CEL,incident_preceding,2022-06-05 08:00:00+00:00,0.0004451948153,0,1210609.124,0,0,0,0,0,,0,0,0
CEL,incident_preceding,2022-06-05 09:00:00+00:00,0.0004467760204,1,1210689.145,6.610011311e-05,0,0,0,0,-0.07945315573,0,6.610011311e-05,80.0214
CEL,incident_preceding,2022-06-05 10:00:00+00:00,0.0004467760204,0,1210689.145,0,0,0,0,0,,0,0,0
CEL,incident_preceding,2022-06-05 11:00:00+00:00,0.0004467760204,0,1210689.145,0,0,0,0,0,,0,0,0
CEL,incident_preceding,2022-06-05 12:00:00+00:00,0.0004467760204,0,1210689.145,0,0,0,0,0,,0,0,0
CEL,incident_preceding,2022-06-05 13:00:00+00:00,0.000441458552,3,1210768.708,0.005699757059,0,0,0,0,-0.1129302851,0,6.571744723e-05,79.5634
CEL,incident_preceding,2022-06-05 14:00:00+00:00,0.0004462525407,2,1210266.219,0.000510380055,0,0,0,0,-0.1293023717,0,-0.0004150170024,-502.4896
CEL,incident_preceding,2022-06-05 15:00:00+00:00,0.0004422590699,2,1214960.781,0.006522996327,0,0,0,0,-0.1570081334,0,0.003878949959,4694.5621
CEL,incident_preceding,2022-06-05 16:00:00+00:00,0.0004433691663,3,1212248.923,0.002232053859,0,0,0,0,,0,-0.002232053859,-2711.8579
CEL,incident_preceding,2022-06-05 17:00:00+00:00,0.0004433691663,0,1212248.923,0,0,0,0,0,,0,0,0
CEL,incident_preceding,2022-06-05 18:00:00+00:00,0.0004433691663,0,1212248.923,0,0,0,0,0,,0,0,0
CEL,incident_preceding,2022-06-05 19:00:00+00:00,0.0004353669335,2,1219400.909,0.005899766924,0,0,0,0,-0.1839205166,0,0.005899766924,7151.9861
CEL,incident_preceding,2022-06-05 20:00:00+00:00,0.0004353669335,0,1219400.909,0,0,0,0,0,,0,0,0
CEL,incident_preceding,2022-06-05 21:00:00+00:00,0.0004368904382,1,1216190.241,0.00263298795,0,0,0,0,-0.1392154089,0,-0.00263298795,-3210.6679
CEL,incident_preceding,2022-06-05 22:00:00+00:00,0.0004210736126,12,1224612.071,0.02183601315,0,0,0,0,-0.1057968424,0,0.006924763425,8421.8297
CEL,incident_preceding,2022-06-05 23:00:00+00:00,0.0004228589881,1,1224482.004,0.0001062107773,0,0,0,0,-0.1117807448,0,-0.0001062107773,-130.067
CEL,incident_preceding,2022-06-06 00:00:00+00:00,0.0004198260718,3,1227833.151,0.006339125586,0,0,0,0,-0.1064890861,0,0.002736787465,3351.147
CEL,incident_preceding,2022-06-06 01:00:00+00:00,0.0004102072969,5,1229555.731,0.007627893165,0,0,0,0,-0.08411805942,0,0.001402943306,1722.5803
CEL,incident_preceding,2022-06-06 02:00:00+00:00,0.000413474361,1,1231367.604,0.001473599329,0,0,0,0,,0,0.001473599329,1811.8725
CEL,incident_preceding,2022-06-06 03:00:00+00:00,0.000413474361,0,1231367.604,0,0,0,0,0,,0,0,0
CEL,incident_preceding,2022-06-06 04:00:00+00:00,0.0004157367411,1,1229767.604,0.001299368276,0,0,0,0,-0.09044011397,0,-0.001299368276,-1600
CEL,incident_preceding,2022-06-06 05:00:00+00:00,0.0004157367411,0,1229767.604,0,0,0,0,0,,0,0,0
CEL,incident_preceding,2022-06-06 06:00:00+00:00,0.000419387371,2,1228724.965,0.0008478342549,0,0,0,0,-0.08023910273,0,-0.0008478342549,-1042.6391
CEL,incident_preceding,2022-06-06 07:00:00+00:00,0.0004095393495,1,1231954.15,0.00262807845,0,0,0,0,-0.07171823024,0,0.00262807845,3229.1856
CEL,incident_preceding,2022-06-06 08:00:00+00:00,0.0004133689132,2,1231954.15,0.002446833431,0,0,0,0,-0.0784178772,0,0,0
CEL,incident_preceding,2022-06-06 09:00:00+00:00,0.0004126518422,2,1231521.142,0.0003514807754,0,0,0,0,-0.09709472442,0,-0.0003514807754,-433.0082
CEL,incident_preceding,2022-06-06 10:00:00+00:00,0.0004080331214,5,1234189.189,0.00579059121,0,0,0,0,-0.1036751531,0,0.002166464877,2668.0473
CEL,incident_preceding,2022-06-06 11:00:00+00:00,0.0004097738708,1,1232094.978,0.0001123508464,0,0,0,0,,0,-0.001696832073,-2094.2118
CEL,incident_preceding,2022-06-06 12:00:00+00:00,0.0004097738708,0,1232094.978,0,0,0,0,0,,0,0,0
CEL,incident_preceding,2022-06-06 13:00:00+00:00,0.0003943164859,7,1239381.453,0.0174860277,0,0,0,0,-0.05179990268,0,0.005913890758,7286.4751
CEL,incident_preceding,2022-06-06 14:00:00+00:00,0.0003921257797,5,1243893.125,0.00942887444,0,0,0,0,-0.06078659314,0,0.003640261592,4511.6727
CEL,incident_preceding,2022-06-06 15:00:00+00:00,0.0003779975477,4,1249486.584,0.00532485956,0,0,0,0,-0.01051845814,0,0.004496735842,5593.4588
CEL,incident_preceding,2022-06-06 16:00:00+00:00,0.0003779975477,0,1249486.584,0,0,0,0,0,,0,0,0
CEL,incident_preceding,2022-06-06 17:00:00+00:00,0.0003806746755,1,1248549.238,0.0007501852456,0,0,0,0,-0.0227938865,0,-0.0007501852456,-937.3464
CEL,incident_preceding,2022-06-06 18:00:00+00:00,0.0003719615933,9,1256219.63,0.01231607632,0,0,0,0,-0.022754109,0,0.006143443661,7670.3919
CEL,incident_preceding,2022-06-06 19:00:00+00:00,0.0003622261296,9,1261699.979,0.008550716568,0,0,0,0,-0.002257980539,0,0.004362572492,5480.3492
CEL,incident_preceding,2022-06-06 20:00:00+00:00,0.0003833503174,21,1247821.253,0.07717758115,0,0,0,0,,0,-0.0110000204,-13878.7255
CEL,incident_preceding,2022-06-06 21:00:00+00:00,0.0003801124163,3,1251372.885,0.004948450176,0,0,0,0,,0,0.002846266715,3551.6321
CEL,incident_preceding,2022-06-06 22:00:00+00:00,0.0003788009343,1,1251228.8,0.0001151415391,0,0,0,0,-0.03387501163,0,-0.0001151415391,-144.085
CEL,incident_preceding,2022-06-06 23:00:00+00:00,0.0003781375495,4,1252231.636,0.007890923464,0,0,0,0,-0.01003459103,0,0.0008014806722,1002.8357
CEL,incident_preceding,2022-06-07 00:00:00+00:00,0.0003774172822,18,1254448.428,0.04282870641,0,0,0,0,,0,0.001770272716,2216.7915
CEL,incident_preceding,2022-06-07 01:00:00+00:00,0.0003771128859,7,1252160.468,0.01132027518,0,0,0,0,,0,-0.001823876813,-2287.9594
CEL,incident_preceding,2022-06-07 02:00:00+00:00,0.0003771128859,0,1252160.468,0,0,0,0,0,,0,0,0
CEL,incident_preceding,2022-06-07 03:00:00+00:00,0.0003837245442,8,1249674.609,0.01254617431,0,0,0,0,0.05605470618,0,-0.001985256493,-2485.8597
CEL,incident_preceding,2022-06-07 04:00:00+00:00,0.000379787586,1,1250020.927,0.0002771267798,0,0,0,0,0.01221072622,0,0.0002771267798,346.3183
CEL,incident_preceding,2022-06-07 05:00:00+00:00,0.0003901946998,4,1245944.359,0.006085757316,0,0,0,0,-0.02288350286,0,-0.003261199963,-4076.5682
CEL,incident_preceding,2022-06-07 06:00:00+00:00,0.0003870507817,7,1247804.34,0.01684505255,0,0,0,0,-0.01304556866,0,0.001492828462,1859.9812
CEL,incident_preceding,2022-06-07 07:00:00+00:00,0.0003811964122,8,1176279.562,0.02188833371,-0.05564298367,0.05564298367,69431.5565,-69431.5565,,0.05564298367,-0.05732050765,-71524.7782
CEL,incident_preceding,2022-06-07 08:00:00+00:00,0.0003821917971,2,1176303.755,0.0001735926617,0,0,0,0,-0.002492778699,0,2.056781465e-05,24.1935
CEL,incident_preceding,2022-06-07 09:00:00+00:00,0.0003744691848,4,1184903.175,0.00731054327,0,0,0,0,,0,0.00731054327,8599.4195
CEL,incident_preceding,2022-06-07 10:00:00+00:00,0.0003678492465,6,1185178.243,0.00824387301,0,0,0,0,,0,0.0002321437784,275.0679
CEL,incident_preceding,2022-06-07 11:00:00+00:00,0.0003678492465,0,1185178.243,0,0,0,0,0,,0,0,0
CEL,incident_preceding,2022-06-07 12:00:00+00:00,0.0003700578771,1,1185164.731,1.140031053e-05,0,0,0,0,,0,-1.140031053e-05,-13.5114
CEL,incident_preceding,2022-06-07 13:00:00+00:00,0.0003744109339,2,1180060.887,0.004306442612,0,0,0,0,0.01604605499,0,-0.004306442612,-5103.8439
CEL,incident_preceding,2022-06-07 14:00:00+00:00,0.0003689997851,8,1184894.077,0.01943175217,0,0,0,0,0.03293760853,0,0.004095712647,4833.1903
CEL,incident_preceding,2022-06-07 15:00:00+00:00,0.0003740424336,1,1182831.659,0.001740593053,0,0,0,0,0.008671045186,0,-0.001740593053,-2062.4184
CEL,incident_preceding,2022-06-07 16:00:00+00:00,0.0003792594391,1,1182304.316,0.0004458314046,0,0,0,0,0.0006545859803,0,-0.0004458314046,-527.3435
CEL,incident_preceding,2022-06-07 17:00:00+00:00,0.000372095765,8,1184481.368,0.03234675573,0,0,0,0,,0,0.001841363912,2177.0525
CEL,incident_preceding,2022-06-07 18:00:00+00:00,0.0003635935039,2,1185097.78,0.005924404713,0,0,0,0,0.02162059992,0,0.0005204068351,616.4122
CEL,incident_preceding,2022-06-07 19:00:00+00:00,0.0003614091528,6,1192775.613,0.01455137389,0,0,0,0,,0,0.006478649296,7677.8329
CEL,incident_preceding,2022-06-07 20:00:00+00:00,0.0003614091528,0,1192775.613,0,0,0,0,0,,0,0,0
CEL,incident_preceding,2022-06-07 21:00:00+00:00,0.0003614091528,0,1192775.613,0,0,0,0,0,,0,0,0
CEL,incident_preceding,2022-06-07 22:00:00+00:00,0.0003661839549,3,1184945.587,0.007723983873,0,0,0,0,0.02351670387,0,-0.006564542663,-7830.0264
CEL,incident_preceding,2022-06-07 23:00:00+00:00,0.0003743620683,5,1181733.747,0.01271469523,0,0,0,0,-0.006602468328,0,-0.002710537628,-3211.8396
CEL,incident_preceding,2022-06-08 00:00:00+00:00,0.0003743620683,0,1181733.747,0,0,0,0,0,,0,0,0
CEL,incident_preceding,2022-06-08 01:00:00+00:00,0.0003743620683,0,1181733.747,0,0,0,0,0,,0,0,0
CEL,incident_preceding,2022-06-08 02:00:00+00:00,0.0003743620683,0,1181733.747,0,0,0,0,0,,0,0,0
CEL,incident_preceding,2022-06-08 03:00:00+00:00,0.0004058483909,9,1175130.589,0.03281915439,0,0,0,0,-0.07124668487,0,-0.005587687341,-6603.1587
CEL,incident_preceding,2022-06-08 04:00:00+00:00,0.0003844534973,3,1174011.113,0.0009526392309,0,0,0,0,-0.02410708451,0,-0.0009526392309,-1119.4755
CEL,incident_preceding,2022-06-08 05:00:00+00:00,0.0003813670671,2,1175706.405,0.004702345948,0,0,0,0,-0.02804619985,0,0.001444016655,1695.2916
CEL,incident_preceding,2022-06-08 06:00:00+00:00,0.0003820342769,1,1176179.856,0.0004026950931,0,0,0,0,,0,0.0004026950931,473.4512
CEL,incident_preceding,2022-06-08 07:00:00+00:00,0.0003820342769,0,1176179.856,0,0,0,0,0,,0,0,0
CEL,incident_preceding,2022-06-08 08:00:00+00:00,0.000381240264,1,1177364.716,0.001007379861,0,0,0,0,-0.04141775661,0,0.001007379861,1184.8599
CEL,incident_preceding,2022-06-08 09:00:00+00:00,0.000381240264,0,1177364.716,0,0,0,0,0,,0,0,0
CEL,incident_preceding,2022-06-08 10:00:00+00:00,0.000381240264,0,1177364.716,0,0,0,0,0,,0,0,0
CEL,incident_preceding,2022-06-08 11:00:00+00:00,0.000381240264,0,1177364.716,0,0,0,0,0,,0,0,0
CEL,incident_preceding,2022-06-08 12:00:00+00:00,0.000381240264,0,1177364.716,0,0,0,0,0,,0,0,0
CEL,incident_preceding,2022-06-08 13:00:00+00:00,0.0003804672121,2,1179654.218,0.001944598959,0,0,0,0,-0.02670226664,0,0.001944598959,2289.5022
CEL,incident_preceding,2022-06-08 14:00:00+00:00,0.0003813561328,2,1176378.968,0.002776449446,0,0,0,0,-0.04153357198,0,-0.002776449446,-3275.2503
CEL,incident_preceding,2022-06-08 15:00:00+00:00,0.0003772998748,1,1181112.695,0.004023982008,0,0,0,0,0.03224500578,0,0.004023982008,4733.7278
CEL,incident_preceding,2022-06-08 16:00:00+00:00,0.0003795077782,1,1181292.695,0.0001523986667,0,0,0,0,-0.02959901096,0,0.0001523986667,180
CEL,incident_preceding,2022-06-08 17:00:00+00:00,0.0003795077782,0,1181292.695,0,0,0,0,0,,0,0,0
CEL,incident_preceding,2022-06-08 18:00:00+00:00,0.0003715402103,2,1182728.423,0.004703280078,0,0,0,0,,0,0.001215386843,1435.7276
CEL,incident_preceding,2022-06-08 19:00:00+00:00,0.0003715402103,0,1182728.423,0,0,0,0,0,,0,0,0
CEL,incident_preceding,2022-06-08 20:00:00+00:00,0.0003685660058,10,1187566.743,0.008989113133,0,0,0,0,-0.05209703693,0,0.004090812655,4838.3204
CEL,incident_preceding,2022-06-08 21:00:00+00:00,0.0003685660058,0,1187566.743,0,0,0,0,0,,0,0,0
CEL,incident_preceding,2022-06-08 22:00:00+00:00,0.0003748974493,2,1181872.517,0.004794868526,0,0,0,0,-0.03031522458,0,-0.004794868526,-5694.2264
CEL,incident_preceding,2022-06-08 23:00:00+00:00,0.0003718984963,36,1182596.881,0.1491166664,0,0,0,0,-0.03102969455,0,0.0006128948677,724.3636
CEL,incident_preceding,2022-06-09 00:00:00+00:00,0.0003718984963,0,1182596.881,0,0,0,0,0,,0,0,0
CEL,incident_preceding,2022-06-09 01:00:00+00:00,0.0003836523607,3,1180191.147,0.01034394205,0,0,0,0,-0.08378011738,0,-0.002034280691,-2405.734
CEL,incident_preceding,2022-06-09 02:00:00+00:00,0.0003836523607,0,1180191.147,0,0,0,0,0,,0,0,0
CEL,incident_preceding,2022-06-09 03:00:00+00:00,0.0003779390668,1,1179556.124,0.0005380679239,0,0,0,0,-0.07920210425,0,-0.0005380679239,-635.023
CEL,incident_preceding,2022-06-09 04:00:00+00:00,0.0003752962649,3,1183318.955,0.006844841749,0,0,0,0,-0.07580275141,0,0.003190040325,3762.8316
CEL,incident_preceding,2022-06-09 05:00:00+00:00,0.0003708197673,5,1186040.855,0.00719903705,0,0,0,0,-0.1145693482,0,0.002300225301,2721.9002
CEL,incident_preceding,2022-06-09 06:00:00+00:00,0.0003708197673,0,1186040.855,0,0,0,0,0,,0,0,0
CEL,incident_preceding,2022-06-09 07:00:00+00:00,0.0003700723464,3,1185672.431,0.0003106337343,0,0,0,0,-0.1538949908,0,-0.0003106337343,-368.4243
CEL,incident_preceding,2022-06-09 08:00:00+00:00,0.0003657726751,4,1187565.847,0.005908954713,0,0,0,0,,0,0.001596913153,1893.4159
CEL,incident_preceding,2022-06-09 09:00:00+00:00,0.0003657726751,0,1187565.847,0,0,0,0,0,,0,0,0
CEL,incident_preceding,2022-06-09 10:00:00+00:00,0.0003767485806,3,1185565.842,0.006349020578,0,0,0,0,-0.2514285085,0,-0.001684121184,-2000.0048
CEL,incident_preceding,2022-06-09 11:00:00+00:00,0.0003702441537,2,1185860.897,0.0005735198129,0,0,0,0,-0.1849887493,0,0.0002488723017,295.0545
CEL,incident_preceding,2022-06-09 12:00:00+00:00,0.0003702441537,0,1185860.897,0,0,0,0,0,,0,0,0
CEL,incident_preceding,2022-06-09 13:00:00+00:00,0.0003704423145,2,1185211.241,0.000547834659,0,0,0,0,-0.3534004101,0,-0.000547834659,-649.6557
CEL,incident_preceding,2022-06-09 14:00:00+00:00,0.0003658414703,5,1187299.112,0.007759366501,0,0,0,0,-0.2922912457,0,0.001761602259,2087.8708
CEL,incident_preceding,2022-06-09 15:00:00+00:00,0.0003896641837,10,1177613.788,0.05054015547,0,0,0,0,-0.3754811388,0,-0.008157442386,-9685.3241
CEL,incident_preceding,2022-06-09 16:00:00+00:00,0.0003684393389,5,1186335.937,0.0144710258,0,0,0,0,-0.2596494384,0,0.007406629738,8722.1493
CEL,incident_preceding,2022-06-09 17:00:00+00:00,0.0003688601633,2,1185447.436,0.0007489451953,0,0,0,0,-0.2686357289,0,-0.0007489451953,-888.5006
CEL,incident_preceding,2022-06-09 18:00:00+00:00,0.0003688601633,0,1185447.436,0,0,0,0,0,,0,0,0
CEL,incident_preceding,2022-06-09 19:00:00+00:00,0.0003685878851,1,1187847.436,0.002024552018,0,0,0,0,-0.2543151622,0,0.002024552018,2400
CEL,incident_preceding,2022-06-09 20:00:00+00:00,0.000349856398,10,1199956.605,0.06961347987,0,0,0,0,-0.1991982798,0,0.01019421226,12109.1689
CEL,incident_preceding,2022-06-09 21:00:00+00:00,0.0003524079972,2,1194637.863,0.004957375103,0,0,0,0,-0.2044574316,0,-0.004432445287,-5318.742
CEL,incident_preceding,2022-06-09 22:00:00+00:00,0.000363702889,3,1189125.21,0.005567943897,0,0,0,0,-0.2559840115,0,-0.004614497304,-5512.6532
CEL,incident_preceding,2022-06-09 23:00:00+00:00,0.0003605358018,8,1196523.866,0.02800456354,0,0,0,0,-0.3734188451,0,0.006221931582,7398.6557
CEL,incident_preceding,2022-06-10 00:00:00+00:00,0.0003605358018,0,1196523.866,0,0,0,0,0,,0,0,0
CEL,incident_preceding,2022-06-10 01:00:00+00:00,0.0003528195422,1,1197433.078,0.000759878366,0,0,0,0,-0.3336210549,0,0.000759878366,909.2126
CEL,incident_preceding,2022-06-10 02:00:00+00:00,0.0003528195422,0,1197433.078,0,0,0,0,0,,0,0,0
CEL,incident_preceding,2022-06-10 03:00:00+00:00,0.0003491602128,3,1197442.435,0.006629839565,0,0,0,0,-0.3043252584,0,7.814048375e-06,9.3568
CEL,incident_preceding,2022-06-10 04:00:00+00:00,0.0003478992765,4,1202052.339,0.008365823196,4.326379163e-05,0.006783036463,8122.2957,51.8059,-0.2518361188,0.01360933672,0.003849791493,4609.9037
CEL,incident_preceding,2022-06-10 05:00:00+00:00,0.0003306785627,18,1218807.606,0.03912907939,0,0,0,0,-0.2326496916,0,0.01393888291,16755.2668
CEL,incident_preceding,2022-06-10 06:00:00+00:00,0.0003260951649,9,1222298.526,0.02412022067,0,0,0,0,-0.2247804195,0,0.002864209235,3490.92
CEL,incident_preceding,2022-06-10 07:00:00+00:00,0.0003172859845,4,1226658.948,0.007666916144,0,0,0,0,-0.2040655743,0,0.003567395533,4360.4223
CEL,incident_preceding,2022-06-10 08:00:00+00:00,0.0003172859845,0,1226658.948,0,0,0,0,0,,0,0,0
CEL,incident_preceding,2022-06-10 09:00:00+00:00,0.0003011788079,23,1237629.618,0.04620315826,0,0,0,0,-0.1837869195,0,0.008943537662,10970.6705
CEL,incident_preceding,2022-06-10 10:00:00+00:00,0.0002929932471,14,1242221.58,0.01901816759,0,0,0,0,-0.2407188811,0,0.003710287093,4591.9612
CEL,incident_preceding,2022-06-10 11:00:00+00:00,0.0003077149642,9,1233926.638,0.0187562087,0,0,0,0,-0.4692163024,0,-0.006677505475,-8294.9414
CEL,incident_preceding,2022-06-10 12:00:00+00:00,0.0003176747196,4,1228379.262,0.007693328522,0,0,0,0,-0.4028361702,0,-0.004495709897,-5547.3762
CEL,incident_preceding,2022-06-10 13:00:00+00:00,0.00026016013,32,1262744.299,0.102619506,0,0,0,0,-0.1940567309,0,0.0279759175,34365.0369
CEL,incident_preceding,2022-06-10 14:00:00+00:00,0.0002731193427,27,1252579.037,0.06196014542,0,0,0,0,-0.290765129,0,-0.008050134622,-10165.2616
CEL,incident_preceding,2022-06-10 15:00:00+00:00,0.000267683192,16,1254558.502,0.04103242443,0,0,0,0,-0.4044999476,0,0.001580310736,1979.4641
CEL,incident_preceding,2022-06-10 16:00:00+00:00,0.0002841853435,28,1252769.55,0.081938473,0,0,0,0,-0.3784375581,0,-0.001425960844,-1788.9513
CEL,incident_preceding,2022-06-10 17:00:00+00:00,0.000281964699,24,1250452.616,0.07278533828,0,0,0,0,-0.4290833945,0,-0.001849449885,-2316.9345
CEL,incident_preceding,2022-06-10 18:00:00+00:00,0.0002775645441,15,1251756.273,0.03445711374,0,0,0,0,-0.336524637,0,0.001042548021,1303.6569
CEL,incident_preceding,2022-06-10 19:00:00+00:00,0.0002858205068,11,1252135.746,0.0327567747,0,0,0,0,-0.2900088597,0,0.0003031531044,379.4738
CEL,incident_preceding,2022-06-10 20:00:00+00:00,0.0002866679275,2,1247560.316,0.003654100854,0,0,0,0,-0.2468849509,0,-0.003654100854,-4575.4303
CEL,incident_preceding,2022-06-10 21:00:00+00:00,0.0002872440364,9,1249976.508,0.01300322749,0,0,0,0,-0.2345542748,0,0.001936733454,2416.1918
CEL,incident_preceding,2022-06-10 22:00:00+00:00,0.0002815621723,26,1250336.512,0.07532542316,0.0003430897279,0.002501670376,3127.0292,428.8541,-0.1687306577,0.005346430479,0.0002880082927,360.0036
CEL,incident_preceding,2022-06-10 23:00:00+00:00,0.0002481844992,17,1261053.456,0.03542534197,-0.006534557477,0.006534557477,8170.3958,-8170.3958,0.05481045272,0.006534557477,0.008571247981,10716.9443
CEL,incident_preceding,2022-06-11 00:00:00+00:00,0.0002486334033,13,1261844.657,0.01281417138,0.001285591338,0,0,1621.1994,0.1222947195,0.001285591338,0.0006274131333,791.2015
CEL,incident_preceding,2022-06-11 01:00:00+00:00,0.0002527335216,17,1260099.947,0.04624393895,0,0,0,0,0.06073154963,0,-0.00138266663,-1744.7105
CEL,incident_preceding,2022-06-11 02:00:00+00:00,0.0002530093136,9,1256808.745,0.01429178197,0,0,0,0,-0.0363494514,0,-0.002611857344,-3291.2013
CEL,incident_preceding,2022-06-11 03:00:00+00:00,0.0002575478739,11,1258076.922,0.01723628776,0,0,0,0,0.007376458658,0,0.001009044856,1268.1764
CEL,incident_preceding,2022-06-11 04:00:00+00:00,0.0002704471996,83,1255272.377,0.3878695678,0.0001589727913,0,0,200,-0.06189640756,0.0001589727913,-0.002229231338,-2804.5445
CEL,incident_preceding,2022-06-11 05:00:00+00:00,0.0002620399839,28,1253919.284,0.07209586057,0,0,0,0,0.01828893767,0,-0.001077927886,-1353.0931
CEL,incident_preceding,2022-06-11 06:00:00+00:00,0.0002604494614,4,1256265.335,0.008330900586,0,0,0,0,0.01222592943,0,0.001870973937,2346.0503
CEL,incident_preceding,2022-06-11 07:00:00+00:00,0.0002587178155,4,1258624.21,0.003867714221,0.001034813239,0,0,1300,0.001919157888,0.001034813239,0.001877688761,2358.8753
CEL,incident_preceding,2022-06-11 08:00:00+00:00,0.0002577797942,12,1257184.983,0.02101323707,0,0,0,0,0.09357690147,0,-0.001143492147,-1439.2269
CEL,incident_preceding,2022-06-11 09:00:00+00:00,0.0002506148291,28,1267335.375,0.08505811615,0,0,0,0,0.1005509156,0,0.008073904666,10150.3917
CEL,incident_preceding,2022-06-11 10:00:00+00:00,0.0002303110255,40,1273273.373,0.09568818572,0,0,0,0,0.1877402391,0,0.004685419991,5937.9985
CEL,incident_preceding,2022-06-11 11:00:00+00:00,0.0001924733324,64,1286058.432,0.2132016064,-0.009921684193,0.009921684193,12633.0163,-12633.0163,0.3156670532,0.009921684193,0.01004109461,12785.0584
CEL,incident_preceding,2022-06-11 12:00:00+00:00,0.0002123406437,23,1271190.494,0.07333323065,0,0,0,0,0.2527125767,0,-0.01156085683,-14867.9374
CEL,incident_preceding,2022-06-11 13:00:00+00:00,0.0002142707913,50,1269832.595,0.1119563171,0,0,0,0,0.2268844949,0,-0.001068210946,-1357.8996
CEL,incident_preceding,2022-06-11 14:00:00+00:00,0.0002042089478,11,1280591.374,0.02858546887,0,0,0,0,0.2435086513,0,0.008472597054,10758.7799
CEL,incident_preceding,2022-06-11 15:00:00+00:00,0.0001786277827,27,1297323.367,0.1201776694,0,0,0,0,0.46997489,0,0.01306583289,16731.9929
CEL,incident_preceding,2022-06-11 16:00:00+00:00,0.0001946472771,20,1283527.693,0.04686429107,0,0,0,0,0.3594174666,0,-0.01063395176,-13795.6741
CEL,incident_preceding,2022-06-11 17:00:00+00:00,0.0001835888025,21,1290551.365,0.04632400377,0,0,0,0,0.4319052849,0,0.005472161868,7023.6713
CEL,incident_preceding,2022-06-11 18:00:00+00:00,0.00019825,16,1281213.843,0.03523641379,0,0,0,0,0.3999708688,0,-0.00723529629,-9337.5215
CEL,incident_preceding,2022-06-11 19:00:00+00:00,0.0002138671773,27,1269744.023,0.07338706072,0,0,0,0,0.2781817712,0,-0.008952307659,-11469.8205
CEL,incident_preceding,2022-06-11 20:00:00+00:00,0.0002239537479,32,1266013.91,0.08330588797,0,0,0,0,0.1704712877,0,-0.002937688253,-3730.1121
CEL,incident_preceding,2022-06-11 21:00:00+00:00,0.0002271880028,35,1265194.45,0.1395534299,0,0,0,0,0.1536369557,0,-0.0006472763792,-819.4609
CEL,incident_preceding,2022-06-11 22:00:00+00:00,0.0002378458147,29,1259441.536,0.08660803921,0,0,0,0,0.08854021625,0,-0.004547058598,-5752.9133
CEL,incident_preceding,2022-06-11 23:00:00+00:00,0.0002621673056,47,1247612.02,0.1618422823,0,0,0,0,-0.01286266852,0,-0.009392668067,-11829.5163
CEL,incident_preceding,2022-06-12 00:00:00+00:00,0.0002809774045,62,1236626.663,0.2264103334,0,0,0,0,-0.05903855703,0,-0.008805106895,-10985.3572
CEL,incident_preceding,2022-06-12 01:00:00+00:00,0.0002685580815,13,1243997.153,0.02611632676,0,0,0,0,-0.004434299841,0,0.00596015776,7370.49
CEL,incident_preceding,2022-06-12 02:00:00+00:00,0.0002439777052,25,1253287.225,0.07156357215,0,0,0,0,0.07090465481,0,0.00746792079,9290.0722
CEL,incident_preceding,2022-06-12 03:00:00+00:00,0.0002594546893,8,1247487.271,0.02068961191,0,0,0,0,,0,-0.004627793521,-5799.9545
CEL,incident_preceding,2022-06-12 04:00:00+00:00,0.0002542150281,4,1249144.889,0.005729986645,0,0,0,0,,0,0.001328765783,1657.6184
CEL,incident_preceding,2022-06-12 05:00:00+00:00,0.0002668765095,8,1245272.127,0.01729785511,0,0,0,0,,0,-0.003100330742,-3872.7623
CEL,incident_preceding,2022-06-12 06:00:00+00:00,0.0002636532428,25,1245035.098,0.04779065509,0,0,0,0,,0,-0.0001903428937,-237.0287
CEL,incident_preceding,2022-06-12 07:00:00+00:00,0.0002592148126,17,1244339.372,0.03630529242,0,0,0,0,,0,-0.0005588003111,-695.726
CEL,incident_preceding,2022-06-12 08:00:00+00:00,0.0002830667148,19,1241564.254,0.03179593798,0,0,0,0,,0,-0.002230193597,-2775.1177
CEL,incident_preceding,2022-06-12 09:00:00+00:00,0.0002771248511,3,1239680.666,0.001627901329,0,0,0,0,,0,-0.001517108997,-1883.5883
CEL,incident_preceding,2022-06-12 10:00:00+00:00,0.0002778748742,27,1241884.516,0.05021511863,0,0,0,0,,0,0.001777755966,2203.8497
CEL,incident_preceding,2022-06-12 11:00:00+00:00,0.0002639143621,12,1245864.123,0.01824189851,0,0,0,0,,0,0.003204490635,3979.6073
CEL,incident_preceding,2022-06-12 12:00:00+00:00,0.0002733913736,20,1241245.256,0.03149677343,0,0,0,0,,0,-0.003707359828,-4618.8666
CEL,incident_preceding,2022-06-12 13:00:00+00:00,0.0002688423344,16,1247196.107,0.05204932963,0,0,0,0,,0,0.004794258403,5950.8505
CEL,incident_preceding,2022-06-12 14:00:00+00:00,0.0002605128986,28,1247813.411,0.1045080741,0,0,0,0,,0,0.0004949538382,617.3045
CEL,incident_preceding,2022-06-12 15:00:00+00:00,0.0002857962386,50,1236384.2,0.1301242901,0,0,0,0,,0,-0.009159391057,-11429.211
CEL,incident_preceding,2022-06-12 16:00:00+00:00,0.0002788311919,12,1237696.011,0.02664533904,0,0,0,0,,0,0.00106100547,1311.8104
CEL,incident_preceding,2022-06-12 17:00:00+00:00,0.0002827614962,32,1236321.46,0.06835631405,0,0,0,0,,0,-0.001110571892,-1374.5504
CEL,incident_preceding,2022-06-12 18:00:00+00:00,0.0002957456308,23,1231778.984,0.04154698543,0,0,0,0,,0,-0.00367418697,-4542.4762
CEL,incident_preceding,2022-06-12 19:00:00+00:00,0.0002824599941,10,1238080.607,0.04795436784,0,0,0,0,,0,0.005115871257,6301.6227
CEL,incident_preceding,2022-06-12 20:00:00+00:00,0.0002655785983,27,1247228.01,0.04917099756,0,0,0,0,,0,0.007388374755,9147.4035
CEL,incident_preceding,2022-06-12 21:00:00+00:00,0.0002649165409,16,1262092.074,0.03871084998,0,0,0,0,,0,0.01191767927,14864.0634
CEL,incident_preceding,2022-06-12 22:00:00+00:00,0.0002598651499,12,1297318.43,0.05248343301,0,0,0,0,,0,0.02791108267,35226.3562
CEL,incident_preceding,2022-06-12 23:00:00+00:00,0.0002588167293,7,1305766.684,0.03020023311,0,0,0,0,,0,0.006512089557,8448.2538
CEL,incident_preceding,2022-06-13 00:00:00+00:00,0.0002648690885,47,1246551.363,0.1119968161,-0.05308903249,0.05308903249,69321.8899,-69321.8899,,0.05308903249,-0.04534908191,-59215.3203
CEL,incident_preceding,2022-06-13 01:00:00+00:00,0.0002673698509,18,1248908.749,0.0737153352,0,0,0,0,,0,0.001891125604,2357.3852
CEL,incident_preceding,2022-06-13 02:00:00+00:00,0.0002619049113,2,1249275.405,0.002398941639,0,0,0,0,,0,0.0002935814169,366.6564
FTT,incident_preceding,2022-10-09 19:00:00+00:00,0.01819829216,2,5031.919198,,,,0,0,-0.007345691528,,,40
FTT,incident_preceding,2022-10-09 20:00:00+00:00,0.01819829216,0,5031.919198,0,0,0,0,0,,0,0,0
FTT,incident_preceding,2022-10-09 21:00:00+00:00,0.01819829216,0,5031.919198,0,0,0,0,0,,0,0,0
FTT,incident_preceding,2022-10-09 22:00:00+00:00,0.01819829216,0,5031.919198,0,0,0,0,0,,0,0,0
FTT,incident_preceding,2022-10-09 23:00:00+00:00,0.01819829216,0,5031.919198,0,0,0,0,0,,0,0,0
FTT,incident_preceding,2022-10-10 00:00:00+00:00,0.01826984866,3,5019.959263,0.002376813963,0,0,0,0,-0.01831155869,0,-0.002376813963,-11.95993581
FTT,incident_preceding,2022-10-10 01:00:00+00:00,0.01826984866,0,5019.959263,0,0,0,0,0,,0,0,0
FTT,incident_preceding,2022-10-10 02:00:00+00:00,0.01826984866,0,5019.959263,0,0,0,0,0,,0,0,0
FTT,incident_preceding,2022-10-10 03:00:00+00:00,0.01826984866,0,5019.959263,0,0,0,0,0,,0,0,0
FTT,incident_preceding,2022-10-10 04:00:00+00:00,0.01826984866,0,5019.959263,0,0,0,0,0,,0,0,0
FTT,incident_preceding,2022-10-10 05:00:00+00:00,0.01826984866,0,5019.959263,0,0,0,0,0,,0,0,0
FTT,incident_preceding,2022-10-10 06:00:00+00:00,0.01826984866,0,5019.959263,0,0,0,0,0,,0,0,0
FTT,incident_preceding,2022-10-10 07:00:00+00:00,0.01826984866,0,5019.959263,0,0,0,0,0,,0,0,0
FTT,incident_preceding,2022-10-10 08:00:00+00:00,0.01826984866,0,5019.959263,0,0,0,0,0,,0,0,0
FTT,incident_preceding,2022-10-10 09:00:00+00:00,0.01826984866,0,5019.959263,0,0,0,0,0,,0,0,0
FTT,incident_preceding,2022-10-10 10:00:00+00:00,0.01826984866,0,5019.959263,0,0,0,0,0,,0,0,0
FTT,incident_preceding,2022-10-10 11:00:00+00:00,0.01826984866,0,5019.959263,0,0,0,0,0,,0,0,0
FTT,incident_preceding,2022-10-10 12:00:00+00:00,0.01826984866,0,5019.959263,0,0,0,0,0,,0,0,0
FTT,incident_preceding,2022-10-10 13:00:00+00:00,0.01826984866,0,5019.959263,0,0,0,0,0,,0,0,0
FTT,incident_preceding,2022-10-10 14:00:00+00:00,0.01826984866,0,5019.959263,0,0,0,0,0,,0,0,0
FTT,incident_preceding,2022-10-10 15:00:00+00:00,0.01826984866,0,5019.959263,0,0,0,0,0,,0,0,0
FTT,incident_preceding,2022-10-10 16:00:00+00:00,0.01826984866,0,5019.959263,0,0,0,0,0,,0,0,0
FTT,incident_preceding,2022-10-10 17:00:00+00:00,0.01826984866,0,5019.959263,0,0,0,0,0,,0,0,0
FTT,incident_preceding,2022-10-10 18:00:00+00:00,0.01826984866,0,5019.959263,0,0,0,0,0,,0,0,0
FTT,incident_preceding,2022-10-10 19:00:00+00:00,0.0180651029,8,6321.908406,0.1198993752,0,0,0,0,-0.005536546818,0,0.02336242845,117.2784391
FTT,incident_preceding,2022-10-10 20:00:00+00:00,0.0180651029,0,6321.908406,0,0,0,0,0,,0,0,0
FTT,incident_preceding,2022-10-10 21:00:00+00:00,0.01778950415,6,6347.034887,0.1254711715,0,0,0,0,,0,0.003974508959,25.1264816
FTT,incident_preceding,2022-10-10 22:00:00+00:00,0.01778950415,0,6347.034887,0,0,0,0,0,,0,0,0
FTT,incident_preceding,2022-10-10 23:00:00+00:00,0.01778950415,0,6347.034887,0,0,0,0,0,,0,0,0
FTT,incident_preceding,2022-10-11 00:00:00+00:00,0.01793834371,7,6321.039733,0.06558508744,0,0,0,0,,0,-0.004095637548,-25.9951544
FTT,incident_preceding,2022-10-11 01:00:00+00:00,0.01793834371,0,6321.039733,0,0,0,0,0,,0,0,0
FTT,incident_preceding,2022-10-11 02:00:00+00:00,0.01793834371,0,6321.039733,0,0,0,0,0,,0,0,0
FTT,incident_preceding,2022-10-11 03:00:00+00:00,0.01793834371,0,6321.039733,0,0,0,0,0,,0,0,0
FTT,incident_preceding,2022-10-11 04:00:00+00:00,0.01821695454,2,6310.610268,0.001649960408,0,0,0,0,,0,-0.001649960408,-10.4294653
FTT,incident_preceding,2022-10-11 05:00:00+00:00,0.01837130324,1,6268.340798,0.006698158836,0,0,0,0,,0,-0.006698158836,-42.26946993
FTT,incident_preceding,2022-10-11 06:00:00+00:00,0.01837130324,0,6268.340798,0,0,0,0,0,,0,0,0
FTT,incident_preceding,2022-10-11 07:00:00+00:00,0.01837130324,0,6268.340798,0,0,0,0,0,,0,0,0
FTT,incident_preceding,2022-10-11 08:00:00+00:00,0.01837130324,0,6268.340798,0,0,0,0,0,,0,0,0
FTT,incident_preceding,2022-10-11 09:00:00+00:00,0.01813902157,1,6273.853774,0.0008794953398,0,0,0,0,-0.02360869585,0,0.0008794953398,5.51297652
FTT,incident_preceding,2022-10-11 10:00:00+00:00,0.01813902157,0,6273.853774,0,0,0,0,0,,0,0,0
FTT,incident_preceding,2022-10-11 11:00:00+00:00,0.01813902157,0,6273.853774,0,0,0,0,0,,0,0,0
FTT,incident_preceding,2022-10-11 12:00:00+00:00,0.01822301606,1,6272.853774,0.0001593916652,0,0,0,0,-0.01261768646,0,-0.0001593916652,-1
FTT,incident_preceding,2022-10-11 13:00:00+00:00,0.01822301606,0,6272.853774,0,0,0,0,0,,0,0,0
FTT,incident_preceding,2022-10-11 14:00:00+00:00,0.01822301606,0,6272.853774,0,0,0,0,0,,0,0,0
FTT,incident_preceding,2022-10-11 15:00:00+00:00,0.01822301606,0,6272.853774,0,0,0,0,0,,0,0,0
FTT,incident_preceding,2022-10-11 16:00:00+00:00,0.01822301606,0,6272.853774,0,0,0,0,0,,0,0,0
FTT,incident_preceding,2022-10-11 17:00:00+00:00,0.01822301606,0,6272.853774,0,0,0,0,0,,0,0,0
FTT,incident_preceding,2022-10-11 18:00:00+00:00,0.01822301606,0,6272.853774,0,0,0,0,0,,0,0,0
FTT,incident_preceding,2022-10-11 19:00:00+00:00,0.01796536098,7,6407.004528,0.08403422534,0,0,0,0,,0,0.02138592076,134.1507538
FTT,incident_preceding,2022-10-11 20:00:00+00:00,0.01848090401,3,6386.903799,0.006837509305,0,0,0,0,-0.03418041917,0,-0.00313730527,-20.10072907
FTT,incident_preceding,2022-10-11 21:00:00+00:00,0.01848090401,0,6386.903799,0,0,0,0,0,,0,0,0
FTT,incident_preceding,2022-10-11 22:00:00+00:00,0.01848090401,0,6386.903799,0,0,0,0,0,,0,0,0
FTT,incident_preceding,2022-10-11 23:00:00+00:00,0.01848090401,0,6386.903799,0,0,0,0,0,,0,0,0
FTT,incident_preceding,2022-10-12 00:00:00+00:00,0.01848090401,0,6386.903799,0,0,0,0,0,,0,0,0
FTT,incident_preceding,2022-10-12 01:00:00+00:00,0.01848090401,0,6386.903799,0,0,0,0,0,,0,0,0
FTT,incident_preceding,2022-10-12 02:00:00+00:00,0.01794849013,1,6395.20144,0.001299164897,0,0,0,0,,0,0.001299164897,8.297641217
FTT,incident_preceding,2022-10-12 03:00:00+00:00,0.01794849013,0,6395.20144,0,0,0,0,0,,0,0,0
FTT,incident_preceding,2022-10-12 04:00:00+00:00,0.01794849013,0,6395.20144,0,0,0,0,0,,0,0,0
FTT,incident_preceding,2022-10-12 05:00:00+00:00,0.01794849013,0,6395.20144,0,0,0,0,0,,0,0,0
FTT,incident_preceding,2022-10-12 06:00:00+00:00,0.01794849013,0,6395.20144,0,0,0,0,0,,0,0,0
FTT,incident_preceding,2022-10-12 07:00:00+00:00,0.01822199869,1,6400.020223,0.0007534997208,0,0,0,0,,0,0.0007534997208,4.8187825
FTT,incident_preceding,2022-10-12 08:00:00+00:00,0.01822199869,0,6400.020223,0,0,0,0,0,,0,0,0
FTT,incident_preceding,2022-10-12 09:00:00+00:00,0.01771579845,6,6469.698234,0.07036561212,0,0,0,0,,0,0.0108871548,69.67801091
FTT,incident_preceding,2022-10-12 10:00:00+00:00,0.01788697095,7,6484.914832,0.1176007987,0,0,0,0,0.01785769847,0,0.002351979596,15.21659824
FTT,incident_preceding,2022-10-12 11:00:00+00:00,0.01788697095,0,6484.914832,0,0,0,0,0,,0,0,0
FTT,incident_preceding,2022-10-12 12:00:00+00:00,0.01799452828,2,6452.82864,0.004947820094,0,0,0,0,0.02254788004,0,-0.004947820094,-32.08619191
FTT,incident_preceding,2022-10-12 13:00:00+00:00,0.0181030964,2,6368.556548,0.01305971329,0,0,0,0,0.01047036675,0,-0.01305971329,-84.27209194
FTT,incident_preceding,2022-10-12 14:00:00+00:00,0.0181030964,0,6368.556548,0,0,0,0,0,,0,0,0
FTT,incident_preceding,2022-10-12 15:00:00+00:00,0.0181030964,0,6368.556548,0,0,0,0,0,,0,0,0
FTT,incident_preceding,2022-10-12 16:00:00+00:00,0.0181030964,0,6368.556548,0,0,0,0,0,,0,0,0
FTT,incident_preceding,2022-10-12 17:00:00+00:00,0.0181030964,0,6368.556548,0,0,0,0,0,,0,0,0
FTT,incident_preceding,2022-10-12 18:00:00+00:00,0.0181030964,0,6368.556548,0,0,0,0,0,,0,0,0
FTT,incident_preceding,2022-10-12 19:00:00+00:00,0.0181030964,0,6368.556548,0,0,0,0,0,,0,0,0
FTT,incident_preceding,2022-10-12 20:00:00+00:00,0.01785989264,5,6406.810209,0.03851107803,-0.017497784,0.017497784,111.4356269,-111.4356269,,0.017497784,0.006006645467,38.25366132
FTT,incident_preceding,2022-10-12 21:00:00+00:00,0.01785989264,0,6406.810209,0,0,0,0,0,,0,0,0
FTT,incident_preceding,2022-10-12 22:00:00+00:00,0.01785989264,0,6406.810209,0,0,0,0,0,,0,0,0
FTT,incident_preceding,2022-10-12 23:00:00+00:00,0.01785989264,0,6406.810209,0,0,0,0,0,,0,0,0
FTT,incident_preceding,2022-10-13 00:00:00+00:00,0.01785989264,0,6406.810209,0,0,0,0,0,,0,0,0
FTT,incident_preceding,2022-10-13 01:00:00+00:00,0.01785989264,0,6406.810209,0,0,0,0,0,,0,0,0
FTT,incident_preceding,2022-10-13 02:00:00+00:00,0.01785989264,0,6406.810209,0,0,0,0,0,,0,0,0
FTT,incident_preceding,2022-10-13 03:00:00+00:00,0.01785989264,0,6406.810209,0,0,0,0,0,,0,0,0
FTT,incident_preceding,2022-10-13 04:00:00+00:00,0.01813715947,2,6385.347,0.00336410927,0,0,0,0,,0,-0.003350061718,-21.46320962
FTT,incident_preceding,2022-10-13 05:00:00+00:00,0.01813715947,0,6385.347,0,0,0,0,0,,0,0,0
FTT,incident_preceding,2022-10-13 06:00:00+00:00,0.01783329225,4,6472.803276,0.01808730581,0,0,0,0,,0,0.01369640148,87.45627612
FTT,incident_preceding,2022-10-13 07:00:00+00:00,0.01783329225,0,6472.803276,0,0,0,0,0,,0,0,0
FTT,incident_preceding,2022-10-13 08:00:00+00:00,0.01783329225,0,6472.803276,0,0,0,0,0,,0,0,0
FTT,incident_preceding,2022-10-13 09:00:00+00:00,0.01783329225,0,6472.803276,0,0,0,0,0,,0,0,0
FTT,incident_preceding,2022-10-13 10:00:00+00:00,0.01820926019,3,6345.798708,0.01962126187,0,0,0,0,,0,-0.01962126187,-127.0045681
FTT,incident_preceding,2022-10-13 11:00:00+00:00,0.01815489032,1,6343.632978,0.0003412855521,0,0,0,0,-0.001001404392,0,-0.0003412855521,-2.165729415
FTT,incident_preceding,2022-10-13 12:00:00+00:00,0.01840487559,2,6251.528696,0.01451916943,0,0,0,0,,0,-0.01451916943,-92.10428198
FTT,incident_preceding,2022-10-13 13:00:00+00:00,0.01829363824,3,6244.164915,0.01312377003,0,0,0,0,,0,-0.001177916963,-7.363781699
FTT,incident_preceding,2022-10-13 14:00:00+00:00,0.01850370219,1,6199.957545,0.007079788909,0,0,0,0,-0.02248438824,0,-0.007079788909,-44.20736951
FTT,incident_preceding,2022-10-13 15:00:00+00:00,0.01842458284,1,6238.705113,0.006249650452,0,0,0,0,,0,0.006249650452,38.74756748
FTT,incident_preceding,2022-10-13 16:00:00+00:00,0.01832559813,1,6236.668829,0.0003263953031,0,0,0,0,-0.009443027565,0,-0.0003263953031,-2.036284046
FTT,incident_preceding,2022-10-13 17:00:00+00:00,0.01822408797,1,6237.238829,9.139494427e-05,0,0,0,0,,0,9.139494427e-05,0.57
FTT,incident_preceding,2022-10-13 18:00:00+00:00,0.01822408797,0,6237.238829,0,0,0,0,0,,0,0,0
FTT,incident_preceding,2022-10-13 19:00:00+00:00,0.01822408797,0,6237.238829,0,0,0,0,0,,0,0,0
FTT,incident_preceding,2022-10-13 20:00:00+00:00,0.01822408797,0,6237.238829,0,0,0,0,0,,0,0,0
FTT,incident_preceding,2022-10-13 21:00:00+00:00,0.01822408797,0,6237.238829,0,0,0,0,0,,0,0,0
FTT,incident_preceding,2022-10-13 22:00:00+00:00,0.01822408797,0,6237.238829,0,0,0,0,0,,0,0,0
FTT,incident_preceding,2022-10-13 23:00:00+00:00,0.01822408797,0,6237.238829,0,0,0,0,0,,0,0,0
FTT,incident_preceding,2022-10-14 00:00:00+00:00,0.01822408797,0,6237.238829,0,0,0,0,0,,0,0,0
FTT,incident_preceding,2022-10-14 01:00:00+00:00,0.01808020164,2,6302.926063,0.01053145402,0,0,0,0,,0,0.01053146055,65.68723467
FTT,incident_preceding,2022-10-14 02:00:00+00:00,0.01800809783,2,6322.926839,0.003173252518,0,0,0,0,,0,0.003173252518,20.000776
FTT,incident_preceding,2022-10-14 03:00:00+00:00,0.01800809783,0,6322.926839,0,0,0,0,0,,0,0,0
FTT,incident_preceding,2022-10-14 04:00:00+00:00,0.01800809783,0,6322.926839,0,0,0,0,0,,0,0,0
FTT,incident_preceding,2022-10-14 05:00:00+00:00,0.01793883618,2,6352.443838,0.004668249344,0,0,0,0,,0,0.004668249344,29.51699907
FTT,incident_preceding,2022-10-14 06:00:00+00:00,0.01793883618,0,6352.443838,0,0,0,0,0,,0,0,0
FTT,incident_preceding,2022-10-14 07:00:00+00:00,0.01793883618,0,6352.443838,0,0,0,0,0,,0,0,0
FTT,incident_preceding,2022-10-14 08:00:00+00:00,0.01793883618,0,6352.443838,0,0,0,0,0,,0,0,0
FTT,incident_preceding,2022-10-14 09:00:00+00:00,0.01793883618,0,6352.443838,0,0,0,0,0,,0,0,0
FTT,incident_preceding,2022-10-14 10:00:00+00:00,0.01793883618,0,6352.443838,0,0,0,0,0,,0,0,0
FTT,incident_preceding,2022-10-14 11:00:00+00:00,0.01813671903,1,6331.789783,0.003251355865,0,0,0,0,-0.009282051302,0,-0.003251355865,-20.65405553
FTT,incident_preceding,2022-10-14 12:00:00+00:00,0.01813671903,0,6331.789783,0,0,0,0,0,,0,0,0
FTT,incident_preceding,2022-10-14 13:00:00+00:00,0.01813671903,0,6331.789783,0,0,0,0,0,,0,0,0
FTT,incident_preceding,2022-10-14 14:00:00+00:00,0.01809230016,1,6340.904411,0.001439502583,0,0,0,0,,0,0.001439502583,9.114627747
FTT,incident_preceding,2022-10-14 15:00:00+00:00,0.01809230016,0,6340.904411,0,0,0,0,0,,0,0,0
FTT,incident_preceding,2022-10-14 16:00:00+00:00,0.01815336349,1,6340.37295,8.38146699e-05,0,0,0,0,-0.005608608279,0,-8.38146699e-05,-0.5314608101
FTT,incident_preceding,2022-10-14 17:00:00+00:00,0.01815336349,0,6340.37295,0,0,0,0,0,,0,0,0
FTT,incident_preceding,2022-10-14 18:00:00+00:00,0.01808107388,2,6348.429014,0.001806452264,0,0,0,0,,0,0.001270597783,8.056063812
FTT,incident_preceding,2022-10-14 19:00:00+00:00,0.01785906844,6,6438.188432,0.07799809793,0,0,0,0,,0,0.01413883951,89.75941897
FTT,incident_preceding,2022-10-14 20:00:00+00:00,0.01785906844,0,6438.188432,0,0,0,0,0,,0,0,0
FTT,incident_preceding,2022-10-14 21:00:00+00:00,0.01785906844,0,6438.188432,0,0,0,0,0,,0,0,0
FTT,incident_preceding,2022-10-14 22:00:00+00:00,0.01785906844,0,6438.188432,0,0,0,0,0,,0,0,0
FTT,incident_preceding,2022-10-14 23:00:00+00:00,0.01785906844,0,6438.188432,0,0,0,0,0,,0,0,0
FTT,incident_preceding,2022-10-15 00:00:00+00:00,0.01798895225,4,6437.429779,0.012414711,0,0,0,0,,0,-0.0001178364175,-0.7586530601
FTT,incident_preceding,2022-10-15 01:00:00+00:00,0.01798895225,0,6437.429779,0,0,0,0,0,,0,0,0
FTT,incident_preceding,2022-10-15 02:00:00+00:00,0.01798895225,0,6437.429779,0,0,0,0,0,,0,0,0
FTT,incident_preceding,2022-10-15 03:00:00+00:00,0.01798895225,0,6437.429779,0,0,0,0,0,,0,0,0
FTT,incident_preceding,2022-10-15 04:00:00+00:00,0.01798895225,0,6437.429779,0,0,0,0,0,,0,0,0
FTT,incident_preceding,2022-10-15 05:00:00+00:00,0.01798895225,0,6437.429779,0,0,0,0,0,,0,0,0
FTT,incident_preceding,2022-10-15 06:00:00+00:00,0.01811352227,1,6392.349199,0.007002885069,0,0,0,0,0.008979894499,0,-0.007002885069,-45.08058089
FTT,incident_preceding,2022-10-15 07:00:00+00:00,0.01811352227,0,6392.349199,0,0,0,0,0,,0,0,0
FTT,incident_preceding,2022-10-15 08:00:00+00:00,0.01811352227,0,6392.349199,0,0,0,0,0,,0,0,0
FTT,incident_preceding,2022-10-15 09:00:00+00:00,0.0181189287,2,6373.699199,0.004779150677,0,0,0,0,0.01201357553,0,-0.00291755025,-18.65
FTT,incident_preceding,2022-10-15 10:00:00+00:00,0.0181189287,0,6373.699199,0,0,0,0,0,,0,0,0
FTT,incident_preceding,2022-10-15 11:00:00+00:00,0.01796915196,16,6347.727511,0.3251823045,0,0,0,0,,0,-0.004074821705,-25.97168783
FTT,incident_preceding,2022-10-15 12:00:00+00:00,0.01806147942,4,6346.626665,0.01430399809,0,0,0,0,,0,-0.0001734236227,-1.100845901
FTT,incident_preceding,2022-10-15 13:00:00+00:00,0.01829855518,3,6329.460914,0.0284740075,0,0,0,0,,0,-0.002704704726,-17.16575113
FTT,incident_preceding,2022-10-15 14:00:00+00:00,0.01829855518,0,6329.460914,0,0,0,0,0,,0,0,0
FTT,incident_preceding,2022-10-15 15:00:00+00:00,0.01829855518,0,6329.460914,0,0,0,0,0,,0,0,0
FTT,incident_preceding,2022-10-15 16:00:00+00:00,0.01805183337,2,6331.666735,0.01162253815,0,0,0,0,,0,0.0003485006507,2.205821247
FTT,incident_preceding,2022-10-15 17:00:00+00:00,0.01825272522,1,6331.324265,5.408837834e-05,0,0,0,0,,0,-5.408837834e-05,-0.3424695859
FTT,incident_preceding,2022-10-15 18:00:00+00:00,0.01825272522,0,6331.324265,0,0,0,0,0,,0,0,0
FTT,incident_preceding,2022-10-15 19:00:00+00:00,0.01825272522,0,6331.324265,0,0,0,0,0,,0,0,0
FTT,incident_preceding,2022-10-15 20:00:00+00:00,0.01825272522,0,6331.324265,0,0,0,0,0,,0,0,0
FTT,incident_preceding,2022-10-15 21:00:00+00:00,0.01810797192,2,6332.482868,0.007778864357,0,0,0,0,,0,0.0001829953013,1.158602591
FTT,incident_preceding,2022-10-15 22:00:00+00:00,0.01810797192,0,6332.482868,0,0,0,0,0,,0,0,0
FTT,incident_preceding,2022-10-15 23:00:00+00:00,0.01810797192,0,6332.482868,0,0,0,0,0,,0,0,0
FTT,incident_preceding,2022-10-16 00:00:00+00:00,0.01810797192,0,6332.482868,0,0,0,0,0,,0,0,0
FTT,incident_preceding,2022-10-16 01:00:00+00:00,0.01810797192,0,6332.482868,0,0,0,0,0,,0,0,0
FTT,incident_preceding,2022-10-16 02:00:00+00:00,0.01846488868,8,6201.114345,0.04127824517,0,0,0,0,,0,-0.02074518415,-131.3685232
FTT,incident_preceding,2022-10-16 03:00:00+00:00,0.01846488868,0,6201.114345,0,0,0,0,0,,0,0,0
FTT,incident_preceding,2022-10-16 04:00:00+00:00,0.01846488868,0,6201.114345,0,0,0,0,0,,0,0,0
FTT,incident_preceding,2022-10-16 05:00:00+00:00,0.01846488868,0,6201.114345,0,0,0,0,0,,0,0,0
FTT,incident_preceding,2022-10-16 06:00:00+00:00,0.01827691231,1,6208.640931,0.001213747408,0,0,0,0,,0,0.001213747408,7.52658646
FTT,incident_preceding,2022-10-16 07:00:00+00:00,0.01827691231,0,6208.640931,0,0,0,0,0,,0,0,0
FTT,incident_preceding,2022-10-16 08:00:00+00:00,0.01827691231,0,6208.640931,0,0,0,0,0,,0,0,0
FTT,incident_preceding,2022-10-16 09:00:00+00:00,0.01833791459,3,6210.050598,0.01364786882,0,0,0,0,-0.005547772198,0,0.0002270492517,1.409667277
FTT,incident_preceding,2022-10-16 10:00:00+00:00,0.01833791459,0,6210.050598,0,0,0,0,0,,0,0,0
FTT,incident_preceding,2022-10-16 11:00:00+00:00,0.01833791459,0,6210.050598,0,0,0,0,0,,0,0,0
FTT,incident_preceding,2022-10-16 12:00:00+00:00,0.01833791459,0,6210.050598,0,0,0,0,0,,0,0,0
FTT,incident_preceding,2022-10-16 13:00:00+00:00,0.01833791459,0,6210.050598,0,0,0,0,0,,0,0,0
FTT,incident_preceding,2022-10-16 14:00:00+00:00,0.01833791459,0,6210.050598,0,0,0,0,0,,0,0,0
FTT,incident_preceding,2022-10-16 15:00:00+00:00,0.01833791459,0,6210.050598,0,0,0,0,0,,0,0,0
FTT,incident_preceding,2022-10-16 16:00:00+00:00,0.01833791459,0,6210.050598,0,0,0,0,0,,0,0,0
FTT,incident_preceding,2022-10-16 17:00:00+00:00,0.01833791459,0,6210.050598,0,0,0,0,0,,0,0,0
FTT,incident_preceding,2022-10-16 18:00:00+00:00,0.01833791459,0,6210.050598,0,0,0,0,0,,0,0,0
FTT,incident_preceding,2022-10-16 19:00:00+00:00,0.01833791459,0,6210.050598,0,0,0,0,0,,0,0,0
FTT,incident_preceding,2022-10-16 20:00:00+00:00,0.01827104303,3,6215.158576,0.009515856361,0,0,0,0,,0,0.0008225338926,5.107977092
FTT,incident_preceding,2022-10-16 21:00:00+00:00,0.01827104303,0,6215.158576,0,0,0,0,0,,0,0,0
FTT,incident_preceding,2022-10-16 22:00:00+00:00,0.01827104303,0,6215.158576,0,0,0,0,0,,0,0,0
FTT,incident_preceding,2022-10-16 23:00:00+00:00,0.01819747054,1,6261.558576,0.007465618043,0,0,0,0,-0.004899714694,0,0.007465618043,46.4
FTT,incident_preceding,2022-10-17 00:00:00+00:00,0.01819747054,0,6261.558576,0,0,0,0,0,,0,0,0
FTT,incident_preceding,2022-10-17 01:00:00+00:00,0.01838286951,1,6249.003402,0.002005119549,0,0,0,0,-0.01485544945,0,-0.002005119549,-12.55517351
FTT,incident_preceding,2022-10-17 02:00:00+00:00,0.01838286951,0,6247.947653,0,0.001760280687,0,0,11,,0.001760280687,-0.0001689468554,-1.055749474
FTT,incident_preceding,2022-10-17 03:00:00+00:00,0.01840546531,2,6251.20919,0.00119142525,0,0,0,0,,0,0.0005220174023,3.261537403
FTT,incident_preceding,2022-10-17 04:00:00+00:00,0.01819765622,2,6263.993403,0.002045078481,0,0,0,0,,0,0.002045078481,12.78421339
FTT,incident_preceding,2022-10-17 05:00:00+00:00,0.01819765622,0,6263.993403,0,0,0,0,0,,0,0,0
FTT,incident_preceding,2022-10-17 06:00:00+00:00,0.01819765622,0,6263.993403,0,0,0,0,0,,0,0,0
FTT,incident_preceding,2022-10-17 07:00:00+00:00,0.01810084727,1,6284.01863,0.003196878687,0,0,0,0,-0.006381401838,0,0.003196878687,20.02522701
FTT,incident_preceding,2022-10-17 08:00:00+00:00,0.01810084727,0,6284.01863,0,0,0,0,0,,0,0,0
FTT,incident_preceding,2022-10-17 09:00:00+00:00,0.01823646169,1,6287.272503,0.0005178011684,0,0,0,0,-0.01460110345,0,0.0005178011684,3.253872189
FTT,incident_preceding,2022-10-17 10:00:00+00:00,0.01823646169,0,6287.272503,0,0,0,0,0,,0,0,0
FTT,incident_preceding,2022-10-17 11:00:00+00:00,0.01806468604,2,6312.368856,0.003991612139,0,0,0,0,,0,0.003991612139,25.09635324
FTT,incident_preceding,2022-10-17 12:00:00+00:00,0.01821412693,1,6283.482578,0.004576139002,0,0,0,0,-0.01079598013,0,-0.004576139002,-28.88627732
FTT,incident_preceding,2022-10-17 13:00:00+00:00,0.01821412693,0,6283.482578,0,0,0,0,0,,0,0,0
FTT,incident_preceding,2022-10-17 14:00:00+00:00,0.01804406128,2,6383.482578,0.01591474135,0,0,0,0,,0,0.01591474135,100
FTT,incident_preceding,2022-10-17 15:00:00+00:00,0.01791340034,8,6497.920907,0.04366331825,0,0,0,0,,0,0.01792725633,114.4383285
FTT,incident_preceding,2022-10-17 16:00:00+00:00,0.01796069105,3,6328.771168,0.02603136311,0,0,0,0,,0,-0.02603136311,-169.1497386
FTT,incident_preceding,2022-10-17 17:00:00+00:00,0.01816231111,4,6845.586017,0.009301185372,0.09096235379,0,0,575.6799221,,0.09096235379,0.08166116842,516.8148483
FTT,incident_preceding,2022-10-17 18:00:00+00:00,0.01831858185,4,6772.298053,0.0533134676,0,0,0,0,,0,-0.01070587143,-73.28796377
FTT,incident_preceding,2022-10-17 19:00:00+00:00,0.01831858185,0,6772.298053,0,0,0,0,0,,0,0,0
FTT,incident_preceding,2022-10-17 20:00:00+00:00,0.01831858185,0,6772.298053,0,0,0,0,0,,0,0,0
FTT,incident_preceding,2022-10-17 21:00:00+00:00,0.01818455428,1,6766.846998,0.000804904724,0,0,0,0,-0.004896842085,0,-0.000804904724,-5.451054695
FTT,incident_preceding,2022-10-17 22:00:00+00:00,0.01801444473,5,6893.372186,0.1062809318,0,0,0,0,,0,0.01869780536,126.5251881
FTT,incident_preceding,2022-10-17 23:00:00+00:00,0.0181085262,1,6892.267734,0.0001602194226,0,0,0,0,,0,-0.0001602194226,-1.104452112
FTT,incident_preceding,2022-10-18 00:00:00+00:00,0.0181085262,0,6892.267734,0,0,0,0,0,,0,0,0
FTT,incident_preceding,2022-10-18 01:00:00+00:00,0.01811180212,1,6891.865303,5.838874144e-05,0,0,0,0,-0.02734774775,0,-5.838874144e-05,-0.4024308386
FTT,incident_preceding,2022-10-18 02:00:00+00:00,0.01813052536,1,6883.665303,0.001189808512,0,0,0,0,-0.01825842447,0,-0.001189808512,-8.2
FTT,incident_preceding,2022-10-18 03:00:00+00:00,0.01813052536,0,6883.665303,0,0,0,0,0,,0,0,0
FTT,incident_preceding,2022-10-18 04:00:00+00:00,0.01813052536,0,6883.665303,0,0,0,0,0,,0,0,0
FTT,incident_preceding,2022-10-18 05:00:00+00:00,0.01813052536,0,6883.665303,0,0,0,0,0,,0,0,0
FTT,incident_preceding,2022-10-18 06:00:00+00:00,0.01815298531,1,6881.559303,0.0003059416615,0,0,0,0,,0,-0.0003059416615,-2.106
FTT,incident_preceding,2022-10-18 07:00:00+00:00,0.01798570626,1,6923.559831,0.006103344544,0,0,0,0,-0.01398847164,0,0.006103344544,42.00052743
FTT,incident_preceding,2022-10-18 08:00:00+00:00,0.01798570626,0,6923.559831,0,0,0,0,0,,0,0,0
FTT,incident_preceding,2022-10-18 09:00:00+00:00,0.01797212374,1,6959.159831,0.00514186356,0,0,0,0,-0.01547468962,0,0.00514186356,35.6
FTT,incident_preceding,2022-10-18 10:00:00+00:00,0.01797212374,0,6959.159831,0,0,0,0,0,,0,0,0
FTT,incident_preceding,2022-10-18 11:00:00+00:00,0.01797212374,0,6959.159831,0,0,0,0,0,,0,0,0
FTT,incident_preceding,2022-10-18 12:00:00+00:00,0.01801854522,7,6952.485697,0.05651915977,0,0,0,0,,0,-0.0009590430212,-6.674133669
FTT,incident_preceding,2022-10-18 13:00:00+00:00,0.01801854522,0,6952.485697,0,0,0,0,0,,0,0,0
FTT,incident_preceding,2022-10-18 14:00:00+00:00,0.01801854522,0,6952.485697,0,0,0,0,0,,0,0,0
FTT,incident_preceding,2022-10-18 15:00:00+00:00,0.01801854522,0,6952.485697,0,0,0,0,0,,0,0,0
FTT,incident_preceding,2022-10-18 16:00:00+00:00,0.01801854522,0,6952.485697,0,0,0,0,0,,0,0,0
FTT,incident_preceding,2022-10-18 17:00:00+00:00,0.01801854522,0,6952.485697,0,0,0,0,0,,0,0,0
FTT,incident_preceding,2022-10-18 18:00:00+00:00,0.01801854522,0,6952.485697,0,0,0,0,0,,0,0,0
FTT,incident_preceding,2022-10-18 19:00:00+00:00,0.01801854522,0,6952.485697,0,0,0,0,0,,0,0,0
FTT,incident_preceding,2022-10-18 20:00:00+00:00,0.01801854522,0,6952.485697,0,0,0,0,0,,0,0,0
FTT,incident_preceding,2022-10-18 21:00:00+00:00,0.01809572506,4,6939.27746,0.0597620874,0,0,0,0,-0.0250926455,0,-0.001899786303,-13.2082371
FTT,incident_preceding,2022-10-18 22:00:00+00:00,0.01809572506,0,6939.27746,0,0,0,0,0,,0,0,0
FTT,incident_preceding,2022-10-18 23:00:00+00:00,0.01809572506,0,6939.27746,0,0,0,0,0,,0,0,0
FTT,incident_preceding,2022-10-19 00:00:00+00:00,0.01811525518,1,6922.274189,0.002450294214,0,0,0,0,,0,-0.002450294214,-17.00327141
FTT,incident_preceding,2022-10-19 01:00:00+00:00,0.01762319671,5,7027.80882,0.02259686342,0,0,0,0,0.003383773317,0,0.01524565901,105.5346318
FTT,incident_preceding,2022-10-19 02:00:00+00:00,0.01780249431,1,7029.50882,0.0002418961647,0,0,0,0,,0,0.0002418961647,1.7
FTT,incident_preceding,2022-10-19 03:00:00+00:00,0.01780249431,0,7029.50882,0,0,0,0,0,,0,0,0
FTT,incident_preceding,2022-10-19 04:00:00+00:00,0.01798775929,1,6991.50882,0.005405783102,0,0,0,0,-0.02354175763,0,-0.005405783102,-38
FTT,incident_preceding,2022-10-19 05:00:00+00:00,0.01788577223,1,7026.90882,0.005063284751,0,0,0,0,,0,0.005063284751,35.4
FTT,incident_preceding,2022-10-19 06:00:00+00:00,0.01788577223,0,7026.90882,0,0,0,0,0,,0,0,0
FTT,incident_preceding,2022-10-19 07:00:00+00:00,0.01773586524,2,7111.60882,0.0120536643,0,0,0,0,,0,0.0120536643,84.7
FTT,incident_preceding,2022-10-19 08:00:00+00:00,0.01758700542,2,7197.50882,0.0120788421,0,0,0,0,0.001251944691,0,0.0120788421,85.9
FTT,incident_preceding,2022-10-19 09:00:00+00:00,0.0176961515,1,7210.70882,0.001833967881,0,0,0,0,,0,0.001833967881,13.2
FTT,incident_preceding,2022-10-19 10:00:00+00:00,0.01764975483,1,7195.624495,0.00209193381,0,0,0,0,,0,-0.00209193381,-15.08432557
FTT,incident_preceding,2022-10-19 11:00:00+00:00,0.01764975483,0,7195.624495,0,0,0,0,0,,0,0,0
FTT,incident_preceding,2022-10-19 12:00:00+00:00,0.01764975483,0,7195.624495,0,0,0,0,0,,0,0,0
FTT,incident_preceding,2022-10-19 13:00:00+00:00,0.0175478296,1,7208.912789,0.001846718731,0,0,0,0,,0,0.001846718731,13.28829454
FTT,incident_preceding,2022-10-19 14:00:00+00:00,0.0175478296,0,7208.912789,0,0,0,0,0,,0,0,0
FTT,incident_preceding,2022-10-19 15:00:00+00:00,0.0175478296,0,7208.912789,0,0,0,0,0,,0,0,0
FTT,incident_preceding,2022-10-19 16:00:00+00:00,0.0175478296,0,7208.912789,0,0,0,0,0,,0,0,0
FTT,incident_preceding,2022-10-19 17:00:00+00:00,0.0175478296,0,7208.912789,0,0,0,0,0,,0,0,0
FTT,incident_preceding,2022-10-19 18:00:00+00:00,0.01776280393,1,7143.829634,0.009028151251,0,0,0,0,,0,-0.009028151251,-65.08315502
FTT,incident_preceding,2022-10-19 19:00:00+00:00,0.01787551805,3,7066.898773,0.02522814757,0,0,0,0,,0,-0.01076885445,-76.93086156
FTT,incident_preceding,2022-10-19 20:00:00+00:00,0.01787551805,0,7066.898773,0,0,0,0,0,,0,0,0
FTT,incident_preceding,2022-10-19 21:00:00+00:00,0.017647305,1,7149.125723,0.01163550698,0,0,0,0,-0.01025547448,0,0.01163550698,82.22695
FTT,incident_preceding,2022-10-19 22:00:00+00:00,0.0176436957,1,7207.30803,0.008138380688,0,0,0,0,,0,0.008138380688,58.18230672
FTT,incident_preceding,2022-10-19 23:00:00+00:00,0.0176436957,0,7207.30803,0,0,0,0,0,,0,0,0
FTT,incident_preceding,2022-10-20 00:00:00+00:00,0.0176436957,0,7207.30803,0,0,0,0,0,,0,0,0
FTT,incident_preceding,2022-10-20 01:00:00+00:00,0.01768293061,1,7181.122339,0.003633213687,0,0,0,0,-0.01415637722,0,-0.003633213687,-26.18569018
FTT,incident_preceding,2022-10-20 02:00:00+00:00,0.01768293061,0,7181.122339,0,0,0,0,0,,0,0,0
FTT,incident_preceding,2022-10-20 03:00:00+00:00,0.01768293061,0,7181.122339,0,0,0,0,0,,0,0,0
FTT,incident_preceding,2022-10-20 04:00:00+00:00,0.01756924147,1,7211.122862,0.004177692766,0,0,0,0,,0,0.004177692766,30.00052285
FTT,incident_preceding,2022-10-20 05:00:00+00:00,0.01756924147,0,7211.122862,0,0,0,0,0,,0,0,0
FTT,incident_preceding,2022-10-20 06:00:00+00:00,0.01756924147,0,7211.122862,0,0,0,0,0,,0,0,0
FTT,incident_preceding,2022-10-20 07:00:00+00:00,0.01756924147,0,7211.122862,0,0,0,0,0,,0,0,0
FTT,incident_preceding,2022-10-20 08:00:00+00:00,0.01760903717,1,7211.12282,5.876531673e-09,0,0,0,0,,0,-5.876531673e-09,-4.23763919e-05
FTT,incident_preceding,2022-10-20 09:00:00+00:00,0.01760903717,0,7211.12282,0,0,0,0,0,,0,0,0
FTT,incident_preceding,2022-10-20 10:00:00+00:00,0.01760903717,0,7211.12282,0,0,0,0,0,,0,0,0
FTT,incident_preceding,2022-10-20 11:00:00+00:00,0.01760903717,0,7211.12282,0,0,0,0,0,,0,0,0
FTT,incident_preceding,2022-10-20 12:00:00+00:00,0.01760903717,0,7211.12282,0,0,0,0,0,,0,0,0
FTT,incident_preceding,2022-10-20 13:00:00+00:00,0.01760903717,0,7211.12282,0,0,0,0,0,,0,0,0
FTT,incident_preceding,2022-10-20 14:00:00+00:00,0.01760903717,0,7211.12282,0,0,0,0,0,,0,0,0
FTT,incident_preceding,2022-10-20 15:00:00+00:00,0.01760903717,0,7211.12282,0,0,0,0,0,,0,0,0
FTT,incident_preceding,2022-10-20 16:00:00+00:00,0.01760903717,0,7211.12282,0,0,0,0,0,,0,0,0
FTT,incident_preceding,2022-10-20 17:00:00+00:00,0.01760903717,0,7211.12282,0,0,0,0,0,,0,0,0
FTT,incident_preceding,2022-10-20 18:00:00+00:00,0.01760903717,0,7211.12282,0,0,0,0,0,,0,0,0
FTT,incident_preceding,2022-10-20 19:00:00+00:00,0.01760903717,0,7211.12282,0,0,0,0,0,,0,0,0
FTT,incident_preceding,2022-10-20 20:00:00+00:00,0.01760903717,0,7211.12282,0,0,0,0,0,,0,0,0
FTT,incident_preceding,2022-10-20 21:00:00+00:00,0.01746724837,1,7261.12282,0.006933732964,0,0,0,0,,0,0.006933732964,50
FTT,incident_preceding,2022-10-20 22:00:00+00:00,0.01746724837,0,7261.12282,0,0,0,0,0,,0,0,0
FTT,incident_preceding,2022-10-20 23:00:00+00:00,0.01746724837,0,7261.12282,0,0,0,0,0,,0,0,0
FTT,incident_preceding,2022-10-21 00:00:00+00:00,0.01746724837,0,7261.12282,0,0,0,0,0,,0,0,0
FTT,incident_preceding,2022-10-21 01:00:00+00:00,0.0174343679,6,7361.535672,0.02317443589,0,0,0,0,-0.01007921373,0,0.01382883262,100.4128521
FTT,incident_preceding,2022-10-21 02:00:00+00:00,0.01730134273,1,7379.109918,0.002387307012,0,0,0,0,,0,0.002387307012,17.57424573
FTT,incident_preceding,2022-10-21 03:00:00+00:00,0.01732270718,1,7382.109918,0.0004065530983,0,0,0,0,,0,0.0004065530983,3
FTT,incident_preceding,2022-10-21 04:00:00+00:00,0.01732270718,0,7382.109918,0,0,0,0,0,,0,0,0
FTT,incident_preceding,2022-10-21 05:00:00+00:00,0.01727449488,3,7480.783822,0.03012738502,0,0,0,0,,0,0.01336662629,98.67390453
FTT,incident_preceding,2022-10-21 06:00:00+00:00,0.01682460517,6,7465.026528,0.135829979,0,0,0,0,,0,-0.002106369353,-15.75729378
FTT,incident_preceding,2022-10-21 07:00:00+00:00,0.01682460517,0,7465.026528,0,0,0,0,0,,0,0,0
FTT,incident_preceding,2022-10-21 08:00:00+00:00,0.01682460517,0,7465.026528,0,0,0,0,0,,0,0,0
FTT,incident_preceding,2022-10-21 09:00:00+00:00,0.01743205335,1,7436.449837,0.003828076317,0,0,0,0,,0,-0.003828076317,-28.57669126
FTT,incident_preceding,2022-10-21 10:00:00+00:00,0.01743205335,0,7436.449837,0,0,0,0,0,,0,0,0
FTT,incident_preceding,2022-10-21 11:00:00+00:00,0.01743205335,0,7436.449837,0,0,0,0,0,,0,0,0
FTT,incident_preceding,2022-10-21 12:00:00+00:00,0.017488199,1,7391.275999,0.006074651071,0,0,0,0,,0,-0.006074651071,-45.17383796
FTT,incident_preceding,2022-10-21 13:00:00+00:00,0.017488199,0,7391.275999,0,0,0,0,0,,0,0,0
FTT,incident_preceding,2022-10-21 14:00:00+00:00,0.017488199,0,7391.275999,0,0,0,0,0,,0,0,0
FTT,incident_preceding,2022-10-21 15:00:00+00:00,0.017488199,0,7391.275999,0,0,0,0,0,,0,0,0
FTT,incident_preceding,2022-10-21 16:00:00+00:00,0.01738079676,1,7437.875999,0.006304730064,0,0,0,0,,0,0.006304730064,46.6
FTT,incident_preceding,2022-10-21 17:00:00+00:00,0.01738079676,0,7437.875999,0,0,0,0,0,,0,0,0
FTT,incident_preceding,2022-10-21 18:00:00+00:00,0.01738079676,0,7437.875999,0,0,0,0,0,,0,0,0
FTT,incident_preceding,2022-10-21 19:00:00+00:00,0.01738079676,0,7437.875999,0,0,0,0,0,,0,0,0
FTT,incident_preceding,2022-10-21 20:00:00+00:00,0.0172535427,1,7453.820527,0.002143693711,0,0,0,0,,0,0.002143693711,15.944528
FTT,incident_preceding,2022-10-21 21:00:00+00:00,0.0172535427,0,7453.820527,0,0,0,0,0,,0,0,0
FTT,incident_preceding,2022-10-21 22:00:00+00:00,0.0172535427,0,7453.820527,0,0,0,0,0,,0,0,0
FTT,incident_preceding,2022-10-21 23:00:00+00:00,0.0172535427,0,7453.820527,0,0,0,0,0,,0,0,0
FTT,incident_preceding,2022-10-22 00:00:00+00:00,0.0172535427,0,7453.820527,0,0,0,0,0,,0,0,0
FTT,incident_preceding,2022-10-22 01:00:00+00:00,0.0172595258,5,7454.018981,0.02219023256,0,0,0,0,,0,2.662451196e-05,0.1984543338
FTT,incident_preceding,2022-10-22 02:00:00+00:00,0.0172595258,0,7454.018981,0,0,0,0,0,,0,0,0
FTT,incident_preceding,2022-10-22 03:00:00+00:00,0.0172595258,0,7454.018981,0,0,0,0,0,,0,0,0
FTT,incident_preceding,2022-10-22 04:00:00+00:00,0.01734570361,1,7444.018981,0.001341558161,0,0,0,0,,0,-0.001341558161,-10
FTT,incident_preceding,2022-10-22 05:00:00+00:00,0.01734570361,0,7444.018981,0,0,0,0,0,,0,0,0
FTT,incident_preceding,2022-10-22 06:00:00+00:00,0.01734570361,0,7444.018981,0,0,0,0,0,,0,0,0
FTT,incident_preceding,2022-10-22 07:00:00+00:00,0.01734570361,0,7444.018981,0,0,0,0,0,,0,0,0
FTT,incident_preceding,2022-10-22 08:00:00+00:00,0.01734570361,0,7444.018981,0,0,0,0,0,,0,0,0
FTT,incident_preceding,2022-10-22 09:00:00+00:00,0.01734570361,0,7444.018981,0,0,0,0,0,,0,0,0
FTT,incident_preceding,2022-10-22 10:00:00+00:00,0.01734570361,0,7444.018981,0,0,0,0,0,,0,0,0
FTT,incident_preceding,2022-10-22 11:00:00+00:00,0.01719637785,1,7448.806719,0.0006431656759,0,0,0,0,-4.346058978e-05,0,0.0006431656759,4.7877375
FTT,incident_preceding,2022-10-22 12:00:00+00:00,0.01719637785,0,7448.806719,0,0,0,0,0,,0,0,0
FTT,incident_preceding,2022-10-22 13:00:00+00:00,0.01719637785,0,7448.806719,0,0,0,0,0,,0,0,0
FTT,incident_preceding,2022-10-22 14:00:00+00:00,0.01719637785,0,7448.806719,0,0,0,0,0,,0,0,0
FTT,incident_preceding,2022-10-22 15:00:00+00:00,0.01720268122,1,7478.255185,0.003953447498,0,0,0,0,0.005258986989,0,0.003953447498,29.44846629
FTT,incident_preceding,2022-10-22 16:00:00+00:00,0.01720268122,0,7478.255185,0,0,0,0,0,,0,0,0
FTT,incident_preceding,2022-10-22 17:00:00+00:00,0.01720268122,0,7478.255185,0,0,0,0,0,,0,0,0
FTT,incident_preceding,2022-10-22 18:00:00+00:00,0.01727459653,4,7460.959346,0.01322349799,0,0,0,0,,0,-0.002312817471,-17.29583925
FTT,incident_preceding,2022-10-22 19:00:00+00:00,0.01700294712,7,7565.311165,0.02066080435,0,0,0,0,,0,0.01398638088,104.3518191
FTT,incident_preceding,2022-10-22 20:00:00+00:00,0.01700294712,0,7565.311165,0,0,0,0,0,,0,0,0
FTT,incident_preceding,2022-10-22 21:00:00+00:00,0.01700294712,0,7565.311165,0,0,0,0,0,,0,0,0
FTT,incident_preceding,2022-10-22 22:00:00+00:00,0.01700294712,0,7565.311165,0,0,0,0,0,,0,0,0
FTT,incident_preceding,2022-10-22 23:00:00+00:00,0.01700294712,0,7565.311165,0,0,0,0,0,,0,0,0
FTT,incident_preceding,2022-10-23 00:00:00+00:00,0.01700294712,0,7565.311165,0,0,0,0,0,,0,0,0
FTT,incident_preceding,2022-10-23 01:00:00+00:00,0.01700294712,0,7565.311165,0,0,0,0,0,,0,0,0
FTT,incident_preceding,2022-10-23 02:00:00+00:00,0.01700294712,0,7565.311165,0,0,0,0,0,,0,0,0
FTT,incident_preceding,2022-10-23 03:00:00+00:00,0.01700294712,0,7565.311165,0,0,0,0,0,,0,0,0
FTT,incident_preceding,2022-10-23 04:00:00+00:00,0.01700294712,0,7565.311165,0,0,0,0,0,,0,0,0
FTT,incident_preceding,2022-10-23 05:00:00+00:00,0.01700294712,0,7565.311165,0,0,0,0,0,,0,0,0
FTT,incident_preceding,2022-10-23 06:00:00+00:00,0.01700294712,0,7565.311165,0,0,0,0,0,,0,0,0
FTT,incident_preceding,2022-10-23 07:00:00+00:00,0.01700294712,0,7565.311165,0,0,0,0,0,,0,0,0
FTT,incident_preceding,2022-10-23 08:00:00+00:00,0.01700294712,0,7565.311165,0,0,0,0,0,,0,0,0
FTT,incident_preceding,2022-10-23 09:00:00+00:00,0.01700294712,0,7565.311165,0,0,0,0,0,,0,0,0
FTT,incident_preceding,2022-10-23 10:00:00+00:00,0.01700294712,0,7565.311165,0,0,0,0,0,,0,0,0
FTT,incident_preceding,2022-10-23 11:00:00+00:00,0.0171956305,1,7530.078991,0.004657068759,0,0,0,0,,0,-0.004657068759,-35.23217428
FTT,incident_preceding,2022-10-23 12:00:00+00:00,0.0171956305,0,7530.078991,0,0,0,0,0,,0,0,0
FTT,incident_preceding,2022-10-23 13:00:00+00:00,0.0171956305,0,7530.078991,0,0,0,0,0,,0,0,0
FTT,incident_preceding,2022-10-23 14:00:00+00:00,0.0171956305,0,7530.078991,0,0,0,0,0,,0,0,0
FTT,incident_preceding,2022-10-23 15:00:00+00:00,0.01729338821,1,7516.885279,0.001752134636,0,0,0,0,,0,-0.001752134636,-13.19371221
FTT,incident_preceding,2022-10-23 16:00:00+00:00,0.01712780042,2,7560.609689,0.005943364579,0,0,0,0,,0,0.005816825543,43.72441029
FTT,incident_preceding,2022-10-23 17:00:00+00:00,0.01712780042,0,7560.609689,0,0,0,0,0,,0,0,0
FTT,incident_preceding,2022-10-23 18:00:00+00:00,0.01712780042,0,7560.609689,0,0,0,0,0,,0,0,0
FTT,incident_preceding,2022-10-23 19:00:00+00:00,0.01712780042,0,7560.609689,0,0,0,0,0,,0,0,0
FTT,incident_preceding,2022-10-23 20:00:00+00:00,0.01712780042,0,7560.609689,0,0,0,0,0,,0,0,0
FTT,incident_preceding,2022-10-23 21:00:00+00:00,0.01712780042,0,7560.609689,0,0,0,0,0,,0,0,0
FTT,incident_preceding,2022-10-23 22:00:00+00:00,0.01692579283,3,7659.313031,0.01305494479,0,0,0,0,0.004260340908,0,0.01305494479,98.70334203
FTT,incident_preceding,2022-10-23 23:00:00+00:00,0.01685486928,1,7672.534566,0.001726200164,0,0,0,0,,0,0.001726203762,13.22153497
FTT,incident_preceding,2022-10-24 00:00:00+00:00,0.01685486928,0,7672.534566,0,0,0,0,0,,0,0,0
FTT,incident_preceding,2022-10-24 01:00:00+00:00,0.01685486928,0,7672.534566,0,0,0,0,0,,0,0,0
FTT,incident_preceding,2022-10-24 02:00:00+00:00,0.01685625127,4,7673.281531,0.06632103505,0,0,0,0,,0,9.735566957e-05,0.74696474
FTT,incident_preceding,2022-10-24 03:00:00+00:00,0.01693354495,10,7805.226219,0.1101123811,0,0,0,0,,0,0.01719534049,131.9446886
FTT,incident_preceding,2022-10-24 04:00:00+00:00,0.016865104,1,7803.043737,0.0002796180609,0,0,0,0,,0,-0.0002796180609,-2.182482221
FTT,incident_preceding,2022-10-24 05:00:00+00:00,0.01692614366,1,7755.643737,0.006074552649,0,0,0,0,,0,-0.006074552649,-47.4
FTT,incident_preceding,2022-10-24 06:00:00+00:00,0.01692614366,0,7755.643737,0,0,0,0,0,,0,0,0
FTT,incident_preceding,2022-10-24 07:00:00+00:00,0.01692614366,0,7755.643737,0,0,0,0,0,,0,0,0
FTT,incident_preceding,2022-10-24 08:00:00+00:00,0.01692614366,0,7755.643737,0,0,0,0,0,,0,0,0
FTT,incident_preceding,2022-10-24 09:00:00+00:00,0.01692614366,0,7755.643737,0,0,0,0,0,,0,0,0
FTT,incident_preceding,2022-10-24 10:00:00+00:00,0.01692614366,0,7755.643737,0,0,0,0,0,,0,0,0
FTT,incident_preceding,2022-10-24 11:00:00+00:00,0.01692614366,0,7755.643737,0,0,0,0,0,,0,0,0
FTT,incident_preceding,2022-10-24 12:00:00+00:00,0.0168462859,1,7764.245678,0.00110912016,0,0,0,0,0.001584118827,0,0.00110912016,8.601940826
FTT,incident_preceding,2022-10-24 13:00:00+00:00,0.01680908745,1,7774.748129,0.001352668556,0,0,0,0,,0,0.001352668556,10.50245099
FTT,incident_preceding,2022-10-24 14:00:00+00:00,0.01699527854,1,7721.248129,0.006881251857,0,0,0,0,-0.01118889075,0,-0.006881251857,-53.5
FTT,incident_preceding,2022-10-24 15:00:00+00:00,0.01699527854,0,7721.248129,0,0,0,0,0,,0,0,0
FTT,incident_preceding,2022-10-24 16:00:00+00:00,0.01699527854,0,7721.248129,0,0,0,0,0,,0,0,0
FTT,incident_preceding,2022-10-24 17:00:00+00:00,0.01699556122,1,7712.499521,0.00113305617,0,0,0,0,-0.04375324577,0,-0.00113305617,-8.748607832
FTT,incident_preceding,2022-10-24 18:00:00+00:00,0.01689163417,1,7767.09561,0.007078909865,0,0,0,0,-0.04664162069,0,0.007078909865,54.59608894
FTT,incident_preceding,2022-10-24 19:00:00+00:00,0.01689163417,0,7767.09561,0,0,0,0,0,,0,0,0
FTT,incident_preceding,2022-10-24 20:00:00+00:00,0.01689163417,0,7767.09561,0,0,0,0,0,,0,0,0
FTT,incident_preceding,2022-10-24 21:00:00+00:00,0.01689481595,1,7762.706307,0.0005651151165,0,0,0,0,,0,-0.0005651151165,-4.389303141
FTT,incident_preceding,2022-10-24 22:00:00+00:00,0.0169980563,2,7735.728041,0.003475368592,0,0,0,0,,0,-0.003475368592,-26.97826569
FTT,incident_preceding,2022-10-24 23:00:00+00:00,0.0169980563,0,7735.728041,0,0,0,0,0,,0,0,0
FTT,incident_preceding,2022-10-25 00:00:00+00:00,0.0169980563,0,7735.728041,0,0,0,0,0,,0,0,0
FTT,incident_preceding,2022-10-25 01:00:00+00:00,0.01706140243,6,7570.643001,0.04193819834,0,0,0,0,-0.04328168738,0,-0.02134059512,-165.0850401
FTT,incident_preceding,2022-10-25 02:00:00+00:00,0.01706140243,0,7570.643001,0,0,0,0,0,,0,0,0
FTT,incident_preceding,2022-10-25 03:00:00+00:00,0.01706140243,0,7570.643001,0,0,0,0,0,,0,0,0
FTT,incident_preceding,2022-10-25 04:00:00+00:00,0.01706140243,0,7570.643001,0,0,0,0,0,,0,0,0
FTT,incident_preceding,2022-10-25 05:00:00+00:00,0.01706140243,0,7570.643001,0,0,0,0,0,,0,0,0
FTT,incident_preceding,2022-10-25 06:00:00+00:00,0.01701084108,1,7583.392459,0.001684061905,0,0,0,0,,0,0.001684065336,12.74945745
FTT,incident_preceding,2022-10-25 07:00:00+00:00,0.01701084108,0,7583.392459,0,0,0,0,0,,0,0,0
FTT,incident_preceding,2022-10-25 08:00:00+00:00,0.01701084108,0,7583.392459,0,0,0,0,0,,0,0,0
FTT,incident_preceding,2022-10-25 09:00:00+00:00,0.01701084108,0,7583.392459,0,0,0,0,0,,0,0,0
FTT,incident_preceding,2022-10-25 10:00:00+00:00,0.01701084108,0,7583.392459,0,0,0,0,0,,0,0,0
FTT,incident_preceding,2022-10-25 11:00:00+00:00,0.01701084108,0,7583.392459,0,0,0,0,0,,0,0,0
FTT,incident_preceding,2022-10-25 12:00:00+00:00,0.01687299357,3,7746.792459,0.03067228833,0,0,0,0,,0,0.02154708475,163.4
FTT,incident_preceding,2022-10-25 13:00:00+00:00,0.01687299357,0,7746.792459,0,0,0,0,0,,0,0,0
FTT,incident_preceding,2022-10-25 14:00:00+00:00,0.0168061801,1,7763.808576,0.002196537209,0,0,0,0,-0.05794712528,0,0.002196537209,17.01611788
FTT,incident_preceding,2022-10-25 15:00:00+00:00,0.01675868425,2,7773.276031,0.001219434264,0,0,0,0,-0.06426646561,0,0.001219434264,9.467454193
FTT,incident_preceding,2022-10-25 16:00:00+00:00,0.01669545315,2,7797.588576,0.003127709052,0,0,0,0,,0,0.003127709052,24.31254581
FTT,incident_preceding,2022-10-25 17:00:00+00:00,0.01626798327,12,8121.88103,0.1480434594,0,0,0,0,,0,0.04158881304,324.2924535
FTT,incident_preceding,2022-10-25 18:00:00+00:00,0.01612187199,1,8178.68103,0.006993453831,0,0,0,0,,0,0.006993453831,56.8
FTT,incident_preceding,2022-10-25 19:00:00+00:00,0.01612187199,0,8178.68103,0,0,0,0,0,,0,0,0
FTT,incident_preceding,2022-10-25 20:00:00+00:00,0.01622410251,6,8140.785451,0.03219630923,0,0,0,0,-0.01432910512,0,-0.00463345851,-37.89557922
FTT,incident_preceding,2022-10-25 21:00:00+00:00,0.01622410251,0,8140.785451,0,0,0,0,0,,0,0,0
FTT,incident_preceding,2022-10-25 22:00:00+00:00,0.01622410251,0,8140.785451,0,0,0,0,0,,0,0,0
FTT,incident_preceding,2022-10-25 23:00:00+00:00,0.01622410251,0,8140.785451,0,0,0,0,0,,0,0,0
FTT,incident_preceding,2022-10-26 00:00:00+00:00,0.01622410251,0,8140.785451,0,0,0,0,0,,0,0,0
FTT,incident_preceding,2022-10-26 01:00:00+00:00,0.01633870866,2,8118.095882,0.002787147317,0,0,0,0,-0.04216989948,0,-0.002787147317,-22.68956833
FTT,incident_preceding,2022-10-26 02:00:00+00:00,0.01622841038,1,8138.375108,0.002498027317,0,0,0,0,,0,0.002498027317,20.27922528
FTT,incident_preceding,2022-10-26 03:00:00+00:00,0.01628909095,4,8146.05451,0.03696772339,0,0,0,0,-0.03129760088,0,0.0009436039374,7.679402796
FTT,incident_preceding,2022-10-26 04:00:00+00:00,0.01628909095,0,8146.05451,0,0,0,0,0,,0,0,0
FTT,incident_preceding,2022-10-26 05:00:00+00:00,0.01608476517,7,8176.255937,0.05635181814,0,0,0,0,,0,0.003707491332,30.20142648
FTT,incident_preceding,2022-10-26 06:00:00+00:00,0.01608476517,0,8176.255937,0,0,0,0,0,,0,0,0
FTT,incident_preceding,2022-10-26 07:00:00+00:00,0.01608476517,0,7717.579874,0,-0.05529916829,0.05529916829,452.140153,-452.140153,,0.05529916829,-0.05609854517,-458.676063
FTT,incident_preceding,2022-10-26 08:00:00+00:00,0.01599964606,1,8144.572423,0.0108532387,0.0444740214,0,0,343.2318124,-0.01726586173,0.0444740214,0.05532726009,426.992549
FTT,incident_preceding,2022-10-26 09:00:00+00:00,0.01608853599,2,8124.344482,0.007394856137,-0.004548967152,0.009450470869,76.97004443,-37.04939242,-0.01445910067,0.01435197459,-0.002483609981,-20.22794136
FTT,incident_preceding,2022-10-26 10:00:00+00:00,0.01608853599,0,8124.344482,0,0,0,0,0,,0,0,0
FTT,incident_preceding,2022-10-26 11:00:00+00:00,0.01608853599,0,8124.344482,0,0,0,0,0,,0,0,0
FTT,incident_preceding,2022-10-26 12:00:00+00:00,0.01608853599,0,8124.344482,0,0,0,0,0,,0,0,0
FTT,incident_preceding,2022-10-26 13:00:00+00:00,0.01608853599,0,8124.344482,0,0,0,0,0,,0,0,0
FTT,incident_preceding,2022-10-26 14:00:00+00:00,0.01585998954,2,8265.044482,0.0173183203,0,0,0,0,,0,0.0173183203,140.7
FTT,incident_preceding,2022-10-26 15:00:00+00:00,0.0157155414,5,8367.018164,0.05885169394,0,0,0,0,,0,0.01233794718,101.9736823
FTT,incident_preceding,2022-10-26 16:00:00+00:00,0.0157155414,0,8367.018164,0,0,0,0,0,,0,0,0
FTT,incident_preceding,2022-10-26 17:00:00+00:00,0.0157155414,0,8367.018164,0,0,0,0,0,,0,0,0
FTT,incident_preceding,2022-10-26 18:00:00+00:00,0.0157155414,0,8367.018164,0,0,0,0,0,,0,0,0
FTT,incident_preceding,2022-10-26 19:00:00+00:00,0.01584077885,1,8351.759897,0.001823620574,0,0,0,0,,0,-0.001823620574,-15.25826647
FTT,incident_preceding,2022-10-26 20:00:00+00:00,0.0159932833,5,8263.261082,0.02081086422,0,0,0,0,,0,-0.01059642712,-88.4988151
FTT,incident_preceding,2022-10-26 21:00:00+00:00,0.01591463125,1,8283.359163,0.002432221407,0,0,0,0,0.0004088923963,0,0.002432221407,20.09808049
FTT,incident_preceding,2022-10-26 22:00:00+00:00,0.01573361587,3,9035.58611,0.09081182308,0,0,0,0,,0,0.09081182308,752.2269468
FTT,incident_preceding,2022-10-26 23:00:00+00:00,0.0157085458,1,8336.028232,0.04466782731,-0.1217240798,0.1217240798,1099.848404,-1099.848404,,0.1217240798,-0.07742252349,-699.5578778
FTT,incident_preceding,2022-10-27 00:00:00+00:00,0.01578069933,5,7894.843198,0.01420084295,-0.05417783699,0.05417783699,451.6279787,-451.6279787,0.01356879874,0.05417783699,-0.05292508867,-441.1850333
FTT,incident_preceding,2022-10-27 01:00:00+00:00,0.01566403245,2,7923.257617,0.003599111181,0,0,0,0,0.01616736995,0,0.003599111181,28.41441843
FTT,incident_preceding,2022-10-27 02:00:00+00:00,0.01566403245,0,7923.257617,0,0,0,0,0,,0,0,0
FTT,incident_preceding,2022-10-27 03:00:00+00:00,0.01578717681,1,7888.660441,0.00436653421,0,0,0,0,0.01223821783,0,-0.00436653421,-34.59717544
FTT,incident_preceding,2022-10-27 04:00:00+00:00,0.01578717681,0,7888.660441,0,0,0,0,0,,0,0,0
FTT,incident_preceding,2022-10-27 05:00:00+00:00,0.01578717681,0,7888.660441,0,0,0,0,0,,0,0,0
FTT,incident_preceding,2022-10-27 06:00:00+00:00,0.01577115672,1,7884.596034,0.0005152215523,0,0,0,0,0.01047704457,0,-0.0005152215523,-4.064407878
FTT,incident_preceding,2022-10-27 07:00:00+00:00,0.01577115672,0,7884.596034,0,0,0,0,0,,0,0,0
FTT,incident_preceding,2022-10-27 08:00:00+00:00,0.01572576955,4,7931.641192,0.02302652425,0,0,0,0,0.02113929884,0,0.005966717643,47.04515826
FTT,incident_preceding,2022-10-27 09:00:00+00:00,0.01585758393,8,7902.882092,0.04009377841,0,0,0,0,,0,-0.003625870016,-28.75909997
FTT,incident_preceding,2022-10-27 10:00:00+00:00,0.01585758393,0,7902.882092,0,0,0,0,0,,0,0,0
FTT,incident_preceding,2022-10-27 11:00:00+00:00,0.01585758393,0,7902.882092,0,0,0,0,0,,0,0,0
FTT,incident_preceding,2022-10-27 12:00:00+00:00,0.01578188581,13,8150.997767,0.1082729321,0.03083974765,0,0,243.7228894,,0.03083974765,0.03139559375,248.1156756
FTT,incident_preceding,2022-10-27 13:00:00+00:00,0.015840378,1,8135.628468,0.001885572776,0,0,0,0,0.01690035629,0,-0.001885572776,-15.36929949
FTT,incident_preceding,2022-10-27 14:00:00+00:00,0.015840378,0,8135.628468,0,0,0,0,0,,0,0,0
FTT,incident_preceding,2022-10-27 15:00:00+00:00,0.015840378,0,8135.628468,0,0,0,0,0,,0,0,0
FTT,incident_preceding,2022-10-27 16:00:00+00:00,0.01582410086,1,8133.557151,0.0002545982885,0,0,0,0,0.006184936984,0,-0.0002545982885,-2.071317084
FTT,incident_preceding,2022-10-27 17:00:00+00:00,0.01588388627,1,8130.812926,0.0003373954019,0,0,0,0,-0.003269842789,0,-0.0003373954019,-2.744224783
FTT,incident_preceding,2022-10-27 18:00:00+00:00,0.01578298525,1,8134.04029,0.0003969300559,0,0,0,0,-0.0002656258252,0,0.0003969300559,3.227364029
FTT,incident_preceding,2022-10-27 19:00:00+00:00,0.01578298525,0,8134.04029,0,0,0,0,0,,0,0,0
FTT,incident_preceding,2022-10-27 20:00:00+00:00,0.01578298525,0,8134.04029,0,0,0,0,0,,0,0,0
FTT,incident_preceding,2022-10-27 21:00:00+00:00,0.01592113995,1,8074.17056,0.007360392615,0,0,0,0,,0,-0.007360392615,-59.86973008
FTT,incident_preceding,2022-10-27 22:00:00+00:00,0.01592113995,0,8074.17056,0,0,0,0,0,,0,0,0
FTT,incident_preceding,2022-10-27 23:00:00+00:00,0.01592113995,0,8074.17056,0,0,0,0,0,,0,0,0
FTT,incident_preceding,2022-10-28 00:00:00+00:00,0.01599628376,1,8042.23671,0.003955062579,0,0,0,0,-0.005682579697,0,-0.003955062579,-31.93384984
FTT,incident_preceding,2022-10-28 01:00:00+00:00,0.0159193369,3,8031.317595,0.008091406557,0,0,0,0,,0,-0.001357721235,-10.91911556
FTT,incident_preceding,2022-10-28 02:00:00+00:00,0.01614709892,2,7936.727638,0.0117776387,0,0,0,0,,0,-0.0117776387,-94.58995688
FTT,incident_preceding,2022-10-28 03:00:00+00:00,0.01598157081,4,7955.973112,0.02191948855,0,0,0,0,-0.0112218561,0,0.002424862615,19.24547413
FTT,incident_preceding,2022-10-28 04:00:00+00:00,0.01598157081,0,7955.973112,0,0,0,0,0,,0,0,0
FTT,incident_preceding,2022-10-28 05:00:00+00:00,0.01593423266,1,7985.973112,0.003770751808,0,0,0,0,,0,0.003770751808,30
FTT,incident_preceding,2022-10-28 06:00:00+00:00,0.01593726045,3,8011.669581,0.01984685729,0,0,0,0,-0.006663527467,0,0.003217700375,25.69646868
FTT,incident_preceding,2022-10-28 07:00:00+00:00,0.01597708287,1,8014.677517,0.0003754443414,0,0,0,0,,0,0.0003754443414,3.00793601
FTT,incident_preceding,2022-10-28 08:00:00+00:00,0.01606173987,1,7966.277517,0.006038920456,0,0,0,0,-0.02128891441,0,-0.006038920456,-48.4
FTT,incident_preceding,2022-10-28 09:00:00+00:00,0.01606173987,0,7966.277517,0,0,0,0,0,,0,0,0
FTT,incident_preceding,2022-10-28 10:00:00+00:00,0.01606173987,0,7966.277517,0,0,0,0,0,,0,0,0
FTT,incident_preceding,2022-10-28 11:00:00+00:00,0.01606173987,0,7966.277517,0,0,0,0,0,,0,0,0
FTT,incident_preceding,2022-10-28 12:00:00+00:00,0.01606173987,0,7966.277517,0,0,0,0,0,,0,0,0
FTT,incident_preceding,2022-10-28 13:00:00+00:00,0.01611036101,1,7963.235996,0.0003817995182,0,0,0,0,,0,-0.0003817995182,-3.041520917
FTT,incident_preceding,2022-10-28 14:00:00+00:00,0.01593163521,1,8043.234332,0.01004595828,0,0,0,0,,0,0.01004595828,79.9983366
FTT,incident_preceding,2022-10-28 15:00:00+00:00,0.01593163521,0,8043.234332,0,0,0,0,0,,0,0,0
FTT,incident_preceding,2022-10-28 16:00:00+00:00,0.01592227522,2,8039.813202,0.01636420434,0,0,0,0,,0,-0.000425342591,-3.421130131
FTT,incident_preceding,2022-10-28 17:00:00+00:00,0.01583203328,1,8059.813202,0.002487619985,0,0,0,0,-0.003709381636,0,0.002487619985,20
FTT,incident_preceding,2022-10-28 18:00:00+00:00,0.01577879343,1,8089.813202,0.003722170632,0,0,0,0,-0.000818973351,0,0.003722170632,30
FTT,incident_preceding,2022-10-28 19:00:00+00:00,0.01600995437,2,7985.213202,0.01292984119,0,0,0,0,-0.0207784996,0,-0.01292984119,-104.6
FTT,incident_preceding,2022-10-28 20:00:00+00:00,0.0158544834,3,8083.213202,0.0127736101,0,0,0,0,-0.02041016851,0,0.01227268421,98
FTT,incident_preceding,2022-10-28 21:00:00+00:00,0.0158544834,0,8083.213202,0,0,0,0,0,,0,0,0
FTT,incident_preceding,2022-10-28 22:00:00+00:00,0.01591182103,1,8031.813202,0.006358857389,0,0,0,0,-0.01037779197,0,-0.006358857389,-51.4
FTT,incident_preceding,2022-10-28 23:00:00+00:00,0.01591182103,0,8031.813202,0,0,0,0,0,,0,0,0
FTT,incident_preceding,2022-10-29 00:00:00+00:00,0.01590564139,2,8039.245329,0.0115251526,0,0,0,0,,0,0.0009253361615,7.432127199
FTT,incident_preceding,2022-10-29 01:00:00+00:00,0.01590564139,0,8039.245329,0,0,0,0,0,,0,0,0
FTT,incident_preceding,2022-10-29 02:00:00+00:00,0.01590564139,0,8039.245329,0,0,0,0,0,,0,0,0
FTT,incident_preceding,2022-10-29 03:00:00+00:00,0.01580323045,1,8088.636611,0.006143770858,0,0,0,0,,0,0.006143770858,49.39128117
FTT,incident_preceding,2022-10-29 04:00:00+00:00,0.01580323045,0,8088.636611,0,0,0,0,0,,0,0,0
FTT,incident_preceding,2022-10-29 05:00:00+00:00,0.01580323045,0,8088.636611,0,0,0,0,0,,0,0,0
FTT,incident_preceding,2022-10-29 06:00:00+00:00,0.01583141512,3,8102.145545,0.01087588302,0,0,0,0,-0.001260641241,0,0.001670112668,13.50893447
FTT,incident_preceding,2022-10-29 07:00:00+00:00,0.01583141512,0,8102.145545,0,0,0,0,0,,0,0,0
FTT,incident_preceding,2022-10-29 08:00:00+00:00,0.0157234169,1,8151.945545,0.006146520045,0,0,0,0,0.01285492,0,0.006146520045,49.8
FTT,incident_preceding,2022-10-29 09:00:00+00:00,0.01577688607,1,8139.939668,0.001335046339,-0.0001225046477,0.0001225046477,0.9986512174,-0.9986512174,0.01252622453,0.0001225046477,-0.001472762143,-12.00587679
FTT,incident_preceding,2022-10-29 10:00:00+00:00,0.01564658603,2,8197.839668,0.007113074833,0,0,0,0,,0,0.007113074833,57.9
FTT,incident_preceding,2022-10-29 11:00:00+00:00,0.01564658603,0,8197.839668,0,0,0,0,0,,0,0,0
FTT,incident_preceding,2022-10-29 12:00:00+00:00,0.01564658603,0,8197.839668,0,0,0,0,0,,0,0,0
FTT,incident_preceding,2022-10-29 13:00:00+00:00,0.01564658603,0,8197.839668,0,0,0,0,0,,0,0,0
FTT,incident_preceding,2022-10-29 14:00:00+00:00,0.01564658603,0,8197.839668,0,0,0,0,0,,0,0,0
FTT,incident_preceding,2022-10-29 15:00:00+00:00,0.01565283072,1,8217.981273,0.002456940592,0,0,0,0,,0,0.002456940592,20.14160504
FTT,incident_preceding,2022-10-29 16:00:00+00:00,0.01565283072,0,8217.981273,0,0,0,0,0,,0,0,0
FTT,incident_preceding,2022-10-29 17:00:00+00:00,0.01577341502,2,8205.379378,0.03530661579,0,0,0,0,0.02096182891,0,-0.001533453913,-12.60189554
FTT,incident_preceding,2022-10-29 18:00:00+00:00,0.01576587631,1,8162.968795,0.005168631537,0,0,0,0,0.02196913954,0,-0.005168631537,-42.41058262
FTT,incident_preceding,2022-10-29 19:00:00+00:00,0.01568072384,19,8285.936965,0.3863472681,0,0,0,0,,0,0.01506414795,122.9681697
FTT,incident_preceding,2022-10-29 20:00:00+00:00,0.01553417066,4,8307.805965,0.02578694491,0,0,0,0,0.03446614082,0,0.002639291138,21.869
FTT,incident_preceding,2022-10-29 21:00:00+00:00,0.01562566697,4,8285.476928,0.02579851256,0,0,0,0,,0,-0.002687717625,-22.32903651
FTT,incident_preceding,2022-10-29 22:00:00+00:00,0.01574754534,2,8207.250689,0.009441368337,0,0,0,0,0.02735903179,0,-0.009441368337,-78.22623952
FTT,incident_preceding,2022-10-29 23:00:00+00:00,0.01574754534,0,8207.250689,0,0,0,0,0,,0,0,0
FTT,incident_preceding,2022-10-30 00:00:00+00:00,0.01574754534,0,8207.250689,0,0,0,0,0,,0,0,0
FTT,incident_preceding,2022-10-30 01:00:00+00:00,0.01574754534,0,8207.250689,0,0,0,0,0,,0,0,0
FTT,incident_preceding,2022-10-30 02:00:00+00:00,0.01574754534,0,8207.250689,0,0,0,0,0,,0,0,0
FTT,incident_preceding,2022-10-30 03:00:00+00:00,0.01574754534,0,8207.250689,0,0,0,0,0,,0,0,0
FTT,incident_preceding,2022-10-30 04:00:00+00:00,0.01585436912,2,8133.633535,0.008969770342,0,0,0,0,,0,-0.008969770342,-73.61715382
FTT,incident_preceding,2022-10-30 05:00:00+00:00,0.01585436912,0,8133.633535,0,0,0,0,0,,0,0,0
FTT,incident_preceding,2022-10-30 06:00:00+00:00,0.01581146996,3,8131.365683,0.003584525515,0,0,0,0,,0,-0.0002788239492,-2.267851824
FTT,incident_preceding,2022-10-30 07:00:00+00:00,0.01581146996,0,8131.365683,0,0,0,0,0,,0,0,0
FTT,incident_preceding,2022-10-30 08:00:00+00:00,0.01592684489,1,8106.365683,0.003074514291,0,0,0,0,,0,-0.003074514291,-25
FTT,incident_preceding,2022-10-30 09:00:00+00:00,0.01597575381,2,8017.298424,0.01098732306,0,0,0,0,0.01738968453,0,-0.01098732306,-89.06725859
FTT,incident_preceding,2022-10-30 10:00:00+00:00,0.01597575381,0,8017.298424,0,0,0,0,0,,0,0,0
FTT,incident_preceding,2022-10-30 11:00:00+00:00,0.01602567919,2,8016.421864,0.01039295721,0,0,0,0,,0,-0.0001093336556,-0.8765605449
FTT,incident_preceding,2022-10-30 12:00:00+00:00,0.01602567919,0,8016.421864,0,0,0,0,0,,0,0,0
FTT,incident_preceding,2022-10-30 13:00:00+00:00,0.01602567919,0,8016.421864,0,0,0,0,0,,0,0,0
FTT,incident_preceding,2022-10-30 14:00:00+00:00,0.01600122497,15,8017.333734,0.1751446978,0,0,0,0,0.04479557516,0,0.0001137502434,0.9118699386
FTT,incident_preceding,2022-10-30 15:00:00+00:00,0.01600122497,0,8017.333734,0,0,0,0,0,,0,0,0
FTT,incident_preceding,2022-10-30 16:00:00+00:00,0.01600122497,0,8017.333734,0,0,0,0,0,,0,0,0
FTT,incident_preceding,2022-10-30 17:00:00+00:00,0.01610754439,1,7976.840499,0.005050710906,0,0,0,0,0.04039721261,0,-0.005050710906,-40.49323492
FTT,incident_preceding,2022-10-30 18:00:00+00:00,0.01611607171,1,7945.329999,0.003950248246,0,0,0,0,0.0341805006,0,-0.003950248246,-31.51050019
FTT,incident_preceding,2022-10-30 19:00:00+00:00,0.01611607171,0,7945.329999,0,0,0,0,0,,0,0,0
FTT,incident_preceding,2022-10-30 20:00:00+00:00,0.01607890714,2,7939.448209,0.0007402825894,0,0,0,0,,0,-0.0007402825894,-5.881789465
FTT,incident_preceding,2022-10-30 21:00:00+00:00,0.01607890714,0,7939.448209,0,0,0,0,0,,0,0,0
FTT,incident_preceding,2022-10-30 22:00:00+00:00,0.0161843307,3,7883.753467,0.008515597846,0,0,0,0,,0,-0.007014938639,-55.69474201
FTT,incident_preceding,2022-10-30 23:00:00+00:00,0.01613725408,1,7920.573067,0.004670313395,0,0,0,0,,0,0.004670313395,36.81959942
FTT,incident_preceding,2022-10-31 00:00:00+00:00,0.01613725408,0,7920.573067,0,0,0,0,0,,0,0,0
FTT,incident_preceding,2022-10-31 01:00:00+00:00,0.01613725408,0,7920.573067,0,0,0,0,0,,0,0,0
FTT,incident_preceding,2022-10-31 02:00:00+00:00,0.01613725408,0,7920.573067,0,0,0,0,0,,0,0,0
FTT,incident_preceding,2022-10-31 03:00:00+00:00,0.01614061233,1,7916.887333,0.0004653367558,0,0,0,0,,0,-0.0004653367558,-3.685733775
FTT,incident_preceding,2022-10-31 04:00:00+00:00,0.01614061233,0,7916.887333,0,0,0,0,0,,0,0,0
FTT,incident_preceding,2022-10-31 05:00:00+00:00,0.01614061233,0,7916.887333,0,0,0,0,0,,0,0,0
FTT,incident_preceding,2022-10-31 06:00:00+00:00,0.01614061233,0,7916.887333,0,0,0,0,0,,0,0,0
FTT,incident_preceding,2022-10-31 07:00:00+00:00,0.01614061233,0,7916.887333,0,0,0,0,0,,0,0,0
FTT,incident_preceding,2022-10-31 08:00:00+00:00,0.01614061233,0,7916.887333,0,0,0,0,0,,0,0,0
FTT,incident_preceding,2022-10-31 09:00:00+00:00,0.01625599674,2,7843.395662,0.009282899627,0,0,0,0,0.007579500736,0,-0.009282899627,-73.49167047
FTT,incident_preceding,2022-10-31 10:00:00+00:00,0.01627554895,17,7828.842993,0.3037941004,0,0,0,0,0.002203145088,0,-0.001855404197,-14.55266923
FTT,incident_preceding,2022-10-31 11:00:00+00:00,0.01627554895,0,7828.842993,0,0,0,0,0,,0,0,0
FTT,incident_preceding,2022-10-31 12:00:00+00:00,0.01612217919,1,7863.842993,0.004470647838,0,0,0,0,,0,0.004470647838,35
FTT,incident_preceding,2022-10-31 13:00:00+00:00,0.01638697309,3,8304.007154,0.01905260551,0.07502576785,0,0,589.9908588,-0.006819655689,0.07502576785,0.05597316234,440.1641605
FTT,incident_preceding,2022-10-31 14:00:00+00:00,0.01673430586,5,8007.606413,0.03569370006,0,0,0,0,,0,-0.03569370006,-296.4007406
FTT,incident_preceding,2022-10-31 15:00:00+00:00,0.01642984951,3,8139.379758,0.05067444525,0,0,0,0,,0,0.01645602172,131.7733451
FTT,incident_preceding,2022-10-31 16:00:00+00:00,0.01642984951,0,8139.379758,0,0,0,0,0,,0,0,0
FTT,incident_preceding,2022-10-31 17:00:00+00:00,0.0167715663,7,8036.163577,0.08288434861,0,0,0,0,,0,-0.01268108685,-103.2161816
FTT,incident_preceding,2022-10-31 18:00:00+00:00,0.01667644955,1,8045.991858,0.00122300666,0,0,0,0,,0,0.00122300666,9.828281578
FTT,incident_preceding,2022-10-31 19:00:00+00:00,0.01661986848,1,8052.289778,0.0007827400414,0,0,0,0,-0.01480313515,0,0.0007827400414,6.29792
FTT,incident_preceding,2022-10-31 20:00:00+00:00,0.01661986848,0,8052.289778,0,0,0,0,0,,0,0,0
FTT,incident_preceding,2022-10-31 21:00:00+00:00,0.01665874274,5,8113.543482,0.1013025424,0,0,0,0,,0,0.007606991938,61.25370342
FTT,incident_preceding,2022-10-31 22:00:00+00:00,0.01665874274,0,8113.543482,0,0,0,0,0,,0,0,0
FTT,incident_preceding,2022-10-31 23:00:00+00:00,0.01665874274,0,8113.543482,0,0,0,0,0,,0,0,0
FTT,incident_preceding,2022-11-01 00:00:00+00:00,0.01665874274,0,8113.543482,0,0,0,0,0,,0,0,0
FTT,incident_preceding,2022-11-01 01:00:00+00:00,0.01665874274,0,8113.543482,0,0,0,0,0,,0,0,0
FTT,incident_preceding,2022-11-01 02:00:00+00:00,0.01660908369,3,8165.104687,0.006812311924,0,0,0,0,,0,0.006354955253,51.56120577
FTT,incident_preceding,2022-11-01 03:00:00+00:00,0.01660908369,0,8165.104687,0,0,0,0,0,,0,0,0
FTT,incident_preceding,2022-11-01 04:00:00+00:00,0.01660908369,0,8165.104687,0,0,0,0,0,,0,0,0
FTT,incident_preceding,2022-11-01 05:00:00+00:00,0.01647503126,1,8205.104687,0.00489889616,0,0,0,0,-0.007332553688,0,0.00489889616,40
FTT,incident_preceding,2022-11-01 06:00:00+00:00,0.01649996929,1,8207.848912,0.0003344533541,0,0,0,0,-0.009696625529,0,0.0003344533541,2.744224783
FTT,incident_preceding,2022-11-01 07:00:00+00:00,0.01649996929,0,8207.848912,0,0,0,0,0,,0,0,0
FTT,incident_preceding,2022-11-01 08:00:00+00:00,0.0164276825,1,8220.265457,0.00151276484,0,0,0,0,,0,0.00151276484,12.41654525
FTT,incident_preceding,2022-11-01 09:00:00+00:00,0.0163796772,1,8261.265229,0.004987645741,0,0,0,0,-0.01216992067,0,0.004987645741,40.999772
FTT,incident_preceding,2022-11-01 10:00:00+00:00,0.01631144587,2,8303.991538,0.005171884405,0,0,0,0,0.01180243454,0,0.005171884405,42.72630881
FTT,incident_preceding,2022-11-01 11:00:00+00:00,0.01631144587,0,8303.991538,0,0,0,0,0,,0,0,0
FTT,incident_preceding,2022-11-01 12:00:00+00:00,0.01631144587,0,8303.991538,0,0,0,0,0,,0,0,0
FTT,incident_preceding,2022-11-01 13:00:00+00:00,0.01627559978,1,8308.958886,0.0005981879488,0,0,0,0,0.009007656824,0,0.0005981879488,4.967347665
FTT,incident_preceding,2022-11-01 14:00:00+00:00,0.01627559978,0,8308.958886,0,0,0,0,0,,0,0,0
FTT,incident_preceding,2022-11-01 15:00:00+00:00,0.01627559978,0,8308.958886,0,0,0,0,0,,0,0,0
FTT,incident_preceding,2022-11-01 16:00:00+00:00,0.01627559978,0,8308.958886,0,0,0,0,0,,0,0,0
FTT,incident_preceding,2022-11-01 17:00:00+00:00,0.01627559978,0,8308.958886,0,0,0,0,0,,0,0,0
FTT,incident_preceding,2022-11-01 18:00:00+00:00,0.01627559978,0,8308.958886,0,0,0,0,0,,0,0,0
FTT,incident_preceding,2022-11-01 19:00:00+00:00,0.01637565435,7,8302.880651,0.0582333356,0,0,0,0,-0.00830596967,0,-0.0007315278334,-6.078234691
FTT,incident_preceding,2022-11-01 20:00:00+00:00,0.01637565435,0,8302.880651,0,0,0,0,0,,0,0,0
FTT,incident_preceding,2022-11-01 21:00:00+00:00,0.01637565435,0,8302.880651,0,0,0,0,0,,0,0,0
FTT,incident_preceding,2022-11-01 22:00:00+00:00,0.01637565435,0,8302.880651,0,0,0,0,0,,0,0,0
FTT,incident_preceding,2022-11-01 23:00:00+00:00,0.01637565435,0,8302.880651,0,0,0,0,0,,0,0,0
FTT,incident_preceding,2022-11-02 00:00:00+00:00,0.01637565435,0,8302.880651,0,0,0,0,0,,0,0,0
FTT,incident_preceding,2022-11-02 01:00:00+00:00,0.01637565435,0,8302.880651,0,0,0,0,0,,0,0,0
FTT,incident_preceding,2022-11-02 02:00:00+00:00,0.01637565435,0,8302.880651,0,0,0,0,0,,0,0,0
FTT,incident_preceding,2022-11-02 03:00:00+00:00,0.01637565435,0,8302.880651,0,0,0,0,0,,0,0,0
FTT,incident_preceding,2022-11-02 04:00:00+00:00,0.01637565435,0,8302.880651,0,0,0,0,0,,0,0,0
FTT,incident_preceding,2022-11-02 05:00:00+00:00,0.01635466903,1,8312.880651,0.00120440127,0,0,0,0,,0,0.00120440127,10
FTT,incident_preceding,2022-11-02 06:00:00+00:00,0.01634074846,7,8354.777488,0.06785892726,0,0,0,0,-0.007437461129,0,0.005039990144,41.89683655
FTT,incident_preceding,2022-11-02 07:00:00+00:00,0.01645085504,2,8281.323072,0.008791905711,0,0,0,0,,0,-0.008791905711,-73.45441591
FTT,incident_preceding,2022-11-02 08:00:00+00:00,0.01645085504,0,8281.323072,0,0,0,0,0,,0,0,0
FTT,incident_preceding,2022-11-02 09:00:00+00:00,0.0161815459,6,8322.217472,0.07775284245,0,0,0,0,-0.00299754603,0,0.004938148181,40.89440047
FTT,incident_preceding,2022-11-02 10:00:00+00:00,0.0165051012,2,8211.958335,0.01324876911,0,0,0,0,-0.02444456268,0,-0.01324876911,-110.2591378
FTT,incident_preceding,2022-11-02 11:00:00+00:00,0.0165051012,0,8211.958335,0,0,0,0,0,,0,0,0
FTT,incident_preceding,2022-11-02 12:00:00+00:00,0.0165051012,0,8211.958335,0,0,0,0,0,,0,0,0
FTT,incident_preceding,2022-11-02 13:00:00+00:00,0.01642286706,2,8234.738351,0.002774005388,0,0,0,0,-0.03522171505,0,0.002774005388,22.78001667
FTT,incident_preceding,2022-11-02 14:00:00+00:00,0.01642286706,0,8234.738351,0,0,0,0,0,,0,0,0
FTT,incident_preceding,2022-11-02 15:00:00+00:00,0.01639790282,1,8261.716617,0.003276153356,0,0,0,0,-0.04926319892,0,0.003276153356,26.97826569
FTT,incident_preceding,2022-11-02 16:00:00+00:00,0.01639790282,0,8261.716617,0,0,0,0,0,,0,0,0
FTT,incident_preceding,2022-11-02 17:00:00+00:00,0.01649138534,1,8240.716617,0.002541844628,0,0,0,0,-0.04811476253,0,-0.002541844628,-21
FTT,incident_preceding,2022-11-02 18:00:00+00:00,0.0162318618,2,8376.317704,0.01645501153,0,0,0,0,-0.02988217541,0,0.01645501153,135.6010869
FTT,incident_preceding,2022-11-02 19:00:00+00:00,0.01624020197,2,8360.944447,0.01332663502,0,0,0,0,-0.022700174,0,-0.001835324004,-15.37325695
FTT,incident_preceding,2022-11-02 20:00:00+00:00,0.01644813061,2,8249.145339,0.01337158846,0,0,0,0,-0.04796297733,0,-0.01337158846,-111.7991083
FTT,incident_preceding,2022-11-02 21:00:00+00:00,0.01644813061,0,8249.145339,0,0,0,0,0,,0,0,0
FTT,incident_preceding,2022-11-02 22:00:00+00:00,0.01642872543,5,8247.424881,0.05451251504,0,0,0,0,,0,-0.0002085618735,-1.720457206
FTT,incident_preceding,2022-11-02 23:00:00+00:00,0.01655299026,1,8177.605794,0.008465562051,0,0,0,0,-0.04420402443,0,-0.008465562051,-69.81908709
FTT,incident_preceding,2022-11-03 00:00:00+00:00,0.01647162494,1,8227.90619,0.006150992999,0,0,0,0,-0.03449952747,0,0.006150992999,50.30039599
FTT,incident_preceding,2022-11-03 01:00:00+00:00,0.01639539731,1,8262.143139,0.004161076677,0,0,0,0,-0.03606886257,0,0.004161076677,34.23694855
FTT,incident_preceding,2022-11-03 02:00:00+00:00,0.01640125599,1,8267.977734,0.000706184197,0,0,0,0,-0.03997246004,0,0.000706184197,5.834594918
FTT,incident_preceding,2022-11-03 03:00:00+00:00,0.01627489422,1,8368.742066,0.01218730084,0,0,0,0,-0.0385301401,0,0.01218730084,100.764332
FTT,incident_preceding,2022-11-03 04:00:00+00:00,0.01627489422,0,8368.742066,0,0,0,0,0,,0,0,0
FTT,incident_preceding,2022-11-03 05:00:00+00:00,0.01627489422,0,8368.742066,0,0,0,0,0,,0,0,0
FTT,incident_preceding,2022-11-03 06:00:00+00:00,0.01621966561,1,8384.507813,0.001883884957,0,0,0,0,-0.03257957761,0,0.001883884957,15.76574728
FTT,incident_preceding,2022-11-03 07:00:00+00:00,0.01621966561,0,8384.507813,0,0,0,0,0,,0,0,0
FTT,incident_preceding,2022-11-03 08:00:00+00:00,0.01621966561,0,8384.507813,0,0,0,0,0,,0,0,0
FTT,incident_preceding,2022-11-03 09:00:00+00:00,0.0161331136,1,8444.279056,0.007128771757,0,0,0,0,,0,0.007128771757,59.77124249
FTT,incident_preceding,2022-11-03 10:00:00+00:00,0.01610653248,1,8482.27892,0.004500072102,0,0,0,0,-0.0290679114,0,0.004500072102,37.9998646
FTT,incident_preceding,2022-11-03 11:00:00+00:00,0.01603240759,5,8559.917427,0.1189380171,0,0,0,0,-0.01945105104,0,0.009153024565,77.63850733
FTT,incident_preceding,2022-11-03 12:00:00+00:00,0.01601283248,2,8616.100685,0.006563528028,0,0,0,0,-0.02531294599,0,0.006563528028,56.18325796
FTT,incident_preceding,2022-11-03 13:00:00+00:00,0.01585449382,1,8686.199917,0.008135841796,0,0,0,0,,0,0.008135841796,70.09923207
FTT,incident_preceding,2022-11-03 14:00:00+00:00,0.01577357472,2,8775.00306,0.01022347438,0,0,0,0,-0.02758573044,0,0.01022347438,88.80314236
FTT,incident_preceding,2022-11-03 15:00:00+00:00,0.01560966464,8,8846.423408,0.1214788354,0,0,0,0,-0.01027506797,0,0.008139068149,71.42034791
FTT,incident_preceding,2022-11-03 16:00:00+00:00,0.01560966464,0,8846.423408,0,0,0,0,0,,0,0,0
FTT,incident_preceding,2022-11-03 17:00:00+00:00,0.01571669277,2,8873.158333,0.01959387915,0,0,0,0,-0.01616593684,0,0.003022116845,26.7349252
FTT,incident_preceding,2022-11-03 18:00:00+00:00,0.01575399388,11,8854.023237,0.1789719579,0,0,0,0,,0,-0.002156514634,-19.13509579
FTT,incident_preceding,2022-11-03 19:00:00+00:00,0.01587569935,1,8785.111753,0.007783070161,0,0,0,0,-0.02969774746,0,-0.007783070161,-68.91148406
FTT,incident_preceding,2022-11-03 20:00:00+00:00,0.01567784945,3,8784.865347,0.06480222924,0,0,0,0,-0.01524469066,0,-2.804810686e-05,-0.2464057532
FTT,incident_preceding,2022-11-03 21:00:00+00:00,0.01567784945,0,8784.865347,0,0,0,0,0,,0,0,0
FTT,incident_preceding,2022-11-03 22:00:00+00:00,0.01567784945,0,8784.865347,0,0,0,0,0,,0,0,0
FTT,incident_preceding,2022-11-03 23:00:00+00:00,0.01583721802,7,8774.462885,0.2220184812,0,0,0,0,-0.02305635239,0,-0.001184134491,-10.40246205
FTT,incident_preceding,2022-11-04 00:00:00+00:00,0.01591305231,1,8773.206055,0.0001432372465,0,0,0,0,-0.02692753554,0,-0.0001432372465,-1.256829903
FTT,incident_preceding,2022-11-04 01:00:00+00:00,0.0158145718,1,8778.162305,0.0005649303081,0,0,0,0,-0.01798951698,0,0.0005649303081,4.95625
FTT,incident_preceding,2022-11-04 02:00:00+00:00,0.01575858753,2,8834.179989,0.006381481913,0,0,0,0,,0,0.006381481913,56.01768398
FTT,incident_preceding,2022-11-04 03:00:00+00:00,0.01565974721,2,9010.139989,0.007395140248,0.01252295065,0,0,110.63,-0.002555438409,0.01252295065,0.01991809089,175.96
FTT,incident_preceding,2022-11-04 04:00:00+00:00,0.01565974721,0,9010.139989,0,0,0,0,0,,0,0,0
FTT,incident_preceding,2022-11-04 05:00:00+00:00,0.01565974721,0,9010.139989,0,0,0,0,0,,0,0,0
FTT,incident_preceding,2022-11-04 06:00:00+00:00,0.01569975104,9,9075.073959,0.2270531405,0,0,0,0,,0,0.007206765891,64.93396955
FTT,incident_preceding,2022-11-04 07:00:00+00:00,0.01569975104,0,9075.073959,0,0,0,0,0,,0,0,0
FTT,incident_preceding,2022-11-04 08:00:00+00:00,0.01577527361,2,8984.83947,0.009943113364,0,0,0,0,,0,-0.009943113364,-90.23448916
FTT,incident_preceding,2022-11-04 09:00:00+00:00,0.01577527361,0,8984.83947,0,0,0,0,0,,0,0,0
FTT,incident_preceding,2022-11-04 10:00:00+00:00,0.01564508833,2,9141.867147,0.006055108599,0.01142290859,0,0,102.633,,0.01142290859,0.01747695972,157.0276775
FTT,incident_preceding,2022-11-04 11:00:00+00:00,0.01572357372,1,9141.867147,0.003463914425,0.003463914425,0,0,31.66664548,,0.003463914425,0,0
FTT,incident_preceding,2022-11-04 12:00:00+00:00,0.01561258757,2,9198.160991,0.006159048446,0,0,0,0,,0,0.006157805914,56.29384359
FTT,incident_preceding,2022-11-04 13:00:00+00:00,0.01561258757,0,9198.160991,0,0,0,0,0,,0,0,0
FTT,incident_preceding,2022-11-04 14:00:00+00:00,0.01534439596,4,9444.883577,0.02682303408,0,0,0,0,,0,0.02682303408,246.7225857
FTT,incident_preceding,2022-11-04 15:00:00+00:00,0.01545009548,1,9380.483951,0.006818466821,0,0,0,0,-0.0137434571,0,-0.006818466821,-64.39962529
FTT,incident_preceding,2022-11-04 16:00:00+00:00,0.01562094375,2,9260.984301,0.01273917749,0,0,0,0,-0.003903515412,0,-0.01273917749,-119.49965
FTT,incident_preceding,2022-11-04 17:00:00+00:00,0.01546466037,1,9406.836645,0.01574911899,0,0,0,0,-0.01435580659,0,0.01574911899,145.8523437
FTT,incident_preceding,2022-11-04 18:00:00+00:00,0.01546466037,0,9406.836645,0,0,0,0,0,,0,0,0
FTT,incident_preceding,2022-11-04 19:00:00+00:00,0.01541115889,2,9409.202835,0.01424150898,0,0,0,0,-0.02585496654,0,0.0002515394426,2.366190446
FTT,incident_preceding,2022-11-04 20:00:00+00:00,0.01544065803,5,9432.217904,0.004188991297,0,0,0,0,-0.02942538202,0,0.002446016862,23.01506879
FTT,incident_preceding,2022-11-04 21:00:00+00:00,0.01541018726,5,9405.620966,0.01846754112,0,0,0,0,,0,-0.002819796832,-26.59693817
FTT,incident_preceding,2022-11-04 22:00:00+00:00,0.01537826482,2,9411.940966,0.000671938623,0,0,0,0,,0,0.000671938623,6.32
FTT,incident_preceding,2022-11-04 23:00:00+00:00,0.01547624687,1,9400.159417,0.001251766105,0,0,0,0,-0.04896413523,0,-0.001251766105,-11.78154869
FTT,incident_preceding,2022-11-05 00:00:00+00:00,0.01549027081,2,9371.958691,0.007148757561,0,0,0,0,-0.05715434005,0,-0.003000026421,-28.20072661
FTT,incident_preceding,2022-11-05 01:00:00+00:00,0.015532619,1,9357.529142,0.001539651355,0,0,0,0,-0.0624055062,0,-0.001539651355,-14.4295489
FTT,incident_preceding,2022-11-05 02:00:00+00:00,0.015532619,0,9357.529142,0,0,0,0,0,,0,0,0
FTT,incident_preceding,2022-11-05 03:00:00+00:00,0.01561978078,3,9274.26723,0.01424914178,0,0,0,0,-0.0715245179,0,-0.008897852234,-83.26191158
FTT,incident_preceding,2022-11-05 04:00:00+00:00,0.01561978078,0,9274.26723,0,0,0,0,0,,0,0,0
FTT,incident_preceding,2022-11-05 05:00:00+00:00,0.01561978078,0,9274.26723,0,0,0,0,0,,0,0,0
FTT,incident_preceding,2022-11-05 06:00:00+00:00,0.01561978078,0,9274.26723,0,0,0,0,0,,0,0,0
FTT,incident_preceding,2022-11-05 07:00:00+00:00,0.01561978078,0,9274.26723,0,0,0,0,0,,0,0,0
FTT,incident_preceding,2022-11-05 08:00:00+00:00,0.01561978078,0,9274.26723,0,0,0,0,0,,0,0,0
FTT,incident_preceding,2022-11-05 09:00:00+00:00,0.01546369397,6,9385.088173,0.02504940252,0,0,0,0,-0.09073165928,0,0.0119492937,110.820943
FTT,incident_preceding,2022-11-05 10:00:00+00:00,0.01546369397,0,9385.088173,0,0,0,0,0,,0,0,0
FTT,incident_preceding,2022-11-05 11:00:00+00:00,0.01546369397,0,9385.088173,0,0,0,0,0,,0,0,0
FTT,incident_preceding,2022-11-05 12:00:00+00:00,0.01546369397,0,9385.088173,0,0,0,0,0,,0,0,0
FTT,incident_preceding,2022-11-05 13:00:00+00:00,0.01546369397,0,9385.088173,0,0,0,0,0,,0,0,0
FTT,incident_preceding,2022-11-05 14:00:00+00:00,0.01546369397,0,9385.088173,0,0,0,0,0,,0,0,0
FTT,incident_preceding,2022-11-05 15:00:00+00:00,0.01523921022,8,9432.816331,0.1515885322,0,0,0,0,-0.1202429438,0,0.005085531069,47.72815749
FTT,incident_preceding,2022-11-05 16:00:00+00:00,0.01556008601,2,9356.316967,0.00810991763,0,0,0,0,-0.1006785915,0,-0.00810991763,-76.49936347
FTT,incident_preceding,2022-11-05 17:00:00+00:00,0.01524423865,5,9617.458869,0.02791075832,0,0,0,0,-0.04878901544,0,0.02791075832,261.1419017
FTT,incident_preceding,2022-11-05 18:00:00+00:00,0.01492084165,8,9885.193011,0.06926442712,0,0,0,0,-0.05825870372,0,0.02783834538,267.7341417
FTT,incident_preceding,2022-11-05 19:00:00+00:00,0.0150178108,3,9835.377802,0.005622964958,0,0,0,0,-0.06632634885,0,-0.00503937643,-49.81520866
FTT,incident_preceding,2022-11-05 20:00:00+00:00,0.01499293035,10,9965.160807,0.1518322035,0,0,0,0,-0.05875842669,0,0.0131955282,129.7830051
FTT,incident_preceding,2022-11-05 21:00:00+00:00,0.01499293035,0,9965.160807,0,0,0,0,0,,0,0,0
FTT,incident_preceding,2022-11-05 22:00:00+00:00,0.01499293035,0,9965.160807,0,0,0,0,0,,0,0,0
FTT,incident_preceding,2022-11-05 23:00:00+00:00,0.01473671875,3,10121.16072,0.01565453085,0,0,0,0,-0.04594226928,0,0.01565453085,155.9999173
FTT,incident_preceding,2022-11-06 00:00:00+00:00,0.01462975981,3,10234.06042,0.01115481654,0,0,0,0,-0.04359100142,0,0.01115481654,112.899691
FTT,incident_preceding,2022-11-06 01:00:00+00:00,0.01459292406,1,10278.26003,0.004318873287,0,0,0,0,-0.01960812141,0,0.004318873287,44.19961015
FTT,incident_preceding,2022-11-06 02:00:00+00:00,0.01455904487,2,33509.81435,0.004292107458,2.257697497,0.0639826394,657.6302049,23205.20194,-0.0282650973,2.385662776,2.260261393,23231.55433
FTT,incident_preceding,2022-11-06 03:00:00+00:00,0.01454160123,1,33523.11887,0.0003970335183,0,0,0,0,-0.03930897943,0,0.0003970335183,13.30451949
FTT,incident_preceding,2022-11-06 04:00:00+00:00,0.01448646807,3,33557.41391,0.007329418258,0,0,0,0,-0.0256882302,0,0.001023026546,34.29504049
FTT,incident_preceding,2022-11-06 05:00:00+00:00,0.01436317478,4,33671.8576,0.00341038469,0,0,0,0,-0.03794386091,0,0.00341038469,114.4436906
FTT,incident_preceding,2022-11-06 06:00:00+00:00,0.01436317478,0,9809.025461,0,-0.7086877244,0.7086877244,23862.83214,-23862.83214,,0.7086877244,-0.7086877244,-23862.83214
FTT,incident_preceding,2022-11-06 07:00:00+00:00,0.01416666319,4,9927.283896,0.01395633797,0,0,0,0,0.007141838047,0,0.01205608404,118.2584353
FTT,incident_preceding,2022-11-06 08:00:00+00:00,0.01430590589,7,9861.620645,0.0276686627,0,0,0,0,0.008358041151,0,-0.006614422623,-65.66325119
FTT,incident_preceding,2022-11-06 09:00:00+00:00,0.01412241559,54,10024.09615,0.6021945089,0,0,0,0,0.01344337227,0,0.01647553773,162.475503
FTT,incident_preceding,2022-11-06 10:00:00+00:00,0.0140851899,15,9717.693551,0.08343532613,-0.03295849574,0.118834552,1191.208975,-330.3791302,0.01837822358,0.2047106083,-0.03056660597,-306.4025971
FTT,incident_preceding,2022-11-06 11:00:00+00:00,0.01398817988,8,9777.397621,0.06591711719,0,0,0,0,0.01916880149,0,0.006143851905,59.70407003
FTT,incident_preceding,2022-11-06 12:00:00+00:00,0.01432334385,15,9555.344794,0.07768455946,0,0,0,0,0.002753330886,0,-0.02271083119,-222.0528268
FTT,incident_preceding,2022-11-06 13:00:00+00:00,0.01429547862,12,9519.704539,0.05921604706,0,0,0,0,-0.01304667887,0,-0.003729876344,-35.6402545
FTT,incident_preceding,2022-11-06 14:00:00+00:00,0.01500428692,30,8895.126277,0.14989124,0,0,0,0,-0.06057613672,0,-0.06560899659,-624.5782627
FTT,incident_preceding,2022-11-06 15:00:00+00:00,0.01351268376,65,10295.28739,1.062252671,0,0,0,0,0.07386698946,0,0.1574076712,1400.161112
FTT,incident_preceding,2022-11-06 16:00:00+00:00,0.01406979716,81,9741.674014,1.229411698,0,0,0,0,0.02780752985,0,-0.05377347457,-553.6133746
FTT,incident_preceding,2022-11-06 17:00:00+00:00,0.0145183392,25,9529.387183,0.5807102137,0,0,0,0,-0.0329919872,0,-0.0217916172,-212.286831
FTT,incident_preceding,2022-11-06 18:00:00+00:00,0.01407640935,95,9859.600069,1.815523675,0,0,0,0,-0.01057962581,0,0.03465205892,330.2128861
FTT,incident_preceding,2022-11-06 19:00:00+00:00,0.01405404893,29,9833.028984,0.3232024661,0,0,0,0,-0.002380455566,0,-0.002694945503,-26.57108487
FTT,incident_preceding,2022-11-06 20:00:00+00:00,0.01413735173,40,9798.665626,0.3405168138,0,0,0,0,-0.02725401478,0,-0.003494686972,-34.36335829
FTT,incident_preceding,2022-11-06 21:00:00+00:00,0.0140046177,58,9895.292578,0.5805905593,-0.01734326566,0.01734326566,169.940861,-169.940861,-0.003883066851,0.01734326566,0.009861235781,96.62695207
FTT,incident_preceding,2022-11-06 22:00:00+00:00,0.01411125102,8,9861.310203,0.03750780677,0,0,0,0,0.00136174498,0,-0.003434196106,-33.98237524
FTT,incident_preceding,2022-11-06 23:00:00+00:00,0.01407499733,64,9866.910372,1.25866411,0,0,0,0,0.002266321238,0,0.0005678930315,5.600169346
FTT,incident_preceding,2022-11-07 00:00:00+00:00,0.0140057337,37,9960.721593,0.4855444771,0,0,0,0,0.00601701004,0,0.009507659199,93.81122117
FTT,incident_preceding,2022-11-07 01:00:00+00:00,0.01430957132,59,9685.283738,0.4421856099,0,0,0,0,-0.02042233099,0,-0.02765239977,-275.4378555
FTT,incident_preceding,2022-11-07 02:00:00+00:00,0.01415329337,40,9768.122629,0.309986824,0,0,0,0,-0.1318817552,0,0.008553068032,82.83889072
FTT,incident_preceding,2022-11-07 03:00:00+00:00,0.01398107476,11,9927.175121,0.03803767989,0,0,0,0,-0.1615494857,0,0.01628281075,159.0524922
FTT,incident_preceding,2022-11-07 04:00:00+00:00,0.01411907538,17,9967.474091,0.09452540631,0.005027646903,0,0,49.91033125,-0.2491370174,0.005027646903,0.004059459969,40.29897001
FTT,incident_preceding,2022-11-07 05:00:00+00:00,0.01382839052,34,14466.81042,0.6705570702,0.4240847418,0.01016479456,101.3173264,4227.053677,-0.2642091047,0.444414331,0.4514018586,4499.33633
FTT,incident_preceding,2022-11-07 06:00:00+00:00,0.01394617449,18,15185.30593,0.122308111,0.06013536604,0,0,869.9669401,-0.1778710578,0.06013536604,0.04966509494,718.495513
FTT,incident_preceding,2022-11-07 07:00:00+00:00,0.01426820136,130,14607.06365,2.486995789,0.009398181924,0,0,142.7142677,-0.1606720286,0.009398181924,-0.03807906731,-578.2422868
FTT,incident_preceding,2022-11-07 08:00:00+00:00,0.01442597632,72,14725.28836,0.7789811991,0.03900892365,0.08883831264,1297.666887,569.8058306,-0.1600542938,0.2166855489,0.008093667052,118.2247098
FTT,incident_preceding,2022-11-07 09:00:00+00:00,0.01431355035,6,15013.4984,0.04986514565,0,0.0400512832,589.7666942,0,-0.1580170195,0.0801025664,0.01957245503,288.2100442
FTT,incident_preceding,2022-11-07 10:00:00+00:00,0.01434644401,17,15089.93698,0.1818876568,0.008415644702,0.04718026087,708.3407711,126.3482683,-0.1955944365,0.1027761664,0.005091323338,76.43857479
FTT,incident_preceding,2022-11-07 11:00:00+00:00,0.01425890296,10,15354.00364,0.04453857136,0.0007289626204,0,0,11,-0.2217643587,0.0007289626204,0.01749952082,264.0666663
FTT,incident_preceding,2022-11-07 12:00:00+00:00,0.0143628351,32,15101.20146,0.191327657,0,0,0,0,-0.1814667967,0,-0.01646490333,-252.8021857
FTT,incident_preceding,2022-11-07 13:00:00+00:00,0.01411018149,8,15578.08857,0.05150824665,0,0,0,0,-0.2365506799,0,0.03157941505,476.8871086
FTT,incident_preceding,2022-11-07 14:00:00+00:00,0.01412236651,4,15651.77415,0.005116393882,0,0,0,0,-0.3081128408,0,0.004730078669,73.68558443
FTT,incident_preceding,2022-11-07 15:00:00+00:00,0.01454861458,46,14481.73776,0.6142740199,0,0,0,0,-0.3797646759,0,-0.07475423409,-1170.036389
FTT,incident_preceding,2022-11-07 16:00:00+00:00,0.01446653404,29,14665.925,0.3467294603,8.524724778e-05,0,0,1.234528287,,8.524724778e-05,0.01271858672,184.1872376
FTT,incident_preceding,2022-11-07 17:00:00+00:00,0.01404716555,23,15781.23862,0.4322838977,0,0,0,0,,0,0.07604795625,1115.313623
FTT,incident_preceding,2022-11-07 18:00:00+00:00,0.01392827121,7,16635.97038,0.02881470644,0.02534655293,0,0,400,,0.02534655293,0.05416125936,854.7317581
FTT,incident_preceding,2022-11-07 19:00:00+00:00,0.01402063368,14,16565.28953,0.1089484505,0,0,0,0,,0,-0.004248675971,-70.6808476
FTT,incident_preceding,2022-11-07 20:00:00+00:00,0.01375725524,7,16099.59691,0.05995549104,-0.08068382578,0.1504562933,2492.352061,-1336.550935,,0.2202287608,-0.02811255544,-465.6926204
FTT,incident_preceding,2022-11-07 21:00:00+00:00,0.01395034227,31,16964.52148,0.4699646102,0.1011330386,0.00174469238,28.08884405,1628.201156,,0.1046224234,0.05372336773,864.9245651
FTT,incident_preceding,2022-11-07 22:00:00+00:00,0.01413048004,39,16757.98946,0.9378718739,0.07137717196,0,0,1210.879567,,0.07137717196,-0.01217434942,-206.5320122
FTT,incident_preceding,2022-11-07 23:00:00+00:00,0.01410693197,14,16343.10395,0.366898387,-0.0416602674,0.0622484892,1043.159526,-698.1423221,,0.08283671101,-0.02475747567,-414.8855164
FTT,incident_preceding,2022-11-08 00:00:00+00:00,0.01409026038,23,17227.98454,0.4795252866,0.06057584003,0.006772896645,110.6901539,989.9972503,,0.07412163332,0.05414397368,884.88059
FTT,incident_preceding,2022-11-08 01:00:00+00:00,0.01402030036,27,18068.86447,0.6065780104,0.02292472969,0,0,394.9468886,,0.02292472969,0.04880895551,840.8799308
FTT,incident_preceding,2022-11-08 02:00:00+00:00,0.01240457788,130,23670.02968,2.605349712,-0.1870446651,0.1921810279,3472.492947,-3379.684704,,0.1973173907,0.3099898845,5601.165209
FTT,incident_preceding,2022-11-08 03:00:00+00:00,0.01189543992,163,29193.42695,1.584783157,0.1722128973,0.2092017337,4951.811245,4076.28439,,0.5906163646,0.2333498244,5523.397269
FTT,incident_preceding,2022-11-08 04:00:00+00:00,0.01100544037,96,32014.73562,0.6122727649,0.01719116991,0.2996459892,8747.693295,501.869163,,0.6164831483,0.09664191453,2821.308672
FTT,incident_preceding,2022-11-08 05:00:00+00:00,0.01061761759,175,32981.45903,1.170125345,-0.0151662088,0.1073282869,3436.08673,-485.5421651,,0.1994903651,0.03019620167,966.7234131
FTT,incident_preceding,2022-11-08 06:00:00+00:00,0.01167365021,312,28150.91952,2.739913043,-0.02684695462,0.03788431619,1249.480022,-885.4517341,,0.04892167776,-0.1464622747,-4830.539514
FTT,incident_preceding,2022-11-08 07:00:00+00:00,0.01215039102,96,25653.15031,0.5147113944,-0.012682248,0.07657056362,2155.531774,-357.0169427,,0.1404588792,-0.08872780195,-2497.769212
FTT,incident_preceding,2022-11-08 08:00:00+00:00,0.01229233871,58,25298.07863,0.4892962822,0.01112922014,0.05288958491,1356.784471,285.4995569,,0.11690839,-0.01384125026,-355.0716734
FTT,incident_preceding,2022-11-08 09:00:00+00:00,0.01222141384,40,25941.38883,0.1998206876,0.01148313178,0,0,290.5011708,,0.01148313178,0.02542921171,643.3101973
FTT,incident_preceding,2022-11-08 10:00:00+00:00,0.01179773626,38,27780.5912,0.1759845556,0.000590931595,0.06420034815,1665.446194,15.32958628,,0.1289916279,0.07089837708,1839.202367
FTT,incident_preceding,2022-11-08 11:00:00+00:00,0.01142286584,82,29718.66444,0.6459846188,-0.001577146174,0.002328849364,64.69681214,-43.81405311,,0.003080552554,0.06976357088,1938.073243
FTT,incident_preceding,2022-11-08 12:00:00+00:00,0.01197926427,42,27010.17654,0.2283181231,0,0,0,0,,0,-0.09113760491,-2708.487898
FTT,incident_preceding,2022-11-08 13:00:00+00:00,0.01113781359,55,30581.36239,0.2850801958,-0.02258412131,0.02258412131,610.0011035,-610.0011035,,0.02258412131,0.132216309,3571.185847
FTT,incident_preceding,2022-11-08 14:00:00+00:00,0.0103775724,132,32999.79143,0.9951974181,0,0,0,0,,0,0.07908179528,2418.42904
FTT,incident_preceding,2022-11-08 15:00:00+00:00,0.009951577642,138,33458.15036,0.7790144866,-0.03241816762,0.06962810901,2297.713075,-1069.79277,,0.1068380504,0.01388975226,458.3589276
GALA,incident_preceding,2024-04-20 19:00:00+00:00,1.570066244e-05,2,114713779.4,,,,0,0,-0.0143312953,,,363.514237
GALA,incident_preceding,2024-04-20 20:00:00+00:00,1.571943619e-05,10,114709076.4,0.001234722687,0,0,0,0,-0.01685877773,0,-4.099797475e-05,-4703.032633
GALA,incident_preceding,2024-04-20 21:00:00+00:00,1.588526655e-05,5,114698500.3,0.0004947969861,0,0,0,0,-0.02834994448,0,-9.219903178e-05,-10576.06578
GALA,incident_preceding,2024-04-20 22:00:00+00:00,1.565756358e-05,13,114900404.6,0.002217370948,0,0,0,0,-0.01376709074,0,0.001760304228,201904.2551
GALA,incident_preceding,2024-04-20 23:00:00+00:00,1.574010724e-05,10,114787919.4,0.00216857956,0,0,0,0,-0.009978839787,0,-0.0009789798011,-112485.1752
GALA,incident_preceding,2024-04-21 00:00:00+00:00,1.556131492e-05,19,114906487.3,0.002581364283,0,0,0,0,-0.003957856967,0,0.001032930331,118567.9236
GALA,incident_preceding,2024-04-21 01:00:00+00:00,1.570523416e-05,27,114718817.1,0.009331404324,-0.0006424309107,0.0008998065686,103393.6121,-73819.4793,-0.02090706496,0.001157182227,-0.001633242964,-187670.212
GALA,incident_preceding,2024-04-21 02:00:00+00:00,1.576837577e-05,19,114627377.4,0.006041587104,0,0,0,0,-0.02548743649,0,-0.0007970771955,-91439.75302
GALA,incident_preceding,2024-04-21 03:00:00+00:00,1.571334485e-05,4,114701586.8,0.0006817005178,0,0,0,0,-0.006647207202,0,0.0006473970933,74209.43092
GALA,incident_preceding,2024-04-21 04:00:00+00:00,1.573444484e-05,6,114830109.2,0.0009939698332,0.001051871231,0,0,120651.2993,0.0002788986219,0.001051871231,0.001120493432,128522.3746
GALA,incident_preceding,2024-04-21 05:00:00+00:00,1.589787873e-05,11,114517378.5,0.003009317083,0,0,0,0,-0.01473949593,0,-0.002723420814,-312730.7094
GALA,incident_preceding,2024-04-21 06:00:00+00:00,1.591112039e-05,6,114619850.5,0.001941603426,0,0,0,0,-0.01760521369,0,0.0008948162308,102472.009
GALA,incident_preceding,2024-04-21 07:00:00+00:00,1.564069849e-05,11,114714085.1,0.001071172414,0,0,0,0,-0.007183880241,0,0.0008221490251,94234.59833
GALA,incident_preceding,2024-04-21 08:00:00+00:00,1.579313933e-05,16,114714576.9,0.006541662596,-0.0008459591168,0.03847956073,4414147.603,-97043.42609,-0.02234084556,0.07611316234,4.287203975e-06,491.8026815
GALA,incident_preceding,2024-04-21 09:00:00+00:00,1.568360858e-05,5,114878946.8,0.001477085751,0,0,0,0,-0.02812850742,0,0.001432859584,164369.8809
GALA,incident_preceding,2024-04-21 10:00:00+00:00,1.57454883e-05,7,114904639,0.002420821975,0,0,0,0,-0.01109632548,0,0.0002236464548,25692.26917
GALA,incident_preceding,2024-04-21 11:00:00+00:00,1.591028251e-05,7,114862341.9,0.0008668845397,0,0,0,0,-0.02340827705,0,-0.000368106347,-42297.12693
GALA,incident_preceding,2024-04-21 12:00:00+00:00,1.579972929e-05,4,114932724.9,0.0007873629327,0,0,0,0,-0.01492262123,0,0.0006127596271,70383.00579
GALA,incident_preceding,2024-04-21 13:00:00+00:00,1.557366485e-05,8,115144026.4,0.002228741926,0,0,0,0,-0.003482253497,0,0.001838479868,211301.5009
GALA,incident_preceding,2024-04-21 14:00:00+00:00,1.553677361e-05,6,115158625.7,0.0001426244484,0,0,0,0,-0.01282463294,0,0.0001267919812,14599.33923
GALA,incident_preceding,2024-04-21 15:00:00+00:00,1.553212235e-05,8,115166809.1,0.0002162811677,0,0,0,0,0.0002905862976,0,7.10617161e-05,8183.369569
GALA,incident_preceding,2024-04-21 16:00:00+00:00,1.543680284e-05,8,115495075.5,0.003285594278,0,0,0,0,0.008318014986,0,0.002850356032,328266.409
GALA,incident_preceding,2024-04-21 17:00:00+00:00,1.541008454e-05,6,115546220.4,0.001546125216,0,0,0,0,0.01043062669,0,0.0004428315934,51144.86833
GALA,incident_preceding,2024-04-21 18:00:00+00:00,1.530823825e-05,9,115594071.9,0.001844663729,0,0,0,0,0.02179658246,0,0.0004141326549,47851.46302
GALA,incident_preceding,2024-04-21 19:00:00+00:00,1.547725629e-05,12,115435061.4,0.005187675872,0,0,0,0,0.01262535243,0,-0.001375593555,-159010.4603
GALA,incident_preceding,2024-04-21 20:00:00+00:00,1.545664708e-05,6,115362800.8,0.0009080288433,0,0,0,0,0.01382475077,0,-0.0006259851499,-72260.63421
GALA,incident_preceding,2024-04-21 21:00:00+00:00,1.544124387e-05,8,115334031.5,0.003873015807,0,0,0,0,0.010915457,0,-0.0002493806095,-28769.24557
GALA,incident_preceding,2024-04-21 22:00:00+00:00,1.544348151e-05,7,115333435.2,0.0006377620259,0,0,0,0,0.009143431546,0,-5.170655047e-06,-596.3524922
GALA,incident_preceding,2024-04-21 23:00:00+00:00,1.558382031e-05,7,115335019,0.0004393068362,0,0,0,0,0.01029663343,0,1.373262069e-05,1583.830319
GALA,incident_preceding,2024-04-22 00:00:00+00:00,1.549984718e-05,12,115323640.9,0.004348196947,0,0,0,0,0.01111104448,0,-9.865260283e-05,-11378.09982
GALA,incident_preceding,2024-04-22 01:00:00+00:00,1.538029243e-05,8,115455550.6,0.00221127088,0,0,0,0,0.01927650532,0,0.001143821879,131909.7036
GALA,incident_preceding,2024-04-22 02:00:00+00:00,1.53715587e-05,12,115477655.8,0.003120401281,-0.0006839799454,0.03618593858,4177867.462,-78969.2812,0.01261191753,0.07168789721,0.0001914609532,22105.22977
GALA,incident_preceding,2024-04-22 03:00:00+00:00,1.560924138e-05,23,115141144.8,0.009930652531,2.987590955e-05,0,0,3450,-0.004411235821,2.987590955e-05,-0.002914078735,-336510.9812
GALA,incident_preceding,2024-04-22 04:00:00+00:00,1.573883377e-05,16,114956058.7,0.006347665254,-0.001080975383,0.0175124661,2016405.396,-124464.7431,-0.02366460301,0.03394395682,-0.001607471839,-185086.1478
GALA,incident_preceding,2024-04-22 05:00:00+00:00,1.566527049e-05,9,115083607.6,0.001928132694,8.168672985e-05,0,0,9390.384511,-0.01025707696,8.168672985e-05,0.001109544558,127548.8694
GALA,incident_preceding,2024-04-22 06:00:00+00:00,1.563345308e-05,9,115162620.5,0.001743039436,0,0,0,0,-0.01969743597,0,0.0006865697669,79012.92562
GALA,incident_preceding,2024-04-22 07:00:00+00:00,1.552874022e-05,3,115190179.3,0.0002393030879,0,0,0,0,-0.01162426751,0,0.0002393030879,27558.77069
GALA,incident_preceding,2024-04-22 08:00:00+00:00,1.544421934e-05,9,115379585.8,0.001860836953,0,0,0,0,-0.007733104873,0,0.001644293805,189406.4981
GALA,incident_preceding,2024-04-22 09:00:00+00:00,1.524859884e-05,6,115463091.8,0.000728274478,0,0,0,0,-0.004101982719,0,0.0007237501492,83505.99241
GALA,incident_preceding,2024-04-22 10:00:00+00:00,1.557173702e-05,10,115316297.6,0.001707460581,0,0,0,0,-0.02258205637,0,-0.001271351639,-146794.191
GALA,incident_preceding,2024-04-22 11:00:00+00:00,1.554217539e-05,9,115334916.9,0.0004776903513,0,0,0,0,-0.02550038818,0,0.0001614635398,18619.3776
GALA,incident_preceding,2024-04-22 12:00:00+00:00,1.556570638e-05,6,115277440.2,0.001912230124,0,0,0,0,-0.02485501032,0,-0.0004983467825,-57476.78477
GALA,incident_preceding,2024-04-22 13:00:00+00:00,1.551952771e-05,5,115370362.8,0.001248994412,0,0,0,0,-0.01487241755,0,0.0008060781333,92922.62378
GALA,incident_preceding,2024-04-22 14:00:00+00:00,1.533879242e-05,8,115344250.3,0.004246807708,0,0,0,0,-0.008579174575,0,-0.0002263360944,-26112.47732
GALA,incident_preceding,2024-04-22 15:00:00+00:00,1.553663643e-05,11,115305645.7,0.004684792066,0,0,0,0,-0.004767888146,0,-0.0003346901194,-38604.5809
GALA,incident_preceding,2024-04-22 16:00:00+00:00,1.556574192e-05,7,115178043.2,0.003083540534,0,0,0,0,0.007777985481,0,-0.001106646242,-127602.5595
GALA,incident_preceding,2024-04-22 17:00:00+00:00,1.557166259e-05,12,115116154.9,0.002582840773,0,0,0,0,0.001223265808,0,-0.0005373266658,-61888.2339
GALA,incident_preceding,2024-04-22 18:00:00+00:00,1.564556849e-05,8,114980093.1,0.002866368734,-0.001260506797,0.04178436017,4810054.879,-145104.6957,-0.006364901778,0.08230821354,-0.001181952837,-136061.8659
GALA,incident_preceding,2024-04-22 19:00:00+00:00,1.567390084e-05,13,115049232.1,0.002938648577,-7.981203383e-05,7.981203383e-05,9176.795077,-9176.795077,0.01799609337,7.981203383e-05,0.000601313548,69139.0877
GALA,incident_preceding,2024-04-22 20:00:00+00:00,1.567181527e-05,6,114967399.3,0.0017908528,0.0003853146015,0,0,44330.14904,0.02620172589,0.0003853146015,-0.0007112854627,-81832.84632
GALA,incident_preceding,2024-04-22 21:00:00+00:00,1.561071535e-05,10,115079571.2,0.001200413181,0,0,0,0,0.01878704342,0,0.0009756847481,112171.938
GALA,incident_preceding,2024-04-22 22:00:00+00:00,1.558533545e-05,5,115144043.1,0.0006344417217,0,0,0,0,0.0009161588327,0,0.0005602371102,64471.84644
GALA,incident_preceding,2024-04-22 23:00:00+00:00,1.574511014e-05,8,115094364.7,0.002316863947,0,0,0,0,-0.01490507903,0,-0.0004314457477,-49678.40776
GALA,incident_preceding,2024-04-23 00:00:00+00:00,1.5673027e-05,11,114962601.4,0.003181304246,0,0,0,0,0.0008926214225,0,-0.00114482838,-131763.295
GALA,incident_preceding,2024-04-23 01:00:00+00:00,1.56796467e-05,4,114896229,0.000631534002,0,0,0,0,0.0109680465,0,-0.000577339238,-66372.42068
GALA,incident_preceding,2024-04-23 02:00:00+00:00,1.556665119e-05,15,115163205.9,0.003634212175,0,0,0,0,0.02137929576,0,0.002323635046,266976.9042
GALA,incident_preceding,2024-04-23 03:00:00+00:00,1.554053698e-05,9,115414648,0.002279983071,0,0,0,0,0.02682674449,0,0.002183355047,251442.1667
GALA,incident_preceding,2024-04-23 04:00:00+00:00,1.537075293e-05,9,115696390.1,0.00262727558,0,0,0,0,0.03683594841,0,0.002441129483,281742.1001
GALA,incident_preceding,2024-04-23 05:00:00+00:00,1.550541184e-05,4,115446151.5,0.002162890451,0,0,0,0,0.02062385035,0,-0.002162890451,-250238.6175
GALA,incident_preceding,2024-04-23 06:00:00+00:00,1.532852713e-05,4,115610349,0.001422286074,0,0,0,0,0.02071327423,0,0.001422286074,164197.4536
GALA,incident_preceding,2024-04-23 07:00:00+00:00,1.534927508e-05,5,115736593,0.001128044223,0,0,0,0,0.009613836605,0,0.001091978438,126244.0083
GALA,incident_preceding,2024-04-23 08:00:00+00:00,1.532524817e-05,3,115780368.5,0.0005954546462,0,0,0,0,0.01352233731,0,0.0003782341278,43775.5293
GALA,incident_preceding,2024-04-23 09:00:00+00:00,1.518617747e-05,6,115880842.1,0.001861039327,-0.000990264683,0.04013730593,4647112.071,-114653.2099,0.01740139982,0.07928434718,0.0008677949112,100473.6146
GALA,incident_preceding,2024-04-23 10:00:00+00:00,1.522403586e-05,6,115812444.6,0.0008884367656,0,0,0,0,0.01310035406,0,-0.0005902405152,-68397.56795
GALA,incident_preceding,2024-04-23 11:00:00+00:00,1.515085451e-05,5,115881661.1,0.0006579000164,0,0,0,0,0.02177929795,0,0.0005976608198,69216.56056
GALA,incident_preceding,2024-04-23 12:00:00+00:00,1.518358902e-05,1,115886552.5,4.221019698e-05,0,0,0,0,0.02682787013,0,4.221019698e-05,4891.387742
GALA,incident_preceding,2024-04-23 13:00:00+00:00,1.529042271e-05,6,115685233,0.002009892553,0,0,0,0,0.003976544525,0,-0.001737212079,-201319.5188
GALA,incident_preceding,2024-04-23 14:00:00+00:00,1.520776112e-05,7,115844929.3,0.001450810774,0,0,0,0,-0.001691569807,0,0.001380438309,159696.3274
GALA,incident_preceding,2024-04-23 15:00:00+00:00,1.54627358e-05,6,115367966.9,0.004479813911,0,0,0,0,-0.02081308598,0,-0.004117249334,-476962.4581
GALA,incident_preceding,2024-04-23 16:00:00+00:00,1.568728409e-05,13,115105606.2,0.002959255882,0,0,0,0,-0.0367220361,0,-0.002274120613,-262360.6714
GALA,incident_preceding,2024-04-23 17:00:00+00:00,1.559072253e-05,16,115282157.6,0.002705345365,0,0,0,0,-0.01599390052,0,0.001533821228,176551.4222
GALA,incident_preceding,2024-04-23 18:00:00+00:00,1.554630223e-05,10,115208260.8,0.003218136002,0,0,0,0,-0.02510612539,0,-0.0006410080141,-73896.7869
GALA,incident_preceding,2024-04-23 19:00:00+00:00,1.595852319e-05,16,114841461.5,0.008480357262,0.003108215384,0,0,358092.0887,-0.04255021434,0.003108215384,-0.003183793352,-366799.2949
GALA,incident_preceding,2024-04-23 20:00:00+00:00,1.608787077e-05,28,114283684,0.05339071039,0,0,0,0,-0.05672251908,0,-0.004856934808,-557777.4918
GALA,incident_preceding,2024-04-23 21:00:00+00:00,1.59067668e-05,16,115141047.8,0.01128710714,0,0,0,0,-0.04309222534,0,0.007502066238,857363.7675
GALA,incident_preceding,2024-04-23 22:00:00+00:00,1.559962063e-05,24,115479330.4,0.008234814895,0,0,0,0,-0.03509269939,0,0.002937984134,338282.5716
GALA,incident_preceding,2024-04-23 23:00:00+00:00,1.551216835e-05,9,115636873.4,0.001407649377,0,0,0,0,-0.02879234426,0,0.001364253236,157543.0501
GALA,incident_preceding,2024-04-24 00:00:00+00:00,1.568702332e-05,24,115489783.8,0.008621090112,0,0,0,0,-0.04603767349,0,-0.001271995414,-147089.5727
GALA,incident_preceding,2024-04-24 01:00:00+00:00,1.585256837e-05,16,115068506.7,0.008006754307,0,0,0,0,-0.07028930861,0,-0.003647743447,-421277.1022
GALA,incident_preceding,2024-04-24 02:00:00+00:00,1.590303827e-05,11,114998083.3,0.00481525904,0,0,0,0,-0.07190500991,0,-0.0006120134902,-70423.47842
GALA,incident_preceding,2024-04-24 03:00:00+00:00,1.59630814e-05,16,114977862.1,0.008764317649,0,0,0,0,-0.08654142333,0,-0.0001758388887,-20221.13516
GALA,incident_preceding,2024-04-24 04:00:00+00:00,1.594750662e-05,7,115036494.6,0.001818859533,0,0,0,0,-0.09352511767,0,0.0005099459844,58632.49909
GALA,incident_preceding,2024-04-24 05:00:00+00:00,1.582851348e-05,6,115111887.3,0.00237551479,0,0,0,0,-0.07624128735,0,0.0006553803217,75392.65485
GALA,incident_preceding,2024-04-24 06:00:00+00:00,1.564934221e-05,11,115512023.3,0.005366143168,0,0,0,0,-0.05826442573,0,0.003476061332,400135.9803
GALA,incident_preceding,2024-04-24 07:00:00+00:00,1.549755212e-05,6,115466403.9,0.000870875594,0,0,0,0,-0.05398821841,0,-0.0003949314571,-45619.33167
GALA,incident_preceding,2024-04-24 08:00:00+00:00,1.553388883e-05,5,115639716.1,0.001535363443,0,0,0,0,-0.05127304517,0,0.001500974641,173312.1442
GALA,incident_preceding,2024-04-24 09:00:00+00:00,1.545275086e-05,4,115762734.7,0.00124652834,0,0,0,0,-0.04525449476,0,0.001063809491,123018.6275
GALA,incident_preceding,2024-04-24 10:00:00+00:00,1.542478821e-05,2,115806529.7,0.0003783168489,0,0,0,0,-0.04192004785,0,0.0003783168489,43794.99302
GALA,incident_preceding,2024-04-24 11:00:00+00:00,1.548444903e-05,5,115502137.9,0.002628450997,0,0,0,0,-0.06176889472,0,-0.002628450997,-304391.7884
GALA,incident_preceding,2024-04-24 12:00:00+00:00,1.559644564e-05,2,115408649.1,0.0008094122664,0,0,0,0,-0.05142469483,0,-0.0008094122664,-93488.84721
GALA,incident_preceding,2024-04-24 13:00:00+00:00,1.535134681e-05,10,115953974.4,0.005174390592,0,0,0,0,-0.02711014626,0,0.004725168497,545325.3129
GALA,incident_preceding,2024-04-24 14:00:00+00:00,1.518205787e-05,11,116401677.4,0.007142427159,0,0,0,0,-0.0129820457,0,0.003861040388,447702.9782
GALA,incident_preceding,2024-04-24 15:00:00+00:00,1.514423454e-05,7,116328319.4,0.001379353436,0,0,0,0,0.003789919863,0,-0.0006302137437,-73357.93686
GALA,incident_preceding,2024-04-24 16:00:00+00:00,1.5121664e-05,6,116390486.4,0.0008446524269,0,0,0,0,0.01506122019,0,0.0005344098293,62166.99732
GALA,incident_preceding,2024-04-24 17:00:00+00:00,1.534334957e-05,8,116122657.2,0.0024360167,0,0,0,0,-0.007795883499,0,-0.00230112595,-267829.1686
GALA,incident_preceding,2024-04-24 18:00:00+00:00,1.516085362e-05,14,116314394.5,0.00480777248,0,0,0,0,0.001306773311,0,0.001651161605,191737.2731
GALA,incident_preceding,2024-04-24 19:00:00+00:00,1.529372848e-05,6,116064094.3,0.002564233705,0,0,0,0,-0.00477689604,0,-0.0021519279,-250300.1907
GALA,incident_preceding,2024-04-24 20:00:00+00:00,1.520072464e-05,7,116178942.9,0.001647729275,0,0,0,0,-0.005090632094,0,0.0009895269908,114848.554
GALA,incident_preceding,2024-04-24 21:00:00+00:00,1.52358679e-05,10,116253042.2,0.002167635776,0,0,0,0,-0.007753700872,0,0.0006378029602,74099.27368
GALA,incident_preceding,2024-04-24 22:00:00+00:00,1.50616819e-05,8,116456735.8,0.001855908119,0,0,0,0,0.001603090265,0,0.001752157932,203693.6899
GALA,incident_preceding,2024-04-24 23:00:00+00:00,1.507190518e-05,7,116516138.2,0.002051504144,0,0,0,0,-0.002695370394,0,0.0005100806208,59402.32411
GALA,incident_preceding,2024-04-25 00:00:00+00:00,1.498120113e-05,10,116659626.4,0.00162054655,0,0,0,0,-0.0004374286021,0,0.001231487898,143488.2141
GALA,incident_preceding,2024-04-25 01:00:00+00:00,1.477656117e-05,13,116890531,0.002709352,0.0001330648553,0.00335010595,390822.1085,15523.2963,0.02191041796,0.006833276755,0.001979301492,230904.5726
GALA,incident_preceding,2024-04-25 02:00:00+00:00,1.479967421e-05,8,116920533.6,0.001319571292,0,0,0,0,0.01671698868,0,0.0002566727637,30002.61563
GALA,incident_preceding,2024-04-25 03:00:00+00:00,1.463970298e-05,12,119301741.4,0.003637715243,0.01876397811,0,0,2193894.333,0.02663859605,0.01876397811,0.02036603639,2381207.842
GALA,incident_preceding,2024-04-25 04:00:00+00:00,1.452363575e-05,21,119396408.6,0.03427372615,0.001058025163,0,0,126224.2444,0.03176159545,0.001058025163,0.0007935102067,94667.14949
GALA,incident_preceding,2024-04-25 05:00:00+00:00,1.466658353e-05,6,119396536.7,0.0001283992383,0,0,0,0,-0.01377439813,0,1.072868698e-06,128.0966694
GALA,incident_preceding,2024-04-25 06:00:00+00:00,1.476359656e-05,2,119305382.8,0.000763454437,0,0,0,0,0.009167331255,0,-0.000763454437,-91153.81567
GALA,incident_preceding,2024-04-25 07:00:00+00:00,1.468305144e-05,3,119310962.2,0.0001362499279,0,0,0,0,0.01458007822,0,4.676528462e-05,5579.350186
GALA,incident_preceding,2024-04-25 08:00:00+00:00,1.475749321e-05,5,119395433.2,0.0008083495032,0,0,0,0,0.004157271321,0,0.0007079902092,84470.99308
GALA,incident_preceding,2024-04-25 09:00:00+00:00,1.476903179e-05,4,119308991.7,0.002519530673,0,0,0,0,0.003393174534,0,-0.000723993503,-86441.51792
GALA,incident_preceding,2024-04-25 10:00:00+00:00,1.479154585e-05,4,119225501.5,0.001660729865,0,0,0,0,-0.008447220108,0,-0.0006997812612,-83490.19666
GALA,incident_preceding,2024-04-25 11:00:00+00:00,1.455693245e-05,9,118957880.2,0.002804332817,0,0,0,0,0.01686164496,0,-0.002244665106,-267621.3229
GALA,incident_preceding,2024-04-25 12:00:00+00:00,1.481467658e-05,7,119069326,0.002750420312,0,0,0,0,-0.003677483966,0,0.0009368516934,111445.8915
GALA,incident_preceding,2024-04-25 13:00:00+00:00,1.494076023e-05,6,118905641.3,0.001972378009,0,0,0,0,-0.005530616622,0,-0.001374700989,-163684.7203
GALA,incident_preceding,2024-04-25 14:00:00+00:00,1.498623753e-05,6,118851733.8,0.001819740794,0,0,0,0,-0.0109031204,0,-0.0004533637392,-53907.50616
GALA,incident_preceding,2024-04-25 15:00:00+00:00,1.520173888e-05,9,118111193.9,0.008408872672,0,0,0,0,-0.02599131337,0,-0.006230787284,-740539.8718
GALA,incident_preceding,2024-04-25 16:00:00+00:00,1.535113846e-05,8,117692326.4,0.006147808633,-0.001687662115,0.03592836415,4243541.986,-199331.7874,-0.03177310143,0.07016906618,-0.003546382895,-418867.5179
GALA,incident_preceding,2024-04-25 17:00:00+00:00,1.522419965e-05,4,117837454.6,0.00125982536,0,0,0,0,-0.02465792451,0,0.00123311542,145128.2225
GALA,incident_preceding,2024-04-25 18:00:00+00:00,1.518067837e-05,8,117983000.3,0.002359659597,0,0,0,0,-0.03003879976,0,0.001235139112,145545.6491
GALA,incident_preceding,2024-04-25 19:00:00+00:00,1.522084615e-05,1,117985834.3,2.402040966e-05,0,0,0,0,-0.03257456898,0,2.402040966e-05,2834
GALA,incident_preceding,2024-04-25 20:00:00+00:00,1.512353997e-05,8,118144958.3,0.004929748102,0,0,0,0,-0.01838398934,0,0.001348670131,159123.9706
GALA,incident_preceding,2024-04-25 21:00:00+00:00,1.511819034e-05,5,118151084.9,0.0002345945604,-0.0001016781622,0.0001016781622,12012.76223,-12012.76223,-0.01901864663,0.0001016781622,5.185693866e-05,6126.635854
GALA,incident_preceding,2024-04-25 22:00:00+00:00,1.50858465e-05,8,118284696.3,0.001201470197,0,0,0,0,-0.03021603615,0,0.001130851937,133611.3832
GALA,incident_preceding,2024-04-25 23:00:00+00:00,1.503133551e-05,5,118312366.1,0.0002398100519,0,0,0,0,-0.02442239563,0,0.0002339254872,27669.8052
GALA,incident_preceding,2024-04-26 00:00:00+00:00,1.497464936e-05,8,118645695.3,0.002993952287,0,0,0,0,-0.02312302019,0,0.002817365399,333329.1665
GALA,incident_preceding,2024-04-26 01:00:00+00:00,1.510389472e-05,12,118423031.6,0.00624681733,-0.0002326600144,0.0002326600144,27604.10916,-27604.10916,-0.04860975917,0.0002326600144,-0.001876710512,-222663.6235
GALA,incident_preceding,2024-04-26 02:00:00+00:00,1.50491597e-05,12,118350584.6,0.003160196807,0,0,0,0,-0.04890572424,0,-0.0006117651511,-72447.08384
GALA,incident_preceding,2024-04-26 03:00:00+00:00,1.503492482e-05,13,118402492.6,0.003163843064,0,0,0,0,-0.03637797653,0,0.0004385958156,51908.07116
GALA,incident_preceding,2024-04-26 04:00:00+00:00,1.499233349e-05,11,118553094.6,0.006095158538,0,0,0,0,-0.02880058048,0,0.001271949096,150601.9435
GALA,incident_preceding,2024-04-26 05:00:00+00:00,1.446594518e-05,7,118559797.6,0.0003541954978,0,0,0,0,0.002013469786,0,5.654068879e-05,6703.073625
GALA,incident_preceding,2024-04-26 06:00:00+00:00,1.489956161e-05,8,119287885.5,0.003743454885,0.002399448743,0,0,284478.1574,-0.02936443997,0.002399448743,0.006141102553,728087.8759
GALA,incident_preceding,2024-04-26 07:00:00+00:00,1.489869974e-05,2,119286733.7,9.34865428e-05,0,0,0,0,-0.02584795568,0,-9.655733349e-06,-1151.812014
GALA,incident_preceding,2024-04-26 08:00:00+00:00,1.481897182e-05,13,119275122.1,0.007776476947,-0.001005436305,0.001632752093,194765.6642,-119935.2128,-0.02713853383,0.002260067882,-9.734230404e-05,-11611.6455
GALA,incident_preceding,2024-04-26 09:00:00+00:00,1.481923081e-05,4,119276931.9,0.0009978356845,0,0,0,0,-0.01336032875,0,1.517371858e-05,1809.847136
GALA,incident_preceding,2024-04-26 10:00:00+00:00,1.466712466e-05,1,119280158.5,2.705162596e-05,0,0,0,0,-0.01889707051,0,2.705162596e-05,3226.634948
GALA,incident_preceding,2024-04-26 11:00:00+00:00,1.480446733e-05,3,119327595.4,0.0004531264453,0,0,0,0,-0.03455044802,0,0.0003976926726,47436.84504
GALA,incident_preceding,2024-04-26 12:00:00+00:00,1.47602959e-05,6,119437370.7,0.001233213858,0,0,0,0,-0.02944958365,0,0.000919949461,109775.3571
GALA,incident_preceding,2024-04-26 13:00:00+00:00,1.48583567e-05,6,119335710.1,0.003772152973,0,0,0,0,-0.03645568657,0,-0.0008511629969,-101660.6704
GALA,incident_preceding,2024-04-26 14:00:00+00:00,1.482372831e-05,11,119303429.9,0.003718701257,0,0,0,0,-0.02749144106,0,-0.000270499122,-32280.20479
GALA,incident_preceding,2024-04-26 15:00:00+00:00,1.481171627e-05,3,119290655.1,0.001706787924,0,0,0,0,-0.04363371283,0,-0.0001070776067,-12774.72574
GALA,incident_preceding,2024-04-26 16:00:00+00:00,1.487105248e-05,4,119351646.8,0.0005530005119,0,0,0,0,-0.05561018059,0,0.0005112863435,60991.68288
GALA,incident_preceding,2024-04-26 17:00:00+00:00,1.485339293e-05,6,119390085.3,0.0003582816329,0,0,0,0,-0.0477519474,0,0.0003220608857,38438.49709
GALA,incident_preceding,2024-04-26 18:00:00+00:00,1.473144994e-05,7,119468936.4,0.00103969132,0,0,0,0,-0.04591795814,0,0.0006604487672,78851.03466
GALA,incident_preceding,2024-04-26 19:00:00+00:00,1.473302211e-05,7,119212342.8,0.001176213586,-0.001727506119,0.003479341514,415673.2299,-206383.3186,-0.03381889842,0.005231176909,-0.002147784771,-256593.5621
GALA,incident_preceding,2024-04-26 20:00:00+00:00,1.484804904e-05,14,118956775.8,0.002662669484,0,0,0,0,-0.04919536092,0,-0.00214379628,-255566.977
GALA,incident_preceding,2024-04-26 21:00:00+00:00,1.483337976e-05,11,119181654,0.006904814664,-0.001143232853,0.00173581703,206487.1972,-135995.2942,-0.05272327548,0.002328401206,0.001890419494,224878.208
GALA,incident_preceding,2024-04-26 22:00:00+00:00,1.463682993e-05,12,119489892.6,0.003250273989,0,0,0,0,-0.05284254072,0,0.002586292056,308238.565
GALA,incident_preceding,2024-04-26 23:00:00+00:00,1.466868076e-05,6,119478864.6,0.0004541571814,0,0,0,0,-0.04932416125,0,-9.229219023e-05,-11027.9839
GALA,incident_preceding,2024-04-27 00:00:00+00:00,1.463236284e-05,4,119413844.5,0.0007206485355,0,0,0,0,-0.03062134098,0,-0.0005441973599,-65020.08268
GALA,incident_preceding,2024-04-27 01:00:00+00:00,1.438725694e-05,15,120308766.9,0.01505300278,0.001827428437,0.0006513419937,77779.25157,218220.2552,-0.01988488161,0.003130112424,0.007494293317,894922.377
GALA,incident_preceding,2024-04-27 02:00:00+00:00,1.433087688e-05,10,120458084.6,0.003867163676,0,0,0,0,-0.02117597937,0,0.001241120584,149317.687
GALA,incident_preceding,2024-04-27 03:00:00+00:00,1.449781342e-05,9,120001572,0.00395722415,0,0,0,0,-0.0270046309,0,-0.003789804124,-456512.5457
GALA,incident_preceding,2024-04-27 04:00:00+00:00,1.456670419e-05,8,119850297.2,0.00481029205,0,0,0,0,-0.03759661453,0,-0.001260607042,-151274.8268
GALA,incident_preceding,2024-04-27 05:00:00+00:00,1.449510127e-05,6,37856669.52,0.001487337915,-0.6841578402,0.6841578402,81996520.49,-81996520.49,-0.02662136331,0.6841578402,-0.6841337034,-81993627.69
GALA,incident_preceding,2024-04-27 06:00:00+00:00,1.446840563e-05,1,37930252.31,0.001943720593,0,0,0,0,-0.01055336308,0,0.001943720593,73582.78815
GALA,incident_preceding,2024-04-27 07:00:00+00:00,1.451853324e-05,4,37983422.18,0.002029093417,0,0,0,0,-0.02859906453,0,0.001401779915,53169.86586
GALA,incident_preceding,2024-04-27 08:00:00+00:00,1.44222147e-05,4,38008224.42,0.0006820080358,0,0,0,0,-0.00916972261,0,0.0006529753663,24802.23901
GALA,incident_preceding,2024-04-27 09:00:00+00:00,1.462255775e-05,6,37730454.47,0.007612098068,0,0,0,0,-0.02369207602,0,-0.007308153636,-277769.9435
GALA,incident_preceding,2024-04-27 10:00:00+00:00,1.439256136e-05,6,38116839.89,0.01024067755,0,0,0,0,0.002236959016,0,0.01024067755,386385.4181
GALA,incident_preceding,2024-04-27 11:00:00+00:00,1.430170175e-05,9,38314690.72,0.005247205515,0,0,0,0,0.01324726754,0,0.005190641048,197850.8338
GALA,incident_preceding,2024-04-27 12:00:00+00:00,1.43319496e-05,4,38238317.3,0.002705904957,0,0,0,0,0.0199997048,0,-0.001993319722,-76373.42865
GALA,incident_preceding,2024-04-27 13:00:00+00:00,1.432643971e-05,6,38098094.88,0.00418295526,0,0,0,0,0.02094529412,0,-0.003667065618,-140222.4186
GALA,incident_preceding,2024-04-27 14:00:00+00:00,1.442175341e-05,7,38222021.27,0.0100215041,0,0,0,0,0.0129828866,0,0.003252823917,123926.3942
GALA,incident_preceding,2024-04-27 15:00:00+00:00,1.417932326e-05,9,38624918.33,0.01054096694,0,0,0,0,0.0158970458,0,0.01054096694,402897.0625
GALA,incident_preceding,2024-04-27 16:00:00+00:00,1.406664449e-05,10,38926194.76,0.008705892554,0,0,0,0,0.01507486421,0,0.007800053507,301276.4297
GALA,incident_preceding,2024-04-27 17:00:00+00:00,1.416078284e-05,8,38615772.88,0.009859214889,0,0,0,0,0.004405122083,0,-0.007974626922,-310421.8807
GALA,incident_preceding,2024-04-27 18:00:00+00:00,1.407030716e-05,12,39079773.41,0.01532537864,0,0,0,0,0.005363433047,0,0.0120158291,464000.5274
GALA,incident_preceding,2024-04-27 19:00:00+00:00,1.424309856e-05,8,38975270.44,0.002674093514,0,0,0,0,0.002843505963,0,-0.002674093514,-104502.9686
GALA,incident_preceding,2024-04-27 20:00:00+00:00,1.413527036e-05,10,38949909.37,0.003450530168,-0.001711262714,0.09693131286,3777924.133,-66696.92708,0.007671967893,0.192151363,-0.0006506964194,-25361.06892
GALA,incident_preceding,2024-04-27 21:00:00+00:00,1.40715743e-05,5,39109477.16,0.004355149831,0,0,0,0,0.01567537114,0,0.004096743437,159567.7856
GALA,incident_preceding,2024-04-27 22:00:00+00:00,1.388346286e-05,5,39323591.24,0.005474736519,0,0,0,0,0.01012750991,0,0.005474736519,214114.0828
GALA,incident_preceding,2024-04-27 23:00:00+00:00,1.396271412e-05,5,39173870.64,0.003870226776,0,0,0,0,-0.001080082795,0,-0.003807398899,-149720.598
GALA,incident_preceding,2024-04-28 00:00:00+00:00,1.419109092e-05,12,38784910.51,0.01330048178,0,0,0,0,-0.01448130736,0,-0.009929070841,-388960.1367
GALA,incident_preceding,2024-04-28 01:00:00+00:00,1.41039937e-05,5,38715822.29,0.003584286058,0,0,0,0,-9.697496984e-05,0,-0.001781316834,-69088.21398
GALA,incident_preceding,2024-04-28 02:00:00+00:00,1.403059711e-05,11,38693256.62,0.02055043644,-0.004592398556,0.006775923544,262335.4518,-177798.4864,0.002106597993,0.008959448533,-0.00058285408,-22565.67498
GALA,incident_preceding,2024-04-28 03:00:00+00:00,1.411154432e-05,4,38763861.59,0.002045697102,0,0,0,0,0.00374604118,0,0.001824735796,70604.97042
GALA,incident_preceding,2024-04-28 04:00:00+00:00,1.402921267e-05,7,38972337.43,0.005498700079,0,0,0,0,0.01441926336,0,0.005378097822,208475.8396
GALA,incident_preceding,2024-04-28 05:00:00+00:00,1.411431295e-05,1,38688612.95,9.453815399e-05,-0.007184583181,0.007184583181,280000,-280000,-0.003986178835,0.007184583181,-0.007280150475,-283724.4808
GALA,incident_preceding,2024-04-28 06:00:00+00:00,1.431651817e-05,13,38131785.36,0.01590166896,0,0,0,0,-0.0392002792,0,-0.01439254457,-556827.586
GALA,incident_preceding,2024-04-28 07:00:00+00:00,1.410919797e-05,7,38027322.05,0.009351974041,0,0,0,0,-0.03015069354,0,-0.002739533747,-104463.3128
GALA,incident_preceding,2024-04-28 08:00:00+00:00,1.429057148e-05,4,38033645.95,0.0001666761935,0,0,0,0,-0.05309253729,0,0.0001662988919,6323.901518
GALA,incident_preceding,2024-04-28 09:00:00+00:00,1.428019071e-05,3,38093811.36,0.002051399546,0,0,0,0,-0.04354943064,0,0.001581899707,60165.41338
GALA,incident_preceding,2024-04-28 10:00:00+00:00,1.442479297e-05,11,37828131.98,0.01858984618,0,0,0,0,-0.04642105048,0,-0.006974345117,-265679.3873
GALA,incident_preceding,2024-04-28 11:00:00+00:00,1.449242069e-05,3,37713450.62,0.003770915671,0,0,0,0,-0.04124205834,0,-0.003031642054,-114681.3557
GALA,incident_preceding,2024-04-28 12:00:00+00:00,1.462146987e-05,9,37375755.53,0.009177698923,0,0,0,0,-0.04483497901,0,-0.008954234665,-337695.0869
GALA,incident_preceding,2024-04-28 13:00:00+00:00,1.46296758e-05,9,37405866.1,0.005632437411,0,0,0,0,-0.03569544763,0,0.0008056175541,30110.56476
GALA,incident_preceding,2024-04-28 14:00:00+00:00,1.461021011e-05,4,37453861.36,0.007896503469,0,0,0,0,-0.03988518711,0,0.001283094631,47995.26596
GALA,incident_preceding,2024-04-28 15:00:00+00:00,1.440653381e-05,8,37748986.78,0.007879705908,0,0,0,0,-0.01972257411,0,0.007879705908,295125.4127
GALA,incident_preceding,2024-04-28 16:00:00+00:00,1.428030364e-05,16,38070499.5,0.01201296275,0,0,0,0,-0.01467810644,0,0.008517121958,321512.7242
GALA,incident_preceding,2024-04-28 17:00:00+00:00,1.422330041e-05,3,38214330.51,0.003778017472,0,0,0,0,-0.01463222674,0,0.003778017472,143831.0123
GALA,incident_preceding,2024-04-28 18:00:00+00:00,1.414597505e-05,6,38240500.13,0.03180758345,0.00933904421,0.00277985858,106230.4345,356885.3221,-0.01424411654,0.01489876137,0.0006848115242,26169.61392
GALA,incident_preceding,2024-04-28 19:00:00+00:00,1.428365653e-05,6,38264518.15,0.001463944757,0,0,0,0,-0.02434541717,0,0.0006280780911,24018.02032
GALA,incident_preceding,2024-04-28 20:00:00+00:00,1.424413276e-05,4,38317476.09,0.001568739335,0,0,0,0,-0.02701020326,0,0.001383996136,52957.94525
GALA,incident_preceding,2024-04-28 21:00:00+00:00,1.429388933e-05,17,38209869.23,0.01122159472,0,0,0,0,-0.03239693974,0,-0.002808297114,-107606.8575
GALA,incident_preceding,2024-04-28 22:00:00+00:00,1.402478217e-05,7,38716195.7,0.01325119598,0,0,0,0,0.004363398928,0,0.01325119598,506326.4655
GALA,incident_preceding,2024-04-28 23:00:00+00:00,1.394764137e-05,6,38932597.46,0.01047742091,0,0,0,0,0.004580953463,0,0.005589437538,216401.7576
GALA,incident_preceding,2024-04-29 00:00:00+00:00,1.398706621e-05,4,38954512.48,0.003102741046,0,0,0,0,0.002988415,0,0.0005628965649,21915.02537
GALA,incident_preceding,2024-04-29 01:00:00+00:00,1.410262603e-05,16,38514896.97,0.01810602675,0,0,0,0,-0.006603765425,0,-0.01128535515,-439615.5079
GALA,incident_preceding,2024-04-29 02:00:00+00:00,1.406018509e-05,3,38558563.98,0.001720209611,0,0,0,0,0.01027910617,0,0.00113376925,43667.00587
GALA,incident_preceding,2024-04-29 03:00:00+00:00,1.416450588e-05,6,38539910.04,0.005791975396,0,0,0,0,0.004003878953,0,-0.0004837819533,-18653.9374
GALA,incident_preceding,2024-04-29 04:00:00+00:00,1.423296906e-05,9,38400386.33,0.004725003463,0,0,0,0,0.0007280551243,0,-0.003620239722,-139523.7132
GALA,incident_preceding,2024-04-29 05:00:00+00:00,1.405816276e-05,9,38633062.28,0.007141344944,0,0,0,0,0.00950621816,0,0.006059208453,232675.9455
GALA,incident_preceding,2024-04-29 06:00:00+00:00,1.376616415e-05,12,39243123.32,0.01593548488,0,0,0,0,0.02182171291,0,0.01579116469,610061.0487
GALA,incident_preceding,2024-04-29 07:00:00+00:00,1.369014498e-05,3,39375864.37,0.003382530091,0,0,0,0,0.02339129603,0,0.003382530091,132741.0455
GALA,incident_preceding,2024-04-29 08:00:00+00:00,1.355163827e-05,5,39590818.19,0.005459024868,0,0,0,0,0.01974572639,0,0.005459024868,214953.8228
GALA,incident_preceding,2024-04-29 09:00:00+00:00,1.367164365e-05,8,39375953.63,0.005504550947,0,0,0,0,0.01334114441,0,-0.005427131136,-214864.5621
GALA,incident_preceding,2024-04-29 10:00:00+00:00,1.377048329e-05,1,39314963.3,0.001548923343,0,0,0,0,0.007913937314,0,-0.001548923343,-60990.33375
GALA,incident_preceding,2024-04-29 11:00:00+00:00,1.390688085e-05,11,38965540.81,0.009878014491,0,0,0,0,0.002352293031,0,-0.008887773331,-349422.4823
GALA,incident_preceding,2024-04-29 12:00:00+00:00,1.398039524e-05,6,38934834.34,0.009014460634,0,0,0,0,-0.01337792072,0,-0.0007880419108,-30706.47924
GALA,incident_preceding,2024-04-29 13:00:00+00:00,1.411667337e-05,3,38928262.95,0.001087555221,0,0,0,0,-0.02787050732,0,-0.0001687789917,-6571.38208
GALA,incident_preceding,2024-04-29 14:00:00+00:00,1.403894734e-05,12,38677385.59,0.009699247094,0,0,0,0,-0.02660772592,0,-0.006444607226,-250877.3647
GALA,incident_preceding,2024-04-29 15:00:00+00:00,1.412518348e-05,12,38519251.9,0.01397059202,0,0,0,0,-0.03645246818,0,-0.004088531072,-158133.6927
GALA,incident_preceding,2024-04-29 16:00:00+00:00,1.407222665e-05,7,38566960.29,0.003668039339,-0.001382791877,0.001382791877,53264.10864,-53264.10864,-0.02761847526,0.001382791877,0.00123855971,47708.39344
GALA,incident_preceding,2024-04-29 17:00:00+00:00,1.401669708e-05,3,38685248.35,0.003067082868,0,0,0,0,-0.02751811853,0,0.003067082868,118288.0632
GALA,incident_preceding,2024-04-29 18:00:00+00:00,1.394590641e-05,4,38849786.68,0.004253257713,0,0,0,0,-0.03201532983,0,0.004253257713,164538.3309
GALA,incident_preceding,2024-04-29 19:00:00+00:00,1.394011377e-05,1,38859786.9,0.0002574072654,0,0,0,0,-0.0224278161,0,0.0002574072654,10000.21735
GALA,incident_preceding,2024-04-29 20:00:00+00:00,1.386454529e-05,6,38990701.98,0.003942966004,0,0,0,0,-0.009502193719,0,0.003368908719,130915.0749
GALA,incident_preceding,2024-04-29 21:00:00+00:00,1.383823186e-05,9,39170708.6,0.006197352235,0,0,0,0,-0.01542316925,0,0.004616655057,180006.6215
GALA,incident_preceding,2024-04-29 22:00:00+00:00,1.408611159e-05,13,41286266.61,0.01714161186,0.07076730175,0,0,2772005.355,-0.02228774397,0.07076730175,0.05400867349,2115558.011
GALA,incident_preceding,2024-04-29 23:00:00+00:00,1.401168144e-05,11,41440178.8,0.004240032451,0,0,0,0,-0.02124684473,0,0.003727927216,153912.1969
GALA,incident_preceding,2024-04-30 00:00:00+00:00,1.402892788e-05,9,41369225.9,0.004345334223,0,0,0,0,-0.03114359266,0,-0.001712176584,-70952.90377
GALA,incident_preceding,2024-04-30 01:00:00+00:00,1.400980242e-05,3,41455871.32,0.002094441434,0,0,0,0,-0.0452840964,0,0.002094441434,86645.42081
GALA,incident_preceding,2024-04-30 02:00:00+00:00,1.420545657e-05,15,40962674.98,0.1163931842,0.01446509651,0.03689694535,1529595.019,599663.1797,-0.04085685431,0.08825898722,-0.01189689975,-493196.345
GALA,incident_preceding,2024-04-30 03:00:00+00:00,1.422133254e-05,14,40675469.16,0.01551181141,-0.002451136181,0.1081847444,4431536.524,-100405.0947,-0.0405578638,0.2139183527,-0.00701140282,-287205.8149
GALA,incident_preceding,2024-04-30 04:00:00+00:00,1.424333522e-05,4,40867123.98,0.004762081998,0,0,0,0,-0.04247789387,0,0.004711803537,191654.8195
GALA,incident_preceding,2024-04-30 05:00:00+00:00,1.419243995e-05,8,41076270.59,0.00614985157,0,0,0,0,-0.04256690988,0,0.005117722771,209146.611
GALA,incident_preceding,2024-04-30 06:00:00+00:00,1.406986704e-05,6,41225021.32,0.004657848675,0,0,0,0,-0.03755598911,0,0.003621330027,148750.7321
GALA,incident_preceding,2024-04-30 07:00:00+00:00,1.401414989e-05,7,41424668.17,0.005526826839,0,0,0,0,-0.01880123187,0,0.004842856204,199646.8503
GALA,incident_preceding,2024-04-30 08:00:00+00:00,1.382188454e-05,9,42056787.01,0.01525947864,0,0,0,0,-0.003331198983,0,0.01525947864,632118.8393
GALA,incident_preceding,2024-04-30 09:00:00+00:00,1.385526113e-05,4,42045752.54,0.008294770876,0.001585554876,0.002472339387,103978.651,66683.34372,-0.00496862565,0.00653023365,-0.0002623708539,-11034.47512
GALA,incident_preceding,2024-04-30 10:00:00+00:00,1.38798944e-05,4,42119783.97,0.005181453748,0,0,0,0,-0.006823370087,0,0.001760735032,74031.42946
GALA,incident_preceding,2024-04-30 11:00:00+00:00,1.393963242e-05,3,42147612.54,0.0008815674911,0,0,0,0,0.001696081144,0,0.000660700628,27828.56772
GALA,incident_preceding,2024-04-30 12:00:00+00:00,1.379461209e-05,10,42174633.35,0.01456136362,0,0,0,0,0.007860784532,0,0.000641099554,27020.8156
GALA,incident_preceding,2024-04-30 13:00:00+00:00,1.372866661e-05,11,42647415.19,0.0133768717,0,0,0,0,0.008803035012,0,0.01121009954,472781.8381
GALA,incident_preceding,2024-04-30 14:00:00+00:00,1.367032867e-05,6,42593990.58,0.004420586189,0,0,0,0,0.001636407747,0,-0.00125270441,-53424.60507
GALA,incident_preceding,2024-04-30 15:00:00+00:00,1.361955733e-05,4,42697156.42,0.002816284261,0,0,0,0,0.01047584007,0,0.002422074883,103165.8348
GALA,incident_preceding,2024-04-30 16:00:00+00:00,1.368889114e-05,12,42581868.82,0.01635123396,0,0,0,0,0.001744531114,0,-0.002700123599,-115287.5997
GALA,incident_preceding,2024-04-30 17:00:00+00:00,1.363624265e-05,3,42723962.67,0.003359764863,0,0,0,0,0.006967480422,0,0.0033369566,142093.8482
GALA,incident_preceding,2024-04-30 18:00:00+00:00,1.35064951e-05,6,42713598.93,0.001649563655,0,0,0,0,0.04489161442,0,-0.0002425743041,-10363.73551
GALA,incident_preceding,2024-04-30 19:00:00+00:00,1.363094738e-05,8,42641665.42,0.004395492698,0,0,0,0,0.02048059511,0,-0.00168408933,-71933.5162
GALA,incident_preceding,2024-04-30 20:00:00+00:00,1.373342564e-05,12,42046859.47,0.004444315356,-0.0126056053,0.0126056053,537524.0035,-537524.0035,0.01854221471,0.0126056053,-0.01394893794,-594805.9446
GALA,incident_preceding,2024-04-30 21:00:00+00:00,1.362643992e-05,7,42017084.02,0.005102546872,0,0,0,0,0.03848372006,0,-0.0007081492092,-29775.45029
GALA,incident_preceding,2024-04-30 22:00:00+00:00,1.377563669e-05,12,41904260.88,0.03713043162,0.01118406198,0.009104265421,382534.6851,469921.6718,0.02268398898,0.02939259282,-0.00268517307,-112823.1425
GALA,incident_preceding,2024-04-30 23:00:00+00:00,1.371711777e-05,7,41992771.19,0.003101257764,0,0,0,0,0.03131529263,0,0.002112203204,88510.31409
GALA,incident_preceding,2024-05-01 00:00:00+00:00,1.359875008e-05,17,42117541.93,0.026754653,-0.005465762019,0.08233713681,3457564.547,-229522.4939,0.03156946338,0.1592085116,0.002971243283,124770.7394
GALA,incident_preceding,2024-05-01 01:00:00+00:00,1.338953138e-05,10,41932338.75,0.005941195984,0,0,0,0,0.05709440566,0,-0.004397293167,-185203.1793
GALA,incident_preceding,2024-05-01 02:00:00+00:00,1.363676293e-05,7,41879163.14,0.005900023743,0,0,0,0,0.03352066458,0,-0.001268128944,-53175.61245
GALA,incident_preceding,2024-05-01 03:00:00+00:00,1.365608575e-05,5,41703270.49,0.002104478888,0,0,0,0,0.03145721524,0,-0.004200003835,-175892.6458
GALA,incident_preceding,2024-05-01 04:00:00+00:00,1.365097844e-05,5,41716113.75,0.0003602955733,0,0,0,0,0.03049795296,0,0.000307967586,12843.25554
GALA,incident_preceding,2024-05-01 05:00:00+00:00,1.360098906e-05,5,41837230.62,0.00300865975,0,0,0,0,0.03432485223,0,0.002903359427,121116.8721
GALA,incident_preceding,2024-05-01 06:00:00+00:00,1.355125864e-05,9,41963113.54,0.003724608297,0,0,0,0,0.0353189407,0,0.003008873071,125882.9166
GALA,incident_preceding,2024-05-01 07:00:00+00:00,1.375312806e-05,8,41605619.71,0.0172617612,0,0,0,0,0.01272669241,0,-0.008519239801,-357493.8271
GALA,incident_preceding,2024-05-01 08:00:00+00:00,1.377591769e-05,9,41602045.48,0.01439773915,0,0,0,0,0.01794520654,0,-8.590743534e-05,-3574.232085
GALA,incident_preceding,2024-05-01 09:00:00+00:00,1.378659027e-05,8,41274132,0.01358497556,0,0,0,0,0.01854442964,0,-0.007882147982,-327913.4788
GALA,incident_preceding,2024-05-01 10:00:00+00:00,1.378550912e-05,3,41326835.51,0.001388193672,0,0,0,0,0.01628281025,0,0.001276913859,52703.51115
GALA,incident_preceding,2024-05-01 11:00:00+00:00,1.396329523e-05,6,41128181.72,0.005300521726,0,0,0,0,0.01699625111,0,-0.004806895738,-198653.7895
GALA,incident_preceding,2024-05-01 12:00:00+00:00,1.390347588e-05,8,40890109.23,0.007293045119,0,0,0,0,0.02045492168,0,-0.005788548898,-238072.491
GALA,incident_preceding,2024-05-01 13:00:00+00:00,1.385005405e-05,8,41301233.05,0.01697388087,0,0,0,0,0.02220865435,0,0.01005435859,411123.8209
GALA,incident_preceding,2024-05-01 14:00:00+00:00,1.369271722e-05,15,41641260.11,0.02143528033,0,0,0,0,0.02795528145,0,0.008232854829,340027.056
GALA,incident_preceding,2024-05-01 15:00:00+00:00,1.376298357e-05,8,41618284.8,0.01480272206,-0.003704373818,0.006893109509,287037.766,-154254.7937,0.03888025504,0.0100818452,-0.0005517437367,-22975.30445
GALA,incident_preceding,2024-05-01 16:00:00+00:00,1.371279268e-05,7,41764824.47,0.01071605077,0,0,0,0,0.03461808868,0,0.00352104051,146539.6667
GALA,incident_preceding,2024-05-01 17:00:00+00:00,1.373158466e-05,7,41858864.86,0.001603253673,0.003352103158,0,0,140000,0.04686842286,0.003352103158,0.002251664959,94040.39176
GALA,incident_preceding,2024-05-01 18:00:00+00:00,1.412663896e-05,19,40261167.9,0.04590974416,0,0,0,0,0.01910597894,0,-0.03816866439,-1597696.965
GALA,incident_preceding,2024-05-01 19:00:00+00:00,1.39129957e-05,12,41014584.86,0.02020770655,0,0,0,0,0.02592406363,0,0.01871324156,753416.9605
GALA,incident_preceding,2024-05-01 20:00:00+00:00,1.39904493e-05,8,41016215.56,0.0125296324,0,0,0,0,0.02297665982,0,3.97591431e-05,1630.704749
GALA,incident_preceding,2024-05-01 21:00:00+00:00,1.416105707e-05,16,40689485.63,0.02180204277,0,0,0,0,0.01616434993,0,-0.007965872139,-326729.9288
GALA,incident_preceding,2024-05-01 22:00:00+00:00,1.409169425e-05,10,40317431.14,0.009343654514,0,0,0,0,0.02555719629,0,-0.009143750291,-372054.4961
GALA,incident_preceding,2024-05-01 23:00:00+00:00,1.415346992e-05,5,40341479.28,0.0006467617029,0,0,0,0,0.01556568243,0,0.0005964700004,24048.13817
GALA,incident_preceding,2024-05-02 00:00:00+00:00,1.403490366e-05,13,40788805.42,0.01534813859,0,0,0,0,0.02753197309,0,0.01108849144,447326.1474
GALA,incident_preceding,2024-05-02 01:00:00+00:00,1.417624345e-05,7,40328326.58,0.01243176984,0,0,0,0,0.01807076982,0,-0.01128934365,-460478.8415
GALA,incident_preceding,2024-05-02 02:00:00+00:00,1.410162398e-05,7,40354703.85,0.004323003194,0,0,0,0,0.02128683565,0,0.0006540631185,26377.27105
GALA,incident_preceding,2024-05-02 03:00:00+00:00,1.409249633e-05,5,40383626.45,0.003758160932,0,0,0,0,0.02233714382,0,0.0007167093394,28922.59314
GALA,incident_preceding,2024-05-02 04:00:00+00:00,1.407371893e-05,7,40479375.33,0.006976809751,0,0,0,0,0.02597930046,0,0.002370982678,95748.87876
GALA,incident_preceding,2024-05-02 05:00:00+00:00,1.407594578e-05,12,40454316.12,0.006529884287,0,0,0,0,0.02731955772,0,-0.0006190610931,-25059.20634
GALA,incident_preceding,2024-05-02 06:00:00+00:00,1.403842724e-05,12,40849298.49,0.01589403638,0,0,0,0,0.02071645163,0,0.009763664548,394982.3721
GALA,incident_preceding,2024-05-02 07:00:00+00:00,1.392927842e-05,9,40964622.28,0.007621149435,0,0,0,0,0.02834771221,0,0.002823152251,115323.789
GALA,incident_preceding,2024-05-02 08:00:00+00:00,1.402536084e-05,10,40868325.58,0.007974655175,0,0,0,0,0.02030695373,0,-0.002350728413,-96296.70153
GALA,incident_preceding,2024-05-02 09:00:00+00:00,1.404464002e-05,14,40833885.25,0.01156846629,0,0,0,0,0.03446646094,0,-0.0008427143728,-34440.32536
GALA,incident_preceding,2024-05-02 10:00:00+00:00,1.401181338e-05,8,40722507.87,0.009229460794,0,0,0,0,0.01905985806,0,-0.002727572525,-111377.3835
GALA,incident_preceding,2024-05-02 11:00:00+00:00,1.420264718e-05,16,40005656.96,0.01804175945,0,0,0,0,3.797157268e-05,0,-0.01760330954,-716850.9114
GALA,incident_preceding,2024-05-02 12:00:00+00:00,1.419079896e-05,13,40096211.45,0.02329708197,0,0,0,0,0.007872134851,0,0.002263542166,90554.4914
GALA,incident_preceding,2024-05-02 13:00:00+00:00,1.416108613e-05,11,40435381.87,0.01474999192,0,0,0,0,0.01134160787,0,0.008458914509,339170.4248
GALA,incident_preceding,2024-05-02 14:00:00+00:00,1.40809016e-05,13,40299953.85,0.01475066217,0,0,0,0,0.02129237539,0,-0.003349245473,-135428.0197
GALA,incident_preceding,2024-05-02 15:00:00+00:00,1.43086306e-05,10,39920435.16,0.009682636442,0,0,0,0,0.005947995798,0,-0.009417348235,-379518.6993
GALA,incident_preceding,2024-05-02 16:00:00+00:00,1.419581579e-05,13,39985218.58,0.03034526586,-0.003923620989,0.004301750445,171727.7497,-156632.6573,0.03503244533,0.0046798799,0.001622813673,64783.428
GALA,incident_preceding,2024-05-02 17:00:00+00:00,1.439048252e-05,6,39649947.28,0.008588239735,0,0,0,0,0.008331608192,0,-0.008384881049,-335271.3016
GALA,incident_preceding,2024-05-02 18:00:00+00:00,1.439913711e-05,13,39617834.84,0.01446376482,0,0,0,0,0.007567631824,0,-0.0008098986864,-32112.44022
GALA,incident_preceding,2024-05-02 19:00:00+00:00,1.427839291e-05,12,39752489.84,0.009769164835,0,0,0,0,0.0135225204,0,0.003398847947,134654.9966
GALA,incident_preceding,2024-05-02 20:00:00+00:00,1.431562451e-05,13,39894343.52,0.01047566532,0,0,0,0,0.02462636668,0,0.003568422565,141853.6818
GALA,incident_preceding,2024-05-02 21:00:00+00:00,1.439182141e-05,11,39638988.82,0.01060633037,0,0,0,0,0.01265139528,0,-0.006400774595,-255354.7005
GALA,incident_preceding,2024-05-02 22:00:00+00:00,1.445648004e-05,12,39402748.78,0.01055496489,0,0,0,0,0.01332950939,0,-0.005959789787,-236240.0407
GALA,incident_preceding,2024-05-02 23:00:00+00:00,1.437550189e-05,7,39414765.85,0.006598957565,0,0,0,0,0.01133527125,0,0.0003049804265,12017.06713
GALA,incident_preceding,2024-05-03 00:00:00+00:00,1.44266807e-05,11,39521942.16,0.01024623325,0,0,0,0,0.003063871382,0,0.002719191835,107176.3095
GALA,incident_preceding,2024-05-03 01:00:00+00:00,1.443474773e-05,7,39246755.77,0.01009972653,0,0,0,0,0.007319214967,0,-0.006962876011,-275186.3829
GALA,incident_preceding,2024-05-03 02:00:00+00:00,1.440502066e-05,15,39593234.09,0.01555595651,0,0,0,0,0.006139403726,0,0.008828202866,346478.3218
GALA,incident_preceding,2024-05-03 03:00:00+00:00,1.441082448e-05,9,39574393.54,0.005787843658,0,0,0,0,-0.006691336421,0,-0.000475852796,-18840.55115
GALA,incident_preceding,2024-05-03 04:00:00+00:00,1.444413504e-05,8,39471990.29,0.00270152604,0,0,0,0,0.004209919768,0,-0.002587613998,-102403.2547
GALA,incident_preceding,2024-05-03 05:00:00+00:00,1.44657954e-05,14,39173285.87,0.01851379214,0,0,0,0,0.001581345531,0,-0.0075675033,-298704.4168
GALA,incident_preceding,2024-05-03 06:00:00+00:00,1.4332287e-05,15,39599611.62,0.01591892484,0,0,0,0,0.009512963221,0,0.01088307342,426325.7464
GALA,incident_preceding,2024-05-03 07:00:00+00:00,1.432979159e-05,4,39583441.75,0.001663396819,0,0,0,0,0.009414049193,0,-0.0004083340044,-16169.86799
GALA,incident_preceding,2024-05-03 08:00:00+00:00,1.43130847e-05,2,39655748.44,0.001826690273,0,0,0,0,0.02090855364,0,0.001826690273,72306.68801
GALA,incident_preceding,2024-05-03 09:00:00+00:00,1.45371478e-05,2,39662280.49,0.0002128643244,0,0,0,0,-0.01038391579,0,0.0001647188052,6532.047502
GALA,incident_preceding,2024-05-03 10:00:00+00:00,1.42814379e-05,8,40013959.15,0.009235170378,0,0,0,0,0.02082318425,0,0.008866829083,351678.6621
GALA,incident_preceding,2024-05-03 11:00:00+00:00,1.420318649e-05,3,40147359.21,0.00333383814,0,0,0,0,0.03926752079,0,0.00333383814,133400.0631
GALA,incident_preceding,2024-05-03 12:00:00+00:00,1.43029517e-05,10,39290959.61,0.02174034055,0,0,0,0,0.02057555162,0,-0.02133140562,-856399.6037
GALA,incident_preceding,2024-05-03 13:00:00+00:00,1.432260985e-05,6,39379289.75,0.002370319817,0,0,0,0,0.009540230025,0,0.002248103366,88330.13853
GALA,incident_preceding,2024-05-03 14:00:00+00:00,1.438393212e-05,16,39397896.09,0.01118042184,0,0,0,0,0.01237143689,0,0.0004724905748,18606.34325
GALA,incident_preceding,2024-05-03 15:00:00+00:00,1.439399189e-05,8,39603119.8,0.006167383774,0,0,0,0,0.01354879475,0,0.005209001741,205223.7093
GALA,incident_preceding,2024-05-03 16:00:00+00:00,1.470194361e-05,8,39284442.84,0.008609007225,0,0,0,0,-0.01243650391,0,-0.008046764032,-318676.96
GALA,incident_preceding,2024-05-03 17:00:00+00:00,1.451087924e-05,8,38967119.35,0.008395621258,0,0,0,0,0.003142795715,0,-0.008077586619,-317323.4898
GALA,incident_preceding,2024-05-03 18:00:00+00:00,1.450851783e-05,5,38978873.05,0.0003517920505,4.268974603e-05,0,0,1663.496428,-0.008572259072,4.268974603e-05,0.0003016311998,11753.69896
GALA,incident_preceding,2024-05-03 19:00:00+00:00,1.447278414e-05,6,38988966.54,0.000853606167,0,0,0,0,0.003527822197,0,0.0002589478942,10093.49709
GALA,incident_preceding,2024-05-03 20:00:00+00:00,1.467254309e-05,7,38717544.36,0.006961512694,0,0,0,0,-0.002813930743,0,-0.006961512694,-271422.1855
GALA,incident_preceding,2024-05-03 21:00:00+00:00,1.457505466e-05,3,38759879.59,0.004618466632,0,0,0,0,-0.002273869686,0,0.001093437828,42335.22761
GALA,incident_preceding,2024-05-03 22:00:00+00:00,1.465046784e-05,3,38850878.07,0.002903370081,0,0,0,0,-0.01234043913,0,0.002347749263,90998.47872
GALA,incident_preceding,2024-05-03 23:00:00+00:00,1.453937915e-05,5,38869597.36,0.001206915519,0,0,0,0,-0.01246061825,0,0.0004818242535,18719.29532
GALA,incident_preceding,2024-05-04 00:00:00+00:00,1.447094998e-05,4,39086824.7,0.005793787531,0,0,0,0,-0.004008826051,0,0.005588618091,217227.335
GALA,incident_preceding,2024-05-04 01:00:00+00:00,1.454078634e-05,4,39174888.36,0.002308142267,0,0,0,0,-0.0194382991,0,0.002253026915,88063.66807
GALA,incident_preceding,2024-05-04 02:00:00+00:00,1.449373093e-05,8,39300961.93,0.004229245855,0,0,0,0,-0.01394516413,0,0.00321822391,126073.5624
GALA,incident_preceding,2024-05-04 03:00:00+00:00,1.43147187e-05,8,39309054.69,0.001292204654,0,0,0,0,-0.001902216842,0,0.0002059175922,8092.759451
GALA,incident_preceding,2024-05-04 04:00:00+00:00,1.450507187e-05,5,39210380.21,0.00389703958,0,0,0,0,-0.01792316719,0,-0.002510222449,-98674.47152
GALA,incident_preceding,2024-05-04 05:00:00+00:00,1.448868892e-05,4,39218339.12,0.0003967154408,0,0,0,0,-0.02047606504,0,0.0002029794612,7958.90185
GALA,incident_preceding,2024-05-04 06:00:00+00:00,1.446928009e-05,5,39095090.2,0.00958928561,-0.003766823083,0.003766823083,147728.5451,-147728.5451,-0.01466501825,0.003766823083,-0.003142634848,-123248.9192
GALA,incident_preceding,2024-05-04 07:00:00+00:00,1.446532994e-05,2,39110708.06,0.0003994838956,0,0,0,0,-0.01401041629,0,0.0003994838956,15617.85893
GALA,incident_preceding,2024-05-04 08:00:00+00:00,1.461550113e-05,4,38873017.57,0.0060773762,0,0,0,0,-0.0301591139,0,-0.0060773762,-237690.4863
GALA,incident_preceding,2024-05-04 09:00:00+00:00,1.438697632e-05,7,38833295.86,0.003245676078,0,0,0,0,-0.01904861189,0,-0.001021832451,-39721.71082
GALA,incident_preceding,2024-05-04 10:00:00+00:00,1.458194076e-05,7,38740533.89,0.005129293979,0,0,0,0,-0.02833971422,0,-0.002388722567,-92761.97018
GALA,incident_preceding,2024-05-04 11:00:00+00:00,1.477200537e-05,10,38363282.08,0.01297657986,0,0,0,0,-0.03583085446,0,-0.00973790947,-377251.8118
GALA,incident_preceding,2024-05-04 12:00:00+00:00,1.46002913e-05,6,38696814.03,0.008897622921,0,0,0,0,-0.02450592588,0,0.00869404122,333531.9557
GALA,incident_preceding,2024-05-04 13:00:00+00:00,1.445990472e-05,8,39156443.77,0.01246943132,0,0,0,0,-0.0219940955,0,0.01187771521,459629.7368
GALA,incident_preceding,2024-05-04 14:00:00+00:00,1.456298733e-05,6,38989280.05,0.004293645034,0,0,0,0,-0.01244355087,0,-0.004269124212,-167163.7222
GALA,incident_preceding,2024-05-04 15:00:00+00:00,1.459034027e-05,13,38973166.62,0.009596584284,0,0,0,0,0.02619688248,0,-0.0004132783611,-16113.42576
GALA,incident_preceding,2024-05-04 16:00:00+00:00,1.452023508e-05,13,38936272.11,0.02153409515,0,0,0,0,0.03293817516,0,-0.0009466643447,-36894.50724
GALA,incident_preceding,2024-05-04 17:00:00+00:00,1.45565557e-05,9,39108464.54,0.004428508329,0.0002160152103,0,0,8410.827008,0.01833691303,0.0002160152103,0.004422416826,172192.425
GALA,incident_preceding,2024-05-04 18:00:00+00:00,1.438467861e-05,10,38884129.31,0.005864211268,0,0,0,0,0.0305442875,0,-0.005736232123,-224335.2306
GALA,incident_preceding,2024-05-04 19:00:00+00:00,1.452393171e-05,3,38972108.76,0.002280854961,0,0,0,0,0.01562699755,0,0.002262605761,87979.45499
GALA,incident_preceding,2024-05-04 20:00:00+00:00,1.463131361e-05,7,38845886.62,0.004062663392,0,0,0,0,0.004866508182,0,-0.003238781418,-126222.1417
GALA,incident_preceding,2024-05-04 21:00:00+00:00,1.454195054e-05,8,38890492.58,0.002226456908,0,0,0,0,0.01250413053,0,0.001148280143,44605.96024
GALA,incident_preceding,2024-05-04 22:00:00+00:00,1.447078559e-05,6,39133661.03,0.006252645068,0,0,0,0,0.01547694052,0,0.006252645068,243168.4467
GALA,incident_preceding,2024-05-04 23:00:00+00:00,1.435933356e-05,6,39173644.91,0.001286966992,0,0,0,0,0.02280356612,0,0.001021726028,39983.88004
GALA,incident_preceding,2024-05-05 00:00:00+00:00,1.441305458e-05,6,39331710.2,0.004210548495,0,0,0,0,0.01886270324,0,0.004034990573,158065.2879
GALA,incident_preceding,2024-05-05 01:00:00+00:00,1.426086757e-05,12,39869945.4,0.01368451045,0,0,0,0,0.0194361735,0,0.01368451045,538235.1993
GALA,incident_preceding,2024-05-05 02:00:00+00:00,1.429301623e-05,10,39717175.04,0.00555225896,0,0,0,0,0.0220406626,0,-0.003831717277,-152770.3586
GALA,incident_preceding,2024-05-05 03:00:00+00:00,1.428751488e-05,11,39746204.81,0.0008411247646,0,0,0,0,0.02477747127,0,0.000730912304,29029.77191
GALA,incident_preceding,2024-05-05 04:00:00+00:00,1.424741099e-05,10,39955273.29,0.005968945227,0,0,0,0,0.03353019285,0,0.005260086556,209068.4776
GALA,incident_preceding,2024-05-05 05:00:00+00:00,1.419503429e-05,6,40222884.14,0.006697760501,0,0,0,0,0.03583225173,0,0.006697760501,267610.8512
GALA,incident_preceding,2024-05-05 06:00:00+00:00,1.425863616e-05,5,40286979.75,0.00303484844,0,0,0,0,0.03268575602,0,0.001593511109,64095.61272
GALA,incident_preceding,2024-05-05 07:00:00+00:00,1.426407775e-05,6,39857907.58,0.01085239453,0,0,0,0,0.05278787414,0,-0.0106503931,-429072.1711
GALA,incident_preceding,2024-05-05 08:00:00+00:00,1.418129117e-05,7,40311251.33,0.01469428211,0,0,0,0,0.06977531822,0,0.01137399783,453343.7542
GALA,incident_preceding,2024-05-05 09:00:00+00:00,1.411551805e-05,6,40582978.71,0.006740732941,0,0,0,0,0.08579556491,0,0.006740732941,271727.3798
GALA,incident_preceding,2024-05-05 10:00:00+00:00,1.417449347e-05,4,40535685.11,0.003190492914,0,0,0,0,0.06868237178,0,-0.001165355674,-47293.60453
GALA,incident_preceding,2024-05-05 11:00:00+00:00,1.425208207e-05,5,40286358.49,0.008711499879,0,0,0,0,0.07187692561,0,-0.00615079319,-249326.6159
GALA,incident_preceding,2024-05-05 12:00:00+00:00,1.424684608e-05,4,40350414.11,0.003891730391,0,0,0,0,0.05227451723,0,0.001590007681,64055.61944
GALA,incident_preceding,2024-05-05 13:00:00+00:00,1.414534411e-05,8,40433657.01,0.01041891882,0,0,0,0,0.07346282897,0,0.002062999746,83242.89406
GALA,incident_preceding,2024-05-05 14:00:00+00:00,1.438289487e-05,15,39414422.17,0.02731455685,0,0,0,0,0.0470523335,0,-0.02520758466,-1019234.832
GALA,incident_preceding,2024-05-05 15:00:00+00:00,1.497761221e-05,35,37494730.37,0.09337883088,0,0,0,0,0.007928102376,0,-0.04870531388,-1919691.804
GALA,incident_preceding,2024-05-05 16:00:00+00:00,1.5006469e-05,7,37648959.84,0.0106480275,-9.725054217e-05,9.725054217e-05,3646.382857,-3646.382857,-0.004309816916,9.725054217e-05,0.004113363837,154229.468
GALA,incident_preceding,2024-05-05 17:00:00+00:00,1.482594029e-05,14,37947872.17,0.0086768979,0,0,0,0,0.007429608077,0,0.007939458006,298912.3356
GALA,incident_preceding,2024-05-05 18:00:00+00:00,1.483082733e-05,14,38185065.63,0.02007578818,0,0,0,0,0.01630928135,0,0.00625050741,237193.4562
GALA,incident_preceding,2024-05-05 19:00:00+00:00,1.475267983e-05,9,38187104.2,0.003535686572,0,0,0,0,0.01319293536,0,5.338644889e-05,2038.565055
GALA,incident_preceding,2024-05-05 20:00:00+00:00,1.470269055e-05,6,38342512.13,0.004275313113,0,0,0,0,0.01508272517,0,0.004069644426,155407.9357
GALA,incident_preceding,2024-05-05 21:00:00+00:00,1.472492658e-05,14,38276182.9,0.01786707241,0,0,0,0,0.01348015715,0,-0.001729913689,-66329.23662
GALA,incident_preceding,2024-05-05 22:00:00+00:00,1.469649119e-05,8,38375444.02,0.002596184057,0,0,0,0,0.01075675799,0,0.002593287019,99261.12823
GALA,incident_preceding,2024-05-05 23:00:00+00:00,1.469053956e-05,6,38383306.21,0.008323555319,0,0,0,0,0.008996089292,0,0.0002048755197,7862.189036
GALA,incident_preceding,2024-05-06 00:00:00+00:00,1.468750405e-05,2,38395774.16,0.0003248273547,0,0,0,0,0.00943624232,0,0.0003248273547,12467.94782
GALA,incident_preceding,2024-05-06 01:00:00+00:00,1.454075543e-05,5,38366452.81,0.002022581134,0,0,0,0,0.02539168205,0,-0.0007636609413,-29321.35304
GALA,incident_preceding,2024-05-06 02:00:00+00:00,1.461154113e-05,18,38569535.55,0.006318724503,0,0,0,0,0.02254125486,0,0.005293237448,203082.7447
GALA,incident_preceding,2024-05-06 03:00:00+00:00,1.464594554e-05,4,38658858.27,0.002713783957,0,0,0,0,0.0209172061,0,0.002315887842,89322.71846
GALA,incident_preceding,2024-05-06 04:00:00+00:00,1.473322869e-05,6,38507201.53,0.004688461465,0,0,0,0,0.009592323205,0,-0.003922949175,-151656.7362
GALA,incident_preceding,2024-05-06 05:00:00+00:00,1.471289702e-05,20,38387320.56,0.01545584442,0,0,0,0,0.004467598585,0,-0.003113209283,-119880.9773
GALA,incident_preceding,2024-05-06 06:00:00+00:00,1.473239079e-05,13,38247625.01,0.01273755381,-0.002489591239,0.002489591239,95568.73696,-95568.73696,-0.00483180487,0.002489591239,-0.003639106575,-139695.5506
GALA,incident_preceding,2024-05-06 07:00:00+00:00,1.503727631e-05,15,37490723.21,0.02033207156,0,0,0,0,-0.01605363248,0,-0.0197895111,-756901.7997
GALA,incident_preceding,2024-05-06 08:00:00+00:00,1.520613388e-05,7,36967972.96,0.01394345605,0,0,0,0,-0.02223401025,0,-0.01394345605,-522750.2513
GALA,incident_preceding,2024-05-06 09:00:00+00:00,1.538003635e-05,15,36472701.97,0.02493060505,0,0,0,0,-0.02279254888,0,-0.01339729883,-495270.9807
GALA,incident_preceding,2024-05-06 10:00:00+00:00,1.518224248e-05,8,36808146.78,0.01504364003,0,0,0,0,-0.009109229531,0,0.009197147036,335444.8028
GALA,incident_preceding,2024-05-06 11:00:00+00:00,1.531419126e-05,10,36641681.68,0.008609451676,0,0,0,0,-0.02750620283,0,-0.004522506773,-166465.0931
GALA,incident_preceding,2024-05-06 12:00:00+00:00,1.501140239e-05,15,37523924.48,0.02643929008,0.002024699075,0,0,74188.37901,-0.002535076251,0.002024699075,0.02407757378,882242.7943
GALA,incident_preceding,2024-05-06 13:00:00+00:00,1.522362292e-05,10,36997143.47,0.01415269322,0,0,0,0,-0.0154825332,0,-0.01403853725,-526781.0115
GALA,incident_preceding,2024-05-06 14:00:00+00:00,1.507581762e-05,15,37710502.05,0.04318945708,0.01171160198,0,0,433295.8187,-0.005790027441,0.01171160198,0.01928145034,713358.5845
GALA,incident_preceding,2024-05-06 15:00:00+00:00,1.50968282e-05,16,37870307.94,0.02103099499,0,0,0,0,-0.01402192814,0,0.004237702619,159805.8933
GALA,incident_preceding,2024-05-06 16:00:00+00:00,1.494193304e-05,13,38127337.57,0.006787101633,0,0,0,0,-0.02420670913,0,0.006787101633,257029.6289
GALA,incident_preceding,2024-05-06 17:00:00+00:00,1.493650142e-05,5,38100949.74,0.004101724588,0,0,0,0,-0.005934272619,0,-0.0006920975783,-26387.838
GALA,incident_preceding,2024-05-06 18:00:00+00:00,1.507469067e-05,12,37666856.03,0.0233858344,0,0,0,0,-0.01944097245,0,-0.01139325153,-434093.7039
GALA,incident_preceding,2024-05-06 19:00:00+00:00,1.494860052e-05,11,38085248.76,0.01166819587,0,0,0,0,-0.01618835457,0,0.01110771582,418392.7326
GALA,incident_preceding,2024-05-06 20:00:00+00:00,1.492612798e-05,4,38335866.09,0.001982547256,0.004597883095,0,0,175111.5214,-0.01748063055,0.004597883095,0.00658043035,250617.3269
GALA,incident_preceding,2024-05-06 21:00:00+00:00,1.49247648e-05,3,38344835.31,0.0004639345431,0,0,0,0,-0.02258127955,0,0.0002339642302,8969.221399
GALA,incident_preceding,2024-05-06 22:00:00+00:00,1.485543109e-05,13,38566987.48,0.0089510364,0,0,0,0,-0.01817301736,0,0.005793535619,222152.1692
GALA,incident_preceding,2024-05-06 23:00:00+00:00,1.482329321e-05,13,38746780.44,0.01011515253,0,0,0,0,-0.01407333917,0,0.004661835661,179792.9576
GALA,incident_preceding,2024-05-07 00:00:00+00:00,1.482675486e-05,6,38697125.07,0.006189225167,0,0,0,0,-0.02340067982,0,-0.001281535431,-49655.37196
GALA,incident_preceding,2024-05-07 01:00:00+00:00,1.491469708e-05,2,38695202.26,6.795275312e-05,0,0,0,0,-0.03298335395,0,-4.968875464e-05,-1922.811953
GALA,incident_preceding,2024-05-07 02:00:00+00:00,1.494464377e-05,5,38530602.71,0.004801788725,0,0,0,0,-0.02939205625,0,-0.004253745457,-164599.5408
GALA,incident_preceding,2024-05-07 03:00:00+00:00,1.495552427e-05,11,38918189.49,0.01595794476,-0.005786704088,0.0981142879,3780402.648,-222965.1962,-0.03500846599,0.1904418717,0.01005919304,387586.7706
GALA,incident_preceding,2024-05-07 04:00:00+00:00,1.487523458e-05,7,38826383.99,0.004131320343,0,0,0,0,-0.03010060005,0,-0.002358935438,-91805.49635
GALA,incident_preceding,2024-05-07 05:00:00+00:00,1.477877538e-05,6,39161147.23,0.01023731347,0,0,0,0,-0.01796206511,0,0.008622055464,334763.2362
GALA,incident_preceding,2024-05-07 06:00:00+00:00,1.466137845e-05,2,39276438.81,0.002944029889,0,0,0,0,-0.0199528389,0,0.002944029889,115291.5879
GALA,incident_preceding,2024-05-07 07:00:00+00:00,1.479780077e-05,4,39061631.31,0.005469118564,0,0,0,0,-0.02343320161,0,-0.005469118564,-214807.5006
GALA,incident_preceding,2024-05-07 08:00:00+00:00,1.487177143e-05,6,38729105.8,0.008512842438,0,0,0,0,-0.03306606834,0,-0.008512842438,-332525.5127
GALA,incident_preceding,2024-05-07 09:00:00+00:00,1.503345091e-05,12,38004605.74,0.03764016371,0,0,0,0,-0.04235948749,0,-0.01870686258,-724500.0599
GALA,incident_preceding,2024-05-07 10:00:00+00:00,1.504457193e-05,8,38237260.94,0.007057588666,0,0,0,0,-0.03552660824,0,0.006121763313,232655.2011
GALA,incident_preceding,2024-05-07 11:00:00+00:00,1.489869655e-05,4,38439974.82,0.00530147495,0,0,0,0,-0.03505802608,0,0.00530147495,202713.881
GALA,incident_preceding,2024-05-07 12:00:00+00:00,1.497339554e-05,8,38480128.61,0.009370139234,0,0,0,0,-0.04775962225,0,0.001044584065,40153.78515
GALA,incident_preceding,2024-05-07 13:00:00+00:00,1.498973791e-05,6,38565191.65,0.002392815212,0,0,0,0,-0.0406840011,0,0.002210570686,85063.04429
GALA,incident_preceding,2024-05-07 14:00:00+00:00,1.498878044e-05,9,38381656.08,0.01143805663,0,0,0,0,-0.02791093514,0,-0.004759099288,-183535.5761
GALA,incident_preceding,2024-05-07 15:00:00+00:00,1.488661878e-05,2,38404880.28,0.0006050860286,0,0,0,0,-0.01845466477,0,0.0006050860286,23224.20385
GALA,incident_preceding,2024-05-07 16:00:00+00:00,1.458458062e-05,11,38598219.83,0.005107351788,0,0,0,0,0.0005261008493,0,0.005034244363,193339.5521
GALA,incident_preceding,2024-05-07 17:00:00+00:00,1.484812663e-05,3,38645680.56,0.001361183781,0,0,0,0,-0.02513173194,0,0.001229609278,47460.72921
GALA,incident_preceding,2024-05-07 18:00:00+00:00,1.478445441e-05,7,38847062.5,0.005311641437,0,0,0,0,-0.007458552351,0,0.005210981766,201381.9367
GALA,incident_preceding,2024-05-07 19:00:00+00:00,1.470855548e-05,11,39116263.59,0.00821635182,0,0,0,0,-0.01424714806,0,0.006929767143,269201.0973
GALA,incident_preceding,2024-05-07 20:00:00+00:00,1.466747713e-05,7,39270490.64,0.004539987715,0,0,0,0,-0.0203017939,0,0.003942785705,154227.0449
GALA,incident_preceding,2024-05-07 21:00:00+00:00,1.459152121e-05,11,39536928.87,0.01418356672,0,0,0,0,-0.01196834737,0,0.006784693199,266438.2307
GALA,incident_preceding,2024-05-07 22:00:00+00:00,1.458790136e-05,4,39554243.86,0.0005829460382,0,0,0,0,-0.01315398931,0,0.000437944616,17314.98513
GALA,incident_preceding,2024-05-07 23:00:00+00:00,1.461614105e-05,11,39707201.22,0.01373253305,0,0,0,0,-0.009627996265,0,0.003867027879,152957.3637
GALA,incident_preceding,2024-05-08 00:00:00+00:00,1.448382674e-05,8,39935866.66,0.006286221502,0,0,0,0,-0.006585919059,0,0.005758790215,228665.4418
GALA,incident_preceding,2024-05-08 01:00:00+00:00,1.443078475e-05,8,40137094.82,0.005050015326,0,0,0,0,-0.005197069674,0,0.005038782707,201228.1543
GALA,incident_preceding,2024-05-08 02:00:00+00:00,1.451178247e-05,5,40110797.05,0.002840458739,0,0,0,0,-0.01011218775,0,-0.0006551984354,-26297.76172
GALA,incident_preceding,2024-05-08 03:00:00+00:00,1.444101298e-05,6,40085733.21,0.0009082806912,0,0,0,0,-0.0004778666629,0,-0.0006248653808,-25063.84847
GALA,incident_preceding,2024-05-08 04:00:00+00:00,1.443415281e-05,4,40132923.1,0.001180617221,2.764617087e-05,0,0,1108.21703,-0.005703833385,2.764617087e-05,0.001177224245,47189.897
GALA,incident_preceding,2024-05-08 05:00:00+00:00,1.451568793e-05,2,40128708.1,0.000152459393,0,0,0,0,-0.009440812399,0,-0.0001050261461,-4215.006247
GALA,incident_preceding,2024-05-08 06:00:00+00:00,1.437174148e-05,7,40350208.58,0.005750338134,0,0,0,0,0.004837499037,0,0.005519751092,221500.4804
GALA,incident_preceding,2024-05-08 07:00:00+00:00,1.445507222e-05,3,40350602.96,0.000123208151,0,0,0,0,-0.0003911488136,0,9.773912557e-06,394.3794103
GALA,incident_preceding,2024-05-08 08:00:00+00:00,1.438806168e-05,3,40285968.35,0.00227740349,0,0,0,0,0.003311315802,0,-0.001601824985,-64634.60398
GALA,incident_preceding,2024-05-08 09:00:00+00:00,1.440994065e-05,4,40200831.08,0.00226413353,0,0,0,0,0.002007811748,0,-0.002113323149,-85137.26949
GALA,incident_preceding,2024-05-08 10:00:00+00:00,1.451947206e-05,13,40115924.64,0.002879410833,0,0,0,0,-0.01624622077,0,-0.002112056892,-84906.44237
GALA,incident_preceding,2024-05-08 11:00:00+00:00,1.438542733e-05,7,40303270.29,0.004791439134,0,0,0,0,-0.002390699448,0,0.004670106622,187345.6453
GALA,incident_preceding,2024-05-08 12:00:00+00:00,1.427508019e-05,6,40882007.5,0.01435955969,0,0,0,0,0.005719716822,0,0.01435955969,578737.2153
GALA,incident_preceding,2024-05-08 13:00:00+00:00,1.439213428e-05,10,40273164.19,0.0151959853,0,0,0,0,-0.00797790571,0,-0.01489269599,-608843.3091
GALA,incident_preceding,2024-05-08 14:00:00+00:00,1.45762139e-05,7,39847966.18,0.01104472145,0,0,0,0,-0.01434185205,0,-0.01055784955,-425198.0084
GALA,incident_preceding,2024-05-08 15:00:00+00:00,1.46144107e-05,9,39740204.05,0.007564216605,0,0,0,0,-0.0101077094,0,-0.002704332039,-107762.1316
GALA,incident_preceding,2024-05-08 16:00:00+00:00,1.45922556e-05,6,39608788.43,0.004579013553,0,0,0,0,-0.00791348895,0,-0.003306868256,-131415.6193
GALA,incident_preceding,2024-05-08 17:00:00+00:00,1.447961752e-05,8,39511623.79,0.004787283602,0,0,0,0,0.003649761141,0,-0.002453108108,-97164.64005
GALA,incident_preceding,2024-05-08 18:00:00+00:00,1.467459399e-05,3,39462164.43,0.001251767264,0,0,0,0,-0.01162349232,0,-0.001251767264,-49459.35721
GALA,incident_preceding,2024-05-08 19:00:00+00:00,1.450048623e-05,16,39874606.03,0.01920387678,0,0,0,0,-0.005953114587,0,0.0104515706,412441.5974
GALA,incident_preceding,2024-05-08 20:00:00+00:00,1.437270337e-05,7,40100303.7,0.005912523396,0,0,0,0,0.005738440407,0,0.00566018541,225697.6633
GALA,incident_preceding,2024-05-08 21:00:00+00:00,1.441792571e-05,6,40175890.69,0.002002331464,0,0,0,0,0.01263521684,0,0.001884948261,75586.9977
GALA,incident_preceding,2024-05-08 22:00:00+00:00,1.43972688e-05,11,40253143.16,0.005671903016,0,0,0,0,0.01993522595,0,0.001922856479,77252.47171
GALA,incident_preceding,2024-05-08 23:00:00+00:00,1.447609218e-05,9,40279335.56,0.003315807744,0,0,0,0,0.01099708246,0,0.0006506919782,26192.39735
GALA,incident_preceding,2024-05-09 00:00:00+00:00,1.438875086e-05,1,40284944.56,0.0001392525453,0,0,0,0,0.01767182541,0,0.0001392525453,5609
GALA,incident_preceding,2024-05-09 01:00:00+00:00,1.43559815e-05,6,40429405.08,0.004230512412,0,0,0,0,0.0249311667,0,0.003585967935,144460.5194
GALA,incident_preceding,2024-05-09 02:00:00+00:00,1.436577606e-05,5,40430328.4,0.0004386392707,0,0,0,0,0.02490629153,0,2.283770512e-05,923.3148314
GALA,incident_preceding,2024-05-09 03:00:00+00:00,1.443411375e-05,5,40425082.47,0.007188519416,0,0,0,0,0.01364361867,0,-0.0001297522033,-5245.92419
GALA,incident_preceding,2024-05-09 04:00:00+00:00,1.435205716e-05,7,40298458.82,0.005365244118,0,0,0,0,0.02850095084,0,-0.003132304137,-126623.6531
GALA,incident_preceding,2024-05-09 05:00:00+00:00,1.437929289e-05,4,40327147.16,0.0007731028048,0,0,0,0,0.02481084513,0,0.0007118968176,28688.34459
GALA,incident_preceding,2024-05-09 06:00:00+00:00,1.44414332e-05,5,39941921.4,0.009552517072,0,0,0,0,0.01984009769,0,-0.009552517072,-385225.7617
GALA,incident_preceding,2024-05-09 07:00:00+00:00,1.444941924e-05,4,40103766.04,0.004051999291,0,0,0,0,0.02277738211,0,0.004051999291,161844.6372
GALA,incident_preceding,2024-05-09 08:00:00+00:00,1.443578406e-05,6,40111932.35,0.000471402674,0,0,0,0,0.01813644962,0,0.0002036295841,8166.3132
GALA,incident_preceding,2024-05-09 09:00:00+00:00,1.443890216e-05,4,40409850.37,0.008145054484,0,0,0,0,0.01694608101,0,0.007427166832,297918.0135
GALA,incident_preceding,2024-05-09 10:00:00+00:00,1.42854913e-05,8,40778324.15,0.009120009004,0,0,0,0,0.02915907322,0,0.009118414913,368473.7822
GALA,incident_preceding,2024-05-09 11:00:00+00:00,1.435107717e-05,5,40711586.6,0.005608616058,0,0,0,0,0.0265800052,0,-0.001636593753,-66737.55057
GALA,incident_preceding,2024-05-09 12:00:00+00:00,1.435696356e-05,13,40408790.01,0.0152973355,0,0,0,0,0.02540685034,0,-0.007437602227,-302796.5871
GALA,incident_preceding,2024-05-09 13:00:00+00:00,1.427777198e-05,9,40381272.03,0.005075187304,-0.003363101429,0.09909459031,4004292.491,-135898.8594,0.03225577636,0.1948260792,-0.0006809900054,-27517.98213
GALA,incident_preceding,2024-05-09 14:00:00+00:00,1.436865594e-05,4,40363873.21,0.001992942578,0,0,0,0,0.007099198931,0,-0.0004308635611,-17398.81867
GALA,incident_preceding,2024-05-09 15:00:00+00:00,1.446743652e-05,9,40001046.66,0.01043570073,0,0,0,0,0.006583982922,0,-0.008988893201,-362826.5455
GALA,incident_preceding,2024-05-09 16:00:00+00:00,1.447723565e-05,10,40003925.91,0.01547483604,0,0,0,0,0.01090915298,0,7.197919809e-05,2879.243262
GALA,incident_preceding,2024-05-09 17:00:00+00:00,1.453256123e-05,6,40110889.39,0.002843872015,0,0,0,0,-0.001332004251,0,0.002673824509,106963.4775
GALA,incident_preceding,2024-05-09 18:00:00+00:00,1.450501144e-05,3,40178717.22,0.001792715781,0,0,0,0,0.006618597999,0,0.001691007911,67827.83127
GALA,incident_preceding,2024-05-09 19:00:00+00:00,1.441441961e-05,8,40201081.31,0.0006018163807,0,0,0,0,0.0001581856123,0,0.0005566153309,22364.08998
GALA,incident_preceding,2024-05-09 20:00:00+00:00,1.445541737e-05,5,40051903.08,0.005000567711,0,0,0,0,5.138347401e-05,0,-0.003710801408,-149178.2291
GALA,incident_preceding,2024-05-09 21:00:00+00:00,1.46012551e-05,9,39907707.1,0.005682135284,0,0,0,0,-0.01277883216,0,-0.00360022776,-144195.9733
GALA,incident_preceding,2024-05-09 22:00:00+00:00,1.468716154e-05,13,39210725.34,0.01815451669,0,0,0,0,-0.02312806852,0,-0.01746484115,-696981.7653
GALA,incident_preceding,2024-05-09 23:00:00+00:00,1.463616551e-05,11,39413262,0.009104268276,0.002950846627,0.1211905549,4751969.561,115704.8366,-0.01035330723,0.2453319564,0.005165338409,202536.6656
GALA,incident_preceding,2024-05-10 00:00:00+00:00,1.46452864e-05,9,39359273.67,0.00163846594,0,0,0,0,-0.01030549923,0,-0.001369801281,-53988.33678
GALA,incident_preceding,2024-05-10 01:00:00+00:00,1.471839175e-05,6,39107140.31,0.007539096264,0,0,0,0,-0.001442745106,0,-0.006405945272,-252133.3531
GALA,incident_preceding,2024-05-10 02:00:00+00:00,1.472806721e-05,8,38950546.26,0.004569771226,0,0,0,0,0.002270908083,0,-0.004004231832,-156594.0561
GALA,incident_preceding,2024-05-10 03:00:00+00:00,1.463239687e-05,9,38994343.16,0.001379505381,0,0,0,0,0.002676292023,0,0.0011244232,43796.89787
GALA,incident_preceding,2024-05-10 04:00:00+00:00,1.476698933e-05,7,38927559.59,0.003928667977,0,0,0,0,-0.0001284788396,0,-0.001712647519,-66783.56508
GALA,incident_preceding,2024-05-10 05:00:00+00:00,1.474051792e-05,7,39024635.1,0.003174624386,0,0,0,0,0.003774224319,0,0.002493747624,97075.50922
GALA,incident_preceding,2024-05-10 06:00:00+00:00,1.473081382e-05,10,39058025.48,0.001402020087,0,0,0,0,-0.01088234595,0,0.0008556230118,33390.37582
GALA,incident_preceding,2024-05-10 07:00:00+00:00,1.478231605e-05,4,39057210,0.0003224399326,0,0,0,0,,0,-2.087846522e-05,-815.4716266
GALA,incident_preceding,2024-05-10 08:00:00+00:00,1.469998654e-05,8,39171599.51,0.003791441423,0,0,0,0,-0.007188320979,0,0.002928767992,114389.5065
GALA,incident_preceding,2024-05-10 09:00:00+00:00,1.468566994e-05,3,39216813.62,0.001154257422,0,0,0,0,0.0003128223446,0,0.001154257422,45214.10946
GALA,incident_preceding,2024-05-10 10:00:00+00:00,1.470817558e-05,2,39246872.16,0.0007778017273,0,0,0,0,-0.00697295349,0,0.000766470599,30058.53463
GALA,incident_preceding,2024-05-10 11:00:00+00:00,1.473764359e-05,10,39063328.39,0.00927486346,0,0,0,0,-0.0009226627775,0,-0.004676646977,-183543.766
GALA,incident_preceding,2024-05-10 12:00:00+00:00,1.472640205e-05,6,39156472.47,0.009966662156,0.01158098326,0.2269329528,8864756.456,452391.7521,-0.001061897216,0.4654468888,0.002384437965,93144.08326
GALA,incident_preceding,2024-05-10 13:00:00+00:00,1.474582065e-05,12,39211401.59,0.001747141571,0,0,0,0,0.0003402895143,0,0.001402810733,54929.11987
GALA,incident_preceding,2024-05-10 14:00:00+00:00,1.447102483e-05,19,40430822.71,0.03654276981,0,0,0,0,0.01261007827,0,0.03109863632,1219421.118
GALA,incident_preceding,2024-05-10 15:00:00+00:00,1.456300414e-05,21,39955689.93,0.02740204785,0,0,0,0,0.01245118479,0,-0.01175174645,-475132.7772
GALA,incident_preceding,2024-05-10 16:00:00+00:00,1.463603464e-05,17,40524012.38,0.04137506651,0,0,0,0,0.002313205186,0,0.01422381768,568322.449
GALA,incident_preceding,2024-05-10 17:00:00+00:00,1.451321668e-05,2,40513014.38,0.0003067050471,0,0,0,0,0.0108154282,0,-0.0002713947253,-10998.00321
GALA,incident_preceding,2024-05-10 18:00:00+00:00,1.460133268e-05,6,40397052.71,0.002625359546,0,0,0,0,-0.001847601615,0,-0.002862331349,-115961.6711
GALA,incident_preceding,2024-05-10 19:00:00+00:00,1.441669995e-05,10,40542959.75,0.005140221921,0,0,0,0,0.01413241779,0,0.00361182385,145907.0384
GALA,incident_preceding,2024-05-10 20:00:00+00:00,1.445616016e-05,11,40687984.31,0.00881130659,0,0,0,0,0.009080769918,0,0.003577059084,145024.5624
GALA,incident_preceding,2024-05-10 21:00:00+00:00,1.441585523e-05,7,40543099.46,0.005863491656,0,0,0,0,0.01219100883,0,-0.003560875602,-144884.8506
GALA,incident_preceding,2024-05-10 22:00:00+00:00,1.435137389e-05,10,40815495.83,0.006785719389,0,0,0,0,0.009982216626,0,0.006718686466,272396.3736
GALA,incident_preceding,2024-05-10 23:00:00+00:00,1.448541453e-05,10,40557931.94,0.007412092235,0,0,0,0,-0.0007183781864,0,-0.006310443669,-257563.8873
GALA,incident_preceding,2024-05-11 00:00:00+00:00,1.449513444e-05,13,40235705.69,0.01411117825,0,0,0,0,-0.007887857989,0,-0.007944839479,-322226.2589
GALA,incident_preceding,2024-05-11 01:00:00+00:00,1.469717218e-05,16,39449221.54,0.03245305558,0,0,0,0,-0.01430033118,0,-0.01954692057,-786484.143
GALA,incident_preceding,2024-05-11 02:00:00+00:00,1.47615513e-05,10,39422495.33,0.004868101659,0,0,0,0,-0.01410012445,0,-0.0006774838655,-26726.2111
GALA,incident_preceding,2024-05-11 03:00:00+00:00,1.467160989e-05,5,39479773.7,0.00495663162,0,0,0,0,-0.0160889266,0,0.001452936203,57278.37069
GALA,incident_preceding,2024-05-11 04:00:00+00:00,1.47650922e-05,4,39551605.01,0.002041447358,0,0,0,0,-0.0231070799,0,0.001819445859,71831.31077
GALA,incident_preceding,2024-05-11 05:00:00+00:00,1.479625706e-05,6,39637856.79,0.008286734107,-0.006070336459,0.1080365877,4273020.444,-240091.5499,-0.02655966976,0.210002839,0.002180740241,86251.77664
GALA,incident_preceding,2024-05-11 06:00:00+00:00,1.45713771e-05,5,39647731.47,0.0002996462702,0,0,0,0,-0.01180130437,0,0.0002491225964,9874.685797
GALA,incident_preceding,2024-05-11 07:00:00+00:00,1.45713771e-05,0,39647731.47,0,0,0,0,0,,0,0,0
GALA,incident_preceding,2024-05-11 08:00:00+00:00,1.45946972e-05,4,39829903.04,0.004594753778,0,0,0,0,-0.007549568216,0,0.004594753778,182171.564
GALA,incident_preceding,2024-05-11 09:00:00+00:00,1.469026466e-05,6,39674417.29,0.005964005189,0,0,0,0,-0.02182244755,0,-0.003903744085,-155485.7484
GALA,incident_preceding,2024-05-11 10:00:00+00:00,1.46059729e-05,2,39783591.44,0.002751751818,0,0,0,0,-0.004104126309,0,0.002751751818,109174.1499
GALA,incident_preceding,2024-05-11 11:00:00+00:00,1.472405198e-05,9,39564798.08,0.00857856047,0,0,0,0,-0.01424759996,0,-0.00549958792,-218793.3589
GALA,incident_preceding,2024-05-11 12:00:00+00:00,1.471077242e-05,7,39359190.65,0.009755812995,0,0,0,0,-0.01783217394,0,-0.005196726532,-205607.4359
GALA,incident_preceding,2024-05-11 13:00:00+00:00,1.475083936e-05,6,39295485.68,0.002424472996,0,0,0,0,-0.01590064266,0,-0.001618553709,-63704.96399
GALA,incident_preceding,2024-05-11 14:00:00+00:00,1.465466098e-05,12,39558017.52,0.111091499,-0.002482180195,0.1170759933,4600558.019,-97538.4763,-0.01250961893,0.2316698064,0.006680966775,262531.8343
GALA,incident_preceding,2024-05-11 15:00:00+00:00,1.474546436e-05,13,39512416.51,0.01605184824,0,0,0,0,-0.01854239668,0,-0.001152762613,-45601.00363
GALA,incident_preceding,2024-05-11 16:00:00+00:00,1.466992998e-05,14,39536500.07,0.006589103984,0,0,0,0,-0.01213536244,0,0.0006095187934,24083.56044
GALA,incident_preceding,2024-05-11 17:00:00+00:00,1.467103523e-05,7,39533081.99,0.0004885015005,0,0,0,0,-0.03177349062,0,-8.645389455e-05,-3418.084408
GALA,incident_preceding,2024-05-11 18:00:00+00:00,1.457438014e-05,7,39632945.31,0.005504818842,0.002544811497,0.1110544554,4390324.891,100604.2416,-0.02320470675,0.2246537223,0.002526069809,99863.32485
GALA,incident_preceding,2024-05-11 19:00:00+00:00,1.462188927e-05,15,39692276.6,0.002636046475,0,0,0,0,-0.02396713556,0,0.001497019435,59331.28939
GALA,incident_preceding,2024-05-11 20:00:00+00:00,1.458803106e-05,7,39826647.11,0.003799563368,0,0,0,0,-0.02176001668,0,0.003385306033,134370.5035
GALA,incident_preceding,2024-05-11 21:00:00+00:00,1.459267466e-05,8,39892503.07,0.001764959263,0,0,0,0,-0.03352245006,0,0.001653565282,65855.96095
GALA,incident_preceding,2024-05-11 22:00:00+00:00,1.449534982e-05,9,40208624.78,0.007924338824,0,0,0,0,-0.02305318719,0,0.007924338824,316121.7108
GALA,incident_preceding,2024-05-11 23:00:00+00:00,1.447501226e-05,6,40299857.15,0.002268975254,0,0,0,0,-0.02006303799,0,0.002268975254,91232.37464
GALA,incident_preceding,2024-05-12 00:00:00+00:00,1.438124862e-05,1,40301077.62,3.028465987e-05,0,0,0,0,-0.0202402895,0,3.028465987e-05,1220.467467
GALA,incident_preceding,2024-05-12 01:00:00+00:00,1.448849339e-05,7,40280059.67,0.0008976244008,0,0,0,0,-0.03487594613,0,-0.0005215233684,-21017.95375
GALA,incident_preceding,2024-05-12 02:00:00+00:00,1.455487211e-05,2,40278378.55,4.173565107e-05,0,0,0,0,-0.05720374659,0,-4.173565107e-05,-1681.114515
GALA,incident_preceding,2024-05-12 03:00:00+00:00,1.443744819e-05,6,40451166.41,0.004289841418,0,0,0,0,-0.05749926257,0,0.004289841418,172787.8566
GALA,incident_preceding,2024-05-12 04:00:00+00:00,1.442782567e-05,3,40486767.13,0.0008800914639,2.733404148e-05,0,0,1105.693861,-0.0527899281,2.733404148e-05,0.0008800914639,35600.72626
GALA,incident_preceding,2024-05-12 05:00:00+00:00,1.440844622e-05,2,40489170.9,5.937154965e-05,0,0,0,0,-0.03957231296,0,5.937154965e-05,2403.762105
GALA,incident_preceding,2024-05-12 06:00:00+00:00,1.440042655e-05,2,40685994.78,0.004861148754,0,0,0,0,-0.03507855556,0,0.004861148754,196823.8827
GALA,incident_preceding,2024-05-12 07:00:00+00:00,1.437737992e-05,1,40703994.78,0.0004424126803,0,0,0,0,-0.0230866861,0,0.0004424126803,18000
GALA,incident_preceding,2024-05-12 08:00:00+00:00,1.448492841e-05,3,40703807.03,4.612536123e-06,0,0,0,0,-0.02921602249,0,-4.612536123e-06,-187.7486463
GALA,incident_preceding,2024-05-12 09:00:00+00:00,1.437315972e-05,5,40723776.18,0.001673524824,0,0,0,0,-0.01583398816,0,0.0004905966016,19969.1494
GALA,incident_preceding,2024-05-12 10:00:00+00:00,1.454615099e-05,11,40523089.1,0.01028857638,0,0,0,0,-0.0278753393,0,-0.004928007605,-200687.0787
GALA,incident_preceding,2024-05-12 11:00:00+00:00,1.451575696e-05,3,40479959.25,0.001382030658,0,0,0,0,-0.02305152082,0,-0.001064327793,-43129.84997
GALA,incident_preceding,2024-05-12 12:00:00+00:00,1.445077244e-05,4,40562171.07,0.005002543237,0.002778582277,0.1161576512,4702056.988,112476.8973,-0.03069149277,0.2350938847,0.002030926443,82211.81967
GALA,incident_preceding,2024-05-12 13:00:00+00:00,1.451814642e-05,5,40660347.17,0.002515042868,1.153679944e-05,0,0,467.9576326,-0.0362110323,1.153679944e-05,0.00242038575,98176.10083
GALA,incident_preceding,2024-05-12 14:00:00+00:00,1.447247865e-05,2,40657110.51,0.0002181488814,0,0,0,0,-0.01735870424,0,-7.960234903e-05,-3236.659147
GALA,incident_preceding,2024-05-12 15:00:00+00:00,1.447456741e-05,7,40639853.6,0.004454105728,0,0,0,0,-0.02085768589,0,-0.0004244500328,-17256.91189
GALA,incident_preceding,2024-05-12 16:00:00+00:00,1.44929809e-05,4,40761495.18,0.003003594276,0,0,0,0,-0.01442291824,0,0.002993159935,121641.5816
GALA,incident_preceding,2024-05-12 17:00:00+00:00,1.421221302e-05,11,40886462.21,0.01462442782,-0.00845100676,0.06649315423,2710360.386,-344475.6713,-0.00593801872,0.1245353017,0.003065810784,124967.0315
GALA,incident_preceding,2024-05-12 18:00:00+00:00,1.42400796e-05,8,41028143.72,0.003580739703,0,0,0,0,-0.011959477,0,0.00346524246,141681.5049
GALA,incident_preceding,2024-05-12 19:00:00+00:00,1.42756107e-05,4,41209764.12,0.008276904392,-0.003133449486,0.006645192758,272639.9235,-128559.6159,-0.01558816573,0.01015693603,0.004426727204,181620.3999
GALA,incident_preceding,2024-05-12 20:00:00+00:00,1.427402405e-05,5,41210831.91,0.00137441907,0,0,0,0,-0.01661040694,0,2.59112123e-05,1067.794947
GALA,incident_preceding,2024-05-12 21:00:00+00:00,1.411160089e-05,15,41590190.34,0.01021528649,0,0,0,0,-0.000699137591,0,0.009205308655,379358.4277
GALA,incident_preceding,2024-05-12 22:00:00+00:00,1.416500815e-05,6,41730908.08,0.003532551451,0,0,0,0,-0.02083995509,0,0.003383435858,140717.7413
GALA,incident_preceding,2024-05-12 23:00:00+00:00,1.418749343e-05,1,41524082.08,0.004956182618,0,0,0,0,-0.00412523429,0,-0.004956182618,-206826.0013
GALA,incident_preceding,2024-05-13 00:00:00+00:00,1.409309399e-05,5,41400477.9,0.003066840207,0,0,0,0,-0.01433420832,0,-0.00297668659,-123604.1783
GALA,incident_preceding,2024-05-13 01:00:00+00:00,1.399190333e-05,12,42449522.2,0.02533894166,0,0,0,0,-0.008162842579,0,0.02533894166,1049044.294
GALA,incident_preceding,2024-05-13 02:00:00+00:00,1.374564497e-05,12,43469608.67,0.02420110431,0,0,0,0,0.01012514581,0,0.02403057607,1020086.472
GALA,incident_preceding,2024-05-13 03:00:00+00:00,1.363072093e-05,15,43176061.42,0.02002301809,-0.01256823014,0.03704362783,1610272.006,-546336.0457,0.01762750164,0.06151902553,-0.006752930533,-293547.2476
GALA,incident_preceding,2024-05-13 04:00:00+00:00,1.368593622e-05,5,43120600.78,0.00210444483,0,0,0,0,0.008016846428,0,-0.001284522858,-55460.63782
GALA,incident_preceding,2024-05-13 05:00:00+00:00,1.384940491e-05,11,42836952.06,0.007133566113,0,0,0,0,0.016196351,0,-0.006578032628,-283648.7189
GALA,incident_preceding,2024-05-13 06:00:00+00:00,1.390403759e-05,10,42296293.49,0.01352392017,0,0,0,0,0.01085602616,0,-0.01262131287,-540658.5744
GALA,incident_preceding,2024-05-13 07:00:00+00:00,1.404925608e-05,10,41655522.46,0.01596757009,0,0,0,0,0.0005685870036,0,-0.01514957879,-640771.0308
GALA,incident_preceding,2024-05-13 08:00:00+00:00,1.406785864e-05,8,41216550.39,0.01135933589,0,0,0,0,-0.00719614339,0,-0.01053814826,-438972.0714
GALA,incident_preceding,2024-05-13 09:00:00+00:00,1.414736759e-05,7,40623925.67,0.01493714023,0,0,0,0,-0.008510506788,0,-0.01437831917,-592624.7167
GALA,incident_preceding,2024-05-13 10:00:00+00:00,1.414627137e-05,8,40945732.8,0.008808007809,0,0,0,0,-0.005042690333,0,0.007921615708,321807.1277
GALA,incident_preceding,2024-05-13 11:00:00+00:00,1.418497386e-05,5,41065981.64,0.002969659499,0,0,0,0,-0.02364580144,0,0.002936785679,120248.8417
GALA,incident_preceding,2024-05-13 12:00:00+00:00,1.401399364e-05,4,41507382.23,0.01074857029,0,0,0,0,-0.02162651996,0,0.01074857029,441400.59
GALA,incident_preceding,2024-05-13 13:00:00+00:00,1.400183387e-05,4,41274089.15,0.006108103055,0,0,0,0,-0.007623431082,0,-0.005620520251,-233293.0824
GALA,incident_preceding,2024-05-13 14:00:00+00:00,1.422342307e-05,9,40886954.1,0.01210936581,0,0,0,0,-0.02599036163,0,-0.009379614477,-387135.0441
GALA,incident_preceding,2024-05-13 15:00:00+00:00,1.417578818e-05,5,41027174.08,0.01139951516,0,0,0,0,-0.02085514166,0,0.003429455043,140219.9709
GALA,incident_preceding,2024-05-13 16:00:00+00:00,1.428545002e-05,11,40229303.57,0.03764604801,0,0,0,0,-0.03616708614,0,-0.01944736689,-797870.5065
GALA,incident_preceding,2024-05-13 17:00:00+00:00,1.41280707e-05,11,41012690.26,0.02115040372,0,0,0,0,-0.0213070903,0,0.01947303632,783386.6897
GALA,incident_preceding,2024-05-13 18:00:00+00:00,1.407079002e-05,8,41597298.2,0.01615210418,0,0,0,0,-0.02112736598,0,0.01425431841,584607.9459
GALA,incident_preceding,2024-05-13 19:00:00+00:00,1.405480556e-05,8,41663849.45,0.00333354047,0,0,0,0,-0.0172972104,0,0.001599893344,66551.24052
GALA,incident_preceding,2024-05-13 20:00:00+00:00,1.403888499e-05,5,41742112.94,0.002146447097,0,0,0,0,-0.0126924203,0,0.001878450915,78263.49613
GALA,incident_preceding,2024-05-13 21:00:00+00:00,1.410173839e-05,3,41572850.66,0.004108100648,0,0,0,0,-0.02837971463,0,-0.004054952294,-169262.2766
GALA,incident_preceding,2024-05-13 22:00:00+00:00,1.387286472e-05,20,42135672.94,0.01479403053,0,0,0,0,-0.01540147328,0,0.01353821694,562822.2713
GALA,incident_preceding,2024-05-13 23:00:00+00:00,1.412908725e-05,5,42155632.09,0.001242061305,-9.979832729e-05,0.0002201901114,9277.85852,-4205.069678,-0.02937693566,0.0003405818956,0.0004736877198,19959.15083
GALA,incident_preceding,2024-05-14 00:00:00+00:00,1.38925216e-05,12,41954318.68,0.01661179637,0,0,0,0,-0.01170185427,0,-0.004775480762,-201313.4101
GALA,incident_preceding,2024-05-14 01:00:00+00:00,1.387815452e-05,6,42139898.23,0.008299912197,0,0,0,0,-0.000727869377,0,0.004423371964,185579.557
GALA,incident_preceding,2024-05-14 02:00:00+00:00,1.38855286e-05,16,42401761.99,0.01745338559,0,0,0,0,-0.005168814147,0,0.006214152646,261863.7601
GALA,incident_preceding,2024-05-14 03:00:00+00:00,1.387312671e-05,8,41762961.21,0.01609531565,-0.01716774741,0.09786657088,4149715.045,-727942.7395,-0.005115185055,0.1785653943,-0.01506543009,-638800.781
GALA,incident_preceding,2024-05-14 04:00:00+00:00,1.379609524e-05,7,41421420.76,0.008527660491,0,0,0,0,-0.001844751955,0,-0.008178070663,-341540.4479
GALA,incident_preceding,2024-05-14 05:00:00+00:00,1.407554108e-05,3,41223019.78,0.004789815926,0,0,0,0,-0.06581374032,0,-0.004789815926,-198400.9809
GALA,incident_preceding,2024-05-14 06:00:00+00:00,1.405580248e-05,12,41274181.57,0.02774232089,0,0,0,0,-0.02983985084,0,0.00124109736,51161.78102
GALA,incident_preceding,2024-05-14 07:00:00+00:00,1.405724658e-05,6,41027821.57,0.009918064394,0,0,0,0,-0.03068812739,0,-0.005968864342,-246359.9906
GALA,incident_preceding,2024-05-14 08:00:00+00:00,1.396698769e-05,2,41027281.65,6.272078497e-05,0,0,0,0,-0.01698087877,0,-1.315993092e-05,-539.9232977
GALA,incident_preceding,2024-05-14 09:00:00+00:00,1.402747721e-05,2,41186107.54,0.00387122622,0,0,0,0,-0.01843208337,0,0.00387122622,158825.8885
GALA,incident_preceding,2024-05-14 10:00:00+00:00,1.407511567e-05,5,41228126.91,0.004669286813,0,0,0,0,-0.01689421847,0,0.001020231705,42019.37273
GALA,incident_preceding,2024-05-14 11:00:00+00:00,1.385349329e-05,6,41250848.46,0.0006808768754,0,0,0,0,-0.01406017219,0,0.000551117607,22721.54664
GALA,incident_preceding,2024-05-14 12:00:00+00:00,1.371417345e-05,2,41375349.58,0.003018146941,0,0,0,0,0.02478907554,0,0.003018146941,124501.1221
GALA,incident_preceding,2024-05-14 13:00:00+00:00,1.389549769e-05,4,41738036.26,0.008765767044,0,0,0,0,0.01382608426,0,0.008765767044,362686.6758
GALA,incident_preceding,2024-05-14 14:00:00+00:00,1.385851376e-05,6,41836360.9,0.01216246418,0,0,0,0,0.02917876031,0,0.002355756263,98324.64033
GALA,incident_preceding,2024-05-14 15:00:00+00:00,1.388321158e-05,5,42033135.88,0.009688620994,0,0,0,0,0.01867843952,0,0.004703444076,196774.9838
GALA,incident_preceding,2024-05-14 16:00:00+00:00,1.377801839e-05,7,42180968.16,0.009972821924,0,0,0,0,0.02493118337,0,0.003517041399,147832.279
GALA,incident_preceding,2024-05-14 17:00:00+00:00,1.383022698e-05,9,42302131.66,0.01147642024,0,0,0,0,0.02989739202,0,0.002872468471,121163.5011
GALA,incident_preceding,2024-05-14 18:00:00+00:00,1.377662965e-05,6,42183185.86,0.003492966438,0,0,0,0,0.03477971546,0,-0.00281181572,-118945.7988
GALA,incident_preceding,2024-05-14 19:00:00+00:00,1.381378711e-05,5,42025640.82,0.004119166138,0,0,0,0,0.02526772201,0,-0.003734782836,-157545.0385
GALA,incident_preceding,2024-05-14 20:00:00+00:00,1.38618236e-05,4,42172064.53,0.003622507706,0,0,0,0,0.03857763663,0,0.003484151695,146423.7077
GALA,incident_preceding,2024-05-14 21:00:00+00:00,1.370716056e-05,7,42500116.25,0.007781248125,0,0,0,0,0.04598223167,0,0.007778886917,328051.721
GALA,incident_preceding,2024-05-14 22:00:00+00:00,1.366083911e-05,6,42644695.84,0.005527645536,0,0,0,0,0.04631400965,0,0.003401863449,144579.592
GALA,incident_preceding,2024-05-14 23:00:00+00:00,1.372005543e-05,10,42668770.91,0.003806825436,0,0,0,0,0.03968395007,0,0.0005645499469,24075.06078
GALA,incident_preceding,2024-05-15 00:00:00+00:00,1.373090082e-05,14,42403032.84,0.01392838599,0,0,0,0,0.04308672556,0,-0.006227928746,-265738.0649
GALA,incident_preceding,2024-05-15 01:00:00+00:00,1.386805671e-05,8,42113959.33,0.00731882642,0,0,0,0,0.04052529598,0,-0.006817283797,-289073.5087
GALA,incident_preceding,2024-05-15 02:00:00+00:00,1.381394205e-05,7,42048542.23,0.005038895857,0,0,0,0,0.04335025232,0,-0.001553335375,-65417.1028
GALA,incident_preceding,2024-05-15 03:00:00+00:00,1.380234429e-05,7,42091973.28,0.001707274335,0,0,0,0,0.05593054975,0,0.001032878955,43431.05436
GALA,incident_preceding,2024-05-15 04:00:00+00:00,1.377066833e-05,7,42224493.93,0.003158569995,0,0,0,0,0.05791874105,0,0.003148359197,132520.6512
GALA,incident_preceding,2024-05-15 05:00:00+00:00,1.317900293e-05,14,42575116.94,0.00933092379,0.0001894634904,0,0,8000,0.1056361534,0.0001894634904,0.008303782272,350623.0042
GALA,incident_preceding,2024-05-15 06:00:00+00:00,1.364257541e-05,4,42704550.7,0.003040126991,0,0,0,0,0.08582890864,0,0.003040126991,129433.7621
GALA,incident_preceding,2024-05-15 07:00:00+00:00,1.363240809e-05,3,42745042.11,0.0009719945603,0,0,0,0,0.09457863938,0,0.0009481755072,40491.40902
GALA,incident_preceding,2024-05-15 08:00:00+00:00,1.373181831e-05,4,42846632.5,0.002490152178,0,0,0,0,0.07580096628,0,0.002376658988,101590.3885
GALA,incident_preceding,2024-05-15 09:00:00+00:00,1.377128987e-05,14,42541363.84,0.007130660884,0,0,0,0,0.0732985417,0,-0.007124682691,-305268.6609
GALA,incident_preceding,2024-05-15 10:00:00+00:00,1.383932495e-05,9,42275586.56,0.006707196318,0,0,0,0,0.0669013083,0,-0.006247502546,-265777.2789
GALA,incident_preceding,2024-05-15 11:00:00+00:00,1.366007373e-05,9,42645421.65,0.008952743504,0,0,0,0,0.0729393345,0,0.008748195462,369835.0945
GALA,incident_preceding,2024-05-15 12:00:00+00:00,1.405838383e-05,26,41339679.68,0.03103833708,0,0,0,0,0.04050339093,0,-0.03061857338,-1305741.972
GALA,incident_preceding,2024-05-15 13:00:00+00:00,1.408895229e-05,7,40894481.24,0.01417687065,0,0,0,0,0.04507946605,0,-0.01076927658,-445198.4442
GALA,incident_preceding,2024-05-15 14:00:00+00:00,1.426884538e-05,15,40209148.6,0.0342211885,0,0,0,0,0.01598713874,0,-0.01675856036,-685332.6323
GALA,incident_preceding,2024-05-15 15:00:00+00:00,1.414496527e-05,5,40732185.32,0.01675433441,0,0,0,0,0.04812170438,0,0.01300790334,523036.7186
GALA,incident_preceding,2024-05-15 16:00:00+00:00,1.412583846e-05,11,40720894.25,0.01439383131,0,0,0,0,0.05011239218,0,-0.0002772028073,-11291.07612
GALA,incident_preceding,2024-05-15 17:00:00+00:00,1.424995787e-05,5,40485327.65,0.005805805166,0,0,0,0,0.0415192851,0,-0.005784907361,-235566.6009
GALA,incident_preceding,2024-05-15 18:00:00+00:00,1.426420665e-05,6,40130795.95,0.008995152527,0,0,0,0,0.03360305523,0,-0.008757041572,-354531.6973
GALA,incident_preceding,2024-05-15 19:00:00+00:00,1.416727718e-05,6,39687358.9,0.01395272682,0,0,0,0,0.04906929269,0,-0.01104979457,-443437.0512
GALA,incident_preceding,2024-05-15 20:00:00+00:00,1.440702875e-05,10,39548607.28,0.005588166944,0,0,0,0,0.0344256678,0,-0.003496116155,-138751.6166
GALA,incident_preceding,2024-05-15 21:00:00+00:00,1.435216205e-05,8,39794766.45,0.00622421827,0,0,0,0,0.0428352213,0,0.00622421827,246159.164
GALA,incident_preceding,2024-05-15 22:00:00+00:00,1.430840733e-05,3,39952675.05,0.004073198706,0,0,0,0,0.04990696373,0,0.003968074722,157908.6068
GALA,incident_preceding,2024-05-15 23:00:00+00:00,1.427546904e-05,10,40087032.42,0.006315188479,0,0,0,0,0.04599775098,0,0.003362912878,134357.3655
GALA,incident_preceding,2024-05-16 00:00:00+00:00,1.433545089e-05,8,40185332.9,0.008720256938,0,0,0,0,0.03741174319,0,0.002452176559,98300.48122
GALA,incident_preceding,2024-05-16 01:00:00+00:00,1.444160697e-05,7,39645725.06,0.01342797984,0,0,0,0,0.02467515111,0,-0.01342797984,-539607.8398
GALA,incident_preceding,2024-05-16 02:00:00+00:00,1.442594942e-05,9,39473237.87,0.01095620131,0,0,0,0,0.02234526721,0,-0.004350713389,-172487.1868
GALA,incident_preceding,2024-05-16 03:00:00+00:00,1.45963136e-05,10,39042362.16,0.01262964399,0,0,0,0,0.01015163661,0,-0.01091564134,-430875.707
GALA,incident_preceding,2024-05-16 04:00:00+00:00,1.459179796e-05,6,38806317.58,0.007306498176,0,0,0,0,0.00990512588,0,-0.006045858244,-236044.5872
GALA,incident_preceding,2024-05-16 05:00:00+00:00,1.46473734e-05,10,38573780.65,0.01148752355,0,0,0,0,-0.0004747014162,0,-0.005992244035,-232536.925
GALA,incident_preceding,2024-05-16 06:00:00+00:00,1.486522149e-05,9,38056302.41,0.01358425929,0,0,0,0,-0.005598530075,0,-0.01341528441,-517478.2382
GALA,incident_preceding,2024-05-16 07:00:00+00:00,1.498468299e-05,7,37569981.78,0.01277897747,0,0,0,0,-0.01740791057,0,-0.01277897747,-486320.6312
GALA,incident_preceding,2024-05-16 08:00:00+00:00,1.481316942e-05,11,37954653.68,0.01845595517,0,0,0,0,-0.01180776837,0,0.01023880966,384671.8924
GALA,incident_preceding,2024-05-16 09:00:00+00:00,1.481862036e-05,10,38205666.34,0.01500737696,0,0,0,0,-0.02031562996,0,0.006613488364,251012.6605
GALA,incident_preceding,2024-05-16 10:00:00+00:00,1.479686719e-05,13,38330540.91,0.006670568244,0,0,0,0,-0.005417163225,0,0.003268483074,124874.5738
GALA,incident_preceding,2024-05-16 11:00:00+00:00,1.469366702e-05,6,38393690.5,0.005495530884,0,0,0,0,-0.003577514536,0,0.001647500687,63149.59249
GALA,incident_preceding,2024-05-16 12:00:00+00:00,1.463948489e-05,11,38955050.77,0.014974492,0,0,0,0,-0.006060440212,0,0.01462115943,561360.2699
GALA,incident_preceding,2024-05-16 13:00:00+00:00,1.473860779e-05,4,39040415.22,0.002479062419,0,0,0,0,-0.00725607415,0,0.002191357629,85364.4477
GALA,incident_preceding,2024-05-16 14:00:00+00:00,1.449879663e-05,7,39221942.81,0.01009755693,0,0,0,0,0.008659309412,0,0.004649735216,181527.5935
GALA,incident_preceding,2024-05-16 15:00:00+00:00,1.484228875e-05,17,38121958.64,0.03318809127,0,0,0,0,-0.009180274021,0,-0.02804512217,-1099984.178
GALA,incident_preceding,2024-05-16 16:00:00+00:00,1.485175481e-05,11,38078826.84,0.0236269033,0,0,0,0,-0.003519397723,0,-0.001131416065,-43131.79644
GALA,incident_preceding,2024-05-16 17:00:00+00:00,1.48540601e-05,5,38058938.65,0.005372396688,0,0,0,0,-0.01056288365,0,-0.0005222899603,-19888.18896
GALA,incident_preceding,2024-05-16 18:00:00+00:00,1.475167187e-05,9,38172457.66,0.00322030367,0,0,0,0,-0.006874094624,0,0.002982716027,113519.0063
GALA,incident_preceding,2024-05-16 19:00:00+00:00,1.487979383e-05,6,38004849.86,0.004813320445,0,0,0,0,-0.009456967433,0,-0.004390804534,-167607.8002
GALA,incident_preceding,2024-05-16 20:00:00+00:00,1.491163622e-05,4,37863780.84,0.004840680094,0,0,0,0,-0.01700596062,0,-0.003711868929,-141069.0213
GALA,incident_preceding,2024-05-16 21:00:00+00:00,1.49802972e-05,12,37589318.86,0.01240799046,0,0,0,0,-0.01330414735,0,-0.007248668093,-274461.98
GALA,incident_preceding,2024-05-16 22:00:00+00:00,1.504061568e-05,10,37376834.48,0.008305121277,-0.001846356502,0.1250868024,4701927.701,-69403.28326,-0.02005470605,0.2483272483,-0.005652785968,-212484.3742
GALA,incident_preceding,2024-05-16 23:00:00+00:00,1.494744472e-05,12,37447825.99,0.002542109791,0,0,0,0,-0.01736458657,0,0.001899345244,70991.51282
GALA,incident_preceding,2024-05-17 00:00:00+00:00,1.488192361e-05,9,37751149.19,0.008105242215,0,0,0,0,-0.01903810417,0,0.008099888099,303323.2001
GALA,incident_preceding,2024-05-17 01:00:00+00:00,1.480238867e-05,6,37973818.96,0.005898357195,0,0,0,0,-0.01422569955,0,0.005898357195,222669.7625
GALA,incident_preceding,2024-05-17 02:00:00+00:00,1.475192961e-05,9,38175081.01,0.00530002133,0,0,0,0,-0.01801105032,0,0.00530002133,201262.0505
GALA,incident_preceding,2024-05-17 03:00:00+00:00,1.474524474e-05,10,38231548.71,0.005414392053,0,0,0,0,-0.01572609453,0,0.001479177086,56467.70507
GALA,incident_preceding,2024-05-17 04:00:00+00:00,1.473704974e-05,5,38267852.85,0.002857386591,0.001110286616,0.1519736509,5810188.036,42447.97685,0.0002221653835,0.3050575883,0.0009495858963,36304.13945
GALA,incident_preceding,2024-05-17 05:00:00+00:00,1.464042192e-05,9,38252396.74,0.006521673589,0,0,0,0,0.0186919113,0,-0.0004038928054,-15456.11045
GALA,incident_preceding,2024-05-17 06:00:00+00:00,1.478223063e-05,7,38366597.8,0.01374492022,0,0,0,0,0.00432808354,0,0.002985461494,114201.0575
GALA,incident_preceding,2024-05-17 07:00:00+00:00,1.47260883e-05,7,38270673.52,0.008017082731,0,0,0,0,0.0166797531,0,-0.002500202837,-95924.27667
GALA,incident_preceding,2024-05-17 08:00:00+00:00,1.463928754e-05,12,39181694.14,0.02419272684,0,0,0,0,0.03022609641,0,0.02380466637,911020.6149
GALA,incident_preceding,2024-05-17 09:00:00+00:00,1.452060815e-05,4,38922502.42,0.00663580295,0,0,0,0,0.03112460958,0,-0.006615122717,-259191.715
GALA,incident_preceding,2024-05-17 10:00:00+00:00,1.471692686e-05,4,38574411.36,0.008943182917,0,0,0,0,0.01642197971,0,-0.008943182917,-348091.0588
GALA,incident_preceding,2024-05-17 11:00:00+00:00,1.464119413e-05,7,38627829.12,0.001732963055,0,0,0,0,0.01004536841,0,0.001384797607,53417.75256
GALA,incident_preceding,2024-05-17 12:00:00+00:00,1.455103147e-05,8,38313654.76,0.0141014759,0,0,0,0,0.009218685079,0,-0.008133368059,-314174.3515
GALA,incident_preceding,2024-05-17 13:00:00+00:00,1.463205042e-05,8,38649052.78,0.009085994513,0,0,0,0,-0.003658954769,0,0.008754007491,335398.0208
GALA,incident_preceding,2024-05-17 14:00:00+00:00,1.462489135e-05,4,38680951.37,0.001147527343,0,0,0,0,0.002473934299,0,0.000825339299,31898.58213
GALA,incident_preceding,2024-05-17 15:00:00+00:00,1.470665599e-05,8,38361753,0.009738477936,0,0,0,0,-0.009945570404,0,-0.00825208152,-319198.364
GALA,incident_preceding,2024-05-17 16:00:00+00:00,1.479957745e-05,27,38090109.79,0.08544279832,0,0,0,0,-0.009690471213,0,-0.007081094946,-271643.2153
GALA,incident_preceding,2024-05-17 17:00:00+00:00,1.469798415e-05,13,38408507.14,0.01482158622,0,0,0,0,-0.002641576171,0,0.008359055755,318397.3514
GALA,incident_preceding,2024-05-17 18:00:00+00:00,1.465061522e-05,9,38585488.02,0.004732578137,0,0,0,0,-0.002443620192,0,0.004607856376,176980.8845
GALA,incident_preceding,2024-05-17 19:00:00+00:00,1.47397394e-05,5,38543112.79,0.002265402248,0,0,0,0,-0.008758488448,0,-0.001098216816,-42375.23181
GALA,incident_preceding,2024-05-17 20:00:00+00:00,1.46601936e-05,6,38541871.75,0.0007723392359,0,0,0,0,-0.004838263004,0,-3.219869244e-05,-1241.037834
GALA,incident_preceding,2024-05-17 21:00:00+00:00,1.478231702e-05,4,38377437.77,0.004286402793,0,0,0,0,-0.0144305989,0,-0.004266372629,-164433.9867
GALA,incident_preceding,2024-05-17 22:00:00+00:00,1.474198504e-05,7,38218088.3,0.005229237302,0,0,0,0,-0.005512149601,0,-0.004152165241,-159349.4631
GALA,incident_preceding,2024-05-17 23:00:00+00:00,1.469012908e-05,6,38471689.92,0.008574880568,-0.001933419192,0.003183254019,121657.8832,-73891.58542,-0.007947681597,0.004433088846,0.006635643666,253601.6156
GALA,incident_preceding,2024-05-18 00:00:00+00:00,1.460127993e-05,8,38869933.99,0.01035161364,0,0,0,0,-0.001737738243,0,0.01035161364,398244.07
GALA,incident_preceding,2024-05-18 01:00:00+00:00,1.459330504e-05,1,38967050.63,0.002498502754,0,0,0,0,0.005081948497,0,0.002498502754,97116.63712
GALA,incident_preceding,2024-05-18 02:00:00+00:00,1.448861031e-05,11,39578244.18,0.01568749336,0,0,0,0,0.01825155613,0,0.0156848811,611193.556
GALA,incident_preceding,2024-05-18 03:00:00+00:00,1.451517343e-05,6,39414373.58,0.005116791412,0,0,0,0,0.0219106889,0,-0.004140421193,-163870.601
GALA,incident_preceding,2024-05-18 04:00:00+00:00,1.474032417e-05,14,38492814.18,0.02365753443,0,0,0,0,0.0009748183406,0,-0.02338130272,-921559.4002
GALA,incident_preceding,2024-05-18 05:00:00+00:00,1.491665299e-05,16,37576483.54,0.02549035885,0,0,0,0,-0.02298677141,0,-0.0238052391,-916330.645
GALA,incident_preceding,2024-05-18 06:00:00+00:00,1.484634801e-05,15,37845720.22,0.007628211892,0,0,0,0,-0.01136929164,0,0.007165031334,269236.682
GALA,incident_preceding,2024-05-18 07:00:00+00:00,1.497377575e-05,12,37370013.54,0.01819028364,0,0,0,0,-0.02033236222,0,-0.01256962943,-475706.6786
GALA,incident_preceding,2024-05-18 08:00:00+00:00,1.50885313e-05,12,36981014.26,0.01637344024,0,0,0,0,-0.03088661296,0,-0.01040939624,-388999.2782
GALA,incident_preceding,2024-05-18 09:00:00+00:00,1.497966331e-05,9,37396446.9,0.0121498181,0,0,0,0,-0.02410774181,0,0.01123367354,415432.6413
GALA,incident_preceding,2024-05-18 10:00:00+00:00,1.496060328e-05,10,37697257.05,0.008063899331,0,0,0,0,-0.0256851393,0,0.008043816152,300810.1436
GALA,incident_preceding,2024-05-18 11:00:00+00:00,1.478901152e-05,7,38027329.28,0.009380291316,0,0,0,0,-0.008165892597,0,0.008755868704,330072.2332
GALA,incident_preceding,2024-05-18 12:00:00+00:00,1.468579306e-05,6,38431939.28,0.01063997931,0,0,0,0,-0.01229034135,0,0.01063997931,404609.9968
GALA,incident_preceding,2024-05-18 13:00:00+00:00,1.457861023e-05,12,39002944.42,0.01496375253,0,0,0,0,-0.01551057719,0,0.0148575678,571005.1434
GALA,incident_preceding,2024-05-18 14:00:00+00:00,1.466111717e-05,17,39019706.51,0.0121276468,0,0,0,0,-0.01500423107,0,0.0004297647347,16762.09006
GALA,incident_preceding,2024-05-18 15:00:00+00:00,1.456111486e-05,12,39108411.68,0.004141882735,-0.001393463839,0.1070450836,4176867.744,-54372.55003,-0.02381410675,0.2126967033,0.002273342712,88705.1654
GALA,incident_preceding,2024-05-18 16:00:00+00:00,1.465685521e-05,11,39044645.48,0.01456258414,0,0,0,0,-0.0377964646,0,-0.001630498189,-63766.1944
GALA,incident_preceding,2024-05-18 17:00:00+00:00,1.465920954e-05,7,39039167.06,0.0008895002935,0,0,0,0,-0.03213713256,0,-0.0001403116209,-5478.417496
GALA,incident_preceding,2024-05-18 18:00:00+00:00,1.461485838e-05,7,38774420.51,0.007344720755,0,0,0,0,-0.03432314363,0,-0.006781562649,-264746.5572
GALA,incident_preceding,2024-05-18 19:00:00+00:00,1.461120526e-05,6,38797762.18,0.0006019864085,0,0,0,0,-0.03046394874,0,0.0006019864085,23341.67414
GALA,incident_preceding,2024-05-18 20:00:00+00:00,1.458943504e-05,9,38945486.87,0.003807557012,0,0,0,0,-0.0364125692,0,0.003807557012,147724.6914
GALA,incident_preceding,2024-05-18 21:00:00+00:00,1.457053111e-05,11,39055622.26,0.05499418603,-0.004284187774,0.004776462344,186021.6515,-166849.7787,-0.03978117943,0.005268736914,0.002827937164,110135.3897
GALA,incident_preceding,2024-05-18 22:00:00+00:00,1.466094856e-05,8,39035718.51,0.002377511186,0,0,0,0,-0.04001715658,0,-0.0005096256448,-19903.74668
GALA,incident_preceding,2024-05-18 23:00:00+00:00,1.457383934e-05,5,39033449.43,0.001403182141,0,0,0,0,-0.04075539212,0,-5.812849261e-05,-2269.087475
GALA,incident_preceding,2024-05-19 00:00:00+00:00,1.457592877e-05,3,39023858.5,0.000860567769,0,0,0,0,-0.0437887007,0,-0.000245710503,-9590.928491
GALA,incident_preceding,2024-05-19 01:00:00+00:00,1.466765623e-05,10,38574598.04,0.01247964436,0,0,0,0,-0.05140628053,0,-0.01151245605,-449260.4559
GALA,incident_preceding,2024-05-19 02:00:00+00:00,1.475547796e-05,13,38497005.22,0.008324368629,0,0,0,0,-0.06107769097,0,-0.002011500568,-77592.82589
GALA,incident_preceding,2024-05-19 03:00:00+00:00,1.483672067e-05,16,37871265.25,0.01988110648,0,0,0,0,-0.06198124056,0,-0.01625425046,-625739.9647
GALA,incident_preceding,2024-05-19 04:00:00+00:00,1.475470031e-05,10,38156660.8,0.01021497478,0,0,0,0,-0.05786290229,0,0.007535938959,285395.5432
GALA,incident_preceding,2024-05-19 05:00:00+00:00,1.457767819e-05,12,38355452.56,0.005209883804,0,0,0,0,-0.02786336027,0,0.005209883804,198791.7691
GALA,incident_preceding,2024-05-19 06:00:00+00:00,1.467851145e-05,8,38460982.55,0.002751368659,0,0,0,0,-0.04530901319,0,0.002751368659,105529.9901
GALA,incident_preceding,2024-05-19 07:00:00+00:00,1.467239777e-05,4,38486512.74,0.0006662289023,0,0,0,0,-0.0414288422,0,0.0006637943213,25530.18181
GALA,incident_preceding,2024-05-19 08:00:00+00:00,1.462962124e-05,5,38695128.86,0.005579039315,0,0,0,0,,0,0.00542049953,208616.1242
GALA,incident_preceding,2024-05-19 09:00:00+00:00,1.462285565e-05,11,39094462.75,0.01233169642,-0.001995285239,0.001995285239,77207.81943,-77207.81943,-0.03898466608,0.001995285239,0.01032000412,399333.8893
GALA,incident_preceding,2024-05-19 10:00:00+00:00,1.458123108e-05,3,39093894.88,5.148276768e-05,0,0,0,0,-0.03010797002,0,-1.45254681e-05,-567.8653717
GALA,incident_preceding,2024-05-19 11:00:00+00:00,1.466873778e-05,4,39641156.11,0.01403475474,0,0,0,0,-0.04122278445,0,0.01399863652,547261.2247
GALA,incident_preceding,2024-05-19 12:00:00+00:00,1.450640428e-05,7,39963436.79,0.0081299517,0,0,0,0,-0.03017820004,0,0.0081299517,322280.6845
GALA,incident_preceding,2024-05-19 13:00:00+00:00,1.435423219e-05,12,40346388.22,0.01070978761,-0.0008843947836,0.1056492817,4222108.392,-35343.45504,-0.02053286752,0.2104141687,0.009582544763,382951.422
GALA,incident_preceding,2024-05-19 14:00:00+00:00,1.444278046e-05,5,40317114.39,0.00122101321,0,0,0,0,-0.02747255628,0,-0.0007255624392,-29273.82385
GALA,incident_preceding,2024-05-19 15:00:00+00:00,1.421845122e-05,11,41226625.15,0.02308391969,0,0,0,0,-0.005039125033,0,0.02255892491,909510.7562
GALA,incident_preceding,2024-05-19 16:00:00+00:00,1.411321643e-05,10,41908309.7,0.01653505592,0,0,0,0,0.03722584852,0,0.01653505592,681684.5523
GALA,incident_preceding,2024-05-19 17:00:00+00:00,1.419559411e-05,6,41910825.37,0.00522617902,0,0,0,0,0.0445256212,0,6.002797733e-05,2515.671064
GALA,incident_preceding,2024-05-19 18:00:00+00:00,1.412174157e-05,3,41917762.82,0.006343863729,0,0,0,0,0.05166728825,0,0.000165528815,6937.44926
GALA,incident_preceding,2024-05-19 19:00:00+00:00,1.417280191e-05,8,42063443.29,0.01004013124,0,0,0,0,0.02017480682,0,0.003475387463,145680.4674
GALA,incident_preceding,2024-05-19 20:00:00+00:00,1.406775178e-05,10,42230972.92,0.004622951942,0,0,0,0,,0,0.003982784468,167529.6286
GALA,incident_preceding,2024-05-19 21:00:00+00:00,1.400227606e-05,8,42641160.16,0.009809926032,0,0,0,0,,0,0.00971294801,410187.2443
GALA,incident_preceding,2024-05-19 22:00:00+00:00,1.408584287e-05,2,42639785.58,0.0001812707124,0,0,0,0,,0,-3.223590224e-05,-1374.57627
GALA,incident_preceding,2024-05-19 23:00:00+00:00,1.399181762e-05,6,42708894.57,0.001873349485,0,0,0,0,,0,0.001620762903,69108.98266
GALA,incident_preceding,2024-05-20 00:00:00+00:00,1.395144033e-05,2,42708081.94,3.026594374e-05,0,0,0,0,,0,-1.902706704e-05,-812.625
GALA,incident_preceding,2024-05-20 01:00:00+00:00,1.393269913e-05,16,43650219.93,0.02217293592,0,0,0,0,,0,0.02205994607,942137.9845
GALA,incident_preceding,2024-05-20 02:00:00+00:00,1.388121809e-05,11,43455513.08,0.01534928413,0,0,0,0,,0,-0.004460615565,-194706.8504
GALA,incident_preceding,2024-05-20 03:00:00+00:00,1.394504145e-05,13,43524983.75,0.01150986763,0,0,0,0,,0,0.001598662005,69470.67767
GALA,incident_preceding,2024-05-20 04:00:00+00:00,1.392518115e-05,11,42942895.06,0.01363535177,0,0,0,0,,0,-0.01337366822,-582088.692
GALA,incident_preceding,2024-05-20 05:00:00+00:00,1.417710171e-05,18,41505293.53,0.03647226666,0,0,0,0,,0,-0.03347705191,-1437601.527
GALA,incident_preceding,2024-05-20 06:00:00+00:00,1.402828439e-05,16,42514373.34,0.02431412256,0,0,0,0,,0,0.02431207492,1009079.806
GALA,incident_preceding,2024-05-20 07:00:00+00:00,1.40769567e-05,6,42162295.44,0.008971928205,0,0,0,0,,0,-0.008281385273,-352077.9053
GALA,incident_preceding,2024-05-20 08:00:00+00:00,1.40769567e-05,0,42162295.44,0,0,0,0,0,,0,0,0
GALA,incident_preceding,2024-05-20 09:00:00+00:00,1.406375744e-05,6,42243354.24,0.00896934284,0,0,0,0,,0,0.001922542579,81058.8082
GALA,incident_preceding,2024-05-20 10:00:00+00:00,1.414876285e-05,1,42238888.3,0.0001057193303,0,0,0,0,,0,-0.0001057193303,-4465.939119
GALA,incident_preceding,2024-05-20 11:00:00+00:00,1.407634548e-05,5,42162137.51,0.003822539783,0,0,0,0,,0,-0.001817064732,-76750.79426
GALA,incident_preceding,2024-05-20 12:00:00+00:00,1.407516682e-05,1,42170253.09,0.003590543766,-0.00338786459,0.1423673434,6002511.511,-142839.6127,,0.2813468223,0.0001924849996,8115.57902
GALA,incident_preceding,2024-05-20 13:00:00+00:00,1.40625039e-05,2,42320900.15,0.003572353742,0,0,0,0,,0,0.003572353742,150647.0614
GALA,incident_preceding,2024-05-20 14:00:00+00:00,1.405140107e-05,1,42323942.41,7.188552459e-05,0,0,0,0,,0,7.188552459e-05,3042.260108
GALA,incident_preceding,2024-05-20 15:00:00+00:00,1.414698289e-05,2,42175593.17,0.003663349546,0,0,0,0,,0,-0.003505090251,-148349.2379
GALA,incident_preceding,2024-05-20 16:00:00+00:00,1.464849416e-05,21,38936406.67,0.07837941859,0,0,0,0,,0,-0.07680239343,-3239186.5
GALA,incident_preceding,2024-05-20 17:00:00+00:00,1.484194456e-05,11,37965625.88,0.05789456526,0,0,0,0,,0,-0.02493247012,-970780.7961
GALA,incident_preceding,2024-05-20 18:00:00+00:00,1.487055158e-05,12,37749331.12,0.02888502355,0,0,0,0,,0,-0.005697120711,-216294.7535
GALA,incident_preceding,2024-05-20 19:00:00+00:00,1.446163927e-05,20,42791828.69,0.1337751843,0,0,0,0,,0,0.1335784613,5042497.567
TURBO,pilot,2026-07-21 00:00:00+00:00,4.326745028e-07,10,64711941.89,,,,19720986.17,0,,,,
TURBO,pilot,2026-07-22 00:00:00+00:00,4.204207806e-07,19,64665384.38,0.01015134102,-8.396347073e-05,0.05969703796,3863111.251,-5433.439239,,,,
TURBO,pilot,2026-07-23 00:00:00+00:00,4.149769657e-07,42,75179439.68,0.1132886765,0.1601909968,0.4803708566,31063366.08,10358812.38,,,,
TURBO,pilot,2026-07-24 00:00:00+00:00,4.248593309e-07,18,64783724.7,0.0287061609,-0.1507091642,0.244815794,18405114.22,-11330230.52,,,,
TURBO,pilot,2026-07-25 00:00:00+00:00,4.27971577e-07,14,70264425.12,0.1520819489,0.2097267667,0.2953008628,19130689.8,13586881.12,,,,
TURBO,pilot,2026-07-26 00:00:00+00:00,4.210780505e-07,43,64731858.35,0.0315959349,-0.09286587821,4.565871636,320818345.7,-6525167.546,,,,
TURBO,pilot,2026-07-27 00:00:00+00:00,4.143085844e-07,20,76460657.01,0.04013365801,0.1767178432,1.712693018,110865801.8,11439274.39,,,,
TURBO,pilot,2026-07-28 00:00:00+00:00,4.02699977e-07,23,65137709.26,0.01849030382,-0.1467060654,0.6516471189,49825366.85,-11217242.15,,,,
TURBO,pilot,2026-07-29 00:00:00+00:00,3.89071137e-07,28,69994937.56,0.09775934672,0.03988241924,2.479561412,161512950.3,2597849.429,,,,
TURBO,pilot,2026-07-30 00:00:00+00:00,3.87319784e-07,37,72400417.81,0.01967594615,0.04363784635,1.669677196,116868951.1,3054428.331,,,,
TURBO,pilot,2026-07-31 00:00:00+00:00,4.349542819e-07,52,64599224.05,0.01977422593,-0.09054024286,0.8921207129,64589912.35,-6555151.411,,,,
TURBO,pilot,2026-08-01 00:00:00+00:00,4.219813473e-07,41,76212315.74,0.02193406036,0.1651679588,3.973623166,256692973.2,10669721.98,,,,
TURBO,pilot,2026-08-02 00:00:00+00:00,4.211297096e-07,40,68965635.8,0.07573190835,-0.1385014673,1.854615483,141344540.8,-10555517.56,,,,
TURBO,pilot,2026-08-03 00:00:00+00:00,4.190287871e-07,26,72267443.1,0.008736612745,0.03987542023,0.4412312128,30429791.13,2750033.709,,,,
TURBO,pilot,2026-08-04 00:00:00+00:00,4.467110483e-07,45,68928532.57,0.04027160833,-0.04950537836,0.8646269293,62484377.42,-3577627.113,,,,
TURBO,pilot,2026-08-05 00:00:00+00:00,4.312797094e-07,39,64667638.45,0.149601412,-0.08109449084,1.477111585,101815134,-5589724.253,,,,
TURBO,pilot,2026-08-06 00:00:00+00:00,4.232925841e-07,57,69813049.51,0.1760781984,0.04875575987,0.7606010092,49186271.06,3152919.851,,,,
TURBO,pilot,2026-08-07 00:00:00+00:00,4.207895514e-07,20,64967620.97,0.04590810861,-0.05326632914,0.05326632914,3718684.873,-3718684.873,,,,
TURBO,pilot,2026-08-08 00:00:00+00:00,4.424469546e-07,22,74869354.95,0.01150486489,0.1615014581,2.179865605,141620682.4,10492365.51,,,,
TURBO,pilot,2026-08-09 00:00:00+00:00,4.661521324e-07,54,64413517.18,0.07837986293,-0.1279067339,1.442689451,108013228.6,-9576294.659,,,,
TURBO,pilot,2026-08-10 00:00:00+00:00,4.499569401e-07,46,75122066.76,0.03261932645,0.1640799319,0.1598045429,10293572.67,10568965.52,,,,
TURBO,pilot,2026-08-11 00:00:00+00:00,4.324709647e-07,29,64659034.33,0.03068611827,-0.150258306,0.5786226328,43467328.05,-11287714.5,,,,
TURBO,pilot,2026-08-12 00:00:00+00:00,4.287456765e-07,19,64813170.15,0.01078093327,0,0,0,0,,,,
TURBO,pilot,2026-08-13 00:00:00+00:00,4.19572364e-07,42,64915583.9,0.1201312501,0,0,0,0,,,,
TURBO,pilot,2026-08-14 00:00:00+00:00,4.115014768e-07,21,65104587.77,0.01750080112,0,0,0,0,,,,
TURBO,pilot,2026-08-15 00:00:00+00:00,4.20575117e-07,27,64901189.73,0.02335106566,0,0,0,0,,,,
TURBO,pilot,2026-08-16 00:00:00+00:00,4.168644208e-07,13,64991762.88,0.006362310316,0,0,0,0,,,,
TURBO,pilot,2026-08-17 00:00:00+00:00,4.089410747e-07,14,65347409.96,0.009783013917,0,0,0,0,,,,
TURBO,pilot,2026-08-18 00:00:00+00:00,3.939788466e-07,12,65572727.9,0.0264249836,0,0,0,0,,,,
TURBO,pilot,2026-08-19 00:00:00+00:00,3.721313909e-07,21,66328060.03,0.03749584761,0,0,0,0,,,,
TURBO,pilot,2026-08-20 00:00:00+00:00,3.904050208e-07,12,65820147.95,0.008646154108,0,0,0,0,,,,
uPEG,pilot,2026-05-06 05:00:00+00:00,0.5098969847,49,42.41986113,,,,0,0,,,,
uPEG,pilot,2026-05-06 06:00:00+00:00,0.5184140993,24,43.51304996,0.06780467447,0,0,0,0,,,,
uPEG,pilot,2026-05-06 07:00:00+00:00,0.5084348346,37,44.07431524,0.1501445625,0,0,0,0,,,,
uPEG,pilot,2026-05-06 08:00:00+00:00,0.4538558637,105,48.22052642,0.9037066248,0,0,0,0,,,,
uPEG,pilot,2026-05-06 09:00:00+00:00,0.4765423723,54,38.87737013,0.2071317758,0,0,0,0,,,,
uPEG,pilot,2026-05-06 10:00:00+00:00,0.5112562902,28,36.43858335,0.09949058727,0,0,0,0,,,,
uPEG,pilot,2026-05-06 11:00:00+00:00,0.5017742093,20,45.43855408,0.09961185567,0,0,0,0,,,,
uPEG,pilot,2026-05-06 12:00:00+00:00,0.4950524113,16,37.56490847,0.05268908693,0,0,0,0,,,,
uPEG,pilot,2026-05-06 13:00:00+00:00,0.4846349481,39,36.49269406,0.2209965531,0,0,0,0,,,,
uPEG,pilot,2026-05-06 14:00:00+00:00,0.4735919474,29,35.7439575,0.1315907606,0,0,0,0,,,,
uPEG,pilot,2026-05-06 15:00:00+00:00,0.4595277498,18,32.50760256,0.06866952669,0,0,0,0,,,,
uPEG,pilot,2026-05-06 16:00:00+00:00,0.4856556458,19,31.23876487,0.1068787038,0,0,0,0,,,,
uPEG,pilot,2026-05-06 17:00:00+00:00,0.4873996542,4,31.07682872,0.0241892676,0,0,0,0,,,,
uPEG,pilot,2026-05-06 18:00:00+00:00,0.5007209987,27,29.39375873,0.2052511138,0,0,0,0,,,,
uPEG,pilot,2026-05-06 19:00:00+00:00,0.4780447265,11,31.55987849,0.0543670203,0,0,0,0,,,,
uPEG,pilot,2026-05-06 20:00:00+00:00,0.5138068674,10,28.95712621,0.07229576935,0,0,0,0,,,,
uPEG,pilot,2026-05-06 21:00:00+00:00,0.4996469413,8,29.47122197,0.01790336023,0,0,0,0,,,,
uPEG,pilot,2026-05-06 22:00:00+00:00,0.4847183089,7,30.07983509,0.02809565338,0,0,0,0,,,,
uPEG,pilot,2026-05-06 23:00:00+00:00,0.4977042294,4,29.85876885,0.02755021008,0,0,0,0,,,,
uPEG,pilot,2026-05-07 00:00:00+00:00,0.5087698549,9,29.26419811,0.03722443656,0,0,0,0,,,,
uPEG,pilot,2026-05-07 01:00:00+00:00,0.4947067529,28,28.4029286,0.1274681413,0,0,0,0,,,,
uPEG,pilot,2026-05-07 02:00:00+00:00,0.5477893372,38,26.65735349,0.1844248242,0,0,0,0,,,,
uPEG,pilot,2026-05-07 03:00:00+00:00,0.6261248269,97,26.87474335,0.7299511641,0,0,0,0,,,,
uPEG,pilot,2026-05-07 04:00:00+00:00,0.5879239452,69,25.73461977,0.6267263173,0,0,0,0,,,,
uPEG,pilot,2026-05-07 05:00:00+00:00,0.5422775219,27,32.77338559,0.2796294731,0,0,0,0,,,,
uPEG,pilot,2026-05-07 06:00:00+00:00,0.525846247,56,28.8802156,0.3709513754,0,0,0,0,,,,
uPEG,pilot,2026-05-07 07:00:00+00:00,0.4906481054,31,31.07984936,0.2195043054,0,0,0,0,,,,
uPEG,pilot,2026-05-07 08:00:00+00:00,0.5282036031,51,28.95756171,0.4392644959,0,0,0,0,,,,
uPEG,pilot,2026-05-07 09:00:00+00:00,0.4995164983,23,30.27498096,0.2277111304,0,0,0,0,,,,
uPEG,pilot,2026-05-07 10:00:00+00:00,0.4773437506,34,32.92333683,0.2268022434,0,0,0,0,,,,
uPEG,pilot,2026-05-07 11:00:00+00:00,0.4343351145,43,34.30698258,0.2684989872,0,0,0,0,,,,
uPEG,pilot,2026-05-07 12:00:00+00:00,0.3557245579,119,44.41373694,2.034689798,0,0,0,0,,,,
uPEG,pilot,2026-05-07 13:00:00+00:00,0.3684398889,63,36.08196321,0.5775253241,0,0,0,0,,,,
uPEG,pilot,2026-05-07 14:00:00+00:00,0.3737475657,85,41.3835364,1.163675103,0,0,0,0,,,,
uPEG,pilot,2026-05-07 15:00:00+00:00,0.3667766612,50,42.98766574,0.3619946851,0,0,0,0,,,,
uPEG,pilot,2026-05-07 16:00:00+00:00,0.3983273148,43,40.11030311,0.2726593776,0,0,0,0,,,,
uPEG,pilot,2026-05-07 17:00:00+00:00,0.3955476001,32,40.23086665,0.1943701474,0,0,0,0,,,,
uPEG,pilot,2026-05-07 18:00:00+00:00,0.4019875539,23,39.64135907,0.1367599634,0,0,0,0,,,,
uPEG,pilot,2026-05-07 19:00:00+00:00,0.4143541892,11,38.15362282,0.04553525651,0,0,0,0,,,,
uPEG,pilot,2026-05-07 20:00:00+00:00,0.373058973,19,40.71275334,0.1137996463,0,0,0,0,,,,
uPEG,pilot,2026-05-07 21:00:00+00:00,0.3844238587,13,40.37054224,0.04775676771,0,0,0,0,,,,
uPEG,pilot,2026-05-07 22:00:00+00:00,0.3731912144,12,40.65920966,0.03689826851,0,0,0,0,,,,
uPEG,pilot,2026-05-07 23:00:00+00:00,0.337366861,58,42.41913594,0.5582033405,0,0,0,0,,,,
uPEG,pilot,2026-05-08 00:00:00+00:00,0.3670541219,34,34.29356516,0.1182280246,0,0,0,0,,,,
uPEG,pilot,2026-05-08 01:00:00+00:00,0.3549416209,23,35.49390448,0.1419716716,0,0,0,0,,,,
uPEG,pilot,2026-05-08 02:00:00+00:00,0.3593438907,48,33.55868624,0.3145848931,0,0,0,0,,,,
uPEG,pilot,2026-05-08 03:00:00+00:00,0.33353229,33,33.41183823,0.2266000926,0,0,0,0,,,,
uPEG,pilot,2026-05-08 04:00:00+00:00,0.3740031882,38,29.9912997,0.380532454,0,0,0,0,,,,
uPEG,pilot,2026-05-08 05:00:00+00:00,0.4147827765,52,29.01327059,0.339376316,0,0,0,0,,,,
uPEG,pilot,2026-05-08 06:00:00+00:00,0.4038025217,88,28.40083257,0.9839170218,0,0,0,0,,,,
uPEG,pilot,2026-05-08 07:00:00+00:00,0.3953551615,35,25.24940167,0.2470538598,0,0,0,0,,,,
uPEG,pilot,2026-05-08 08:00:00+00:00,0.430462759,20,24.21455109,0.08494661309,0,0,0,0,,,,
uPEG,pilot,2026-05-08 09:00:00+00:00,0.444960534,17,23.61725932,0.1267407049,0,0,0,0,,,,
uPEG,pilot,2026-05-08 10:00:00+00:00,0.3889611777,13,25.14309222,0.1693518934,0,0,0,0,,,,
uPEG,pilot,2026-05-08 11:00:00+00:00,0.4233186408,18,23.08771429,0.2799141816,0,0,0,0,,,,
uPEG,pilot,2026-05-08 12:00:00+00:00,0.3941533617,11,24.00135092,0.08903975142,0,0,0,0,,,,
uPEG,pilot,2026-05-08 13:00:00+00:00,0.3785706617,8,24.94188994,0.06289850084,0,0,0,0,,,,
uPEG,pilot,2026-05-08 14:00:00+00:00,0.3790870635,28,25.5376815,0.2875506971,0,0,0,0,,,,
uPEG,pilot,2026-05-08 15:00:00+00:00,0.3919558782,11,24.10636188,0.09103221978,0,0,0,0,,,,
uPEG,pilot,2026-05-08 16:00:00+00:00,0.3463425522,31,24.68637687,0.3848066862,0,0,0,0,,,,
uPEG,pilot,2026-05-08 17:00:00+00:00,0.3678638893,32,24.6428785,0.1982602617,0,0,0,0,,,,
uPEG,pilot,2026-05-08 18:00:00+00:00,0.3759104935,8,24.5637357,0.02266207904,0,0,0,0,,,,
uPEG,pilot,2026-05-08 19:00:00+00:00,0.3371119989,17,26.08807354,0.1377177839,0,0,0,0,,,,
uPEG,pilot,2026-05-08 20:00:00+00:00,0.3489767827,4,26.46700502,0.03590474132,0,0,0,0,,,,
uPEG,pilot,2026-05-08 21:00:00+00:00,0.3807867216,19,24.46100217,0.1031518477,0,0,0,0,,,,
uPEG,pilot,2026-05-08 22:00:00+00:00,0.3668920699,13,23.88766768,0.1118029019,0,0,0,0,,,,
uPEG,pilot,2026-05-08 23:00:00+00:00,0.3556080772,13,24.58174306,0.06983443572,0,0,0,0,,,,
uPEG,pilot,2026-05-09 00:00:00+00:00,0.3765723859,18,24.96778388,0.08031094071,0,0,0,0,,,,
uPEG,pilot,2026-05-09 01:00:00+00:00,0.396146768,15,24.36142075,0.08962117279,0,0,0,0,,,,
uPEG,pilot,2026-05-09 02:00:00+00:00,0.4043703054,14,23.29490226,0.08514777671,0,0,0,0,,,,
uPEG,pilot,2026-05-09 03:00:00+00:00,0.4619950348,69,21.57938859,0.7609154854,0,0,0,0,,,,
uPEG,pilot,2026-05-09 04:00:00+00:00,0.4030626519,54,23.7555701,0.464888216,0,0,0,0,,,,
uPEG,pilot,2026-05-09 05:00:00+00:00,0.4157331601,12,23.34810874,0.03345454238,0,0,0,0,,,,
uPEG,pilot,2026-05-09 06:00:00+00:00,0.4207242973,19,23.0486641,0.1501817807,0,0,0,0,,,,
uPEG,pilot,2026-05-09 07:00:00+00:00,0.4152528447,5,23.32561199,0.01436299738,0,0,0,0,,,,
uPEG,pilot,2026-05-09 08:00:00+00:00,0.4435179728,36,22.17892957,0.2851857437,0,0,0,0,,,,
uPEG,pilot,2026-05-09 09:00:00+00:00,0.4328915233,26,22.88117323,0.1525487905,0,0,0,0,,,,
uPEG,pilot,2026-05-09 10:00:00+00:00,0.4259434911,7,23.3084806,0.04356257039,0,0,0,0,,,,
uPEG,pilot,2026-05-09 11:00:00+00:00,0.4142168396,14,23.24213112,0.07506724401,0,0,0,0,,,,
uPEG,pilot,2026-05-09 12:00:00+00:00,0.4524399635,24,21.48149011,0.1958388038,0,0,0,0,,,,
uPEG,pilot,2026-05-09 13:00:00+00:00,0.433107065,33,22.14550202,0.2941349899,0,0,0,0,,,,
uPEG,pilot,2026-05-09 14:00:00+00:00,0.5276081748,90,17.78419952,0.9367111076,0,0,0,0,,,,
uPEG,pilot,2026-05-09 15:00:00+00:00,0.5638038472,113,17.2187311,0.8943402352,0,0,0,0,,,,
uPEG,pilot,2026-05-09 16:00:00+00:00,0.5183132603,49,18.26307007,0.3842057649,0,0,0,0,,,,
uPEG,pilot,2026-05-09 17:00:00+00:00,0.5357649142,29,17.70047636,0.1854817804,0,0,0,0,,,,
uPEG,pilot,2026-05-09 18:00:00+00:00,0.5144658921,25,18.46212168,0.1599718408,0,0,0,0,,,,
uPEG,pilot,2026-05-09 19:00:00+00:00,0.5119955713,15,18.51584478,0.06622654214,0,0,0,0,,,,
uPEG,pilot,2026-05-09 20:00:00+00:00,0.5191452836,3,18.24730823,0.01067405587,0,0,0,0,,,,
uPEG,pilot,2026-05-09 21:00:00+00:00,0.5139217603,5,18.12048857,0.02116425072,0,0,0,0,,,,
uPEG,pilot,2026-05-09 22:00:00+00:00,0.5408001166,29,17.4357748,0.1523553296,0,0,0,0,,,,
uPEG,pilot,2026-05-09 23:00:00+00:00,0.5715436053,13,16.81506733,0.07400350433,0,0,0,0,,,,
uPEG,pilot,2026-05-10 00:00:00+00:00,0.537739811,17,17.67530809,0.1249396628,0,0,0,0,,,,
uPEG,pilot,2026-05-10 01:00:00+00:00,0.5575366213,17,17.20716588,0.06259148207,0,0,0,0,,,,
uPEG,pilot,2026-05-10 02:00:00+00:00,0.5621268058,54,17.12787375,0.3580513339,0,0,0,0,,,,
uPEG,pilot,2026-05-10 03:00:00+00:00,0.4537245207,50,20.08536441,1.086395709,0,0,0,0,,,,
uPEG,pilot,2026-05-10 04:00:00+00:00,0.5395080688,56,17.73371848,0.5638928537,0,0,0,0,,,,
uPEG,pilot,2026-05-10 05:00:00+00:00,0.5079941735,22,18.32589742,0.124399583,0,0,0,0,,,,
uPEG,pilot,2026-05-10 06:00:00+00:00,0.5174927131,9,18.28174208,0.04302466155,0,0,0,0,,,,
uPEG,pilot,2026-05-10 07:00:00+00:00,0.4934969064,7,18.67607254,0.0300105896,0,0,0,0,,,,
uPEG,pilot,2026-05-10 08:00:00+00:00,0.5277404841,22,17.78991411,0.1232389701,0,0,0,0,,,,
uPEG,pilot,2026-05-10 09:00:00+00:00,0.5298126107,13,17.7969654,0.06769317709,0,0,0,0,,,,
uPEG,pilot,2026-05-10 10:00:00+00:00,0.5403622201,12,17.50106313,0.08629156347,0,0,0,0,,,,
uPEG,pilot,2026-05-10 11:00:00+00:00,0.5517912036,20,17.44721368,0.1360101548,0,0,0,0,,,,
uPEG,pilot,2026-05-10 12:00:00+00:00,0.5228305005,20,18.22747119,0.1840513214,0,0,0,0,,,,
uPEG,pilot,2026-05-10 13:00:00+00:00,0.4800967204,16,19.35669401,0.1070476125,0,0,0,0,,,,
uPEG,pilot,2026-05-10 14:00:00+00:00,0.4957411466,12,19.75388379,0.0589239273,0,0,0,0,,,,
uPEG,pilot,2026-05-10 15:00:00+00:00,0.4458162684,18,21.5167889,0.1322463625,0,0,0,0,,,,
uPEG,pilot,2026-05-10 16:00:00+00:00,0.4934297287,16,19.70011002,0.1439734912,0,0,0,0,,,,
uPEG,pilot,2026-05-10 17:00:00+00:00,0.4830868207,7,19.78969249,0.01427667711,0,0,0,0,,,,
uPEG,pilot,2026-05-10 18:00:00+00:00,0.4877667747,4,19.6441703,0.01753736717,0,0,0,0,,,,
uPEG,pilot,2026-05-10 19:00:00+00:00,0.4889156158,8,19.55667328,0.02747827567,0,0,0,0,,,,
uPEG,pilot,2026-05-10 20:00:00+00:00,0.4595729453,5,20.05104543,0.05795792328,0,0,0,0,,,,
uPEG,pilot,2026-05-10 21:00:00+00:00,0.4613608659,9,20.62472357,0.08506733108,0,0,0,0,,,,
uPEG,pilot,2026-05-10 22:00:00+00:00,0.4625567828,5,20.64378737,0.02877259645,0,0,0,0,,,,
uPEG,pilot,2026-05-10 23:00:00+00:00,0.4683803373,6,20.40532368,0.0371140616,0,0,0,0,,,,
uPEG,pilot,2026-05-11 00:00:00+00:00,0.4588705792,8,20.79774932,0.039696793,0,0,0,0,,,,
uPEG,pilot,2026-05-11 01:00:00+00:00,0.4826267532,10,20.15280743,0.06717805987,0,0,0,0,,,,
uPEG,pilot,2026-05-11 02:00:00+00:00,0.4993881188,12,19.29203669,0.06556948243,0,0,0,0,,,,
uPEG,pilot,2026-05-11 03:00:00+00:00,0.4879022744,15,19.65031305,0.09568294979,0,0,0,0,,,,
uPEG,pilot,2026-05-11 04:00:00+00:00,0.5207299562,23,18.85492448,0.2525754292,0,0,0,0,,,,
uPEG,pilot,2026-05-11 05:00:00+00:00,0.5126990353,19,19.04610272,0.09551376185,0,0,0,0,,,,
uPEG,pilot,2026-05-11 06:00:00+00:00,0.4878297037,13,19.81633337,0.1217728213,0,0,0,0,,,,
uPEG,pilot,2026-05-11 07:00:00+00:00,0.515375917,12,19.00980407,0.1212115889,0,0,0,0,,,,
uPEG,pilot,2026-05-11 08:00:00+00:00,0.4991372766,10,19.18994092,0.1002459184,0,0,0,0,,,,
uPEG,pilot,2026-05-11 09:00:00+00:00,0.4721967904,10,20.2929102,0.1060806571,0,0,0,0,,,,
uPEG,pilot,2026-05-11 10:00:00+00:00,0.4571875673,8,20.80164979,0.05100995004,0,0,0,0,,,,
uPEG,pilot,2026-05-11 11:00:00+00:00,0.4281513379,45,21.92138086,0.4171949417,0,0,0,0,,,,
uPEG,pilot,2026-05-11 12:00:00+00:00,0.4006160923,40,22.95821156,0.3405961045,0,0,0,0,,,,
uPEG,pilot,2026-05-11 13:00:00+00:00,0.4133576671,30,22.49782223,0.3213086727,0,0,0,0,,,,
uPEG,pilot,2026-05-11 14:00:00+00:00,0.4055228591,13,22.69359032,0.07818877896,0,0,0,0,,,,
uPEG,pilot,2026-05-11 15:00:00+00:00,0.4117970781,4,22.72935041,0.009559110132,0,0,0,0,,,,
uPEG,pilot,2026-05-11 16:00:00+00:00,0.3695654982,14,23.99958182,0.1058195974,0,0,0,0,,,,
uPEG,pilot,2026-05-11 17:00:00+00:00,0.3804406701,10,22.71795582,0.04976264631,0,0,0,0,,,,
uPEG,pilot,2026-05-11 18:00:00+00:00,0.4165980531,14,22.47917883,0.06195633052,0,0,0,0,,,,
uPEG,pilot,2026-05-11 19:00:00+00:00,0.4147322435,6,21.81577077,0.02967283271,0,0,0,0,,,,
uPEG,pilot,2026-05-11 20:00:00+00:00,0.4129015053,9,22.39696757,0.1973264288,0,0,0,0,,,,
uPEG,pilot,2026-05-11 21:00:00+00:00,0.4054024913,8,22.68262503,0.036732027,0,0,0,0,,,,
uPEG,pilot,2026-05-11 22:00:00+00:00,0.3914669008,9,23.14876313,0.04005948621,0,0,0,0,,,,
uPEG,pilot,2026-05-11 23:00:00+00:00,0.3965397726,7,23.1422029,0.02210023742,0,0,0,0,,,,
uPEG,pilot,2026-05-12 00:00:00+00:00,0.3907310903,6,23.16639573,0.008977271815,0,0,0,0,,,,
uPEG,pilot,2026-05-12 01:00:00+00:00,0.4082598619,24,22.80753817,0.1182538416,0,0,0,0,,,,
uPEG,pilot,2026-05-12 02:00:00+00:00,0.3748127255,15,23.72292869,0.05372782887,0,0,0,0,,,,
uPEG,pilot,2026-05-12 03:00:00+00:00,0.3910826433,21,23.20080731,0.1035524385,0,0,0,0,,,,
uPEG,pilot,2026-05-12 04:00:00+00:00,0.3816339176,19,27.49959329,0.1178348318,0,0,0,0,,,,
uPEG,pilot,2026-05-12 05:00:00+00:00,0.3994272003,17,26.58121106,0.07411333327,0,0,0,0,,,,
uPEG,pilot,2026-05-12 06:00:00+00:00,0.3882995008,5,27.08035128,0.02201437624,0,0,0,0,,,,
uPEG,pilot,2026-05-12 07:00:00+00:00,0.3745924177,7,27.72672616,0.04332599619,0,0,0,0,,,,
uPEG,pilot,2026-05-12 08:00:00+00:00,0.3516507043,27,28.93618695,0.4057267428,0,0,0,0,,,,
uPEG,pilot,2026-05-12 09:00:00+00:00,0.3759289727,25,28.78871256,0.1892308425,0,0,0,0,,,,
uPEG,pilot,2026-05-12 10:00:00+00:00,0.3575601908,9,29.98671619,0.06478586523,0,0,0,0,,,,
uPEG,pilot,2026-05-12 11:00:00+00:00,0.3659633956,16,29.57664874,0.1232378316,0,0,0,0,,,,
uPEG,pilot,2026-05-12 12:00:00+00:00,0.3519914177,19,30.81293435,0.1811537663,0,0,0,0,,,,
uPEG,pilot,2026-05-12 13:00:00+00:00,0.3662083076,18,29.56738563,0.09991247958,0,0,0,0,,,,
uPEG,pilot,2026-05-12 14:00:00+00:00,0.3474320645,10,31.20434864,0.1065924277,0,0,0,0,,,,
uPEG,pilot,2026-05-12 15:00:00+00:00,0.345135039,10,30.33403265,0.07358848531,0,0,0,0,,,,
uPEG,pilot,2026-05-12 16:00:00+00:00,0.3258891455,27,32.07659981,0.2809295783,0,0,0,0,,,,
uPEG,pilot,2026-05-12 17:00:00+00:00,0.3450618871,15,31.52170639,0.1171753023,0,0,0,0,,,,
uPEG,pilot,2026-05-12 18:00:00+00:00,0.3461197217,6,30.67472953,0.03211827596,0,0,0,0,,,,
uPEG,pilot,2026-05-12 19:00:00+00:00,0.3581941987,6,29.5836063,0.04599832244,0,0,0,0,,,,
uPEG,pilot,2026-05-12 20:00:00+00:00,0.364151061,14,29.76679351,0.08091096793,0,0,0,0,,,,
uPEG,pilot,2026-05-12 21:00:00+00:00,0.356190524,17,29.32703659,0.2748343343,0,0,0,0,,,,
uPEG,pilot,2026-05-12 22:00:00+00:00,0.3450057407,18,30.89492376,0.1253753163,0,0,0,0,,,,
uPEG,pilot,2026-05-12 23:00:00+00:00,0.3344622686,12,31.34959662,0.07886525014,0,0,0,0,,,,
uPEG,pilot,2026-05-13 00:00:00+00:00,0.3487769298,16,30.09029703,0.1473446357,0,0,0,0,,,,
uPEG,pilot,2026-05-13 01:00:00+00:00,0.3713541883,25,28.67638972,0.3407904448,0,0,0,0,,,,
uPEG,pilot,2026-05-13 02:00:00+00:00,0.374023712,9,28.50135592,0.02225680321,0,0,0,0,,,,
uPEG,pilot,2026-05-13 03:00:00+00:00,0.3743508237,11,28.50139165,0.03575069953,0,0,0,0,,,,
uPEG,pilot,2026-05-13 04:00:00+00:00,0.3747498755,32,27.97237659,0.2645752763,0,0,0,0,,,,
uPEG,pilot,2026-05-13 05:00:00+00:00,0.3736959332,1,28.02572058,0.001907023568,0,0,0,0,,,,
