bucket_start,price_open,price_high,price_low,price_close,price_vwap,price_unit,price_source,price_trade_count,price_staleness_seconds,tvl_token_close,tvl_usd_close,tvl_snapshot_block,volume_token,volume_usd,swap_count,active_trader_count,liquidity_added_token,liquidity_removed_token,net_lp_flow_token,gross_lp_activity_token,recycling_share,lp_add_event_count,lp_remove_event_count,active_lp_count,lp_identity_coverage,withdrawal_amount_coverage,actual_transfer_in_token,actual_transfer_out_token,actual_transfer_net_token,pool_transfer_event_count,price_return,tvl_change,net_lp_flow_ratio,gross_lp_activity_ratio,actual_transfer_net_ratio,withdrawal_ratio,volume_turnover,close_vwap_gap,measured_pool_count,verified_pool_count,data_coverage,is_imputed
2024-04-20T19:00:00+00:00,1.5573796894528984e-05,1.5700662441365822e-05,1.5573796894528984e-05,1.5700662441365822e-05,1.5651320054034134e-05,WETH,pool_swap_ratio,2,313,114713779.42873678,,19698844,1636.48576305,,2,1,0.0,0.0,0.0,0.0,,0,0,,,,1000.0,636.48576305,363.51423695000005,2,,,,,,,,0.0031526022828323175,2,2,price=observed;tvl=observed;lp_amount=none,False
2024-04-20T20:00:00+00:00,1.5816684598098556e-05,1.6047403377103828e-05,1.5590957818201876e-05,1.5719436190089974e-05,1.5792817497358928e-05,WETH,pool_swap_ratio,10,1393,114709076.3961042,,19699053,141639.7059456,,10,7,0.0,0.0,0.0,0.0,,0,0,,,,68468.33665652,73171.36928907999,-4703.032632559989,10,0.0011950154058095754,-4.099881519059394e-05,0.0,0.0,-4.099797475055416e-05,0.0,0.0012347226867683346,-0.0046464987821980275,2,2,price=observed;tvl=observed;lp_amount=none,False
2024-04-20T21:00:00+00:00,1.579598303462385e-05,1.5885266550239886e-05,1.5710053338424877e-05,1.5885266550239886e-05,1.5769658376006685e-05,WETH,pool_swap_ratio,5,145,114698500.33032395,,19699454,56757.70527763,,5,2,0.0,0.0,0.0,0.0,,0,0,,,,23090.819748679998,33666.88552895,-10576.06578027,5,0.010494126989401978,-9.220328237337005e-05,0.0,0.0,-9.219903178149196e-05,0.0,0.0004947969860871239,0.007331051280673018,2,2,price=observed;tvl=observed;lp_amount=none,False
2024-04-20T22:00:00+00:00,1.590198406033766e-05,1.592887388205497e-05,1.5598692148198407e-05,1.5657563578720163e-05,1.566193272012571e-05,WETH,pool_swap_ratio,13,241,114900404.5854114,,19699743,254329.12241419998,,13,6,0.0,0.0,0.0,0.0,,0,0,,,,228116.68875083,26212.433663370004,201904.25508746,13,-0.014437951575666897,0.0017587567084097876,0.0,0.0,0.0017603042280935615,0.0,0.0022173709480224177,-0.00027896566047269644,2,2,price=observed;tvl=observed;lp_amount=none,False
2024-04-20T23:00:00+00:00,1.569292771853336e-05,1.5740107241624176e-05,1.5617761119270765e-05,1.5740107241624176e-05,1.568360438459025e-05,WETH,pool_swap_ratio,10,1,114787919.4101898,,19700062,249170.66882899,,10,8,0.0,0.0,0.0,0.0,,0,0,,,,68342.74680369,180827.92202529998,-112485.17522160998,10,0.005257960282728241,-0.0009794593147571275,0.0,0.0,-0.000978979801050169,0.0,0.0021685795600812578,0.003602670384203366,2,2,price=observed;tvl=observed;lp_amount=none,False
2024-04-21T00:00:00+00:00,1.5742462547193475e-05,1.591950330201168e-05,1.5561314923018018e-05,1.5561314923018018e-05,1.567497743470177e-05,WETH,pool_swap_ratio,19,145,114906487.33380899,,19700350,296309.43523882993,,19,7,0.0,0.0,0.0,0.0,,0,0,,,,207438.67942902003,88870.75580981,118567.92361921004,19,-0.011424034483516447,0.0010323972257849788,0.0,0.0,0.0010329303312442883,0.0,0.002581364282594762,-0.007251207356262057,2,2,price=observed;tvl=observed;lp_amount=none,False
2024-04-21T01:00:00+00:00,1.5671692195104454e-05,1.6072828867566554e-05,1.566024083114611e-05,1.570523415915474e-05,1.5843909860883488e-05,WETH,pool_swap_ratio,27,277,114718817.12183405,,19700639,1072238.89274503,,27,10,29574.1327822,103393.6120804,-73819.47929819999,132967.7448626,0.44483168173995785,1,1,,,1.0,508879.27522250003,696549.4871974599,-187670.21197495988,29,0.009206020926485948,-0.0016345781594525812,-0.000642430910656513,0.0011571822265902373,-0.0016332429641658847,0.0008998065686233752,0.009331404323849215,-0.008752618699953696,2,2,price=observed;tvl=observed;lp_amount=quantified,False
2024-04-21T02:00:00+00:00,1.5690917160814767e-05,1.5890601786174375e-05,1.5193119331096613e-05,1.576837576626411e-05,1.5749745720550812e-05,WETH,pool_swap_ratio,19,241,114627377.36881049,,19700940,693083.72614226,,19,9,0.0,0.0,0.0,0.0,,0,0,,,,300821.9865593499,392261.73958290997,-91439.75302356004,18,0.004012357779662194,-0.0007973950304404847,0.0,0.0,-0.0007970771955088143,0.0,0.006041587104286378,0.0011828791425494423,2,2,price=observed;tvl=observed;lp_amount=none,False
2024-04-21T03:00:00+00:00,1.5763578636398746e-05,1.5816488956661766e-05,1.5713344852548783e-05,1.5713344852548783e-05,1.5737963578322868e-05,WETH,pool_swap_ratio,4,1537,114701586.799726,,19701129,78141.54250435,,4,4,0.0,0.0,0.0,0.0,,0,0,,,,76175.48670993,1966.05579442,74209.43091551,4,-0.0034960585815863336,0.0006471876221548366,0.0,0.0,0.0006473970932506217,0.0,0.0006817005177823418,-0.001564289156698373,2,2,price=observed;tvl=observed;lp_amount=none,False
2024-04-21T04:00:00+00:00,1.5803582556295535e-05,1.5828915325225176e-05,1.5725281446540484e-05,1.5734444838743835e-05,1.5769854801880095e-05,WETH,pool_swap_ratio,6,1129,114830109.1743569,,19701458,114009.91709355,,6,4,120651.29929571,0.0,120651.29929571,120651.29929571,0.0,1,0,,,,181591.79551008,53069.420879180005,128522.3746309,7,0.0013419060333606154,0.0011198661476110644,0.0010518712309217873,0.0010518712309217873,0.0011204934318415813,0.0,0.0009939698331516225,-0.002245420999820391,2,2,price=observed;tvl=observed;lp_amount=quantified,False
2024-04-21T05:00:00+00:00,1.5793587266625984e-05,1.5994375124740566e-05,1.5793587266625984e-05,1.5897878728802346e-05,1.5900242119738257e-05,WETH,pool_swap_ratio,11,1,114517378.46498436,,19701850,345560.20916205004,,11,5,0.0,0.0,0.0,0.0,,0,0,,,,16414.74989476,329145.45926729,-312730.70937253,11,0.010333439084590855,-0.0027271360712372104,0.0,0.0,-0.00272342081376656,0.0,0.003009317082833692,-0.00014863867594672175,2,2,price=observed;tvl=observed;lp_amount=none,False
2024-04-21T06:00:00+00:00,1.5877476496383085e-05,1.591112038729313e-05,1.5697974118129488e-05,1.591112038729313e-05,1.58626858977439e-05,WETH,pool_swap_ratio,6,1273,114619850.47394437,,19702044,222347.3343679,,6,4,0.0,0.0,0.0,0.0,,0,0,,,,162409.67166396,59937.66270394,102472.00896002,6,0.0008325731474514432,0.0008944161214292229,0.0,0.0,0.0008948162308077334,0.0,0.0019416034260327265,0.003053359932955413,2,2,price=observed;tvl=observed;lp_amount=none,False
2024-04-21T07:00:00+00:00,1.5831652666069435e-05,1.6378867149477615e-05,1.549657040754915e-05,1.5640698492050227e-05,1.5854877853271792e-05,WETH,pool_swap_ratio,11,61,114714085.07227044,,19702442,122777.62194596001,,11,5,0.0,0.0,0.0,0.0,,0,0,,,,108506.11013600999,14271.511809949998,94234.59832605999,11,-0.01714186545349089,0.0008218112457301373,0.0,0.0,0.0008221490251156941,0.0,0.0010711724141872798,-0.013508736125479981,2,2,price=observed;tvl=observed;lp_amount=none,False
2024-04-21T08:00:00+00:00,1.5898413147840936e-05,1.6013114818739532e-05,1.579313933211749e-05,1.579313933211749e-05,1.5910677116062793e-05,WETH,pool_swap_ratio,16,361,114714576.87495197,,19702716,750420.83949663,,16,8,4317104.17686257,4414147.6029515,-97043.42608892918,8731251.77981407,0.9888855082253744,1,1,,,1.0,4741228.214144692,4740736.41146316,491.8026815317571,18,0.009699231509174688,4.287194785129106e-06,-0.0008459591167709819,0.07611316234020729,4.287203975186822e-06,0.03847956072848914,0.006541662595520517,-0.007387352724708363,2,2,price=observed;tvl=observed;lp_amount=quantified,False
2024-04-21T09:00:00+00:00,1.587073871538956e-05,1.587073871538956e-05,1.56836085755814e-05,1.56836085755814e-05,1.573022843994724e-05,WETH,pool_swap_ratio,5,193,114878946.75585802,,19703026,169443.26688162,,5,4,0.0,0.0,0.0,0.0,,0,0,,,,166906.57389383,2536.69298779,164369.88090604,5,-0.006959499052890153,0.00143183402030324,0.0,0.0,0.0014328595840545728,0.0,0.0014770857505435134,-0.00296371184587807,2,2,price=observed;tvl=observed;lp_amount=none,False
2024-04-21T10:00:00+00:00,1.565381426188681e-05,1.5745488299712987e-05,1.560780773962525e-05,1.5745488299712987e-05,1.5682898792091442e-05,WETH,pool_swap_ratio,7,529,114904639.02502793,,19703297,278101.47880024,,7,6,0.0,0.0,0.0,0.0,,0,0,,,,151896.87398508,126204.60481516001,25692.26916991998,7,0.003937739880656218,0.0002236214496320134,0.0,0.0,0.00022364645477226968,0.0,0.0024208219752507327,0.00399093996915334,2,2,price=observed;tvl=observed;lp_amount=none,False
2024-04-21T11:00:00+00:00,1.5668480137727635e-05,1.5910282509644142e-05,1.5668480137727635e-05,1.5910282509644142e-05,1.5755202602790228e-05,WETH,pool_swap_ratio,7,325,114862341.89810257,,19703610,99609.05510848,,7,4,0.0,0.0,0.0,0.0,,0,0,,,,28655.96409156,70953.09101692,-42297.126925360004,7,0.01041173185256409,-0.00036817411477682067,0.0,0.0,-0.0003681063470043804,0.0,0.0008668845396814977,0.009843091882959953,2,2,price=observed;tvl=observed;lp_amount=none,False
2024-04-21T12:00:00+00:00,1.578775184281632e-05,1.6002655652703818e-05,1.5674935011123474e-05,1.5799729291291463e-05,1.5702605537231373e-05,WETH,pool_swap_ratio,4,289,114932724.90388854,,19703911,90438.35036946001,,4,4,0.0,0.0,0.0,0.0,,0,0,,,,80410.67807772,10027.67229174,70383.00578598,4,-0.006972792502860367,0.000612571966547189,0.0,0.0,0.0006127596270709736,0.0,0.0007873629326632593,0.006185199891177717,2,2,price=observed;tvl=observed;lp_amount=none,False
2024-04-21T13:00:00+00:00,1.563420540852514e-05,1.573798779116564e-05,1.5544617516180977e-05,1.5573664846314454e-05,1.5609493464834644e-05,WETH,pool_swap_ratio,8,133,115144026.40475307,,19704222,256155.38260846998,,8,4,0.0,0.0,0.0,0.0,,0,0,,,,233728.44173649998,22426.940871969997,211301.50086452998,8,-0.014411469577749426,0.0018367919319980852,0.0,0.0,0.0018384798676027996,0.0,0.0022287419255279783,-0.002295309492323039,2,2,price=observed;tvl=observed;lp_amount=none,False
2024-04-21T14:00:00+00:00,1.5538801603770178e-05,1.5630890242101114e-05,1.528841159927987e-05,1.5536773607796985e-05,1.5444314707620308e-05,WETH,pool_swap_ratio,6,13,115158625.74398006,,19704532,16422.353257099996,,6,4,0.0,0.0,0.0,0.0,,0,0,,,,15510.84624204,911.5070150600001,14599.339226979999,6,-0.0023716320079216614,0.00012678394373952416,0.0,0.0,0.00012679198116331763,0.0,0.00014262444843966384,0.005986597782228431,2,2,price=observed;tvl=observed;lp_amount=none,False
2024-04-21T15:00:00+00:00,1.5536281488078e-05,1.554700155281931e-05,1.531303949299679e-05,1.5532122349544592e-05,1.549839184077837e-05,WETH,pool_swap_ratio,8,337,115166809.11354867,,19704805,24906.64204888,,8,5,0.0,0.0,0.0,0.0,,0,0,,,,16545.00580875,8361.63624013,8183.369568620001,8,-0.0002994157432261849,7.105919133158309e-05,0.0,0.0,7.106171609596329e-05,0.0,0.00021628116771949232,0.0021763876609102173,2,2,price=observed;tvl=observed;lp_amount=none,False
2024-04-21T16:00:00+00:00,1.5508205949390206e-05,1.5508205949390206e-05,1.534293967320819e-05,1.5436802843036425e-05,1.5432837945862072e-05,WETH,pool_swap_ratio,8,97,115495075.52255385,,19705123,378391.40900517,,8,6,0.0,0.0,0.0,0.0,,0,0,,,,353328.90900517,25062.5,328266.40900517,8,-0.0061558356914764726,0.0028463014697208493,0.0,0.0,0.0028503560316715543,0.0,0.0032855942777063065,0.0002569130310485779,2,2,price=observed;tvl=observed;lp_amount=none,False
2024-04-21T17:00:00+00:00,1.5446941526991345e-05,1.5461638535128963e-05,1.531807489762448e-05,1.5410084540639632e-05,1.5363660359421335e-05,WETH,pool_swap_ratio,6,421,115546220.39088309,,19705395,178569.84856784,,6,3,0.0,0.0,0.0,0.0,,0,0,,,,114857.35844854,63712.4901193,51144.86832924001,6,-0.001732317996697974,0.00044273357247642033,0.0,0.0,0.00044283159344964845,0.0,0.0015461252158146684,0.0030216875492061757,2,2,price=observed;tvl=observed;lp_amount=none,False
2024-04-21T18:00:00+00:00,1.5364938580810085e-05,1.545502222703528e-05,1.5308238246578756e-05,1.5308238246578756e-05,1.5372703572224814e-05,WETH,pool_swap_ratio,9,97,115594071.85389833,,19705718,213143.92174612,,9,5,0.0,0.0,0.0,0.0,,0,0,,,,130497.69238067999,82646.22936544,47851.46301523999,9,-0.006631004430140358,0.00041404692564974744,0.0,0.0,0.0004141326549095465,0.0,0.0018446637287232084,-0.004193493053657349,2,2,price=observed;tvl=observed;lp_amount=none,False
2024-04-21T19:00:00+00:00,1.5394115270690988e-05,1.5497260511190623e-05,1.5377058950074855e-05,1.5477256285049553e-05,1.542983957844805e-05,WETH,pool_swap_ratio,12,109,115435061.39361699,,19706017,599664.5775426399,,12,6,0.0,0.0,0.0,0.0,,0,0,,,,220327.05863065,379337.51891199005,-159010.46028134006,12,0.010980478908038629,-0.0013765405527412706,0.0,0.0,-0.001375593555371218,0.0,0.005187675872345495,0.0030730524682665017,2,2,price=observed;tvl=observed;lp_amount=none,False
2024-04-21T20:00:00+00:00,1.538272359207885e-05,1.5495691021266324e-05,1.538272359207885e-05,1.545664708490129e-05,1.5479102267349342e-05,WETH,pool_swap_ratio,6,841,115362800.75940326,,19706255,104818.36527021,,6,4,0.0,0.0,0.0,0.0,,0,0,,,,16278.86552824,88539.49974197001,-72260.63421373001,6,-0.001332467031466261,-0.0006261811604386326,0.0,0.0,-0.0006259851499305884,0.0,0.000908028843271408,-0.001450677310622761,2,2,price=observed;tvl=observed;lp_amount=none,False
2024-04-21T21:00:00+00:00,1.5543590226140742e-05,1.562727090353479e-05,1.5441243873289063e-05,1.5441243873289063e-05,1.554256804617411e-05,WETH,pool_swap_ratio,8,1285,115334031.5138357,,19706518,446801.95085232,,8,5,0.0,0.0,0.0,0.0,,0,0,,,,209016.35264238,237785.59820994,-28769.24556756002,8,-0.0009970397597092852,-0.0002494117100196286,0.0,0.0,-0.00024938060950479337,0.0,0.003873015806751736,-0.00651913973186613,2,2,price=observed;tvl=observed;lp_amount=none,False
2024-04-21T22:00:00+00:00,1.5439169051874986e-05,1.5538493563965258e-05,1.5346826074038775e-05,1.5443481505075094e-05,1.5489394638699883e-05,WETH,pool_swap_ratio,7,733,115333435.16134354,,19706862,73555.66559012,,7,4,0.0,0.0,0.0,0.0,,0,0,,,,36479.656548980005,37076.009041139994,-596.3524921599892,7,0.00014490216523107852,-5.1706684150093265e-06,0.0,0.0,-5.1706550471917695e-06,0.0,0.000637762025870882,-0.002964165785412698,2,2,price=observed;tvl=observed;lp_amount=none,False
2024-04-21T23:00:00+00:00,1.540686720702456e-05,1.558382031122995e-05,1.540686720702456e-05,1.558382031122995e-05,1.548291980703317e-05,WETH,pool_swap_ratio,7,25,115335018.99166206,,19707220,50666.76650448001,,7,4,0.0,0.0,0.0,0.0,,0,0,,,,26125.298411490003,24541.468092990002,1583.8303185000004,7,0.009046211238359244,1.3732526403245072e-05,0.0,0.0,1.3732620694808324e-05,0.0,0.00043930683616247697,0.006516891222994259,2,2,price=observed;tvl=observed;lp_amount=none,False
2024-04-22T00:00:00+00:00,1.5545365302062404e-05,1.5652191284303916e-05,1.5464873379618074e-05,1.5499847184839007e-05,1.55570804153156e-05,WETH,pool_swap_ratio,12,589,115323640.89184079,,19707470,501499.37750450004,,12,6,0.0,0.0,0.0,0.0,,0,0,,,,245060.63884162004,256438.73866287997,-11378.099821259937,12,-0.005403051662861708,-9.865746932068063e-05,0.0,0.0,-9.8652602832471e-05,0.0,0.004348196947370816,-0.003678918469833814,2,2,price=observed;tvl=observed;lp_amount=none,False
2024-04-22T01:00:00+00:00,1.5575858104921266e-05,1.5681693506725995e-05,1.538029243326172e-05,1.538029243326172e-05,1.5458770778745456e-05,WETH,pool_swap_ratio,8,253,115455550.59548439,,19707796,255011.80889855,,8,6,0.0,0.0,0.0,0.0,,0,0,,,,193460.75627107997,61551.05262747,131909.70364360997,8,-0.007743187071047249,0.0011431682133802583,0.0,0.0,0.00114382187922184,0.0,0.0022112708801634118,-0.005076622624590299,2,2,price=observed;tvl=observed;lp_amount=none,False
2024-04-22T02:00:00+00:00,1.5403561831147115e-05,1.5467638774559783e-05,1.5222479433057964e-05,1.5371558696469777e-05,1.537822804664956e-05,WETH,pool_swap_ratio,12,457,115477655.82525334,,19708077,360267.64801541006,,12,6,4098898.18102887,4177867.46222532,-78969.28119644988,8276765.64325419,0.9904589202352476,1,1,,,1.0,4329688.070872131,4307582.84110317,22105.229768960737,14,-0.0005680137426471675,0.00019144262688828683,-0.0006839799454348491,0.07168789720862415,0.00019146095319756156,0.0361859385770295,0.003120401281335196,-0.0004336878188796467,2,2,price=observed;tvl=observed;lp_amount=quantified,False
2024-04-22T03:00:00+00:00,1.5366958582058374e-05,1.568321693986742e-05,1.501366097430378e-05,1.5609241375493116e-05,1.5566448807449195e-05,WETH,pool_swap_ratio,23,169,115141144.8440477,,19708400,1146768.47510851,,23,9,3450.0,0.0,3450.0,3450.0,0.0,1,0,,,,406853.74695143,743364.7281570801,-336510.98120565014,24,0.015344170703009502,-0.002918332929130826,2.98759095458321e-05,2.98759095458321e-05,-0.002914078734979481,0.0,0.009930652531117003,0.0027490257137801066,2,2,price=observed;tvl=observed;lp_amount=quantified,False
2024-04-22T04:00:00+00:00,1.5548573696250917e-05,1.575915829821342e-05,1.5548573696250917e-05,1.5738833765729656e-05,1.5664932709981563e-05,WETH,pool_swap_ratio,16,421,114956058.6962081,,19708677,730877.44438705,,16,6,1891940.65258956,2016405.39571042,-124464.74312086008,3908346.0482999803,0.9681541138930113,1,1,,,1.0,2227255.93131508,2412342.0791546595,-185086.14783957973,18,0.008268011856980088,-0.0016087652080139523,-0.0010809753827742523,0.03394395681572924,-0.001607471838935323,0.017512466099251747,0.006347665253606632,0.004717610800907046,2,2,price=observed;tvl=observed;lp_amount=quantified,False
2024-04-22T05:00:00+00:00,1.5631815435423778e-05,1.5703761574480967e-05,1.556163377727342e-05,1.5665270485320265e-05,1.561907694309159e-05,WETH,pool_swap_ratio,9,865,115083607.56557056,,19708938,221650.53515332003,,9,3,9390.38451094,0.0,9390.38451094,9390.38451094,0.0,2,0,,,,179294.89451334998,51746.02515091,127548.86936243999,11,-0.004684955467823867,0.0011089294686086994,8.168672984653873e-05,8.168672984653873e-05,0.0011095445582342957,0.0,0.0019281326940676622,0.002957507821811811,2,2,price=observed;tvl=observed;lp_amount=quantified,False
2024-04-22T06:00:00+00:00,1.5678571948370024e-05,1.5690147197319685e-05,1.5490132122369407e-05,1.563345308073722e-05,1.5604606546850914e-05,WETH,pool_swap_ratio,9,205,115162620.49118826,,19709287,200595.26643211002,,9,4,0.0,0.0,0.0,0.0,,0,0,,,,139804.09602491,60791.1704072,79012.92561770999,9,-0.002033144608989073,0.0006863341856774782,0.0,0.0,0.0006865697668774523,0.0,0.0017430394360710142,0.001848590914464765,2,2,price=observed;tvl=observed;lp_amount=none,False
2024-04-22T07:00:00+00:00,1.5536482293716237e-05,1.5536482293716237e-05,1.552874021611791e-05,1.552874021611791e-05,1.5534989155614294e-05,WETH,pool_swap_ratio,3,1981,115190179.26187834,,19709438,27558.77069008,,3,2,0.0,0.0,0.0,0.0,,0,0,,,,27558.77069008,0.0,27558.77069008,3,-0.006720532007445471,0.00023927445944746387,0.0,0.0,0.00023930308786424912,0.0,0.00023930308786424912,-0.000402249363278373,2,2,price=observed;tvl=observed;lp_amount=none,False
2024-04-22T08:00:00+00:00,1.552453901306132e-05,1.555754079714078e-05,1.5253569294060131e-05,1.5444219341653333e-05,1.5464834910405002e-05,WETH,pool_swap_ratio,9,757,115379585.76001923,,19709838,214350.14215049,,9,6,0.0,0.0,0.0,0.0,,0,0,,,,201878.32014568002,12471.82200481,189406.49814087,9,-0.005457733808599468,0.0016429434338689627,0.0,0.0,0.0016442938048587031,0.0,0.0018608369526292435,-0.0013330610298205592,2,2,price=observed;tvl=observed;lp_amount=none,False
2024-04-22T09:00:00+00:00,1.529632650011915e-05,1.542315039492762e-05,1.5248598844287493e-05,1.5248598844287493e-05,1.5396511915035538e-05,WETH,pool_swap_ratio,6,229,115463091.75243154,,19710180,84028.00758769,,6,3,0.0,0.0,0.0,0.0,,0,0,,,,83767.0,261.00758769,83505.99241231,6,-0.012747160918227037,0.0007234883683958338,0.0,0.0,0.0007237501492334712,0.0,0.0007282744779692819,-0.009606920811953579,2,2,price=observed;tvl=observed;lp_amount=none,False
2024-04-22T10:00:00+00:00,1.5269436705933696e-05,1.5841959962522975e-05,1.5269436705933696e-05,1.557173701984454e-05,1.5531241603695062e-05,WETH,pool_swap_ratio,10,229,115316297.56145562,,19710479,197148.67769939,,10,8,0.0,0.0,0.0,0.0,,0,0,,,,25177.243361740002,171971.43433765002,-146794.19097591002,10,0.020969921822346194,-0.0012721604924070243,0.0,0.0,-0.0012713516392810317,0.0,0.0017074605807551335,0.0026073521475475925,2,2,price=observed;tvl=observed;lp_amount=none,False
2024-04-22T11:00:00+00:00,1.555436134482755e-05,1.555436134482755e-05,1.5245921794911295e-05,1.5542175393866048e-05,1.5415765637515878e-05,WETH,pool_swap_ratio,9,925,115334916.9390567,,19710721,55085.482691510006,,9,3,0.0,0.0,0.0,0.0,,0,0,,,,36852.430146290004,18233.05254522,18619.377601070002,8,-0.0019002197139722952,0.00016145050596714082,0.0,0.0,0.00016146353980145054,0.0,0.0004776903512892724,0.008200031015166642,2,2,price=observed;tvl=observed;lp_amount=none,False
2024-04-22T12:00:00+00:00,1.5430003756835896e-05,1.556570637598378e-05,1.5320716309598427e-05,1.556570637598378e-05,1.5497309035815585e-05,WETH,pool_swap_ratio,6,85,115277440.1542913,,19711091,220546.90250573,,6,3,0.0,0.0,0.0,0.0,,0,0,,,,81535.05887017,139011.84363556,-57476.78476539001,6,0.0015128633173984026,-0.0004984709985184619,0.0,0.0,-0.0004983467824905177,0.0,0.0019122301238771223,0.004413497853732018,2,2,price=observed;tvl=observed;lp_amount=none,False
2024-04-22T13:00:00+00:00,1.5481752087774738e-05,1.5519527711755148e-05,1.5423086940587746e-05,1.5519527711755148e-05,1.5463567510844122e-05,WETH,pool_swap_ratio,5,193,115370362.77806646,,19711378,143980.87855696,,5,4,0.0,0.0,0.0,0.0,,0,0,,,,118451.75116606,25529.1273909,92922.62377516,5,-0.002971101846507379,0.0008057534268368556,0.0,0.0,0.0008060781333345809,0.0,0.0012489944117795384,0.0036188415688542808,2,2,price=observed;tvl=observed;lp_amount=none,False
2024-04-22T14:00:00+00:00,1.5555519301871954e-05,1.5654469265287808e-05,1.531806624921436e-05,1.5338792420702435e-05,1.555507895918826e-05,WETH,pool_swap_ratio,8,49,115344250.30074565,,19711690,489955.74597685004,,8,5,0.0,0.0,0.0,0.0,,0,0,,,,231921.63432802,258034.11164883003,-26112.477320810023,8,-0.011714011453059076,-0.00022636171228031292,0.0,0.0,-0.00022633609440096496,0.0,0.004246807708487136,-0.013904560629572793,2,2,price=observed;tvl=observed;lp_amount=none,False
2024-04-22T15:00:00+00:00,1.5412604071045634e-05,1.5536636427304396e-05,1.2309888925473835e-05,1.5536636427304396e-05,1.485029188343755e-05,WETH,pool_swap_ratio,11,217,115305645.71984154,,19711974,540363.82867643,,11,7,0.0,0.0,0.0,0.0,,0,0,,,,250879.62388615997,289484.20479027,-38604.580904110044,10,0.012815803496879817,-0.0003347461406282182,0.0,0.0,-0.0003346901193900298,0.0,0.004684792066076109,0.046217579375144924,2,2,price=observed;tvl=observed;lp_amount=none,False
2024-04-22T16:00:00+00:00,1.5583968361069008e-05,1.5688023107902666e-05,1.5409748442523805e-05,1.5565741915563396e-05,1.560687125266963e-05,WETH,pool_swap_ratio,7,1141,115178043.16030629,,19712195,355549.6324228,,7,5,0.0,0.0,0.0,0.0,,0,0,,,,113973.53644376999,241576.09597903,-127602.55953526002,7,0.0018715929974346117,-0.0011072590272414033,0.0,0.0,-0.0011066462421562282,0.0,0.0030835405344043602,-0.0026353351956560633,2,2,price=observed;tvl=observed;lp_amount=none,False
2024-04-22T17:00:00+00:00,1.563033370093348e-05,1.602682890112762e-05,1.5313827079428607e-05,1.557166259496688e-05,1.5599425808820144e-05,WETH,pool_swap_ratio,12,133,115116154.92640465,,19712573,297486.54603515,,12,7,0.0,0.0,0.0,0.0,,0,0,,,,117799.15606676001,179687.38996839,-61888.23390162998,12,0.0003802937057801003,-0.000537471077479474,0.0,0.0,-0.0005373266657733813,0.0,0.002582840773055194,-0.001779758703526424,2,2,price=observed;tvl=observed;lp_amount=none,False
2024-04-22T18:00:00+00:00,1.5567633874154234e-05,1.5742031344028667e-05,1.5567633874154234e-05,1.5645568491999193e-05,1.5671682493469142e-05,WETH,pool_swap_ratio,8,133,114980093.06051496,,19712873,329965.34726863005,,8,5,4664950.18320941,4810054.87894387,-145104.6957344599,9475005.06215328,0.984685528421081,1,1,,,1.0,4834672.58374565,4970734.44963534,-136061.86588968989,10,0.004734951341825916,-0.001182651894055929,-0.0012605067970453611,0.08230821354492583,-0.0011819528369122136,0.04178436017098559,0.0028663687340806463,-0.0016663176707945038,2,2,price=observed;tvl=observed;lp_amount=quantified,False
2024-04-22T19:00:00+00:00,1.563882434869575e-05,1.573621003333243e-05,1.556332291183837e-05,1.567390084158967e-05,1.563638247109486e-05,WETH,pool_swap_ratio,13,49,115049232.14821947,,19713179,337886.08680512,,13,7,0.0,9176.79507742,-9176.79507742,9176.79507742,0.0,0,1,,,1.0,208106.08538162,138966.99767713,69139.08770449,14,0.0018092488743824172,0.0006011328314229708,-7.981203383258855e-05,7.981203383258855e-05,0.0006013135479730525,7.981203383258855e-05,0.002938648576560882,0.0023994277809566977,2,2,price=observed;tvl=observed;lp_amount=quantified,False
2024-04-22T20:00:00+00:00,1.5712496022678035e-05,1.5758465239559463e-05,1.559699661697609e-05,1.5671815274917183e-05,1.5728280261551945e-05,WETH,pool_swap_ratio,6,769,114967399.3018958,,19713416,206036.23953746,,6,5,44330.14903829,0.0,44330.14903829,44330.14903829,0.0,1,0,,,,84266.77112605,166099.61744970002,-81832.84632365002,7,-0.00013306868905543678,-0.000711538546237643,0.00038531460150189337,0.00038531460150189337,-0.0007112854627158543,0.0,0.0017908528000605928,-0.0035900292782035104,2,2,price=observed;tvl=observed;lp_amount=quantified,False
2024-04-22T21:00:00+00:00,1.566893185760068e-05,1.576649821351492e-05,1.561071535342978e-05,1.561071535342978e-05,1.565175380346173e-05,WETH,pool_swap_ratio,10,217,115079571.23992778,,19713759,138008.38152975,,10,5,0.0,0.0,0.0,0.0,,0,0,,,,125090.15978087,12918.221748880002,112171.93803199,10,-0.003906333532230837,0.0009752090771526267,0.0,0.0,0.0009756847481383385,0.0,0.0012004131811953953,-0.0026219713488513374,2,2,price=observed;tvl=observed;lp_amount=none,False
2024-04-22T22:00:00+00:00,1.5703232453541606e-05,1.5703232453541606e-05,1.5585335448682846e-05,1.5585335448682846e-05,1.559810831197608e-05,WETH,pool_swap_ratio,5,889,115144043.08636713,,19714002,73011.28131187,,5,2,0.0,0.0,0.0,0.0,,0,0,,,,68741.5638756,4269.71743627,64471.846439329995,5,-0.0016271232860487475,0.000560080236020594,0.0,0.0,0.0005602371102418651,0.0,0.0006344417217166181,-0.0008188725861985047,2,2,price=observed;tvl=observed;lp_amount=none,False
2024-04-22T23:00:00+00:00,1.568312532833717e-05,1.5745110142473154e-05,1.561578659887306e-05,1.5745110142473154e-05,1.567213023165392e-05,WETH,pool_swap_ratio,8,721,115094364.67861022,,19714314,266773.08214656,,8,2,0.0,0.0,0.0,0.0,,0,0,,,,108547.33719483,158225.74495172998,-49678.40775689998,8,0.010199413117839642,-0.00043153884714643864,0.0,0.0,-0.00043144574765050805,0.0,0.0023168639470689694,0.004656668221900917,2,2,price=observed;tvl=observed;lp_amount=none,False
2024-04-23T00:00:00+00:00,1.5579928842666445e-05,1.5743173650665914e-05,1.554841012459625e-05,1.567302699897481e-05,1.565816944661511e-05,WETH,pool_swap_ratio,11,817,114962601.38359062,,19714602,366150.19100892,,11,7,0.0,0.0,0.0,0.0,,0,0,,,,117193.44799467,248956.74301425,-131763.29501958,11,-0.0045886406093012515,-0.0011454841962191824,0.0,0.0,-0.0011448283796301941,0.0,0.003181304245706197,0.0009488690494987573,2,2,price=observed;tvl=observed;lp_amount=none,False
2024-04-23T01:00:00+00:00,1.5785741857130314e-05,1.5785741857130314e-05,1.5679646704793998e-05,1.5679646704793998e-05,1.5781301328792454e-05,WETH,pool_swap_ratio,4,49,114896228.96291123,,19714965,72602.79173121,,4,3,0.0,0.0,0.0,0.0,,0,0,,,,3115.18552589,69487.60620532,-66372.42067943,4,0.0004222737735288588,-0.0005775059624554198,0.0,0.0,-0.0005773392379837342,0.0,0.0006315340019921738,-0.006441460173692404,2,2,price=observed;tvl=observed;lp_amount=none,False
2024-04-23T02:00:00+00:00,1.5700674430680237e-05,1.581358360131216e-05,1.556665118622452e-05,1.556665118622452e-05,1.5680320474323716e-05,WETH,pool_swap_ratio,15,25,115163205.86712533,,19715267,417557.2741648601,,15,6,0.0,0.0,0.0,0.0,,0,0,,,,342267.0891895,75290.18497536,266976.90421414,15,-0.007232601541110608,0.002320939580299105,0.0,0.0,0.0023236350455011086,0.0,0.0036342121750544878,-0.007249168681553897,2,2,price=observed;tvl=observed;lp_amount=none,False
2024-04-23T03:00:00+00:00,1.5733829801108804e-05,1.5733829801108804e-05,1.5440481313930292e-05,1.5540536977866036e-05,1.5496444025627625e-05,WETH,pool_swap_ratio,9,265,115414648.03382649,,19715546,262570.15977201,,9,5,0.0,0.0,0.0,0.0,,0,0,,,,257006.16323656996,5563.99653544,251442.16670112996,9,-0.0016789826425556286,0.002180974990579409,0.0,0.0,0.0021833550465002035,0.0,0.002279983070938143,0.002845359371833389,2,2,price=observed;tvl=observed;lp_amount=none,False
2024-04-23T04:00:00+00:00,1.5415588666909506e-05,1.5486205456351636e-05,1.5297493816566732e-05,1.537075293348874e-05,1.5359670955616214e-05,WETH,pool_swap_ratio,9,217,115696390.13393725,,19715850,303226.08630768,,9,5,0.0,0.0,0.0,0.0,,0,0,,,,292484.09320923,10741.99309845,281742.10011078,9,-0.010985355337448143,0.0024381547667709563,0.0,0.0,0.00244112948321954,0.0,0.002627275579602413,0.0007214983904635375,2,2,price=observed;tvl=observed;lp_amount=none,False
2024-04-23T05:00:00+00:00,1.5400348062475002e-05,1.5505411843105332e-05,1.5400348062475002e-05,1.5505411843105332e-05,1.543841521303708e-05,WETH,pool_swap_ratio,4,1177,115446151.51648542,,19716068,250238.61745183,,4,3,0.0,0.0,0.0,0.0,,0,0,,,,0.0,250238.61745183,-250238.61745183,4,0.008722570588909873,-0.002165232876906227,0.0,0.0,-0.0021628904511380035,0.0,0.0021628904511380035,0.00433960540274092,2,2,price=observed;tvl=observed;lp_amount=none,False
2024-04-23T06:00:00+00:00,1.539531641684428e-05,1.539531641684428e-05,1.5328527128357223e-05,1.5328527128357223e-05,1.5369138669508447e-05,WETH,pool_swap_ratio,4,193,115610348.97010346,,19716449,164197.45361804002,,4,3,0.0,0.0,0.0,0.0,,0,0,,,,164197.45361804002,0.0,164197.45361804002,4,-0.011473503618972033,0.0014212755833527603,0.0,0.0,0.0014222860741667342,0.0,0.0014222860741667342,-0.0026424084019617267,2,2,price=observed;tvl=observed;lp_amount=none,False
2024-04-23T07:00:00+00:00,1.5303878331348116e-05,1.5349275082016998e-05,1.5262077988340186e-05,1.5349275082016998e-05,1.5291869147313314e-05,WETH,pool_swap_ratio,5,1297,115736592.97836594,,19716654,130413.58628214999,,5,3,0.0,0.0,0.0,0.0,,0,0,,,,128328.79727231,2084.78900984,126244.00826247,5,0.001352636455565505,0.001091382663026889,0.0,0.0,0.0010919784378050478,0.0,0.0011280442230641014,0.003754016866785115,2,2,price=observed;tvl=observed;lp_amount=none,False
2024-04-23T08:00:00+00:00,1.5351975231650765e-05,1.5351975231650765e-05,1.5247165334007349e-05,1.5325248174941348e-05,1.5264503887792146e-05,WETH,pool_swap_ratio,3,469,115780368.50766662,,19717021,68915.89202574,,3,3,0.0,0.0,0.0,0.0,,0,0,,,,56345.71066321,12570.18136253,43775.52930068,3,-0.0015665711762279453,0.0003781626153122646,0.0,0.0,0.00037823412780833057,0.0,0.0005954546462122149,0.003979447193025454,2,2,price=observed;tvl=observed;lp_amount=none,False
2024-04-23T09:00:00+00:00,1.5232032556238964e-05,1.532596403119866e-05,1.5144807788417148e-05,1.5186177468567182e-05,1.5199259836709918e-05,WETH,pool_swap_ratio,6,37,115880842.12227753,,19717352,215471.81913848,,6,3,4532458.86145009,4647112.07136408,-114653.20991398953,9179570.93281417,0.9875099598060582,1,1,,,1.0,4747930.6805885695,4647457.06597766,100473.61461090948,8,-0.00911603876445719,0.0008674185949173335,-0.0009902646829665043,0.07928434717502499,0.0008677949112267373,0.040137305928995747,0.001861039327441872,-0.0008607240275699812,2,2,price=observed;tvl=observed;lp_amount=quantified,False
2024-04-23T10:00:00+00:00,1.529932858945866e-05,1.529932858945866e-05,1.5104847410625606e-05,1.5224035855964946e-05,1.5286321004176337e-05,WETH,pool_swap_ratio,6,661,115812444.5543232,,19717600,102952.80056967,,6,4,0.0,0.0,0.0,0.0,,0,0,,,,17277.61630767,85675.184262,-68397.56795432999,6,0.002489848167248337,-0.0005904147756917451,0.0,0.0,-0.0005902405151850454,0.0,0.0008884367655961125,-0.004074567595065859,2,2,price=observed;tvl=observed;lp_amount=none,False
2024-04-23T11:00:00+00:00,1.5278336211630525e-05,1.5364317355799003e-05,1.5150854510433752e-05,1.5150854510433752e-05,1.5207436903087861e-05,WETH,pool_swap_ratio,5,877,115881661.11488175,,19717882,76193.00916725,,5,4,0.0,0.0,0.0,0.0,,0,0,,,,72704.78486291,3488.22430434,69216.56055857001,5,-0.004818551523628022,0.0005974822917289966,0.0,0.0,0.0005976608198275546,0.0,0.0006579000163623243,-0.0037207054031977993,2,2,price=observed;tvl=observed;lp_amount=none,False
2024-04-23T12:00:00+00:00,1.5183589020307017e-05,1.5183589020307017e-05,1.5183589020307017e-05,1.5183589020307017e-05,1.5183589020307017e-05,WETH,pool_swap_ratio,1,1465,115886552.5026238,,19718131,4891.38774202,,1,1,0.0,0.0,0.0,0.0,,0,0,,,,4891.38774202,0.0,4891.38774202,1,0.0021582411786489524,4.220930615484469e-05,0.0,0.0,4.221019697992436e-05,0.0,4.221019697992436e-05,0.0,2,2,price=observed;tvl=observed;lp_amount=none,False
2024-04-23T13:00:00+00:00,1.5299339752373645e-05,1.53557932322971e-05,1.5232576362289391e-05,1.529042271103539e-05,1.532335666266481e-05,WETH,pool_swap_ratio,6,565,115685232.98380356,,19718501,232919.51882023,,6,3,0.0,0.0,0.0,0.0,,0,0,,,,15800.0,217119.51882023,-201319.51882023,6,0.007011490928127745,-0.0017387227819290203,0.0,0.0,-0.0017372120791639902,0.0,0.0020098925525889335,-0.002149264835012654,2,2,price=observed;tvl=observed;lp_amount=none,False
2024-04-23T14:00:00+00:00,1.5283066935864833e-05,1.5283066935864833e-05,1.5139215847519336e-05,1.520776111664892e-05,1.5245129166695549e-05,WETH,pool_swap_ratio,7,205,115844929.3111755,,19718828,167837.38238814002,,7,6,0.0,0.0,0.0,0.0,,0,0,,,,163766.85488004,4070.5275081,159696.32737194,7,-0.005420768480453563,0.0013794863797782714,0.0,0.0,0.0013804383087882804,0.0,0.0014508107738490528,-0.00245114683109815,2,2,price=observed;tvl=observed;lp_amount=none,False
2024-04-23T15:00:00+00:00,1.5324492843815527e-05,1.552712235365029e-05,1.5307270828335863e-05,1.5462735797625396e-05,1.5428704471597138e-05,WETH,pool_swap_ratio,6,1453,115367966.85311103,,19719022,518963.72585079,,6,5,0.0,0.0,0.0,0.0,,0,0,,,,21000.63389316,497963.09195763,-476962.45806447003,6,0.016627089926604235,-0.004125748542059826,0.0,0.0,-0.004117249334092845,0.0,0.004479813911032581,0.002205715074192094,2,2,price=observed;tvl=observed;lp_amount=none,False
2024-04-23T16:00:00+00:00,1.557718510704579e-05,1.5687284094088028e-05,1.5302770431972878e-05,1.5687284094088028e-05,1.560368195413729e-05,WETH,pool_swap_ratio,13,85,115105606.18166195,,19719434,341403.33445187996,,13,7,0.0,0.0,0.0,0.0,,0,0,,,,39521.331501399996,301882.00295048,-262360.67144908,13,0.014417466623975056,-0.002276710351831892,0.0,0.0,-0.002274120612553771,0.0,0.0029592558815443285,0.005357846961791646,2,2,price=observed;tvl=observed;lp_amount=none,False
2024-04-23T17:00:00+00:00,1.5573502316467272e-05,1.5643343603036065e-05,1.4707285192488032e-05,1.5590722532695507e-05,1.548384160632266e-05,WETH,pool_swap_ratio,16,325,115282157.60387401,,19719713,311400.41819906,,16,7,0.0,0.0,0.0,0.0,,0,0,,,,243975.92020556,67424.4979935,176551.42221206,15,-0.006174425967541488,0.0015326461255676927,0.0,0.0,0.001533821227902862,0.0,0.0027053453652605046,0.00690273958429044,2,2,price=observed;tvl=observed;lp_amount=none,False
2024-04-23T18:00:00+00:00,1.535995336220592e-05,1.6159615731014036e-05,1.535995336220592e-05,1.5546302230418362e-05,1.5608588943903578e-05,WETH,pool_swap_ratio,10,385,115208260.8169724,,19720007,370993.66180540004,,10,6,0.0,0.0,0.0,0.0,,0,0,,,,148548.4374519,222445.2243535,-73896.78690159999,10,-0.002853216243361467,-0.0006412135475288932,0.0,0.0,-0.000641008014054698,0.0,0.003218136002278751,-0.003990540958511479,2,2,price=observed;tvl=observed;lp_amount=none,False
2024-04-23T19:00:00+00:00,1.564494598732021e-05,1.6057570832779766e-05,1.5422332709607893e-05,1.5958523188292523e-05,1.585187661324887e-05,WETH,pool_swap_ratio,16,361,114841461.52207774,,19720309,977007.2112953101,,16,7,358092.08867475,0.0,358092.08867475,358092.08867475,0.0,1,1,,,1.0,487571.04501728003,854370.33991194,-366799.29489466,18,0.026170244018705276,-0.00318887240544477,0.0031082153843433086,0.0031082153843433086,-0.0031837933520876775,0.0,0.008480357262292584,0.006727693991418038,2,2,price=observed;tvl=observed;lp_amount=quantified,False
2024-04-23T20:00:00+00:00,1.607455031827993e-05,1.6382830017097272e-05,1.5950975735104277e-05,1.608787076627117e-05,1.6194406879292822e-05,WETH,pool_swap_ratio,28,265,114283684.03025004,,19720612,6131467.212556701,,28,10,0.0,0.0,0.0,0.0,,0,0,,,,2786844.8603644995,3344622.3521922003,-557777.4918277008,28,0.008072563832697806,-0.0048687680465721046,0.0,0.0,-0.00485693480764759,0.0,0.053390710387101394,-0.00657857455451949,2,2,price=observed;tvl=observed;lp_amount=none,False
2024-04-23T21:00:00+00:00,1.606376363032726e-05,1.611921237450319e-05,1.576966800969448e-05,1.590676679862425e-05,1.5928182827056175e-05,WETH,pool_swap_ratio,16,37,115141047.79779074,,19720930,1289932.18643454,,16,5,0.0,0.0,0.0,0.0,,0,0,,,,1073647.97698761,216284.20944693,857363.7675406801,16,-0.01132101600134515,0.007474065693374323,0.0,0.0,0.007502066238201967,0.0,0.011287107143773073,-0.0013445368291193915,2,2,price=observed;tvl=observed;lp_amount=none,False
2024-04-23T22:00:00+00:00,1.5764224579399717e-05,1.5857555011669613e-05,1.5599620634164782e-05,1.5599620634164782e-05,1.5745434797170164e-05,WETH,pool_swap_ratio,24,325,115479330.36938393,,19721205,948165.2154831598,,24,9,0.0,0.0,0.0,0.0,,0,0,,,,643223.8935381799,304941.32194498,338282.5715931999,24,-0.019498007872762294,0.0029336766932701154,0.0,0.0,0.002937984133923182,0.0,0.00823481489545167,-0.009260726355526772,2,2,price=observed;tvl=observed;lp_amount=none,False
2024-04-23T23:00:00+00:00,1.559651951708565e-05,1.5869203584203782e-05,1.551216835197012e-05,1.551216835197012e-05,1.5561223127323613e-05,WETH,pool_swap_ratio,9,241,115636873.41950485,,19721508,162554.40744732998,,9,4,0.0,0.0,0.0,0.0,,0,0,,,,160048.72878412995,2505.6786632,157543.05012092995,9,-0.00562182474047582,0.0013633234878354186,0.0,0.0,0.0013642532357695245,0.0,0.0014076493769696007,-0.0031523727249536115,2,2,price=observed;tvl=observed;lp_amount=none,False
2024-04-24T00:00:00+00:00,1.5206277329733766e-05,1.568732137734877e-05,1.4735387767982685e-05,1.5687023324410797e-05,1.555035841936886e-05,WETH,pool_swap_ratio,24,649,115489783.84685344,,19721771,996915.90602941,,24,7,0.0,0.0,0.0,0.0,,0,0,,,,424913.166689,572002.73934041,-147089.57265141,24,0.011209059838868767,-0.0012728050866014538,0.0,0.0,-0.0012719954137621983,0.0,0.008621090112085795,0.008788537302890198,2,2,price=observed;tvl=observed;lp_amount=none,False
2024-04-24T01:00:00+00:00,1.5708855602837023e-05,1.5922669132473535e-05,1.5670612178358886e-05,1.5852568371925832e-05,1.5802019518087046e-05,WETH,pool_swap_ratio,16,229,115068506.74462959,,19722103,924698.32422385,,16,6,0.0,0.0,0.0,0.0,,0,0,,,,251710.611,672987.7132238501,-421277.1022238501,16,0.010497698853217318,-0.0036544126865261264,0.0,0.0,-0.0036477434470090398,0.0,0.008006754306944214,0.003198885672867746,2,2,price=observed;tvl=observed;lp_amount=none,False
2024-04-24T02:00:00+00:00,1.5815284167121556e-05,1.602472433408278e-05,1.5815284167121556e-05,1.590303827266588e-05,1.5925328236360114e-05,WETH,pool_swap_ratio,11,673,114998083.2662049,,19722364,554084.66732189,,11,8,0.0,0.0,0.0,0.0,,0,0,,,,241830.59444859,312254.0728733,-70423.47842470999,11,0.0031786477140696196,-0.000612200846901561,0.0,0.0,-0.0006120134901984965,0.0,0.004815259040004444,-0.0013996548996297875,2,2,price=observed;tvl=observed;lp_amount=none,False
2024-04-24T03:00:00+00:00,1.584113486352952e-05,1.5976732248102784e-05,1.533540107403515e-05,1.5963081397257186e-05,1.5853209176394215e-05,WETH,pool_swap_ratio,16,385,114977862.13104336,,19722685,1007879.7307179,,16,8,0.0,0.0,0.0,0.0,,0,0,,,,493829.29777818,514050.43293972,-20221.135161540005,15,0.0037684660869255282,-0.0001758543501470129,0.0,0.0,-0.0001758388886772211,0.0,0.008764317648536765,0.006930598066325455,2,2,price=observed;tvl=observed;lp_amount=none,False
2024-04-24T04:00:00+00:00,1.5859575397928545e-05,1.594750661566524e-05,1.581780681453387e-05,1.594750661566524e-05,1.5876816185525603e-05,WETH,pool_swap_ratio,7,565,115036494.63012935,,19722969,209128.58063944,,7,4,0.0,0.0,0.0,0.0,,0,0,,,,133880.53986272,75248.04077672,58632.49908600001,7,-0.0009761514154718627,0.0005098160061097089,0.0,0.0,0.0005099459843771923,0.0,0.00181885953316031,0.00445243109913207,2,2,price=observed;tvl=observed;lp_amount=none,False
2024-04-24T05:00:00+00:00,1.5846703308448308e-05,1.5922870969159466e-05,1.5820616614885627e-05,1.582851348420477e-05,1.5861967348341095e-05,WETH,pool_swap_ratio,6,445,115111887.28498203,,19723277,273270.8944144,,6,4,0.0,0.0,0.0,0.0,,0,0,,,,174331.77463354002,98939.11978086,75392.65485268002,6,-0.007489527468175867,0.0006551656537588583,0.0,0.0,0.0006553803216543234,0.0,0.002375514790267499,-0.002109061467701512,2,2,price=observed;tvl=observed;lp_amount=none,False
2024-04-24T06:00:00+00:00,1.600839442225948e-05,1.600839442225948e-05,1.5503001889220877e-05,1.564934220958909e-05,1.5666296304625477e-05,WETH,pool_swap_ratio,11,1165,115512023.26525272,,19723513,617706.8674587,,11,5,0.0,0.0,0.0,0.0,,0,0,,,,508921.42386469,108785.44359401,400135.98027068004,11,-0.011384079739322988,0.0034700337950523455,0.0,0.0,0.0034760613322242302,0.0,0.005366143167555282,-0.0010822018623112273,2,2,price=observed;tvl=observed;lp_amount=none,False
2024-04-24T07:00:00+00:00,1.569600273050374e-05,1.571670718128002e-05,1.5497552118207182e-05,1.5497552118207182e-05,1.566576292164108e-05,WETH,pool_swap_ratio,6,1417,115466403.93358743,,19723789,100596.60187879,,6,4,0.0,0.0,0.0,0.0,,0,0,,,,27488.635106759997,73107.96677203,-45619.33166527001,6,-0.009746801170977964,-0.0003950094631062487,0.0,0.0,-0.0003949314571394301,0.0,0.0008708755940304835,-0.01073747919429624,2,2,price=observed;tvl=observed;lp_amount=none,False
2024-04-24T08:00:00+00:00,1.5604891234010503e-05,1.5604891234010503e-05,1.543380764838722e-05,1.553388882556146e-05,1.5562890935426147e-05,WETH,pool_swap_ratio,5,385,115639716.07776923,,19724173,177282.89553301,,5,2,0.0,0.0,0.0,0.0,,0,0,,,,175297.5198574,1985.37567561,173312.14418179,5,0.0023419295306275874,0.0014998493044042268,0.0,0.0,0.001500974640913504,0.0,0.0015353634433352358,-0.001863542576056365,2,2,price=observed;tvl=observed;lp_amount=none,False
2024-04-24T09:00:00+00:00,1.5491756833951075e-05,1.5548456641617393e-05,1.5452750862811178e-05,1.5452750862811178e-05,1.5484328612759335e-05,WETH,pool_swap_ratio,4,217,115762734.70526288,,19724484,144148.18335264,,4,3,0.0,0.0,0.0,0.0,,0,0,,,,133583.40542315,10564.77792949,123018.62749366,4,-0.00523697625857235,0.001063244046609192,0.0,0.0,0.0010638094909445155,0.0,0.0012465283402779926,-0.002039336075710496,2,2,price=observed;tvl=observed;lp_amount=none,False
2024-04-24T10:00:00+00:00,1.543686995274407e-05,1.543686995274407e-05,1.5424788208341295e-05,1.5424788208341295e-05,1.543517784854885e-05,WETH,pool_swap_ratio,2,3001,115806529.69827858,,19724552,43794.993015680004,,2,2,0.0,0.0,0.0,0.0,,0,0,,,,43794.993015680004,0.0,43794.993015680004,2,-0.0018111975860246189,0.0003782453051413588,0.0,0.0,0.00037831684891674356,0.0,0.00037831684891674356,-0.0006731143825811081,2,2,price=observed;tvl=observed;lp_amount=none,False
2024-04-24T11:00:00+00:00,1.5541372808274173e-05,1.5654684018414104e-05,1.5484449025957468e-05,1.5484449025957468e-05,1.5601148154749918e-05,WETH,pool_swap_ratio,5,277,115502137.90983292,,19725075,304391.78844564,,5,3,0.0,0.0,0.0,0.0,,0,0,,,,0.0,304391.78844564,-304391.78844564,5,0.003860392364640597,-0.002631911439396866,0.0,0.0,-0.0026284509970094087,0.0,0.0026284509970094087,-0.0074801628466633074,2,2,price=observed;tvl=observed;lp_amount=none,False
2024-04-24T12:00:00+00:00,1.5711966737763046e-05,1.5711966737763046e-05,1.5596445644584326e-05,1.5596445644584326e-05,1.5706519960471413e-05,WETH,pool_swap_ratio,2,445,115408649.06261815,,19725354,93488.8472148,,2,2,0.0,0.0,0.0,0.0,,0,0,,,,0.0,93488.8472148,-93488.8472148,2,0.007206813353033921,-0.0008097400173353969,0.0,0.0,-0.0008094122663580681,0.0,0.0008094122663580681,-0.007008192531770874,2,2,price=observed;tvl=observed;lp_amount=none,False
2024-04-24T13:00:00+00:00,1.5641212470970307e-05,1.6043513818461383e-05,1.5351346811160403e-05,1.5351346811160403e-05,1.551559316470198e-05,WETH,pool_swap_ratio,10,253,115953974.37548798,,19725668,597169.42793049,,10,7,0.0,0.0,0.0,0.0,,0,0,,,,571247.3704001701,25922.057530320002,545325.3128698501,9,-0.01583983467437975,0.004714039931128082,0.0,0.0,0.004725168497327863,0.0,0.005174390591873918,-0.010585889420923866,2,2,price=observed;tvl=observed;lp_amount=none,False
2024-04-24T14:00:00+00:00,1.530811343034162e-05,1.5713928900931723e-05,1.509245475533787e-05,1.5182057872651585e-05,1.5184641110459306e-05,WETH,pool_swap_ratio,11,61,116401677.35367858,,19725978,828192.8157315701,,11,6,0.0,0.0,0.0,0.0,,0,0,,,,637947.89696109,190244.91877047997,447702.97819061007,11,-0.011088882812286293,0.0038536057023056285,0.0,0.0,0.0038610403878079746,0.0,0.007142427158638604,-0.00017012175585384703,2,2,price=observed;tvl=observed;lp_amount=none,False
2024-04-24T15:00:00+00:00,1.5149122573737352e-05,1.5221917196751695e-05,1.493217615823199e-05,1.5144234542420771e-05,1.5199783973973796e-05,WETH,pool_swap_ratio,7,61,116328319.4168166,,19726276,160559.05359155,,7,6,0.0,0.0,0.0,0.0,,0,0,,,,43600.558364779994,116958.49522677,-73357.93686199,7,-0.002494426244068139,-0.0006304124118886689,0.0,0.0,-0.000630213743734095,0.0,0.0013793534358074776,-0.003654619805659065,2,2,price=observed;tvl=observed;lp_amount=none,False
2024-04-24T16:00:00+00:00,1.4957460844212855e-05,1.5227941268329334e-05,1.4957460844212855e-05,1.5121664002523802e-05,1.5143413854804619e-05,WETH,pool_swap_ratio,6,625,116390486.41413437,,19726527,98256.99731776,,6,3,0.0,0.0,0.0,0.0,,0,0,,,,80211.99731776,18045.0,62166.997317760004,6,-0.0014914834956912984,0.000534267083182542,0.0,0.0,0.0005344098292609997,0.0,0.0008446524269442495,-0.0014362581970852606,2,2,price=observed;tvl=observed;lp_amount=none,False
2024-04-24T17:00:00+00:00,1.5108770667460317e-05,1.5343349569985587e-05,1.5031853850537835e-05,1.5343349569985587e-05,1.5263928411391493e-05,WETH,pool_swap_ratio,8,1189,116122657.2455477,,19726778,283529.16858666,,8,4,0.0,0.0,0.0,0.0,,0,0,,,,7850.0,275679.16858666,-267829.16858666,8,0.01455370960947695,-0.0023037776086745018,0.0,0.0,-0.0023011259497076474,0.0,0.0024360166996623914,0.005203192550013558,2,2,price=observed;tvl=observed;lp_amount=none,False
2024-04-24T18:00:00+00:00,1.5225206395742493e-05,1.525946388218045e-05,1.4949567363243818e-05,1.5160853623894534e-05,1.5181131984009912e-05,WETH,pool_swap_ratio,14,73,116314394.51864873,,19727168,558291.3158177601,,14,8,0.0,0.0,0.0,0.0,,0,0,,,,375014.29445939,183277.02135837,191737.27310102,14,-0.011965441108671395,0.001649799936245854,0.0,0.0,0.0016511616048845753,0.0,0.004807772480070126,-0.0013357607414742345,2,2,price=observed;tvl=observed;lp_amount=none,False
2024-04-24T19:00:00+00:00,1.5272964952608187e-05,1.536980206102472e-05,1.5083535553576395e-05,1.5293728483685637e-05,1.531414081571301e-05,WETH,pool_swap_ratio,6,361,116064094.32795165,,19727442,298257.290771,,6,4,0.0,0.0,0.0,0.0,,0,0,,,,23978.55003697,274278.74073403,-250300.19069706002,6,0.008726155064329168,-0.0021542466235872563,0.0,0.0,-0.002151927899662748,0.0,0.0025642337047387573,-0.0013329074267377505,2,2,price=observed;tvl=observed;lp_amount=none,False
2024-04-24T20:00:00+00:00,1.5383814413724846e-05,1.5383814413724846e-05,1.505380367850574e-05,1.5200724640493405e-05,1.5257390236219806e-05,WETH,pool_swap_ratio,7,229,116178942.88195623,,19727752,191242.2059468,,7,4,0.0,0.0,0.0,0.0,,0,1,,,1.0,175695.43594680002,60846.88194221,114848.55400459003,8,-0.006099740905550442,0.0009890377317344243,0.0,0.0,0.000989526990837261,0.0,0.0016477292745370887,-0.0037139769547142043,2,2,price=observed;tvl=observed;lp_amount=quantified,False
2024-04-24T21:00:00+00:00,1.506000327247745e-05,1.5235867897690177e-05,1.421231163207879e-05,1.5235867897690177e-05,1.5085399540887737e-05,WETH,pool_swap_ratio,10,25,116253042.15563367,,19728066,251833.6329593,,10,6,0.0,0.0,0.0,0.0,,0,0,,,,162966.45331835997,88867.17964094001,74099.27367741996,9,0.002309277739959798,0.0006375996502870964,0.0,0.0,0.0006378029601518118,0.0,0.002167635775574029,0.009974436301445566,2,2,price=observed;tvl=observed;lp_amount=none,False
2024-04-24T22:00:00+00:00,1.5161508567709981e-05,1.525232138078377e-05,1.496625972123301e-05,1.5061681902442725e-05,1.5105520098173593e-05,WETH,pool_swap_ratio,8,517,116456735.84554751,,19728323,215754.96477632,,8,5,0.0,0.0,0.0,0.0,,0,0,,,,209724.32734508,6030.63743124,203693.68991384,8,-0.011498481927439347,0.001750624693855768,0.0,0.0,0.001752157931842723,0.0,0.0018559081188385437,-0.002902130839981365,2,2,price=observed;tvl=observed;lp_amount=none,False
2024-04-24T23:00:00+00:00,1.5015161427959004e-05,1.5127263401192506e-05,1.4949385886844599e-05,1.5071905179436243e-05,1.501619731446411e-05,WETH,pool_swap_ratio,7,661,116516138.16965848,,19728609,238911.47617032996,,7,5,0.0,0.0,0.0,0.0,,0,0,,,,149156.90014065,89754.57602967999,59402.32411097,7,0.0006785303958652294,0.000509950573854195,0.0,0.0,0.0005100806207530428,0.0,0.00205150414388387,0.0037098516891804767,2,2,price=observed;tvl=observed;lp_amount=none,False
2024-04-25T00:00:00+00:00,1.501085515046219e-05,1.501085515046219e-05,1.4886106575565599e-05,1.4981201131970932e-05,1.4945075106422666e-05,WETH,pool_swap_ratio,10,241,116659626.38371521,,19728942,188819.82577249,,10,5,0.0,0.0,0.0,0.0,,0,0,,,,166154.01991461,22665.80585788,143488.21405672998,10,-0.006036269391732113,0.001230730238567672,0.0,0.0,0.001231487897820623,0.0,0.0016205465503632685,0.0024172528602910415,2,2,price=observed;tvl=observed;lp_amount=none,False
2024-04-25T01:00:00+00:00,1.4861387669700455e-05,1.5077716213837937e-05,1.4720845096001804e-05,1.4776561174857131e-05,1.4860160340098637e-05,WETH,pool_swap_ratio,13,13,116890530.9562962,,19729260,316071.99202983,,13,6,406345.4047616,390822.108458,15523.296303600015,797167.5132196001,0.9805269331148423,1,1,,,1.0,676929.9440466301,446025.37146563,230904.57258100004,15,-0.013753936266106444,0.001977345255898944,0.0001330648552957045,0.006833276755040924,0.001979301492201869,0.0033501059498726097,0.0027093519997244842,-0.005625724307692814,2,2,price=observed;tvl=observed;lp_amount=quantified,False
2024-04-25T02:00:00+00:00,1.4978021622157494e-05,1.5050747388519752e-05,1.4692999634766857e-05,1.4799674205627203e-05,1.4752884634084767e-05,WETH,pool_swap_ratio,8,121,116920533.57192153,,19729549,154245.38893364,,8,5,0.0,0.0,0.0,0.0,,0,0,,,,92124.00227948,62121.38665416,30002.615625320002,8,0.00156294641138599,0.0002566398288338811,0.0,0.0,0.00025667276365215225,0.0,0.0013195712918038698,0.0031715540860621783,2,2,price=observed;tvl=observed;lp_amount=none,False
2024-04-25T03:00:00+00:00,1.4836082884896959e-05,1.490147532754607e-05,1.4639702979760613e-05,1.4639702979760613e-05,1.4721922689809711e-05,WETH,pool_swap_ratio,12,241,119301741.41396186,,19729837,425323.60714473,,12,6,2193894.33297319,0.0,2193894.33297319,2193894.33297319,0.0,1,0,,,,2500212.89107913,119005.04903879,2381207.84204034,13,-0.0108679473348416,0.02016142213232873,0.018763978113593333,0.018763978113593333,0.020366036394929583,0.0,0.0036377152425762747,-0.005584848649287433,2,2,price=observed;tvl=observed;lp_amount=quantified,False
2024-04-25T04:00:00+00:00,1.4738947390166758e-05,0.0001671221599182789,1.4247451489720614e-05,1.4523635753502392e-05,5.820070838130523e-05,WETH,pool_swap_ratio,21,781,119396408.5634538,,19730088,4088915.21440832,,21,10,126224.24441149,0.0,126224.24441149,126224.24441149,0.0,1,0,,,,2154903.30415587,2060236.15466394,94667.14949192991,22,-0.007959845760174899,0.0007931955439476837,0.001058025163048609,0.001058025163048609,0.0007935102067240323,0.0,0.03427372614973242,-0.7504560312505137,2,2,price=observed;tvl=observed;lp_amount=quantified,False
2024-04-25T05:00:00+00:00,1.4640285334627296e-05,1.4761174086198495e-05,1.4482442798731134e-05,1.4666583534860298e-05,1.4549661914340644e-05,WETH,pool_swap_ratio,6,361,119396536.66012317,,19730422,15330.407912599998,,6,4,0.0,0.0,0.0,0.0,,0,0,,,,7729.25229099,7601.155621610001,128.09666937999918,6,0.00979430285691771,1.0728681223590468e-06,0.0,0.0,1.0728686978211878e-06,0.0,0.00012839923827736056,0.008036036933917412,2,2,price=observed;tvl=observed;lp_amount=none,False
2024-04-25T06:00:00+00:00,1.4741986130074425e-05,1.4763596562497587e-05,1.4741986130074425e-05,1.4763596562497587e-05,1.4749975076715928e-05,WETH,pool_swap_ratio,2,841,119305382.84444946,,19730681,91153.81567373,,2,2,0.0,0.0,0.0,0.0,,0,0,,,,0.0,91153.81567373,-91153.81567373,2,0.006592781879250535,-0.0007637460167374708,0.0,0.0,-0.0007634544369843028,0.0,0.0007634544369843028,0.0009234921219061221,2,2,price=observed;tvl=observed;lp_amount=none,False
2024-04-25T07:00:00+00:00,1.4772079671972628e-05,1.4773347878803037e-05,1.4683051437637344e-05,1.4683051437637344e-05,1.4712544917835837e-05,WETH,pool_swap_ratio,3,1981,119310962.19463502,,19730885,16255.34981444,,3,3,0.0,0.0,0.0,0.0,,0,0,,,,10917.35,5337.99981444,5579.350185560001,3,-0.005470593850632402,4.6764191159387366e-05,0.0,0.0,4.676528462118399e-05,0.0,0.00013624992793186667,-0.0020046484386762042,2,2,price=observed;tvl=observed;lp_amount=none,False
2024-04-25T08:00:00+00:00,1.467891816202671e-05,1.4767084957952799e-05,1.4640567490417912e-05,1.4757493208887703e-05,1.4668040045981643e-05,WETH,pool_swap_ratio,5,757,119395433.18771829,,19731283,96444.95702079001,,5,3,0.0,0.0,0.0,0.0,,0,0,,,,90457.97505204001,5986.981968749999,84470.99308329001,5,0.005057102767199521,0.000707739702356005,0.0,0.0,0.0007079902091937732,0.0,0.0008083495032372372,0.006098508227796007,2,2,price=observed;tvl=observed;lp_amount=none,False
2024-04-25T09:00:00+00:00,1.4749297247276114e-05,1.479445784573484e-05,1.470498396064528e-05,1.476903179267736e-05,1.4749249729005257e-05,WETH,pool_swap_ratio,4,217,119308991.66979979,,19731625,300820.45612959005,,4,3,0.0,0.0,0.0,0.0,,0,0,,,,107189.46910554,193630.98702405003,-86441.51791851003,4,0.0007815741524892113,-0.0007242557128854413,0.0,0.0,-0.000723993503022877,0.0,0.002519530672974971,0.001341225081652686,2,2,price=observed;tvl=observed;lp_amount=none,False
2024-04-25T10:00:00+00:00,1.4780455049334963e-05,1.4813804816664029e-05,1.4734141540160453e-05,1.4791545853265059e-05,1.478317130692389e-05,WETH,pool_swap_ratio,4,1165,119225501.47314225,,19731845,198140.00563131,,4,3,0.0,0.0,0.0,0.0,,0,0,,,,57324.90448689,140815.10114441998,-83490.19665752997,4,0.001523249322839132,-0.000700026222345453,0.0,0.0,-0.0006997812611525366,0.0,0.0016607298650187518,0.0005664918688486065,2,2,price=observed;tvl=observed;lp_amount=none,False
2024-04-25T11:00:00+00:00,1.4828557533187895e-05,1.4925327211244521e-05,1.4556932446178246e-05,1.4556932446178246e-05,1.4865174968915117e-05,WETH,pool_swap_ratio,9,865,118957880.15022165,,19732169,334347.98645052,,9,6,0.0,0.0,0.0,0.0,,0,0,,,,33363.33176495,300984.65468557004,-267621.32292062003,9,-0.015988454497507246,-0.0022471881431636383,0.0,0.0,-0.0022446651061552186,0.0,0.002804332817386707,-0.020735882583383214,2,2,price=observed;tvl=observed;lp_amount=none,False
2024-04-25T12:00:00+00:00,1.4838212115970888e-05,1.4940599181528566e-05,1.4655802715004648e-05,1.4814676579367024e-05,1.4867746461406728e-05,WETH,pool_swap_ratio,7,37,119069326.0416851,,19732536,327184.16985718004,,7,4,0.0,0.0,0.0,0.0,,0,0,,,,219315.03066032002,107869.13919686001,111445.89146346001,7,0.01755101323737413,0.0009364131217609188,0.0,0.0,0.0009368516934121944,0.0,0.002750420312164334,-0.003569463750102364,2,2,price=observed;tvl=observed;lp_amount=none,False
2024-04-25T13:00:00+00:00,1.4887024339438732e-05,1.494076023174648e-05,1.4767433327904867e-05,1.494076023174648e-05,1.4895482210626891e-05,WETH,pool_swap_ratio,6,2173,118905641.32141449,,19732656,234849.72027061,,6,4,0.0,0.0,0.0,0.0,,0,0,,,,35582.5,199267.22027061,-163684.72027061,6,0.008474713901714354,-0.0013756467572827267,0.0,0.0,-0.0013747009890129507,0.0,0.0019723780093320693,0.00303971502764,2,2,price=observed;tvl=observed;lp_amount=none,False
2024-04-25T14:00:00+00:00,1.4989210381064659e-05,1.4997764468180652e-05,1.4895708260212786e-05,1.4986237528001227e-05,1.49591349669921e-05,WETH,pool_swap_ratio,6,109,118851733.8152574,,19733125,216377.44613139002,,6,5,0.0,0.0,0.0,0.0,,0,0,,,,81234.96998716,135142.47614423,-53907.50615706999,6,0.003039217740809787,-0.00045346653957509145,0.0,0.0,-0.0004533637391631598,0.0,0.0018197407938492923,0.001811773278931561,2,2,price=observed;tvl=observed;lp_amount=none,False
2024-04-25T15:00:00+00:00,1.5019654706279477e-05,1.5201738877304835e-05,1.4868548999517363e-05,1.5201738877304835e-05,1.5099409264300078e-05,WETH,pool_swap_ratio,9,889,118111193.94346066,,19733359,999409.09645174,,9,6,0.0,0.0,0.0,0.0,,0,0,,,,129434.61232747999,869974.4841242599,-740539.8717967799,9,0.014277539321838308,-0.006250279650296155,0.0,0.0,-0.00623078728449912,0.0,0.008408872671602898,0.006777060692479964,2,2,price=observed;tvl=observed;lp_amount=none,False
2024-04-25T16:00:00+00:00,1.5248609933323685e-05,1.5351138458613226e-05,1.5225898454632717e-05,1.5351138458613226e-05,1.5274848638834142e-05,WETH,pool_swap_ratio,8,109,117692326.42553963,,19733722,726125.01772967,,8,6,4044210.19823496,4243541.98561404,-199331.78737907996,8287752.183848999,0.9759486308280871,1,1,,,1.0,4297804.73920202,4716672.25712303,-418867.51792101003,10,0.009779816836137656,-0.0035526862179971253,-0.001687662115027804,0.07016906617518669,-0.003546382895100698,0.03592836414510724,0.006147808632577731,0.0049944730440816265,2,2,price=observed;tvl=observed;lp_amount=quantified,False
2024-04-25T17:00:00+00:00,1.495560147529155e-05,1.5252147959698969e-05,1.495560147529155e-05,1.522419964715888e-05,1.5240114355156952e-05,WETH,pool_swap_ratio,4,1525,117837454.64803691,,19733903,148271.77750271,,4,3,0.0,0.0,0.0,0.0,,0,0,,,,146700.0,1571.77750271,145128.22249729,4,-0.00830339408480472,0.0012323557573310148,0.0,0.0,0.0012331154197135208,0.0,0.001259825359952563,-0.0010442643425891962,2,2,price=observed;tvl=observed;lp_amount=none,False
2024-04-25T18:00:00+00:00,1.504193163038835e-05,1.5899553460443475e-05,1.504193163038835e-05,1.5180678373188187e-05,1.526527775721514e-05,WETH,pool_swap_ratio,8,577,117983000.29710099,,19734282,278056.280715,,8,6,0.0,0.0,0.0,0.0,,0,0,,,,211800.96488953,66255.31582547,145545.64906406,8,-0.0028627842982895213,0.0012343769549458808,0.0,0.0,0.0012351391117432346,0.0,0.002359659596734443,-0.005541948556223808,2,2,price=observed;tvl=observed;lp_amount=none,False
2024-04-25T19:00:00+00:00,1.5220846146910801e-05,1.5220846146910801e-05,1.5220846146910801e-05,1.5220846146910801e-05,1.5220846146910801e-05,WETH,pool_swap_ratio,1,61,117985834.29710099,,19734622,2834.0,,1,1,0.0,0.0,0.0,0.0,,0,0,,,,2834.0,0.0,2834.0,1,0.0026424857128102895,2.4020121174121573e-05,0.0,0.0,2.4020409659556993e-05,0.0,2.4020409659556993e-05,0.0,2,2,price=observed;tvl=observed;lp_amount=none,False
2024-04-25T20:00:00+00:00,1.5122828125827243e-05,1.5214890979551555e-05,1.5099079273211965e-05,1.5123539969855854e-05,1.5151153072083159e-05,WETH,pool_swap_ratio,8,85,118144958.2676967,,19734919,581640.4427106,,8,5,0.0,0.0,0.0,0.0,,0,0,,,,370382.20665316004,211258.23605744,159123.97059572005,8,-0.006413476958735448,0.0013477614923000987,0.0,0.0,0.001348670130983935,0.0,0.004929748102182902,-0.0018225082999250297,2,2,price=observed;tvl=observed;lp_amount=none,False
2024-04-25T21:00:00+00:00,1.5213314614175784e-05,1.5213314614175784e-05,1.5118190343328926e-05,1.5118190343328926e-05,1.5134142413331483e-05,WETH,pool_swap_ratio,5,25,118151084.90355083,,19735223,27716.16455144,,5,3,0.0,12012.762225,-12012.762225,12012.762225,0.0,0,1,,,1.0,23311.70189103,17185.066036900003,6126.635854129996,6,-0.0003537910382326907,5.185559413771385e-05,-0.0001016781621589056,0.0001016781621589056,5.185693866214811e-05,0.0001016781621589056,0.0002345945604266905,-0.0010540451891416502,2,2,price=observed;tvl=observed;lp_amount=quantified,False
2024-04-25T22:00:00+00:00,1.5207804460487667e-05,1.5229842373221927e-05,1.5085846501923677e-05,1.5085846501923677e-05,1.5098964306144238e-05,WETH,pool_swap_ratio,8,349,118284696.28677158,,19735495,141955.00725539,,8,4,0.0,0.0,0.0,0.0,,0,0,,,,137783.19523806998,4171.81201732,133611.38322074997,8,-0.002141690790139058,0.0011302130055849545,0.0,0.0,0.0011308519369908425,0.0,0.0012014701970047147,-0.0008687883456498513,2,2,price=observed;tvl=observed;lp_amount=none,False
2024-04-25T23:00:00+00:00,1.5114615008652733e-05,1.5114615008652733e-05,1.5031335512134931e-05,1.5031335512134931e-05,1.5069569147757836e-05,WETH,pool_swap_ratio,5,637,118312366.09197538,,19735768,28365.85915447,,5,5,0.0,0.0,0.0,0.0,,0,1,,,1.0,28365.85915447,696.05395068,27669.805203789998,6,-0.0036199302636489195,0.00023389813087063813,0.0,0.0,0.0002339254871712805,0.0,0.00023981005189123783,-0.00253714192144594,2,2,price=observed;tvl=observed;lp_amount=quantified,False
2024-04-26T00:00:00+00:00,1.5158792503261515e-05,1.5158792503261515e-05,1.4940717510317316e-05,1.4974649359173021e-05,1.5020270476229859e-05,WETH,pool_swap_ratio,8,829,118645695.2584522,,19736050,354221.57907032,,8,4,0.0,0.0,0.0,0.0,,0,0,,,,343775.37277357996,10446.20629674,333329.16647684,8,-0.0037783275997441534,0.0028134040635061077,0.0,0.0,0.002817365398792817,0.0,0.002993952287244007,-0.0030373032981685366,2,2,price=observed;tvl=observed;lp_amount=none,False
2024-04-26T01:00:00+00:00,1.4876156551411357e-05,1.5103894718590353e-05,1.4876156551411357e-05,1.5103894718590353e-05,1.4997578591614006e-05,WETH,pool_swap_ratio,12,649,118423031.63492979,,19736363,741157.9852851699,,12,7,0.0,27604.10916174,-27604.10916174,27604.10916174,0.0,0,1,,,1.0,273931.49516778,496595.1186902,-222663.62352241995,13,0.008593910299428834,-0.001878473739794222,-0.00023266001435288914,0.00023266001435288914,-0.0018767105122303846,0.00023266001435288914,0.006246817330124504,0.007088886137645911,2,2,price=observed;tvl=observed;lp_amount=quantified,False
2024-04-26T02:00:00+00:00,1.4943614057489477e-05,1.5177356054256315e-05,1.4943614057489477e-05,1.5049159704959126e-05,1.5112639824203619e-05,WETH,pool_swap_ratio,12,313,118350584.55109331,,19736689,374240.08639273,,12,7,0.0,0.0,0.0,0.0,,0,0,,,,150896.50127813,223343.5851146,-72447.08383647,12,-0.003630482867938366,-0.0006119523557086491,0.0,0.0,-0.0006117651510544607,0.0,0.003160196806533578,-0.004200465304732948,2,2,price=observed;tvl=observed;lp_amount=none,False
2024-04-26T03:00:00+00:00,1.5006682390080686e-05,1.5180884341022954e-05,1.4530220850100094e-05,1.5034924820260729e-05,1.5076736186636315e-05,WETH,pool_swap_ratio,13,505,118402492.62225397,,19737001,374442.67603593,,13,4,0.0,0.0,0.0,0.0,,0,1,,,1.0,214782.30239459002,162874.23123391997,51908.07116067005,13,-0.0009463399658255688,0.00043849966059291584,0.0,0.0,0.0004385958156232066,0.0,0.003163843063861495,-0.0027732372483009193,2,2,price=observed;tvl=observed;lp_amount=quantified,False
2024-04-26T04:00:00+00:00,1.5019160877802782e-05,1.5075467039878028e-05,1.4937689417430907e-05,1.4992333489563182e-05,1.5014646776496883e-05,WETH,pool_swap_ratio,11,133,118553094.56576546,,19737300,721681.96383962,,11,6,0.0,0.0,0.0,0.0,,0,0,,,,436141.95367555,285540.01016407,150601.94351148,11,-0.0028368463628342267,0.0012711408545141333,0.0,0.0,0.001271949096476826,0.0,0.006095158538106473,-0.0014861013559525071,2,2,price=observed;tvl=observed;lp_amount=none,False
2024-04-26T05:00:00+00:00,1.4982888736281652e-05,1.5064726759240335e-05,1.4121154968221946e-05,1.4465945182645973e-05,1.453109691002757e-05,WETH,pool_swap_ratio,7,373,118559797.63939095,,19737580,41990.97234312,,7,4,0.0,0.0,0.0,0.0,,0,0,,,,24347.022984299998,17643.94935882,6703.0736254799995,7,-0.03574169072267803,5.653909043018522e-05,0.0,0.0,5.654068879460228e-05,0.0,0.0003541954977803314,-0.004483606969590603,2,2,price=observed;tvl=observed;lp_amount=none,False
2024-04-26T06:00:00+00:00,1.4966885645452993e-05,2.50516e-05,1.4833105715420562e-05,1.4899561608804821e-05,1.4904854821684291e-05,WETH,pool_swap_ratio,8,253,119287885.51531567,,19737888,443823.25364611,,8,6,284478.15742037,0.0,284478.15742037,284478.15742037,0.0,1,0,,,,728194.6434956,106.76757088,728087.87592472,9,0.02953451126344439,0.006122322828622917,0.002399448743035417,0.002399448743035417,0.006141102552648219,0.0,0.0037434548850701797,-0.00035513347448168364,2,2,price=observed;tvl=observed;lp_amount=quantified,False
2024-04-26T07:00:00+00:00,1.4809172288922842e-05,1.4898699740450225e-05,1.4809172288922842e-05,1.4898699740450225e-05,1.4858559424502996e-05,WETH,pool_swap_ratio,2,2173,119286733.7033014,,19738026,11151.812014269999,,2,2,0.0,0.0,0.0,0.0,,0,0,,,,5000.0,6151.81201427,-1151.81201427,2,-5.7846888765438545e-05,-9.655779965550211e-06,0.0,0.0,-9.655733348732348e-06,0.0,9.348654279598401e-05,0.0027014944585430634,2,2,price=observed;tvl=observed;lp_amount=none,False
2024-04-26T08:00:00+00:00,1.4808921393139847e-05,1.4949432291241749e-05,1.4691227869162938e-05,1.481897181524765e-05,1.4795300068452653e-05,WETH,pool_swap_ratio,13,949,119275122.05780143,,19738423,927630.53471314,,13,8,74830.4513895,194765.66416335,-119935.21277385001,269596.11555285,0.5551300413661241,1,1,,,1.0,592987.9465346199,604599.5920346,-11611.645499980077,15,-0.005365704129196078,-9.734704210857315e-05,-0.001005436305030881,0.0022600678816758367,-9.734230403911806e-05,0.0016327520933533588,0.007776476946886733,0.0015999504359813788,2,2,price=observed;tvl=observed;lp_amount=quantified,False
2024-04-26T09:00:00+00:00,1.4801946922549455e-05,1.48980399640274e-05,1.4801946922549455e-05,1.4819230814105648e-05,1.4852526913884455e-05,WETH,pool_swap_ratio,4,961,119276931.90493695,,19738717,119016.97306526001,,4,3,0.0,0.0,0.0,0.0,,0,0,,,,60413.41010039,58603.56296487,1809.8471355200018,4,1.74773660361886e-05,1.5173603458806243e-05,0.0,0.0,1.5173718578488976e-05,0.0,0.0009978356845242523,-0.0022417801342397015,2,2,price=observed;tvl=observed;lp_amount=none,False
2024-04-26T10:00:00+00:00,1.4667124656162952e-05,1.4667124656162952e-05,1.4667124656162952e-05,1.4667124656162952e-05,1.4667124656162952e-05,WETH,pool_swap_ratio,1,2185,119280158.53988488,,19738912,3226.63494792,,1,1,0.0,0.0,0.0,0.0,,0,0,,,,3226.63494792,0.0,3226.63494792,1,-0.010317145319603916,2.7051260074424272e-05,0.0,0.0,2.7051625963112547e-05,0.0,2.7051625963112547e-05,0.0,2,2,price=observed;tvl=observed;lp_amount=none,False
2024-04-26T11:00:00+00:00,1.4719790699309961e-05,1.4804467330669442e-05,1.4719790699309961e-05,1.4804467330669442e-05,1.4801589997283138e-05,WETH,pool_swap_ratio,3,121,119327595.38492109,,19739381,54048.99423772,,3,2,0.0,0.0,0.0,0.0,,0,0,,,,50742.91963698,3306.07460074,47436.845036239996,3,0.00932041057120586,0.0003976136138150569,0.0,0.0,0.00039769267258626316,0.0,0.00045312644533119985,0.00019439353385886093,2,2,price=observed;tvl=observed;lp_amount=none,False
2024-04-26T12:00:00+00:00,1.4872168480439456e-05,1.4884890910738729e-05,1.476029589711345e-05,1.476029589711345e-05,1.4784669088586488e-05,WETH,pool_swap_ratio,6,325,119437370.74197856,,19739661,147156.44431865,,6,6,0.0,0.0,0.0,0.0,,0,0,,,,128465.90068805001,18690.543630599997,109775.35705745002,6,-0.0029881156890916643,0.0009195265668412723,0.0,0.0,0.0009199494610055794,0.0,0.0012332138584034982,-0.0016485449438874422,2,2,price=observed;tvl=observed;lp_amount=none,False
2024-04-26T13:00:00+00:00,1.4725755746947449e-05,1.485835669608764e-05,1.4685066744551107e-05,1.485835669608764e-05,1.4771678354970715e-05,WETH,pool_swap_ratio,6,61,119335710.07156087,,19739976,450536.03309195006,,6,3,0.0,0.0,0.0,0.0,,0,0,,,,174437.68133713002,276098.35175482003,-101660.67041769001,6,0.006621581245653658,-0.0008515254417635005,0.0,0.0,-0.0008511629968589004,0.0,0.003772152972667545,0.005867873577666938,2,2,price=observed;tvl=observed;lp_amount=none,False
2024-04-26T14:00:00+00:00,1.4894602308706677e-05,1.4982863595104589e-05,1.4823728314531113e-05,1.4823728314531113e-05,1.4895847538874811e-05,WETH,pool_swap_ratio,11,409,119303429.86676864,,19740244,443773.85500964,,11,6,0.0,0.0,0.0,0.0,,0,0,,,,205746.82510871,238027.02990092998,-32280.20479221997,11,-0.002333286037994039,-0.0002705357134412625,0.0,0.0,-0.0002704991219548852,0.0,0.0037187012566777073,-0.00484156568838956,2,2,price=observed;tvl=observed;lp_amount=none,False
2024-04-26T15:00:00+00:00,1.4783766201421387e-05,1.4877053417281356e-05,1.4783766201421387e-05,1.481171627451312e-05,1.4834022368241442e-05,WETH,pool_swap_ratio,3,1057,119290655.14102563,,19740489,203625.65339793998,,3,3,0.0,0.0,0.0,0.0,,0,0,,,,95425.46382746,108200.18957048,-12774.725743019997,3,-0.0008106536508820943,-0.00010708333993111111,0.0,0.0,-0.00010707760671496278,0.0,0.0017067879240801177,-0.0015037117495574348,2,2,price=observed;tvl=observed;lp_amount=none,False
2024-04-26T16:00:00+00:00,1.4805089541650168e-05,1.4871052477414723e-05,1.4781947793728884e-05,1.4871052477414723e-05,1.4798801002231556e-05,WETH,pool_swap_ratio,4,685,119351646.82390615,,19740815,65967.79335504,,4,3,0.0,0.0,0.0,0.0,,0,0,,,,63479.73811778,2488.05523726,60991.68288052,4,0.003998028784609796,0.0005111556811707734,0.0,0.0,0.0005112863434978668,0.0,0.0005530005118762468,0.004882251958943984,2,2,price=observed;tvl=observed;lp_amount=none,False
2024-04-26T17:00:00+00:00,1.477471061467501e-05,1.4853392931290996e-05,1.47644869183001e-05,1.4853392931290996e-05,1.4777269667558536e-05,WETH,pool_swap_ratio,6,397,119390085.32099755,,19741136,42761.502908580005,,6,5,0.0,0.0,0.0,0.0,,0,0,,,,40600.0,2161.50290858,38438.49709142,6,-0.0011882171699855474,0.0003220090352716886,0.0,0.0,0.0003220608857465783,0.0,0.0003582816328598398,0.005151375419478077,2,2,price=observed;tvl=observed;lp_amount=none,False
2024-04-26T18:00:00+00:00,1.4762609966425075e-05,1.4817588932126618e-05,1.4699948599256907e-05,1.4731449935624701e-05,1.475531210091077e-05,WETH,pool_swap_ratio,7,1777,119468936.35566182,,19741318,124128.8354466,,7,5,0.0,0.0,0.0,0.0,,0,1,,,1.0,102053.51972495,23202.48506068,78851.03466427,8,-0.008243659552074574,0.0006602307668772227,0.0,0.0,0.000660448767184206,0.0,0.0010396913203710478,-0.001617191498416104,2,2,price=observed;tvl=observed;lp_amount=quantified,False
2024-04-26T19:00:00+00:00,1.4835618786713464e-05,1.4852853333680997e-05,1.4733022108260551e-05,1.4733022108260551e-05,1.4812777867030094e-05,WETH,pool_swap_ratio,7,109,119212342.793552,,19741755,140520.98610439,,7,3,209289.91130483,415673.22994209,-206383.31863726,624963.14124692,0.6697672150304959,1,1,,,1.0,255898.57895452,512492.14106434997,-256593.56210982997,9,0.00010671649809303093,-0.0021500945685822503,-0.001727506119438881,0.00523117690933809,-0.0021477847709796705,0.0034793415143884853,0.0011762135864845714,-0.005384254019434209,2,2,price=observed;tvl=observed;lp_amount=quantified,False
2024-04-26T20:00:00+00:00,1.486315699604136e-05,1.5322508998565718e-05,1.4738629231079403e-05,1.4848049042417577e-05,1.4907866711256632e-05,WETH,pool_swap_ratio,14,685,118956775.81657907,,19742004,317423.06727086,,14,9,0.0,0.0,0.0,0.0,,0,0,,,,30928.04514897,286495.02212189,-255566.97697291998,14,0.0077771026842234385,-0.0021460975004130036,0.0,0.0,-0.0021437962796813956,0.0,0.002662669483985923,-0.0040124901837154114,2,2,price=observed;tvl=observed;lp_amount=none,False
2024-04-26T21:00:00+00:00,1.4948997371722222e-05,1.4957688960375395e-05,1.469009652083556e-05,1.4833379764184936e-05,1.4764753964148262e-05,WETH,pool_swap_ratio,11,265,119181654.02456482,,19742336,821374.4900803798,,11,7,70491.90303359,206487.19723732,-135995.29420373,276979.10027091,0.5090052134954781,1,1,,,1.0,661820.50593011,436942.29794436,224878.20798575,13,-0.0009884483339789659,0.0018886349001267832,-0.0011432328530274125,0.002328401205980797,0.0018904194943253378,0.0017358170295041048,0.00690481466433545,0.004647947416076992,2,2,price=observed;tvl=observed;lp_amount=quantified,False
2024-04-26T22:00:00+00:00,1.4856152988977042e-05,1.4868485002587334e-05,1.46368299316429e-05,1.46368299316429e-05,1.4723699708459478e-05,WETH,pool_swap_ratio,12,361,119489892.58955118,,19742627,387373.03002781,,12,6,0.0,0.0,0.0,0.0,,0,0,,,,347805.79750708,39567.23252073,308238.56498635,12,-0.013339080306665028,0.002582953357706264,0.0,0.0,0.002586292055678454,0.0,0.003250273988880601,-0.005899996504728167,2,2,price=observed;tvl=observed;lp_amount=none,False
2024-04-26T23:00:00+00:00,1.4634867460797471e-05,1.4722599123714807e-05,1.4590341054803447e-05,1.4668680763706602e-05,1.4682617823930195e-05,WETH,pool_swap_ratio,6,193,119478864.60565372,,19742939,54267.19282244,,6,5,0.0,0.0,0.0,0.0,,0,0,,,,21619.60446249,32647.588359949998,-11027.983897459999,6,0.0021737102578501164,-9.22964494164648e-05,0.0,0.0,-9.229219023019143e-05,0.0,0.0004541571813847744,-0.000949221752600371,2,2,price=observed;tvl=observed;lp_amount=none,False
2024-04-27T00:00:00+00:00,1.4744796653972225e-05,1.4744796653972225e-05,1.4632362839638871e-05,1.4632362839638871e-05,1.4735158229243263e-05,WETH,pool_swap_ratio,4,145,119413844.52297214,,19743242,86102.26880299,,4,4,0.0,0.0,0.0,0.0,,0,0,,,,10541.0930607,75561.17574229,-65020.08268159,4,-0.0024789521600522045,-0.0005443454890210984,0.0,0.0,-0.0005441973598945069,0.0,0.0007206485355144199,-0.006976198558925839,2,2,price=observed;tvl=observed;lp_amount=none,False
2024-04-27T01:00:00+00:00,1.464466351276393e-05,1.464466351276393e-05,1.4270331418851681e-05,1.4387256935716216e-05,1.4435062389442897e-05,WETH,pool_swap_ratio,15,205,120308766.8999563,,19743537,1797536.93363622,,15,8,295999.50680777,77779.25156682,218220.25524094998,373778.75837459,0.41617801881011085,1,1,,,1.0,1533119.0344974902,638196.65751332,894922.3769841702,17,-0.01689282868399041,0.007466350621323156,0.0018274284369009662,0.003130112424298379,0.007494293317153944,0.0006513419936987063,0.015053002780514451,-0.003311759411697701,2,2,price=observed;tvl=observed;lp_amount=quantified,False
2024-04-27T02:00:00+00:00,1.4293727061806751e-05,1.4387542874872985e-05,1.4254887972368388e-05,1.4330876879460433e-05,1.4313342304797917e-05,WETH,pool_swap_ratio,10,145,120458084.58694945,,19743842,465253.69329634996,,10,4,0.0,0.0,0.0,0.0,,0,0,,,,307285.69014475,157968.00315159996,149317.68699315004,10,-0.003926447940723519,0.0012403510301721612,0.0,0.0,0.001241120583650536,0.0,0.003867163676303285,0.0012250510250590985,2,2,price=observed;tvl=observed;lp_amount=none,False
2024-04-27T03:00:00+00:00,1.4335401959864154e-05,1.4497813422191042e-05,1.4335401959864154e-05,1.4497813422191042e-05,1.4423173411943775e-05,WETH,pool_swap_ratio,9,841,120001572.04121287,,19744081,476679.64136231004,,9,6,0.0,0.0,0.0,0.0,,0,0,,,,10083.54781287,466596.09354944003,-456512.54573657,9,0.011581407750337286,-0.0037970036272086064,0.0,0.0,-0.0037898041239984074,0.0,0.0039572241497683085,0.005175006090231138,2,2,price=observed;tvl=observed;lp_amount=none,False
2024-04-27T04:00:00+00:00,1.4459407720204053e-05,1.4566704188046164e-05,1.438762965416608e-05,1.4566704188046164e-05,1.44630958776915e-05,WETH,pool_swap_ratio,8,673,119850297.2143975,,19744393,577242.60798607,,8,5,0.0,0.0,0.0,0.0,,0,1,,,1.0,215184.73022917,366459.55704454,-151274.82681537,9,0.004740549682813642,-0.0012614022758553516,0.0,0.0,-0.0012606070424095509,0.0,0.004810292050072678,0.007163632961493027,2,2,price=observed;tvl=observed;lp_amount=quantified,False
2024-04-27T05:00:00+00:00,1.4590645797675536e-05,1.4607380225466518e-05,1.4495101268790787e-05,1.4495101268790787e-05,1.4544305141752755e-05,WETH,pool_swap_ratio,6,625,37856669.52260889,,19744696,178257.89113175002,,6,4,0.0,81996520.49304613,-81996520.49304613,81996520.49304613,0.0,0,1,,,1.0,95439.89607192,82089067.58786052,-81993627.6917886,7,-0.004927640455650775,-1.1524362670874477,-0.6841578402293355,0.6841578402293355,-0.6841337034409856,0.6841578402293355,0.0014873379146725725,-0.003383033598540086,2,2,price=observed;tvl=observed;lp_amount=quantified,False
2024-04-27T06:00:00+00:00,1.4468405633897317e-05,1.4468405633897317e-05,1.4468405633897317e-05,1.4468405633897317e-05,1.4468405633897317e-05,WETH,pool_swap_ratio,1,1633,37930252.31075847,,19744909,73582.78814958,,1,1,0.0,0.0,0.0,0.0,,0,0,,,,73582.78814958,0.0,73582.78814958,1,-0.0018433984905722246,0.001941834012813795,0.0,0.0,0.0019437205934250141,0.0,0.0019437205934250141,0.0,2,2,price=observed;tvl=observed;lp_amount=none,False
2024-04-27T07:00:00+00:00,1.4542787817442348e-05,1.4542787817442348e-05,1.4443204527581109e-05,1.4518533239377737e-05,1.4459627497387848e-05,WETH,pool_swap_ratio,4,37,37983422.17661582,,19745338,76964.02528735,,4,4,0.0,0.0,0.0,0.0,,0,0,,,,65066.94557235,11897.079715,53169.86585735,4,0.0034586374000474,0.0014007983386578706,0.0,0.0,0.0014017799149274046,0.0,0.0020290934174861807,0.0040738077105049175,2,2,price=observed;tvl=observed;lp_amount=none,False
2024-04-27T08:00:00+00:00,1.4426851849557985e-05,1.4509048139546993e-05,1.4422214701235106e-05,1.4422214701235106e-05,1.4430314101635029e-05,WETH,pool_swap_ratio,4,349,38008224.41562583,,19745607,25904.99915293,,4,3,0.0,0.0,0.0,0.0,,0,0,,,,25353.61908147,551.38007146,24802.23901001,4,-0.006656282274726628,0.0006527622706686102,0.0,0.0,0.000652975366323872,0.0,0.0006820080358340697,-0.0005612767915429417,2,2,price=observed;tvl=observed;lp_amount=none,False
2024-04-27T09:00:00+00:00,1.4526069584473786e-05,1.4622557752408081e-05,1.4517421289975877e-05,1.4622557752408081e-05,1.4566776662833983e-05,WETH,pool_swap_ratio,6,37,37730454.47215119,,19745927,289322.33164064,,6,4,0.0,0.0,0.0,0.0,,0,0,,,,5776.194083,283546.13755764,-277769.94347463996,6,0.013795682437361585,-0.00733498901580053,0.0,0.0,-0.0073081536363599235,0.0,0.007612098067956434,0.003829336500807301,2,2,price=observed;tvl=observed;lp_amount=none,False
2024-04-27T10:00:00+00:00,1.4535335824576298e-05,1.4535335824576298e-05,1.4392561358896916e-05,1.4392561358896916e-05,1.4457023820513098e-05,WETH,pool_swap_ratio,6,805,38116839.89029166,,19746161,386385.41814047005,,6,2,0.0,0.0,0.0,0.0,,0,0,,,,386385.41814047005,0.0,386385.41814047005,6,-0.015853887071292892,0.010188597071478595,0.0,0.0,0.010240677552019966,0.0,0.010240677552019966,-0.004458902635597561,2,2,price=observed;tvl=observed;lp_amount=none,False
2024-04-27T11:00:00+00:00,1.4533373023604376e-05,1.4565210948007936e-05,1.4301701752705254e-05,1.4301701752705254e-05,1.4340792966285193e-05,WETH,pool_swap_ratio,9,241,38314690.72405836,,19746506,200006.892502,,9,4,0.0,0.0,0.0,0.0,,0,0,,,,198928.86313435,1078.02936765,197850.8337667,9,-0.006332966942526557,0.0051772161070661425,0.0,0.0,0.0051906410483176625,0.0,0.005247205515401125,-0.0027258753174835837,2,2,price=observed;tvl=observed;lp_amount=none,False
2024-04-27T12:00:00+00:00,1.4299418398410329e-05,1.4400642979914613e-05,1.4297275164579526e-05,1.4331949596044938e-05,1.4388140838490394e-05,WETH,pool_swap_ratio,4,2641,38238317.295410015,,19746603,103675.91154814001,,4,3,0.0,0.0,0.0,0.0,,0,0,,,,13651.2414499,90024.67009824,-76373.42864834,4,0.0021127486832002496,-0.001995309027372235,0.0,0.0,-0.001993319721627924,0.0,0.0027059049567909046,-0.0039053859060884655,2,2,price=observed;tvl=observed;lp_amount=none,False
2024-04-27T13:00:00+00:00,1.4212655744420957e-05,1.4474185360650795e-05,1.4212655744420957e-05,1.4326439710195998e-05,1.4443201632220071e-05,WETH,pool_swap_ratio,6,529,38098094.87676299,,19747078,159949.17044875,,6,5,0.0,0.0,0.0,0.0,,0,0,,,,9863.37590086,150085.79454789,-140222.41864703,6,-0.00038452167412138765,-0.0036738057860021393,0.0,0.0,-0.00366706561807472,0.0,0.004182955259591135,-0.008084213251139505,2,2,price=observed;tvl=observed;lp_amount=none,False
2024-04-27T14:00:00+00:00,1.4478473649467821e-05,1.4502483218257387e-05,1.4362192643312819e-05,1.4421753412702392e-05,1.4420354992622772e-05,WETH,pool_swap_ratio,7,301,38222021.27098222,,19747394,381800.21389961,,7,6,0.0,0.0,0.0,0.0,,0,0,,,,252863.30405942,128936.90984019001,123926.39421923,7,0.00663095947219868,0.0032475449302412918,0.0,0.0,0.0032528239173139307,0.0,0.010021504097111158,9.697542677233884e-05,2,2,price=observed;tvl=observed;lp_amount=none,False
2024-04-27T15:00:00+00:00,1.432350519942447e-05,1.432350519942447e-05,1.4179323258906314e-05,1.4179323258906314e-05,1.425716685583139e-05,WETH,pool_swap_ratio,9,757,38624918.333439305,,19747655,402897.06245707994,,9,5,0.0,0.0,0.0,0.0,,0,0,,,,402897.06245707994,0.0,402897.06245707994,9,-0.01695292542920662,0.010485798292934962,0.0,0.0,0.010540966936328807,0.0,0.010540966936328807,-0.00545996253759462,2,2,price=observed;tvl=observed;lp_amount=none,False
2024-04-27T16:00:00+00:00,1.4175411570613704e-05,1.425360868167306e-05,1.4066644491700707e-05,1.4066644491700707e-05,1.4125658217407917e-05,WETH,pool_swap_ratio,10,697,38926194.76314878,,19747958,336264.38891820004,,10,6,0.0,0.0,0.0,0.0,,0,0,,,,318770.40931384,17493.979604360004,301276.42970947997,10,-0.007978438970004744,0.007769790357366772,0.0,0.0,0.0078000535071332845,0.0,0.008705892554006542,-0.004177768200173793,2,2,price=observed;tvl=observed;lp_amount=none,False
2024-04-27T17:00:00+00:00,1.4143427366046213e-05,1.4236869665608843e-05,1.4047350780443092e-05,1.4160782838896487e-05,1.4184358548483176e-05,WETH,pool_swap_ratio,8,529,38615772.882417224,,19748271,383781.71898729,,8,8,0.0,0.0,0.0,0.0,,0,0,,,,36679.91912787,347101.79985942,-310421.88073155,8,0.006670016016971328,-0.008006594324831605,0.0,0.0,-0.007974626922059814,0.0,0.009859214889162866,-0.0016620920506278392,2,2,price=observed;tvl=observed;lp_amount=none,False
2024-04-27T18:00:00+00:00,1.4165701748708045e-05,1.4165701748708045e-05,1.3989108490098942e-05,1.4070307159265171e-05,1.4077230336213188e-05,WETH,pool_swap_ratio,12,1237,39079773.40986156,,19748611,591801.34084424,,12,5,0.0,0.0,0.0,0.0,,0,1,,,1.0,529024.5338810299,65024.0064367,464000.5274443299,13,-0.006409670288650407,0.011944212144185833,0.0,0.0,0.012015829098052355,0.0,0.015325378638574465,-0.0004917996496943688,2,2,price=observed;tvl=observed;lp_amount=quantified,False
2024-04-27T19:00:00+00:00,1.408291886274079e-05,1.4243098561080557e-05,1.408291886274079e-05,1.4243098561080557e-05,1.4105657123542422e-05,WETH,pool_swap_ratio,8,25,38975270.44124222,,19748906,104502.96861934,,8,5,0.0,0.0,0.0,0.0,,0,0,,,,0.0,104502.96861934,-104502.96861934,8,0.012205776213290843,-0.002677675289215762,0.0,0.0,-0.0026740935143950775,0.0,0.0026740935143950775,0.009743710366300062,2,2,price=observed;tvl=observed;lp_amount=none,False
2024-04-27T20:00:00+00:00,1.4131656906103575e-05,1.4150632372417831e-05,1.4005070592111077e-05,1.4135270361803594e-05,1.4083208710117735e-05,WETH,pool_swap_ratio,10,625,38949909.37231978,,19749156,134485.34647577,,10,4,3711227.2058641,3777924.13294407,-66696.92707997002,7489151.33880817,0.9910941942467697,1,1,,,1.0,3799238.15461066,3824599.2235330995,-25361.06892243959,12,-0.007599359814872423,-0.0006509082142263537,-0.0017112627141489631,0.19215136300589775,-0.0006506964194301889,0.09693131286002335,0.0034505301683157145,0.003696718039011726,2,2,price=observed;tvl=observed;lp_amount=quantified,False
2024-04-27T21:00:00+00:00,1.4135830563522224e-05,1.4135830563522224e-05,1.4008287357963791e-05,1.4071574296793792e-05,1.4021638269998203e-05,WETH,pool_swap_ratio,5,181,39109477.157916084,,19749491,169632.69123626,,5,4,0.0,0.0,0.0,0.0,,0,0,,,,164600.23841628,5032.452819980001,159567.78559629997,5,-0.004516362893541173,0.004088374632472795,0.0,0.0,0.004096743437089965,0.0,0.0043551498314091455,0.0035613546601351853,2,2,price=observed;tvl=observed;lp_amount=none,False
2024-04-27T22:00:00+00:00,1.396303222095778e-05,1.3974893977295196e-05,1.3883462861300622e-05,1.3883462861300622e-05,1.3937498535855066e-05,WETH,pool_swap_ratio,5,1513,39323591.24074324,,19749678,214114.08282716,,5,3,0.0,0.0,0.0,0.0,,0,0,,,,214114.08282716,0.0,214114.08282716,5,-0.01345834553966779,0.005459804622818984,0.0,0.0,0.005474736518788299,0.0,0.005474736518788299,-0.0038769994784526585,2,2,price=observed;tvl=observed;lp_amount=none,False
2024-04-27T23:00:00+00:00,1.3975495791296651e-05,1.4033464024484841e-05,1.3962714116186448e-05,1.3962714116186448e-05,1.40053478837439e-05,WETH,pool_swap_ratio,5,217,39173870.64276697,,19750084,152191.21574540998,,5,4,0.0,0.0,0.0,0.0,,0,0,,,,1235.30888457,150955.90686083998,-149720.59797627,5,0.005692089720424677,-0.003814665492127953,0.0,0.0,-0.003807398898530514,0.0,0.0038702267759238734,-0.003044106287922843,2,2,price=observed;tvl=observed;lp_amount=none,False
2024-04-28T00:00:00+00:00,1.394798415710318e-05,1.4191090916800395e-05,1.394798415710318e-05,1.4191090916800395e-05,1.4092379654329553e-05,WETH,pool_swap_ratio,12,61,38784910.50605705,,19750394,521031.35284362,,12,6,0.0,0.0,0.0,0.0,,0,1,,,1.0,66855.83540384,455815.97211375996,-388960.13670991996,13,0.01622386811682126,-0.009978692804303043,0.0,0.0,-0.009929070840533273,0.0,0.01330048178274216,0.007004584384761037,2,2,price=observed;tvl=observed;lp_amount=quantified,False
2024-04-28T01:00:00+00:00,1.4210296365556309e-05,1.4216632526772673e-05,1.4103993696470032e-05,1.4103993696470032e-05,1.4190048894006468e-05,WETH,pool_swap_ratio,5,325,38715822.29208067,,19750667,139016.21397638,,5,4,0.0,0.0,0.0,0.0,,0,0,,,,34964.0,104052.21397638,-69088.21397638,5,-0.006156369320613711,-0.0017829052651027837,0.0,0.0,-0.0017813168336585558,0.0,0.0035842860577097327,-0.006064475054260332,2,2,price=observed;tvl=observed;lp_amount=none,False
2024-04-28T02:00:00+00:00,1.425073925313357e-05,1.425073925313357e-05,1.4030597106308245e-05,1.4030597106308245e-05,1.4149702856249479e-05,WETH,pool_swap_ratio,11,685,38693256.61709641,,19750935,795627.0452224801,,11,7,84536.96542302,262335.45180985,-177798.48638683,346872.41723287,0.48742397044655633,1,2,,,1.0,560374.30316227,582939.97814653,-22565.674984259997,14,-0.005217545702453854,-0.0005830240054901318,-0.004592398555956764,0.008959448532850169,-0.0005828540800197807,0.006775923544403466,0.020550436439657534,-0.008417544251724585,2,2,price=observed;tvl=observed;lp_amount=quantified,False
2024-04-28T03:00:00+00:00,1.4138377944318688e-05,1.4196172376795417e-05,1.4111544322661154e-05,1.4111544322661154e-05,1.4128126771021299e-05,WETH,pool_swap_ratio,4,1297,38763861.58751491,,19751182,79154.68291542,,4,4,0.0,0.0,0.0,0.0,,0,0,,,,74879.82666696,4274.85624846,70604.9704185,4,0.0057527562212994,0.0018230729882612884,0.0,0.0,0.0018247357961413764,0.0,0.0020456971016610146,-0.0011737188254962172,2,2,price=observed;tvl=observed;lp_amount=none,False
2024-04-28T04:00:00+00:00,1.4100296199420326e-05,1.4118627673058387e-05,1.4029212667268428e-05,1.4029212667268428e-05,1.4070268701695616e-05,WETH,pool_swap_ratio,7,313,38972337.42709716,,19751562,213150.84878303,,7,4,0.0,0.0,0.0,0.0,,0,0,,,,210813.34418263996,2337.5046003899997,208475.83958224996,7,-0.005851433942361061,0.005363687497732406,0.0,0.0,0.005378097822158048,0.0,0.005498700079242925,-0.002917928242709422,2,2,price=observed;tvl=observed;lp_amount=none,False
2024-04-28T05:00:00+00:00,1.4114312952166523e-05,1.4114312952166523e-05,1.4114312952166523e-05,1.4114312952166523e-05,1.4114312952166523e-05,WETH,pool_swap_ratio,1,949,38688612.94627558,,19751807,3684.37283707,,1,1,0.0,279999.99999999,-279999.99999999,279999.99999999,0.0,0,1,,,1.0,0.0,283724.48082158004,-283724.48082158004,2,0.0060476107661358155,-0.007306780094013173,-0.007184583180923303,0.007184583180923303,-0.007280150474739261,0.007184583180923303,9.45381539909455e-05,0.0,2,2,price=observed;tvl=observed;lp_amount=quantified,False
2024-04-28T06:00:00+00:00,1.4118920126599956e-05,1.4316518167582621e-05,1.4036003606813786e-05,1.4316518167582621e-05,1.4213414663228627e-05,WETH,pool_swap_ratio,13,853,38131785.36023691,,19752115,615213.51571941,,13,8,0.0,0.0,0.0,0.0,,0,0,,,,29192.96484037,586020.5508790399,-556827.5860386699,13,0.014224601740129388,-0.014497121871028118,0.0,0.0,-0.014392544566327593,0.0,0.01590166896326105,0.007253957391444521,2,2,price=observed;tvl=observed;lp_amount=none,False
2024-04-28T07:00:00+00:00,1.423677024886973e-05,1.4366484013842243e-05,1.4109197972632597e-05,1.4109197972632597e-05,1.4298066076205769e-05,WETH,pool_swap_ratio,7,205,38027322.047411315,,19752467,356607.46681571996,,7,5,0.0,0.0,0.0,0.0,,0,0,,,,126072.07699506,230535.38982066003,-104463.31282560003,7,-0.014587064057702557,-0.002743293137073302,0.0,0.0,-0.002739533746944153,0.0,0.00935197404073252,-0.013209346114820164,2,2,price=observed;tvl=observed;lp_amount=none,False
2024-04-28T08:00:00+00:00,1.429246236501584e-05,1.429246236501584e-05,1.4182636650398262e-05,1.4290571481323996e-05,1.4291466487174485e-05,WETH,pool_swap_ratio,4,361,38033645.948929675,,19752751,6338.24928737,,4,4,0.0,0.0,0.0,0.0,,0,0,,,,6331.07540287,7.1738845,6323.90151837,4,0.012773059648857945,0.0001662850657707771,0.0,0.0,0.00016629889189897598,0.0,0.00016667619348708444,-6.262519324329308e-05,2,2,price=observed;tvl=observed;lp_amount=none,False
2024-04-28T09:00:00+00:00,1.4378256805328035e-05,1.4378256805328035e-05,1.4083063384934283e-05,1.4280190709961095e-05,1.4289686503519884e-05,WETH,pool_swap_ratio,3,1093,38093811.36230861,,19752989,78022.20404304,,3,3,0.0,0.0,0.0,0.0,,0,0,,,,69093.80871098,8928.39533206,60165.41337892,3,-0.0007266709757477213,0.0015806498215134048,0.0,0.0,0.0015818997068992053,0.0,0.002051399546280828,-0.0006645207756271754,2,2,price=observed;tvl=observed;lp_amount=none,False
2024-04-28T10:00:00+00:00,1.436832313205338e-05,1.4515945086204802e-05,1.4324496577140895e-05,1.4424792965741502e-05,1.4437317701378142e-05,WETH,pool_swap_ratio,11,625,37828131.97502806,,19753327,708158.0938227801,,11,6,0.0,0.0,0.0,0.0,,0,0,,,,221239.35327112,486918.74055166007,-265679.3872805401,11,0.010075147968018406,-0.006998779538042837,0.0,0.0,-0.006974345117469995,0.0,0.018589846184922765,-0.0008675251106682325,2,2,price=observed;tvl=observed;lp_amount=none,False
2024-04-28T11:00:00+00:00,1.4471782792487451e-05,1.4492420685297837e-05,1.4396126381872302e-05,1.4492420685297837e-05,1.4473108969688569e-05,WETH,pool_swap_ratio,3,421,37713450.619299375,,19753641,142646.69567469,,3,3,0.0,0.0,0.0,0.0,,0,0,,,,13982.669973,128664.02570169,-114681.35572869,3,0.004677341576980235,-0.0030362467899705133,0.0,0.0,-0.003031642054236143,0.0,0.0037709156711427647,0.0013343170185282638,2,2,price=observed;tvl=observed;lp_amount=none,False
2024-04-28T12:00:00+00:00,1.4417076271761892e-05,1.4621469866813766e-05,1.4417076271761892e-05,1.4621469866813766e-05,1.4570748433880708e-05,WETH,pool_swap_ratio,9,373,37375755.532441765,,19753942,346122.69513839,,9,5,0.0,0.0,0.0,0.0,,0,0,,,,4213.804140390001,341908.890998,-337695.08685761,9,0.008865185947223207,-0.008994564754396276,0.0,0.0,-0.008954234664615887,0.0,0.00917769892318647,0.0034810451339011284,2,2,price=observed;tvl=observed;lp_amount=none,False
2024-04-28T13:00:00+00:00,1.4643608599503066e-05,1.4658397290755565e-05,1.4543014039305396e-05,1.4629675802312857e-05,1.4599692450691288e-05,WETH,pool_swap_ratio,9,853,37405866.09719747,,19754202,210516.60373099998,,9,4,0.0,0.0,0.0,0.0,,0,1,,,1.0,120964.06548978,90853.50073406001,30110.564755719985,10,0.0005610676454986898,0.0008052932184875439,0.0,0.0,0.0008056175541276839,0.0,0.005632437411152097,0.0020536974818363696,2,2,price=observed;tvl=observed;lp_amount=quantified,False
2024-04-28T14:00:00+00:00,1.4655698828665286e-05,1.4655698828665286e-05,1.4543980889655146e-05,1.4610210110692565e-05,1.4598921087614922e-05,WETH,pool_swap_ratio,4,1,37453861.3631595,,19754570,295375.55139662,,4,3,0.0,0.0,0.0,0.0,,0,0,,,,171685.40867932,123690.14271730001,47995.26596202,4,-0.0013314480469494765,0.0012822721686686896,0.0,0.0,0.0012830946311283488,0.0,0.007896503468977294,0.0007732779025169112,2,2,price=observed;tvl=observed;lp_amount=none,False
2024-04-28T15:00:00+00:00,1.451960060529892e-05,1.451960060529892e-05,1.440653381349268e-05,1.440653381349268e-05,1.446294442831042e-05,WETH,pool_swap_ratio,8,349,37748986.77581266,,19754840,295125.41265317,,8,6,0.0,0.0,0.0,0.0,,0,0,,,,295125.41265317,0.0,295125.41265317,8,-0.014038766229793042,0.00784882315048313,0.0,0.0,0.00787970590779893,0.0,0.00787970590779893,-0.0039003548065439375,2,2,price=observed;tvl=observed;lp_amount=none,False
2024-04-28T16:00:00+00:00,1.4385869193110551e-05,1.4456444176094385e-05,1.2995242799009275e-05,1.4280303642412169e-05,1.4210157417436248e-05,WETH,pool_swap_ratio,16,181,38070499.49999148,,19755151,453477.17189941,,16,7,0.0,0.0,0.0,0.0,,0,0,,,,387494.94803910994,65982.2238603,321512.7241788099,16,-0.008800620562915473,0.008481055916483283,0.0,0.0,0.008517121958484364,0.0,0.01201296274765106,0.0049363439767282635,2,2,price=observed;tvl=observed;lp_amount=none,False
2024-04-28T17:00:00+00:00,1.424808341730697e-05,1.424808341730697e-05,1.421943979341293e-05,1.4223300413777958e-05,1.4246537131909531e-05,WETH,pool_swap_ratio,3,601,38214330.51228734,,19755413,143831.01229586,,3,3,0.0,0.0,0.0,0.0,,0,0,,,,143831.01229586,0.0,143831.01229586,3,-0.00399972610591379,0.0037708986887314846,0.0,0.0,0.003778017472449822,0.0,0.003778017472449822,-0.0016310432434508693,2,2,price=observed;tvl=observed;lp_amount=none,False
2024-04-28T18:00:00+00:00,1.421317325397432e-05,1.4450553810219955e-05,1.4145975048101608e-05,1.4145975048101608e-05,1.436624073132317e-05,WETH,pool_swap_ratio,6,1693,38240500.12621226,,19755622,1215505.50692556,,6,4,463115.75664538,106230.43454636,356885.32209902,569346.19119174,0.37316640100463777,1,1,,,1.0,905510.6560211101,879341.04209619,26169.613924920093,8,-0.005451359325128692,0.0006845771477980082,0.009339044209717817,0.01489876136934216,0.0006848115242135559,0.002779858579812171,0.03180758345445119,-0.015332172649822673,2,2,price=observed;tvl=observed;lp_amount=quantified,False
2024-04-28T19:00:00+00:00,1.429704646966117e-05,1.429704646966117e-05,1.4199951995131717e-05,1.4283656532865433e-05,1.4227275903352754e-05,WETH,pool_swap_ratio,6,973,38264518.14653459,,19755976,55981.97967767,,6,3,0.0,0.0,0.0,0.0,,0,0,,,,40000.0,15981.97967767,24018.020322329998,6,0.009685849129639658,0.0006278809326145765,0.0,0.0,0.000628078091109134,0.0,0.001463944757335867,0.003962854863831966,2,2,price=observed;tvl=observed;lp_amount=none,False
2024-04-28T20:00:00+00:00,1.428470356529876e-05,1.428470356529876e-05,1.417158528646194e-05,1.4244132762640226e-05,1.4193333287286928e-05,WETH,pool_swap_ratio,4,1081,38317476.09178944,,19756266,60027.05474515,,4,3,0.0,0.0,0.0,0.0,,0,0,,,,56492.5,3534.55474515,52957.94525485,4,-0.002770897885147045,0.0013830392959348942,0.0,0.0,0.0013839961358469662,0.0,0.0015687393348395352,0.003579108185869151,2,2,price=observed;tvl=observed;lp_amount=none,False
2024-04-28T21:00:00+00:00,1.4167890922122624e-05,1.4293889329564782e-05,1.2616937198685292e-05,1.4293889329564782e-05,1.3926060953509845e-05,WETH,pool_swap_ratio,17,865,38209869.23425375,,19756581,429983.18755599007,,17,5,0.0,0.0,0.0,0.0,,0,0,,,,161188.16501015,268795.02254584,-107606.85753569001,15,0.0034870403548987457,-0.002812247778797415,0.0,0.0,-0.0028082971142963068,0.0,0.011221594724192329,0.026412951751602964,2,2,price=observed;tvl=observed;lp_amount=none,False
2024-04-28T22:00:00+00:00,1.4206334884656265e-05,1.4206334884656265e-05,1.4024782167439617e-05,1.4024782167439617e-05,1.4120671753296941e-05,WETH,pool_swap_ratio,7,13,38716195.69975189,,19756952,506326.46549814,,7,6,0.0,0.0,0.0,0.0,,0,0,,,,506326.46549814,0.0,506326.46549814,7,-0.019006206773183393,0.013164166863615706,0.0,0.0,0.013251195977510358,0.0,0.013251195977510358,-0.006790724091078393,2,2,price=observed;tvl=observed;lp_amount=none,False
2024-04-28T23:00:00+00:00,1.4017842378150781e-05,1.4022186905072303e-05,1.3914450111932396e-05,1.3947641370276957e-05,1.3979392913669175e-05,WETH,pool_swap_ratio,6,1441,38932597.4573166,,19757131,405645.87846896995,,6,5,0.0,0.0,0.0,0.0,,0,0,,,,311023.81801683997,94622.06045213,216401.75756471,6,-0.005515502982102313,0.005573874596923424,0.0,0.0,0.005589437537792402,0.0,0.010477420912291997,-0.0022713106061401644,2,2,price=observed;tvl=observed;lp_amount=none,False
2024-04-29T00:00:00+00:00,1.3917829140278953e-05,1.3987066205233997e-05,1.3892758780796165e-05,1.3987066205233997e-05,1.3941265437106752e-05,WETH,pool_swap_ratio,4,61,38954512.48268861,,19757541,120797.76816431001,,4,3,0.0,0.0,0.0,0.0,,0,0,,,,71356.39676816,49441.37139615,21915.02537201,4,0.0028226435538163787,0.0005627381980721767,0.0,0.0,0.0005628965649167472,0.0,0.003102741046156644,0.003285266200106829,2,2,price=observed;tvl=observed;lp_amount=none,False
2024-04-29T01:00:00+00:00,1.4015861374908635e-05,1.4186223017318948e-05,1.3976261137969736e-05,1.41026260284226e-05,1.411156266473929e-05,WETH,pool_swap_ratio,16,805,38514896.974785425,,19757779,705311.4451087699,,16,6,0.0,0.0,0.0,0.0,,0,0,,,,132847.96860279,572463.47650598,-439615.50790319,16,0.008227963067064225,-0.011349517956441502,0.0,0.0,-0.011285355145916795,0.0,0.018106026751642967,-0.0006332846708054785,2,2,price=observed;tvl=observed;lp_amount=none,False
2024-04-29T02:00:00+00:00,1.4091233428743667e-05,1.4167635852131646e-05,1.406018508805907e-05,1.406018508805907e-05,1.4104022372007491e-05,WETH,pool_swap_ratio,3,925,38558563.98066034,,19758067,66253.69594374001,,3,3,0.0,0.0,0.0,0.0,,0,0,,,,54960.35090933,11293.34503441,43667.00587492,3,-0.0030139727398584355,0.0011331270194922642,0.0,0.0,0.0011337692504670989,0.0,0.0017202096110269843,-0.003108140556797867,2,2,price=observed;tvl=observed;lp_amount=none,False
2024-04-29T03:00:00+00:00,1.4027910698207775e-05,1.4164505884975954e-05,1.4027910698207775e-05,1.4164505884975954e-05,1.4116130807823439e-05,WETH,pool_swap_ratio,6,349,38539910.043262556,,19758415,223330.25387907,,6,3,0.0,0.0,0.0,0.0,,0,0,,,,102338.15824064,120992.09563843001,-18653.93739779001,6,0.00739219940891983,-0.0004838990135134688,0.0,0.0,-0.00048378195326844093,0.0,0.0057919753959479615,0.003426936021710958,2,2,price=observed;tvl=observed;lp_amount=none,False
2024-04-29T04:00:00+00:00,1.4190355996868098e-05,1.4232969057664752e-05,1.4085487602565458e-05,1.4232969057664752e-05,1.4199731820036493e-05,WETH,pool_swap_ratio,9,301,38400386.330026,,19758716,182101.20843655,,9,3,0.0,0.0,0.0,0.0,,0,0,,,,21288.7476,160812.46083655,-139523.71323655,9,0.00482178823803086,-0.0036268086490811283,0.0,0.0,-0.0036202397224054015,0.0,0.0047250034634781,0.002340694743358407,2,2,price=observed;tvl=observed;lp_amount=none,False
2024-04-29T05:00:00+00:00,1.4146646682887549e-05,1.4230893187968182e-05,1.4058162763307653e-05,1.4058162763307653e-05,1.411122673159988e-05,WETH,pool_swap_ratio,9,37,38633062.27547954,,19759037,274230.40478178003,,9,5,0.0,0.0,0.0,0.0,,0,0,,,,253453.17511766,20777.22966412,232675.94545354,9,-0.012357831429351715,0.006040925266822723,0.0,0.0,0.006059208453108874,0.0,0.007141344944421926,-0.0037604078866793067,2,2,price=observed;tvl=observed;lp_amount=none,False
2024-04-29T06:00:00+00:00,1.4051280894952175e-05,1.413159211514025e-05,1.3766164147755076e-05,1.3766164147755076e-05,1.3917820224028136e-05,WETH,pool_swap_ratio,12,193,39243123.32418059,,19759324,615636.57964821,,12,5,0.0,0.0,0.0,0.0,,0,0,,,,612848.8141746299,2787.7654735799997,610061.0487010499,12,-0.020989498623034925,0.0156677814594053,0.0,0.0,0.015791164685597717,0.0,0.01593548487713218,-0.010896539388491111,2,2,price=observed;tvl=observed;lp_amount=none,False
2024-04-29T07:00:00+00:00,1.3960039462052461e-05,1.3960039462052461e-05,1.3690144982673053e-05,1.3690144982673053e-05,1.371513494564608e-05,WETH,pool_swap_ratio,3,325,39375864.369691335,,19759611,132741.04551075,,3,2,0.0,0.0,0.0,0.0,,0,0,,,,132741.04551075,0.0,132741.04551075,3,-0.005537478396895906,0.0033768222039178746,0.0,0.0,0.0033825300910480392,0.0,0.0033825300910480392,-0.0018220719717351175,2,2,price=observed;tvl=observed;lp_amount=none,False
2024-04-29T08:00:00+00:00,1.3650888251415278e-05,1.3752635921379772e-05,1.3551638269928353e-05,1.3551638269928353e-05,1.361528254980533e-05,WETH,pool_swap_ratio,5,2029,39590818.19249787,,19759768,214953.82280653,,5,5,0.0,0.0,0.0,0.0,,0,0,,,,214953.82280653,0.0,214953.82280653,5,-0.010168784104375723,0.0054441783990715805,0.0,0.0,0.0054590248683400525,0.0,0.0054590248683400525,-0.0046744736764854355,2,2,price=observed;tvl=observed;lp_amount=none,False
2024-04-29T09:00:00+00:00,1.3653786452787882e-05,1.3736416006445922e-05,1.3571187601448105e-05,1.3671643649598282e-05,1.3691856413215524e-05,WETH,pool_swap_ratio,8,169,39375953.6303693,,19760219,217929.67576581996,,8,4,0.0,0.0,0.0,0.0,,0,1,,,1.0,7500.0,222364.56212856996,-214864.56212856996,9,0.008816435678394154,-0.005441911513551254,0.0,0.0,-0.0054271311364129625,0.0,0.005504550946792906,-0.0014762617286676605,2,2,price=observed;tvl=observed;lp_amount=quantified,False
2024-04-29T10:00:00+00:00,1.3770483288820239e-05,1.3770483288820239e-05,1.3770483288820239e-05,1.3770483288820239e-05,1.3770483288820239e-05,WETH,pool_swap_ratio,1,3025,39314963.29662256,,19760280,60990.33374674,,1,1,0.0,0.0,0.0,0.0,,0,0,,,,0.0,60990.33374674,-60990.33374674,1,0.007203528126605868,-0.0015501241653100642,0.0,0.0,-0.0015489233434006354,0.0,0.0015489233434006354,0.0,2,2,price=observed;tvl=observed;lp_amount=none,False
2024-04-29T11:00:00+00:00,1.380859303920869e-05,1.3989856112925798e-05,1.354525688673233e-05,1.39068808532747e-05,1.3883079428691762e-05,WETH,pool_swap_ratio,11,745,38965540.81430893,,19760768,388353.77716994,,11,6,0.0,0.0,0.0,0.0,,0,0,,,,19465.647428149998,368888.12974179006,-349422.48231364007,11,0.009856333715438198,-0.00892750518247023,0.0,0.0,-0.008887773331424119,0.0,0.009878014491324793,0.0017144196793794642,2,2,price=observed;tvl=observed;lp_amount=none,False
2024-04-29T12:00:00+00:00,1.3902179003583913e-05,1.3980395241721242e-05,1.3838299927686588e-05,1.3980395241721242e-05,1.3909237874798469e-05,WETH,pool_swap_ratio,6,1189,38934834.33507131,,19761030,351253.33375259,,6,4,0.0,0.0,0.0,0.0,,0,0,,,,160273.42725749,190979.9064951,-30706.47923761001,6,0.005272265278591945,-0.0007883525790234431,0.0,0.0,-0.0007880419107729662,0.0,0.009014460633986704,0.005115835070424568,2,2,price=observed;tvl=observed;lp_amount=none,False
2024-04-29T13:00:00+00:00,1.4012525418210956e-05,1.411667337120689e-05,1.3929166394896884e-05,1.411667337120689e-05,1.3988587430875799e-05,WETH,pool_swap_ratio,3,1213,38928262.952991225,,19761322,42343.78236232,,3,2,0.0,0.0,0.0,0.0,,0,0,,,,17886.20014112,24457.582221200002,-6571.382080080002,3,0.00970059902173182,-0.00016879323645129592,0.0,0.0,-0.0001687789916743193,0.0,0.0010875552210627493,0.009156459933072236,2,2,price=observed;tvl=observed;lp_amount=none,False
2024-04-29T14:00:00+00:00,1.4121579141193797e-05,1.4125546074460493e-05,1.3876656858542299e-05,1.4038947337691064e-05,1.4057127615057242e-05,WETH,pool_swap_ratio,12,793,38677385.58827094,,19761653,377574.84131755005,,12,7,0.0,0.0,0.0,0.0,,0,0,,,,63348.73829863001,314226.10301892,-250877.36472029,12,-0.005521187528856882,-0.006465463361783861,0.0,0.0,-0.006444607225943862,0.0,0.009699247093904493,-0.0012933138165939218,2,2,price=observed;tvl=observed;lp_amount=none,False
2024-04-29T15:00:00+00:00,1.4144911719016417e-05,1.4243987958947996e-05,1.4083983039768447e-05,1.4125183479009099e-05,1.416849136759673e-05,WETH,pool_swap_ratio,12,373,38519251.89552584,,19761986,540345.9745730599,,12,5,0.0,0.0,0.0,0.0,,0,0,,,,191106.14091398,349239.83365908003,-158133.69274510004,12,0.006123846773602376,-0.0040969119662398155,0.0,0.0,-0.004088531071579323,0.0,0.01397059202307929,-0.003056633727898217,2,2,price=observed;tvl=observed;lp_amount=none,False
2024-04-29T16:00:00+00:00,1.3986613350418679e-05,1.4179293633726247e-05,1.3870349592326319e-05,1.4072226649449975e-05,1.409089724746189e-05,WETH,pool_swap_ratio,7,1057,38566960.28896583,,19762280,141290.13127843,,7,4,0.0,53264.10864293,-53264.10864293,53264.10864293,0.0,0,1,,,1.0,121240.13127843001,73531.73783843999,47708.39343999002,8,-0.0037561528935071125,0.0012377933272192942,-0.0013827918773551473,0.0013827918773551473,0.0012385597095547832,0.0013827918773551473,0.0036680393394359087,-0.0013250112951662674,2,2,price=observed;tvl=observed;lp_amount=quantified,False
2024-04-29T17:00:00+00:00,1.405964046363843e-05,1.405964046363843e-05,1.401669707675493e-05,1.401669707675493e-05,1.4036683742106132e-05,WETH,pool_swap_ratio,3,1753,38685248.35212755,,19762466,118288.06316172,,3,2,0.0,0.0,0.0,0.0,,0,0,,,,118288.06316172,0.0,118288.06316172,3,-0.003953846404155023,0.0030623889643237377,0.0,0.0,0.003067082867704321,0.0,0.003067082867704321,-0.0014238879865368093,2,2,price=observed;tvl=observed;lp_amount=none,False
2024-04-29T18:00:00+00:00,1.3990450589986641e-05,1.3990450589986641e-05,1.3945906414123818e-05,1.3945906414123818e-05,1.3980056162267179e-05,WETH,pool_swap_ratio,4,2449,38849786.68305666,,19762707,164538.33092911,,4,4,0.0,0.0,0.0,0.0,,0,0,,,,164538.33092911,0.0,164538.33092911,4,-0.005063249127678087,0.004244238178205911,0.0,0.0,0.004253257712899263,0.0,0.004253257712899263,-0.0024427475646008334,2,2,price=observed;tvl=observed;lp_amount=none,False
2024-04-29T19:00:00+00:00,1.3940113769821584e-05,1.3940113769821584e-05,1.3940113769821584e-05,1.3940113769821584e-05,1.3940113769821584e-05,WETH,pool_swap_ratio,1,961,38859786.90040642,,19763128,10000.21734976,,1,1,0.0,0.0,0.0,0.0,,0,0,,,,10000.21734976,0.0,10000.21734976,1,-0.00041545149485954023,0.00025737414179019313,0.0,0.0,0.0002574072653562687,0.0,0.0002574072653562687,0.0,2,2,price=observed;tvl=observed;lp_amount=none,False
2024-04-29T20:00:00+00:00,1.4024272846810195e-05,1.4024272846810195e-05,1.386454528601033e-05,1.386454528601033e-05,1.3910791690525683e-05,WETH,pool_swap_ratio,6,613,38990701.97530444,,19763453,153222.8186579,,6,4,0.0,0.0,0.0,0.0,,0,0,,,,142068.94677796,11153.87187994,130915.07489802,6,-0.005435683978413841,0.003363246658862874,0.0,0.0,0.003368908718762192,0.0,0.003942966003663224,-0.0033244983854405774,2,2,price=observed;tvl=observed;lp_amount=none,False
2024-04-29T21:00:00+00:00,1.3859692357667375e-05,1.3969028465912112e-05,1.3774737433056369e-05,1.3838231864707215e-05,1.382425778670384e-05,WETH,pool_swap_ratio,9,625,39170708.59677416,,19763751,241639.11401813998,,9,5,0.0,0.0,0.0,0.0,,0,0,,,,210822.86774393,30816.24627421,180006.62146972,9,-0.0018996961260148782,0.004606030991422256,0.0,0.0,0.00461665505749886,0.0,0.0061973522346734635,0.0010108374871897752,2,2,price=observed;tvl=observed;lp_amount=none,False
2024-04-29T22:00:00+00:00,1.3859758478224159e-05,1.4117924078560471e-05,1.379457755510408e-05,1.4086111591988026e-05,1.4007728495460001e-05,WETH,pool_swap_ratio,13,241,41286266.6078504,,19764082,671449.0828786,,13,7,2772005.35503862,0.0,2772005.35503862,2772005.35503862,0.0,1,0,,,,2779506.22449673,663948.21342049,2115558.01107624,14,0.01775413189536368,0.052600679205408105,0.07076730175023957,0.07076730175023957,0.054008673492581726,0.0,0.017141611855699134,0.005595703582734979,2,2,price=observed;tvl=observed;lp_amount=quantified,False
2024-04-29T23:00:00+00:00,1.4035765060873686e-05,1.4119014674133002e-05,1.3638128176892178e-05,1.4011681436603934e-05,1.399426856572858e-05,WETH,pool_swap_ratio,11,373,41440178.804781094,,19764369,175055.11017999,,11,5,0.0,0.0,0.0,0.0,,0,0,,,,164483.65355534002,10571.45662465,153912.19693069003,11,-0.00529794844755272,0.003720995716654396,0.0,0.0,0.0037279272159092317,0.0,0.004240032450565633,0.0012442858870092,2,2,price=observed;tvl=observed;lp_amount=none,False
2024-04-30T00:00:00+00:00,1.4004752666684954e-05,1.411453556196053e-05,1.39963447521824e-05,1.402892788257029e-05,1.4070613375661732e-05,WETH,pool_swap_ratio,9,205,41369225.9010114,,19764681,180071.42718688998,,9,5,0.0,0.0,0.0,0.0,,0,0,,,,54559.261708599995,125512.16547829,-70952.90376969,9,0.0012301050911386992,-0.0017136440331865963,0.0,0.0,-0.0017121765835987157,0.0,0.004345334223464174,-0.0029625924597961317,2,2,price=observed;tvl=observed;lp_amount=none,False
2024-04-30T01:00:00+00:00,1.4025671313007067e-05,1.4025671313007067e-05,1.400980242424447e-05,1.400980242424447e-05,1.4015033117985807e-05,WETH,pool_swap_ratio,3,277,41455871.32181862,,19764975,86645.42080722,,3,1,0.0,0.0,0.0,0.0,,0,0,,,,86645.42080722,0.0,86645.42080722,3,-0.0013642173581129818,0.0020922511489904322,0.0,0.0,0.0020944414337011243,0.0,0.0020944414337011243,-0.0003732202198384327,2,2,price=observed;tvl=observed;lp_amount=none,False
2024-04-30T02:00:00+00:00,1.4001935546206819e-05,1.4712281144870613e-05,1.3998513870491981e-05,1.420545657471525e-05,1.4414411039275417e-05,WETH,pool_swap_ratio,15,697,40962674.976806,,19765239,4825180.865302289,,15,7,2129258.19841447,1529595.01875454,599663.17965993,3658853.21716901,0.8361062485791896,1,1,,,1.0,3995418.86872934,4488615.21374196,-493196.3450126201,17,0.013868898852319853,-0.011968234195143852,0.014465096512018591,0.08825898721958163,-0.011896899746334512,0.03689694535378152,0.1163931841606897,-0.014496219373155261,2,2,price=observed;tvl=observed;lp_amount=quantified,False
2024-04-30T03:00:00+00:00,1.4238855514493891e-05,1.4293910943871593e-05,1.3610658889912527e-05,1.4221332539581724e-05,1.4230120492325872e-05,WETH,pool_swap_ratio,14,649,40675469.16194821,,19765542,635405.2890533601,,14,6,4331131.42903957,4431536.52373623,-100405.09469666053,8762667.952775799,0.9885417209418675,1,1,,,1.0,4555584.7743102005,4842790.589167989,-287205.8148577884,15,0.0011169721950127166,-0.007036098205576161,-0.0024511361807673005,0.21391835268906195,-0.007011402820260417,0.10818474443491465,0.015511811409121622,-0.0006175599671758292,2,2,price=observed;tvl=observed;lp_amount=quantified,False
2024-04-30T04:00:00+00:00,1.4220137974213746e-05,1.424333521683066e-05,1.4179002442616695e-05,1.424333521683066e-05,1.4193881580449686e-05,WETH,pool_swap_ratio,4,241,40867123.98141659,,19765876,193699.91946838002,,4,3,0.0,0.0,0.0,0.0,,0,0,,,,192677.36946838,1022.55,191654.81946838,4,0.0015459644088900043,0.004700737737065418,0.0,0.0,0.004711803537048629,0.0,0.004762081998296549,0.0034841516818830964,2,2,price=observed;tvl=observed;lp_amount=none,False
2024-04-30T05:00:00+00:00,1.4165324929769847e-05,1.419243994837384e-05,1.3929916339319126e-05,1.419243994837384e-05,1.4138297519067592e-05,WETH,pool_swap_ratio,8,1177,41076270.592395,,19766097,251326.74658003004,,8,6,0.0,0.0,0.0,0.0,,0,0,,,,230236.67877922003,21090.06780081,209146.61097841003,8,-0.003579668393697348,0.005104671736438543,0.0,0.0,0.005117722770839337,0.0,0.006149851570037453,0.0038294871948498788,2,2,price=observed;tvl=observed;lp_amount=none,False
2024-04-30T06:00:00+00:00,1.4009457190882145e-05,1.4198328927462255e-05,1.4009457190882145e-05,1.406986703682729e-05,1.4104211754121922e-05,WETH,pool_swap_ratio,6,97,41225021.32450026,,19766486,191327.05254017998,,6,5,0.0,0.0,0.0,0.0,,0,0,,,,170038.89232271997,21288.160217459998,148750.73210525996,6,-0.008674003868473999,0.0036147887989132228,0.0,0.0,0.0036213300272883143,0.0,0.004657848674694507,-0.0024350681834165444,2,2,price=observed;tvl=observed;lp_amount=none,False
2024-04-30T07:00:00+00:00,1.4067710907106806e-05,1.4098460827168001e-05,1.4014149890752262e-05,1.4014149890752262e-05,1.404344227858046e-05,WETH,pool_swap_ratio,7,181,41424668.17477769,,19766778,227843.55428418997,,7,5,0.0,0.0,0.0,0.0,,0,0,,,,213745.20228081,14098.35200338,199646.85027743,7,-0.003967895285099637,0.0048311672990638795,0.0,0.0,0.004842856203903981,0.0,0.005526826838747595,-0.002085841010139977,2,2,price=observed;tvl=observed;lp_amount=none,False
2024-04-30T08:00:00+00:00,1.400279400697594e-05,1.400279400697594e-05,1.3821884535181635e-05,1.3821884535181635e-05,1.3915480633960789e-05,WETH,pool_swap_ratio,9,289,42056787.01404011,,19767068,632118.8392624201,,9,6,0.0,0.0,0.0,0.0,,0,0,,,,632118.8392624201,0.0,632118.8392624201,9,-0.013814353741683733,0.015144223804601672,0.0,0.0,0.015259478641938752,0.0,0.015259478641938752,-0.006726041395273996,2,2,price=observed;tvl=observed;lp_amount=none,False
2024-04-30T09:00:00+00:00,1.3912089756673236e-05,1.3949787997177697e-05,1.3855261132100854e-05,1.3855261132100854e-05,1.390088819204411e-05,WETH,pool_swap_ratio,4,349,42045752.53891839,,19767363,348851.41204196,,4,3,170661.99473319,103978.65101705,66683.34371613999,274640.64575023996,0.7571978337948483,1,1,,,1.0,306250.23585632,317284.71097804,-11034.475121719996,6,0.002411853700512365,-0.00026240527916730847,0.0015855548759318829,0.006530233649530925,-0.0002623708539132169,0.0024723393867995213,0.008294770875518866,-0.003282312562543299,2,2,price=observed;tvl=observed;lp_amount=quantified,False
2024-04-30T10:00:00+00:00,1.3983464728536483e-05,1.3983464728536483e-05,1.380947560807931e-05,1.3879894395632357e-05,1.3833846438587525e-05,WETH,pool_swap_ratio,4,517,42119783.96837931,,19767643,217858.12208822,,4,4,0.0,0.0,0.0,0.0,,0,0,,,,145944.77577457,71913.34631365,74031.42946092,4,0.0017763210293892866,0.0017591867556580214,0.0,0.0,0.0017607350324481653,0.0,0.005181453748189336,0.003328644513241663,2,2,price=observed;tvl=observed;lp_amount=none,False
2024-04-30T11:00:00+00:00,1.3802264571237225e-05,1.3939632417719074e-05,1.3802264571237225e-05,1.3939632417719074e-05,1.3820765242955225e-05,WETH,pool_swap_ratio,3,133,42147612.53609904,,19767973,37131.43228027,,3,2,0.0,0.0,0.0,0.0,,0,0,,,,32480.0,4651.43228027,27828.56771973,3,0.004294689432110582,0.0006604824614441299,0.0,0.0,0.0006607006280141847,0.0,0.0008815674911377933,0.008600621794400132,2,2,price=observed;tvl=observed;lp_amount=none,False
2024-04-30T12:00:00+00:00,1.3916424338155964e-05,1.4053094592049675e-05,1.379233247159377e-05,1.3794612089496393e-05,1.3857006322908458e-05,WETH,pool_swap_ratio,10,697,42174633.35169855,,19768223,613726.71193407,,10,6,0.0,0.0,0.0,0.0,,0,0,,,,320373.76376679004,293352.94816728,27020.81559951004,10,-0.010457948469164606,0.0006408941374819026,0.0,0.0,0.0006410995540107274,0.0,0.014561363621923276,-0.004502721003231014,2,2,price=observed;tvl=observed;lp_amount=none,False
2024-04-30T13:00:00+00:00,1.3760602544363342e-05,1.4045775703197774e-05,1.3576410404612225e-05,1.372866661084986e-05,1.3686187366676633e-05,WETH,pool_swap_ratio,11,421,42647415.18983001,,19768545,564164.6594223198,,11,5,0.0,0.0,0.0,0.0,,0,0,,,,518473.24877689,45691.41064543,472781.83813146,11,-0.00479198757948996,0.011147732043179589,0.0,0.0,0.011210099544645339,0.0,0.013376871701946843,0.0031038040788959886,2,2,price=observed;tvl=observed;lp_amount=none,False
2024-04-30T14:00:00+00:00,1.372818096701251e-05,1.3856289486455317e-05,1.3550306848897432e-05,1.3670328674214308e-05,1.3619987289996029e-05,WETH,pool_swap_ratio,6,925,42593990.58476452,,19768802,188526.57457753,,6,3,0.0,0.0,0.0,0.0,,0,0,,,,67550.98475602,120975.58982151,-53424.60506549,6,-0.00425840613402217,-0.0012534896996417555,0.0,0.0,-0.0012527044095800204,0.0,0.004420586188831611,0.0036961403227779854,2,2,price=observed;tvl=observed;lp_amount=none,False
2024-04-30T15:00:00+00:00,1.3677898196545631e-05,1.3711875730960272e-05,1.3566007172532735e-05,1.361955732607686e-05,1.3580111995202875e-05,WETH,pool_swap_ratio,4,301,42697156.41953549,,19769152,119956.78530847,,4,4,0.0,0.0,0.0,0.0,,0,0,,,,111561.31003972,8395.47526875,103165.83477097,4,-0.0037208954786108308,0.0024191463875755633,0.0,0.0,0.002422074883208325,0.0,0.0028162842612680073,0.0029046395852934115,2,2,price=observed;tvl=observed;lp_amount=none,False
2024-04-30T16:00:00+00:00,1.3464798840366035e-05,1.3688891143345274e-05,1.3459485508755325e-05,1.3688891143345274e-05,1.3529897629072584e-05,WETH,pool_swap_ratio,12,841,42581868.81986435,,19769406,698151.1940879601,,12,4,0.0,0.0,0.0,0.0,,0,0,,,,291431.79720841,406719.39687955007,-115287.59967114008,12,0.005077840018915763,-0.0027037755082382083,0.0,0.0,-0.002700123599294117,0.0,0.016351233961063756,0.011751272524860079,2,2,price=observed;tvl=observed;lp_amount=none,False
2024-04-30T17:00:00+00:00,1.3590685694349513e-05,1.3636242648083673e-05,1.3549025131537346e-05,1.3636242648083673e-05,1.3566757612143766e-05,WETH,pool_swap_ratio,3,2665,42723962.66805498,,19769554,143065.06665629,,3,3,0.0,0.0,0.0,0.0,,0,0,,,,142579.45742346,485.60923283,142093.84819063,3,-0.003853489670956583,0.003331401315199418,0.0,0.0,0.003336956599808591,0.0,0.0033597648628692985,0.00512171278697493,2,2,price=observed;tvl=observed;lp_amount=none,False
2024-04-30T18:00:00+00:00,1.3608067119344148e-05,1.3617235989999318e-05,1.3506495101233939e-05,1.3506495101233939e-05,1.357941776791278e-05,WETH,pool_swap_ratio,6,301,42713598.93254399,,19770048,70475.89599512999,,6,3,0.0,0.0,0.0,0.0,,0,0,,,,30056.080242070002,40419.81575306,-10363.735510989998,6,-0.009560460430804957,-0.00024260372996761932,0.0,0.0,-0.00024257430406236728,0.0,0.0016495636545395948,-0.005370087873071583,2,2,price=observed;tvl=observed;lp_amount=none,False
2024-04-30T19:00:00+00:00,1.3408427372946647e-05,1.3630947384430545e-05,1.3408427372946647e-05,1.3630947384430545e-05,1.3591271008988665e-05,WETH,pool_swap_ratio,8,61,42641665.416348666,,19770364,187747.31221524,,8,4,0.0,0.0,0.0,0.0,,0,0,,,,57906.89800996,129840.41420528,-71933.51619532,8,0.009172062234043071,-0.00168550900226136,0.0,0.0,-0.0016840893296985334,0.0,0.004395492698045472,0.0029192542342537653,2,2,price=observed;tvl=observed;lp_amount=none,False
2024-04-30T20:00:00+00:00,1.3680938770626142e-05,1.410974118311275e-05,1.346793959825828e-05,1.373342563960393e-05,1.3699115678232442e-05,WETH,pool_swap_ratio,12,385,42046859.471786745,,19770634,189513.00843010002,,12,7,0.0,537524.00353106,-537524.00353106,537524.00353106,0.0,0,1,,,1.0,67766.79182186999,662572.73638379,-594805.94456192,13,0.007489938407267365,-0.01404713864156092,-0.012605605299012902,0.012605605299012902,-0.013948937940258626,0.012605605299012902,0.0044443153563472546,0.002504538407979595,2,2,price=observed;tvl=observed;lp_amount=quantified,False
2024-04-30T21:00:00+00:00,1.3704981497033195e-05,1.3804652055334606e-05,1.3626439922348192e-05,1.3626439922348192e-05,1.3689834689456456e-05,WETH,pool_swap_ratio,7,1693,42017084.02150149,,19770824,214546.07128911998,,7,4,0.0,0.0,0.0,0.0,,0,0,,,,92385.31050193,122160.76078719,-29775.450285259998,7,-0.007820671655667877,-0.0007084000653102986,0.0,0.0,-0.0007081492092230858,0.0,0.0051025468723313195,-0.004630791280269331,2,2,price=observed;tvl=observed;lp_amount=none,False
2024-04-30T22:00:00+00:00,1.385539587884621e-05,1.3946351644293797e-05,1.365655158535892e-05,1.3775636688007578e-05,1.3852161902401813e-05,WETH,pool_swap_ratio,12,901,41904260.87901683,,19771186,1560112.46532177,,12,6,852456.35692676,382534.68513469,469921.67179207003,1234991.04206145,0.6194938620707114,1,1,,,1.0,1341140.1824492803,1453963.32493394,-112823.1424846598,14,0.010889557176358203,-0.002688784613502695,0.011184061977066187,0.029392592818422752,-0.0026851730697666828,0.009104265420678282,0.03713043162451279,-0.005524423908225273,2,2,price=observed;tvl=observed;lp_amount=quantified,False
2024-04-30T23:00:00+00:00,1.3665661067477972e-05,1.3851829021957035e-05,1.3625930585737952e-05,1.371711777210446e-05,1.3664544008889497e-05,WETH,pool_swap_ratio,7,229,41992771.19310776,,19771540,129955.91441061,,7,4,0.0,0.0,0.0,0.0,,0,0,,,,109233.11425077,20722.80015984,88510.31409093,7,-0.004257049206443944,0.0021099756389986717,0.0,0.0,0.002112203204024312,0.0,0.0031012577643550377,0.003847458296505124,2,2,price=observed;tvl=observed;lp_amount=none,False
2024-05-01T00:00:00+00:00,1.365066645638316e-05,1.365066645638316e-05,1.341372143085412e-05,1.3598750077714454e-05,1.349049736629394e-05,WETH,pool_swap_ratio,17,289,42117541.93246595,,19771834,1123502.0217716598,,17,6,3228042.05275624,3457564.54663308,-229522.49387684,6685606.59938932,0.96566915948991,2,4,,,1.0,3970026.0133798798,3845255.2740216902,124770.73935818952,22,-0.008666642841433751,0.0029668378642832005,-0.005465762019404695,0.15920851159464855,0.0029712432833836895,0.08233713680702662,0.02675465299980153,0.008024367707226476,2,2,price=observed;tvl=observed;lp_amount=quantified,False
2024-05-01T01:00:00+00:00,1.3601858405314545e-05,1.3693226449071763e-05,1.3389531380487479e-05,1.3389531380487479e-05,1.3644147219860853e-05,WETH,pool_swap_ratio,10,865,41932338.75312116,,19772086,250228.57100367,,10,5,0.0,0.0,0.0,0.0,,0,0,,,,32512.69582944,217715.87517423,-185203.17934479,10,-0.01550472110044799,-0.0044069896965594525,0.0,0.0,-0.004397293166865175,0.0,0.005941195984440474,-0.018661176493518616,2,2,price=observed;tvl=observed;lp_amount=none,False
2024-05-01T02:00:00+00:00,1.3600307494956296e-05,1.372431078653924e-05,1.3600307494956296e-05,1.3636762928762229e-05,1.3676136152500194e-05,WETH,pool_swap_ratio,7,289,41879163.14067589,,19772431,247401.79424650996,,7,5,0.0,0.0,0.0,0.0,,0,0,,,,97113.09090062,150288.70334589,-53175.61244527002,7,0.01829614094422494,-0.0012689336995273378,0.0,0.0,-0.0012681289435903925,0.0,0.0059000237430852824,-0.0028789727814143573,2,2,price=observed;tvl=observed;lp_amount=none,False
2024-05-01T03:00:00+00:00,1.3712943045021009e-05,1.3730011493946434e-05,1.3572051394000524e-05,1.3656085753496795e-05,1.3712798741704986e-05,WETH,pool_swap_ratio,5,673,41703270.49487155,,19772698,88133.81468786,,5,4,0.0,0.0,0.0,0.0,,0,1,,,1.0,5050.14158416,180942.7873885,-175892.64580434,6,0.0014159627078847155,-0.004208848625395284,0.0,0.0,-0.004200003835165013,0.0,0.0021044788882674317,-0.004135770478108869,2,2,price=observed;tvl=observed;lp_amount=quantified,False
2024-05-01T04:00:00+00:00,1.3493472122234946e-05,1.3654141345217118e-05,1.3493472122234946e-05,1.3650978436049973e-05,1.364575136472457e-05,WETH,pool_swap_ratio,5,1237,41716113.75041396,,19772948,15025.503750529999,,5,4,0.0,0.0,0.0,0.0,,0,0,,,,13934.379646469999,1091.12410406,12843.25554241,5,-0.00037406566087982773,0.00030792017371219734,0.0,0.0,0.0003079675859951894,0.0,0.00036029557327830575,0.00038305485610079515,2,2,price=observed;tvl=observed;lp_amount=none,False
2024-05-01T05:00:00+00:00,1.3644258942653017e-05,1.3658962317062628e-05,1.3600989058026594e-05,1.3600989058026594e-05,1.3625780807406846e-05,WETH,pool_swap_ratio,5,673,41837230.62254778,,19773293,125509.59235716,,5,5,0.0,0.0,0.0,0.0,,0,0,,,,123313.23224549,2196.36011167,121116.87213382,5,-0.0036686844061814654,0.0028991528196962322,0.0,0.0,0.0029033594274494976,0.0,0.0030086597497571196,-0.0018194736676503398,2,2,price=observed;tvl=observed;lp_amount=none,False
2024-05-01T06:00:00+00:00,1.3599596633850232e-05,1.3632437622147566e-05,1.340214881560297e-05,1.3551258643783014e-05,1.355680708450481e-05,WETH,pool_swap_ratio,9,13,41963113.53914199,,19773646,155827.29630911,,9,5,0.0,0.0,0.0,0.0,,0,0,,,,140855.10645166002,14972.18985745,125882.91659421002,8,-0.0036630831006953437,0.003004355472283862,0.0,0.0,0.0030088730712105644,0.0,0.003724608297211918,-0.00040927341424945585,2,2,price=observed;tvl=observed;lp_amount=none,False
2024-05-01T07:00:00+00:00,1.3650991762818105e-05,1.3753128064048727e-05,1.3587274607167642e-05,1.3753128064048727e-05,1.3667709955123124e-05,WETH,pool_swap_ratio,8,25,41605619.712089494,,19773944,724357.24493628,,8,6,0.0,0.0,0.0,0.0,,0,0,,,,183431.70894188998,540925.53599439,-357493.82705250004,8,0.014786861954684333,-0.00855573595224539,0.0,0.0,-0.008519239801380325,0.0,0.017261761195594322,0.006249628445882172,2,2,price=observed;tvl=observed;lp_amount=none,False
2024-05-01T08:00:00+00:00,1.3674777819136124e-05,1.377591769233005e-05,1.3573626843330178e-05,1.377591769233005e-05,1.3677616167243994e-05,WETH,pool_swap_ratio,9,85,41602045.4800044,,19774238,599026.85958269,,9,5,0.0,0.0,0.0,0.0,,0,0,,,,297726.3137488,301300.54583389,-3574.232085089956,9,0.0016556791462406953,-8.591112559261152e-05,0.0,0.0,-8.590743533742819e-05,0.0,0.014397739145047002,0.0071870363873403065,2,2,price=observed;tvl=observed;lp_amount=none,False
2024-05-01T09:00:00+00:00,1.380809985492947e-05,1.3907802189506012e-05,1.3656741817389103e-05,1.3786590267434663e-05,1.383794820258491e-05,WETH,pool_swap_ratio,8,301,41274132.001181774,,19774518,565162.77095377,,8,4,0.0,0.0,0.0,0.0,,0,0,,,,118624.64606556999,446538.1248882,-327913.47882263,8,0.0007744270335332389,-0.00791337631610198,0.0,0.0,-0.007882147981888013,0.0,0.013584975556680494,-0.003711383681914149,2,2,price=observed;tvl=observed;lp_amount=none,False
2024-05-01T10:00:00+00:00,1.3849934657276263e-05,1.3898414101288743e-05,1.378550911844217e-05,1.378550911844217e-05,1.3789593783333729e-05,WETH,pool_swap_ratio,3,1765,41326835.51233184,,19774695,57296.48884993,,3,2,0.0,0.0,0.0,0.0,,0,0,,,,55000.0,2296.48884993,52703.51115007,3,-7.842340751177375e-05,0.0012760992973464556,0.0,0.0,0.00127691385850491,0.0,0.0013881936717237196,-0.0002962135763923124,2,2,price=observed;tvl=observed;lp_amount=none,False
2024-05-01T11:00:00+00:00,1.3776625420480599e-05,1.3963295226768837e-05,1.3775178888499972e-05,1.3963295226768837e-05,1.388285381721144e-05,WETH,pool_swap_ratio,6,1201,41128181.72284421,,19775038,219053.78948763,,6,4,0.0,0.0,0.0,0.0,,0,0,,,,10200.0,208853.78948762998,-198653.78948762998,6,0.012814140663316988,-0.004818486018374642,0.0,0.0,-0.004806895737960679,0.0,0.005300521725702051,0.005794299256948854,2,2,price=observed;tvl=observed;lp_amount=none,False
2024-05-01T12:00:00+00:00,1.38329605970393e-05,1.3970584372684804e-05,1.366309796071662e-05,1.3903475879660055e-05,1.3925973847215562e-05,WETH,pool_swap_ratio,8,205,40890109.23183549,,19775419,299949.68496968,,8,4,0.0,0.0,0.0,0.0,,0,0,,,,30938.59698048,269011.08798919996,-238072.49100871995,8,-0.004293245081217059,-0.00580536748253564,0.0,0.0,-0.0057885488984913015,0.0,0.007293045119061903,-0.0016155399832239459,2,2,price=observed;tvl=observed;lp_amount=none,False
2024-05-01T13:00:00+00:00,1.388683481127878e-05,1.4022255004619238e-05,1.3796652752402077e-05,1.385005404873366e-05,1.3834363508107528e-05,WETH,pool_swap_ratio,8,505,41301233.05269705,,19775693,694063.8430091001,,8,4,0.0,0.0,0.0,0.0,,0,0,,,,552593.8319353301,141470.01107377,411123.82086156006,8,-0.003849737099553809,0.01000414978766187,0.0,0.0,0.010054358586586378,0.0,0.01697388087358613,0.0011341714865984454,2,2,price=observed;tvl=observed;lp_amount=none,False
2024-05-01T14:00:00+00:00,1.3885711854978037e-05,1.3940369096149193e-05,1.3692717219355782e-05,1.3692717219355782e-05,1.378214569808746e-05,WETH,pool_swap_ratio,15,217,41641260.108691,,19776015,885303.5082681101,,15,8,0.0,0.0,0.0,0.0,,0,0,,,,612665.28213103,272638.22613708,340027.05599395,15,-0.011425033399308483,0.008199149746319705,0.0,0.0,0.008232854829300201,0.0,0.02143528032537271,-0.006488719586246083,2,2,price=observed;tvl=observed;lp_amount=none,False
2024-05-01T15:00:00+00:00,1.3648500179430365e-05,1.379488860798872e-05,1.3606152656634217e-05,1.376298357401197e-05,1.3666493604696275e-05,WETH,pool_swap_ratio,8,1429,41618284.80423909,,19776214,616403.99964172,,8,4,132782.97232285,287037.76602204,-154254.79369919,419820.73834488995,0.6325698575365112,2,1,,,1.0,506872.89348806004,529848.1979399701,-22975.304451910022,11,0.0051185368456937224,-0.0005518960032536958,-0.0037043738180967123,0.010081845199907114,-0.000551743736667441,0.006893109509001913,0.014802722060590802,0.007060331062719527,2,2,price=observed;tvl=observed;lp_amount=quantified,False
2024-05-01T16:00:00+00:00,1.3798971397060088e-05,1.3798971397060088e-05,1.3631080371180203e-05,1.3712792682284419e-05,1.3714579289689324e-05,WETH,pool_swap_ratio,7,337,41764824.47098268,,19776604,445983.65275081,,7,3,0.0,0.0,0.0,0.0,,0,0,,,,296261.6597472,149721.99300361,146539.66674359003,7,-0.003653468938432612,0.0035148561592991236,0.0,0.0,0.0035210405097872758,0.0,0.010716050765873555,-0.0001302706679633392,2,2,price=observed;tvl=observed;lp_amount=none,False
2024-05-01T17:00:00+00:00,1.3721794148799252e-05,1.3780880998911888e-05,1.3642846124013006e-05,1.3731584662872543e-05,1.371510488226248e-05,WETH,pool_swap_ratio,7,13,41858864.86274553,,19776930,66959.60823715,,7,4,140000.0,0.0,140000.0,140000.0,0.0,1,0,,,,150500.0,56459.60823715,94040.39176284999,8,0.0013694596374834052,0.0022491337599396537,0.00335210315794022,0.00335210315794022,0.002251664958587035,0.0,0.0016032536730442174,0.001201578897976674,2,2,price=observed;tvl=observed;lp_amount=quantified,False
2024-05-01T18:00:00+00:00,1.3755567244368144e-05,1.4217060103773203e-05,1.3755567244368144e-05,1.4126638958697818e-05,1.4010638736119653e-05,WETH,pool_swap_ratio,19,181,40261167.89810734,,19777216,1921729.77671913,,19,7,0.0,0.0,0.0,0.0,,0,0,,,,162016.40604047,1759713.3706786598,-1597696.9646381899,19,0.028363673568627196,-0.038916170495355125,0.0,0.0,-0.0381686643887026,0.0,0.045909744161014586,0.008279438558294494,2,2,price=observed;tvl=observed;lp_amount=none,False
2024-05-01T19:00:00+00:00,1.410608220661924e-05,1.417425555154216e-05,1.391299569858172e-05,1.391299569858172e-05,1.4025038921105681e-05,WETH,pool_swap_ratio,12,865,41014584.85856599,,19777458,813585.8662732199,,12,6,0.0,0.0,0.0,0.0,,0,0,,,,783501.41336594,30084.452907280003,753416.96045866,12,-0.015238957081152759,0.01854030301995676,0.0,0.0,0.01871324156232631,0.0,0.020207706550695124,-0.007988799400431845,2,2,price=observed;tvl=observed;lp_amount=none,False
2024-05-01T20:00:00+00:00,1.3993576471488295e-05,1.3993576471488295e-05,1.3838391489951702e-05,1.3990449296507003e-05,1.3915053790308784e-05,WETH,pool_swap_ratio,8,157,41016215.563314624,,19777815,513897.67114743,,8,5,0.0,0.0,0.0,0.0,,0,0,,,,257764.18794803,256133.48319939998,1630.704748630029,8,0.005551558014729619,3.975835272738971e-05,0.0,0.0,3.975914310124859e-05,0.0,0.012529632395879323,0.005418269115907259,2,2,price=observed;tvl=observed;lp_amount=none,False
2024-05-01T21:00:00+00:00,1.4005496672083473e-05,1.4252148017835178e-05,1.3932007137912136e-05,1.4161057071250815e-05,1.4062836861404071e-05,WETH,pool_swap_ratio,16,433,40689485.63449463,,19778091,894237.2860643,,16,9,0.0,0.0,0.0,0.0,,0,0,,,,283753.67862215,610483.60744215,-326729.92882000003,16,0.012120833694733631,-0.007997769203768252,0.0,0.0,-0.007965872139413833,0.0,0.021802042772179012,0.00698438094779541,2,2,price=observed;tvl=observed;lp_amount=none,False
2024-05-01T22:00:00+00:00,1.4087312795808658e-05,1.4180138351495202e-05,1.4026708032072626e-05,1.4091694249477582e-05,1.4140695874877105e-05,WETH,pool_swap_ratio,10,229,40317431.13838483,,19778407,380188.4961098,,10,4,0.0,0.0,0.0,0.0,,0,0,,,,4067.0,376121.49610979995,-372054.49610979995,10,-0.004910173904560185,-0.009185810966865443,0.0,0.0,-0.009143750290969263,0.0,0.009343654513722682,-0.0034652909470022086,2,2,price=observed;tvl=observed;lp_amount=none,False
2024-05-01T23:00:00+00:00,1.4108762374950099e-05,1.4153469918413489e-05,1.4104312877999575e-05,1.4153469918413489e-05,1.4108576165889809e-05,WETH,pool_swap_ratio,5,397,40341479.27655337,,19778692,26075.7704177,,5,4,0.0,0.0,0.0,0.0,,0,0,,,,25061.95429312,1013.81612458,24048.13816854,5,0.0043742544437344695,0.0005962921829067169,0.0,0.0,0.0005964700004322598,0.0,0.0006467617028524956,0.0031820186527553584,2,2,price=observed;tvl=observed;lp_amount=none,False
2024-05-02T00:00:00+00:00,1.4079023758701758e-05,1.4160777375168387e-05,1.3975635580776044e-05,1.4034903664574605e-05,1.4058900464676605e-05,WETH,pool_swap_ratio,13,457,40788805.42399933,,19778985,619166.6149667801,,13,5,0.0,0.0,0.0,0.0,,0,0,,,,533246.38120637,85920.23376041,447326.14744595997,13,-0.008412472094594496,0.011027464828416784,0.0,0.0,0.011088491435314018,0.0,0.01534813859259351,-0.0017068760222247459,2,2,price=observed;tvl=observed;lp_amount=none,False
2024-05-02T01:00:00+00:00,1.3972928082226734e-05,1.4176243448821531e-05,1.3972928082226734e-05,1.4176243448821531e-05,1.4117202444451314e-05,WETH,pool_swap_ratio,7,769,40328326.58249932,,19779254,507077.04097855,,7,5,0.0,0.0,0.0,0.0,,0,0,,,,23299.09973927,483777.94123928,-460478.84150001,7,0.01002022117545241,-0.011353551994005968,0.0,0.0,-0.011289343649889616,0.0,0.012431769837520071,0.004182202855171457,2,2,price=observed;tvl=observed;lp_amount=none,False
2024-05-02T02:00:00+00:00,1.4204274338333581e-05,1.4204274338333581e-05,1.406391462298499e-05,1.4101623983607996e-05,1.4151418721906656e-05,WETH,pool_swap_ratio,7,49,40354703.85354737,,19779611,174339.48461921,,7,2,0.0,0.0,0.0,0.0,,0,0,,,,100358.37783363,73981.10678557999,26377.27104805001,7,-0.005277600129511079,0.0006538493124324624,0.0,0.0,0.00065406311849043,0.0,0.0043230031938609,-0.0035187099807580946,2,2,price=observed;tvl=observed;lp_amount=none,False
2024-05-02T03:00:00+00:00,1.4090708129747478e-05,1.4170916076026756e-05,1.4078979781835843e-05,1.4092496325953672e-05,1.4122362027946041e-05,WETH,pool_swap_ratio,5,85,40383626.44668844,,19779906,151659.47143782998,,5,3,0.0,0.0,0.0,0.0,,0,0,,,,90291.03228945,61368.43914838,28922.59314107,5,-0.000647486630048677,0.0007164526259260806,0.0,0.0,0.0007167093394126734,0.0,0.0037581609318264987,-0.0021147809363100123,2,2,price=observed;tvl=observed;lp_amount=none,False
2024-05-02T04:00:00+00:00,1.4079700215767474e-05,1.4162820706709999e-05,1.406410663031013e-05,1.4073718927834469e-05,1.4101529815659577e-05,WETH,pool_swap_ratio,7,229,40479375.32545102,,19780193,281748.87876258005,,7,3,0.0,0.0,0.0,0.0,,0,0,,,,188748.87876258,93000.0,95748.87876257999,7,-0.001333327941423853,0.0023681763331291064,0.0,0.0,0.002370982677570593,0.0,0.006976809750717277,-0.0019721894141033758,2,2,price=observed;tvl=observed;lp_amount=none,False
2024-05-02T05:00:00+00:00,1.4154264746265997e-05,1.4176037049240332e-05,1.4042731277506618e-05,1.4075945775463407e-05,1.4127094305899833e-05,WETH,pool_swap_ratio,12,193,40454316.11911591,,19780495,264325.63688509,,12,6,0.0,0.0,0.0,0.0,,0,0,,,,119633.21527498998,144692.4216101,-25059.206335110008,12,0.0001582148602516588,-0.0006192527904912625,0.0,0.0,-0.0006190610930538316,0.0,0.0065298842869963404,-0.0036205980740897648,2,2,price=observed;tvl=observed;lp_amount=none,False
2024-05-02T06:00:00+00:00,1.4063873892185498e-05,1.4144560826298281e-05,1.3943093523482761e-05,1.4038427242438849e-05,1.402143762921295e-05,WETH,pool_swap_ratio,12,217,40849298.49123867,,19780787,642982.37212276,,12,5,0.0,0.0,0.0,0.0,,0,0,,,,518982.3721227601,124000.0,394982.3721227601,12,-0.002668994629380819,0.00971630797533569,0.0,0.0,0.009763664548419315,0.0,0.015894036379938484,0.0012116883928150468,2,2,price=observed;tvl=observed;lp_amount=none,False
2024-05-02T07:00:00+00:00,1.3969586526309247e-05,1.404741138816282e-05,1.3929278422743314e-05,1.3929278422743314e-05,1.3972218625100351e-05,WETH,pool_swap_ratio,9,73,40964622.280231245,,19781097,311318.60813601,,9,5,0.0,0.0,0.0,0.0,,0,0,,,,213321.19856429,97997.40957172,115323.78899257001,9,-0.007805386337422826,0.0028191746413191087,0.0,0.0,0.0028231522511287335,0.0,0.007621149435473939,-0.003073255830673638,2,2,price=observed;tvl=observed;lp_amount=none,False
2024-05-02T08:00:00+00:00,1.3912608425487572e-05,1.4074907504443418e-05,1.3892152674507514e-05,1.402536084106475e-05,1.3975655522338445e-05,WETH,pool_swap_ratio,10,241,40868325.578702435,,19781383,326678.73707005,,10,5,0.0,0.0,0.0,0.0,,0,0,,,,115191.01777062,211487.71929943,-96296.70152881,10,0.006874193279707311,-0.0023534957128342354,0.0,0.0,-0.002350728413167402,0.0,0.007974655175270564,0.0035565643877568665,2,2,price=observed;tvl=observed;lp_amount=none,False
2024-05-02T09:00:00+00:00,1.4041791042357748e-05,1.4189867086268745e-05,1.3640786844933622e-05,1.4044640018205786e-05,1.4013738596909866e-05,WETH,pool_swap_ratio,14,445,40833885.2533461,,19781663,472783.84680083,,14,6,0.0,0.0,0.0,0.0,,0,0,,,,219171.76072225,253612.08607858,-34440.325356329995,14,0.0013736501305580593,-0.0008430696561455003,0.0,0.0,-0.0008427143727727803,0.0,0.011568466290363757,0.0022050804702988813,2,2,price=observed;tvl=observed;lp_amount=none,False
2024-05-02T10:00:00+00:00,1.4053630129511748e-05,1.4106387408667646e-05,1.3850371383651086e-05,1.4011813382351549e-05,1.4051619385657375e-05,WETH,pool_swap_ratio,8,85,40722507.86982781,,19781992,376874.74302495003,,8,4,0.0,0.0,0.0,0.0,,0,0,,,,132748.67975333,244126.06327162002,-111377.38351829001,8,-0.002340042796209209,-0.0027312991291714244,0.0,0.0,-0.0027275725253002535,0.0,0.009229460794306055,-0.0028328409853213277,2,2,price=observed;tvl=observed;lp_amount=none,False
2024-05-02T11:00:00+00:00,1.40827666497897e-05,1.4273495716454612e-05,1.385741268062948e-05,1.4202647179927994e-05,1.4181719470026892e-05,WETH,pool_swap_ratio,16,505,40005656.95844186,,19782255,734705.6912716901,,16,7,0.0,0.0,0.0,0.0,,0,0,,,,8927.389942869999,725778.3013288201,-716850.91138595,16,0.013527581524344114,-0.017760090429073415,0.0,0.0,-0.0176033095426591,0.0,0.018041759452051075,0.0014756821234076511,2,2,price=observed;tvl=observed;lp_amount=none,False
2024-05-02T12:00:00+00:00,1.4292437557605955e-05,1.4388378600215513e-05,1.419079895731958e-05,1.419079895731958e-05,1.4282318394384483e-05,WETH,pool_swap_ratio,13,133,40096211.44983821,,19782584,932015.06961443,,13,6,0.0,0.0,0.0,0.0,,0,0,,,,511284.78050538996,420730.28910904005,90554.49139634991,13,-0.0008345745168689203,0.002260984213536161,0.0,0.0,0.002263542165809663,0.0,0.023297081974747055,-0.006407883827942551,2,2,price=observed;tvl=observed;lp_amount=none,False
2024-05-02T13:00:00+00:00,1.426568048283006e-05,1.4394760643220044e-05,1.4091656464823932e-05,1.4161086129837932e-05,1.414692021083099e-05,WETH,pool_swap_ratio,11,37,40435381.87461904,,19782890,591418.79485513,,11,5,0.0,0.0,0.0,0.0,,0,0,,,,465294.60981798,126124.18503715,339170.42478083,11,-0.0020960044292122255,0.008423338374329561,0.0,0.0,0.008458914508797028,0.0,0.014749991918688277,0.0010013429634032622,2,2,price=observed;tvl=observed;lp_amount=none,False
2024-05-02T14:00:00+00:00,1.4067588742419057e-05,1.4199554599961512e-05,1.3655184579295259e-05,1.4080901604816673e-05,1.409663707439643e-05,WETH,pool_swap_ratio,13,181,40299953.85491285,,19783175,596448.6578321899,,13,7,0.0,0.0,0.0,0.0,,0,0,,,,230510.319063,365938.33876918996,-135428.01970618995,13,-0.0056784062957836575,-0.0033548667508247827,0.0,0.0,-0.0033492454733362377,0.0,0.01475066217209577,-0.001116256983613284,2,2,price=observed;tvl=observed;lp_amount=none,False
2024-05-02T15:00:00+00:00,1.4208564344091602e-05,1.4308630598167296e-05,1.4131003731479878e-05,1.4308630598167296e-05,1.4258612671849294e-05,WETH,pool_swap_ratio,10,721,39920435.15559095,,19783430,390209.80179484,,10,5,0.0,0.0,0.0,0.0,,0,0,,,,5345.55123647,384864.25055837,-379518.6993219,10,0.016043510430445322,-0.0094619718375911,0.0,0.0,-0.009417348235390945,0.0,0.009682636441710732,0.0035079097433337036,2,2,price=observed;tvl=observed;lp_amount=none,False
2024-05-02T16:00:00+00:00,1.4317744372576416e-05,1.4317744372576416e-05,1.409917749039235e-05,1.4195815786295611e-05,1.4180731025035463e-05,WETH,pool_swap_ratio,13,493,39985218.58358845,,19783747,1211396.21793064,,13,7,15095.09242602,171727.74967782,-156632.65725179997,186822.84210384,0.16159793155945926,1,1,,,1.0,731736.89996973,666953.47197223,64783.42799749994,15,-0.007915635294594197,0.001621498333605194,-0.003923620988632014,0.0046798799004994064,0.0016228136728721721,0.004301750444565711,0.030345265857177943,0.0010637506087320947,2,2,price=observed;tvl=observed;lp_amount=quantified,False
2024-05-02T17:00:00+00:00,1.4300721871798538e-05,1.4390482521594593e-05,1.4291175874143753e-05,1.4390482521594593e-05,1.4345270540268411e-05,WETH,pool_swap_ratio,6,217,39649947.28203543,,19784068,343402.64303656,,6,3,0.0,0.0,0.0,0.0,,0,0,,,,4065.67074177,339336.97229479,-335271.30155301996,6,0.013619793818460181,-0.008420231911604435,0.0,0.0,-0.008384881049284268,0.0,0.008588239734607987,0.0031516994537863496,2,2,price=observed;tvl=observed;lp_amount=none,False
2024-05-02T18:00:00+00:00,1.4302011079513808e-05,1.441780366525154e-05,1.4079794541057654e-05,1.4399137107819487e-05,1.4358125068402682e-05,WETH,pool_swap_ratio,13,889,39617834.84181398,,19784310,573487.51260645,,13,4,0.0,0.0,0.0,0.0,,0,0,,,,270687.5361925,302799.97641395,-32112.44022145,13,0.0006012296513118132,-0.0008102268315773094,0.0,0.0,-0.0008098986864479257,0.0,0.01446376481984089,0.0028563645476984423,2,2,price=observed;tvl=observed;lp_amount=none,False
2024-05-02T19:00:00+00:00,1.4408337503860209e-05,1.4411137530667976e-05,1.4277237217305483e-05,1.4278392910861784e-05,1.4325242239582908e-05,WETH,pool_swap_ratio,12,13,39752489.83842548,,19784677,387033.15896845993,,12,6,0.0,0.0,0.0,0.0,,0,0,,,,260844.07778998002,126189.08117848,134654.9966115,12,-0.008420872396386555,0.0033930849179336377,0.0,0.0,0.003398847946869137,0.0,0.00976916483482263,-0.0032704039441421306,2,2,price=observed;tvl=observed;lp_amount=none,False
2024-05-02T20:00:00+00:00,1.4364447521015849e-05,1.4439291930898597e-05,1.4242547538648956e-05,1.4315624505264102e-05,1.4289042149511334e-05,WETH,pool_swap_ratio,13,397,39894343.520189196,,19784942,416433.77919505,,13,5,0.0,0.0,0.0,0.0,,0,1,,,1.0,283350.33423716,141496.65247344,141853.68176372,14,0.0026041542117963617,0.003562070851347619,0.0,0.0,0.003568422565235188,0.0,0.010475665320276809,0.001860331537595572,2,2,price=observed;tvl=observed;lp_amount=quantified,False
2024-05-02T21:00:00+00:00,1.4225920206629024e-05,1.4391821406282247e-05,1.4159105797390442e-05,1.4391821406282247e-05,1.4324148437878282e-05,WETH,pool_swap_ratio,11,757,39638988.81970934,,19785212,423132.58735742,,11,6,0.0,0.0,0.0,0.0,,0,0,,,,83888.94343878001,339243.64391864004,-255354.70047986,11,0.005308523801891754,-0.006421347387355191,0.0,0.0,-0.006400774594790199,0.0,0.010606330372206443,0.004724397313910389,2,2,price=observed;tvl=observed;lp_amount=none,False
2024-05-02T22:00:00+00:00,1.4309801757396237e-05,1.4464176133110869e-05,1.4309801757396237e-05,1.4456480041123587e-05,1.4422029578711108e-05,WETH,pool_swap_ratio,12,361,39402748.77898202,,19785539,418388.13511534,,12,5,0.0,0.0,0.0,0.0,,0,0,,,,91074.04719401,327314.08792132995,-236240.04072731995,12,0.00448267245348678,-0.005977620212989568,0.0,0.0,-0.005959789786813543,0.0,0.010554964886170573,0.002388738854296246,2,2,price=observed;tvl=observed;lp_amount=none,False
2024-05-02T23:00:00+00:00,1.446970355043926e-05,1.4488248703595195e-05,1.4375501893069228e-05,1.4375501893069228e-05,1.4427922048996168e-05,WETH,pool_swap_ratio,7,409,39414765.846111156,,19785835,260017.06712912998,,7,3,0.0,0.0,0.0,0.0,,0,0,,,,136017.06712912998,124000.0,12017.06712912998,7,-0.005617259414801083,0.000304933929454873,0.0,0.0,0.00030498042653156354,0.0,0.006598957564803873,-0.0036332436333468277,2,2,price=observed;tvl=observed;lp_amount=none,False
2024-05-03T00:00:00+00:00,1.4466235073274673e-05,1.4475499863345348e-05,1.432687032785372e-05,1.442668070475431e-05,1.438683071954252e-05,WETH,pool_swap_ratio,11,37,39521942.15557086,,19786166,403852.88426129,,11,4,0.0,0.0,0.0,0.0,,0,0,,,,255514.5968605,148338.28740079,107176.30945971,11,0.0035538185604756163,0.00271550152096008,0.0,0.0,0.002719191834810418,0.0,0.01024623324766335,0.0027698932439415014,2,2,price=observed;tvl=observed;lp_amount=none,False
2024-05-03T01:00:00+00:00,1.4434806975249227e-05,1.4526374508641117e-05,1.4413448298656014e-05,1.443474773230235e-05,1.4473400668855751e-05,WETH,pool_swap_ratio,7,193,39246755.7726409,,19786452,399160.80770433997,,7,3,0.0,0.0,0.0,0.0,,0,0,,,,61987.21238719,337173.59531715,-275186.38292996003,7,0.0005590179138716776,-0.0069872299466339554,0.0,0.0,-0.006962876010666162,0.0,0.010099726529964465,-0.002670618843336303,2,2,price=observed;tvl=observed;lp_amount=none,False
2024-05-03T02:00:00+00:00,1.4408390639187352e-05,1.4482654276422005e-05,1.431625394680193e-05,1.4405020656866588e-05,1.4379954953709739e-05,WETH,pool_swap_ratio,15,325,39593234.09444471,,19786738,610520.82592438,,15,6,0.0,0.0,0.0,0.0,,0,0,,,,478499.57386408997,132021.25206029002,346478.32180379995,15,-0.0020615343065705154,0.008789462123812016,0.0,0.0,0.00882820286626931,0.0,0.015555956509148636,0.0017431002557057873,2,2,price=observed;tvl=observed;lp_amount=none,False
2024-05-03T03:00:00+00:00,1.4317586524731859e-05,1.4411943260214047e-05,1.4295190379260358e-05,1.4410824478308573e-05,1.4366643104781884e-05,WETH,pool_swap_ratio,9,97,39574393.54329773,,19787054,229159.44885303,,9,4,0.0,0.0,0.0,0.0,,1,0,,,,105159.44885303,124000.0,-18840.55114697,9,0.0004028215374729373,-0.000475966049882753,0.0,0.0,-0.0004758527960112635,0.0,0.0057878436579946665,0.0030752746625957172,2,2,price=observed;tvl=observed;lp_amount=quantified,False
2024-05-03T04:00:00+00:00,1.4432959072602404e-05,1.4513642662356823e-05,1.4396278494394965e-05,1.4444135042965455e-05,1.4430628524505197e-05,WETH,pool_swap_ratio,8,421,39471990.288613945,,19787325,106911.25468378999,,8,4,0.0,0.0,0.0,0.0,,0,0,,,,2254.0,104657.25468379,-102403.25468379,8,0.0023088287079161287,-0.0025909676573843037,0.0,0.0,-0.002587613997716786,0.0,0.0027015260402366,0.0009359618978010964,2,2,price=observed;tvl=observed;lp_amount=none,False
2024-05-03T05:00:00+00:00,1.4449788304482938e-05,1.4565637055030376e-05,1.4333586561934913e-05,1.4465795401297738e-05,1.4481390340903827e-05,WETH,pool_swap_ratio,14,109,39173285.871830404,,19787647,730776.22350591,,14,5,0.0,0.0,0.0,0.0,,0,0,,,,216035.90336119,514740.32014472,-298704.41678353003,14,0.001498472120304233,-0.007596282134742697,0.0,0.0,-0.0075675033004275446,0.0,0.018513792138743736,-0.0010768951902386803,2,2,price=observed;tvl=observed;lp_amount=none,False
2024-05-03T06:00:00+00:00,1.4442848704791737e-05,1.4528786943710144e-05,1.4332286997458377e-05,1.4332286997458377e-05,1.4400320254865017e-05,WETH,pool_swap_ratio,15,829,39599611.618242994,,19787887,623596.5933735999,,15,5,0.0,0.0,0.0,0.0,,0,0,,,,524961.16989309,98635.42348051001,426325.74641258,15,-0.009272100724374437,0.010824278972262806,0.0,0.0,0.01088307342425803,0.0,0.01591892483602019,-0.0047244266934727275,2,2,price=observed;tvl=observed;lp_amount=none,False
2024-05-03T07:00:00+00:00,1.4413006526307539e-05,1.445875003155379e-05,1.4329791594446355e-05,1.4329791594446355e-05,1.4384015620977568e-05,WETH,pool_swap_ratio,4,1561,39583441.75025664,,19788126,65869.86798635,,4,3,0.0,0.0,0.0,0.0,,0,0,,,,24850.0,41019.86798635,-16169.86798635,4,-0.0001741257536731652,-0.0004084173954714735,0.0,0.0,-0.0004083340044401033,0.0,0.0016633968186699252,-0.0037697419107451946,2,2,price=observed;tvl=observed;lp_amount=none,False
2024-05-03T08:00:00+00:00,1.4323718254581049e-05,1.4323718254581049e-05,1.4313084704900258e-05,1.4313084704900258e-05,1.4315497501514925e-05,WETH,pool_swap_ratio,2,289,39655748.43826626,,19788531,72306.68800962,,2,2,0.0,0.0,0.0,0.0,,0,0,,,,72306.68800962,0.0,72306.68800962,2,-0.001166565205683883,0.001825023903121329,0.0,0.0,0.001826690272812146,0.0,0.001826690272812146,-0.00016854437747704232,2,2,price=observed;tvl=observed;lp_amount=none,False
2024-05-03T09:00:00+00:00,1.4303770584910016e-05,1.4537147800257428e-05,1.4303770584910016e-05,1.4537147800257428e-05,1.4330163140920249e-05,WETH,pool_swap_ratio,2,1105,39662280.485768385,,19788761,8441.29410135,,2,2,0.0,0.0,0.0,0.0,,0,0,,,,7486.67080174,954.62329961,6532.04750213,2,0.015533157345741951,0.00016470524054856868,0.0,0.0,0.00016471880520168991,0.0,0.00021286432443686973,0.014443984852211988,2,2,price=observed;tvl=observed;lp_amount=none,False
2024-05-03T10:00:00+00:00,1.4425954836624897e-05,1.4425954836624897e-05,1.4224740649454358e-05,1.428143789670339e-05,1.4267160459407902e-05,WETH,pool_swap_ratio,8,529,40013959.1478905,,19789105,366287.91785651,,8,6,0.0,0.0,0.0,0.0,,0,0,,,,358983.28998931,7304.6278672,351678.66212211,8,-0.017746645681182793,0.008827749591884414,0.0,0.0,0.008866829083322612,0.0,0.009235170377758319,0.0010007203140462995,2,2,price=observed;tvl=observed;lp_amount=none,False
2024-05-03T11:00:00+00:00,1.4227626960226241e-05,1.4227626960226241e-05,1.4203186487016792e-05,1.4203186487016792e-05,1.4214759029255877e-05,WETH,pool_swap_ratio,3,1177,40147359.211033925,,19789351,133400.06314342,,3,3,0.0,0.0,0.0,0.0,,0,0,,,,133400.06314342,0.0,133400.06314342,3,-0.005494304961359218,0.003328293222210583,0.0,0.0,0.003333838140094486,0.0,0.003333838140094486,-0.0008141215911762201,2,2,price=observed;tvl=observed;lp_amount=none,False
2024-05-03T12:00:00+00:00,1.420291180011483e-05,1.4483655430965061e-05,1.420291180011483e-05,1.43029517019449e-05,1.4383886047285465e-05,WETH,pool_swap_ratio,10,517,39290959.60730962,,19789703,872817.2614099201,,10,5,0.0,0.0,0.0,0.0,,0,0,,,,8208.82884281,864608.43256711,-856399.6037243,10,0.006999588761775678,-0.021562208178915254,0.0,0.0,-0.02133140561556365,0.0,0.02174034054947352,-0.005626737105292823,2,2,price=observed;tvl=observed;lp_amount=none,False
2024-05-03T13:00:00+00:00,1.4501931732204845e-05,1.4501931732204845e-05,1.4322609853729643e-05,1.4322609853729643e-05,1.4404272053508242e-05,WETH,pool_swap_ratio,6,325,39379289.74584397,,19790015,93132.14017993001,,6,2,0.0,0.0,0.0,0.0,,0,0,,,,90731.13935714,2401.0008227900003,88330.13853435,6,0.0013734685928726675,0.002245580162224929,0.0,0.0,0.0022481033656891703,0.0,0.00237031981684163,-0.005669304181096124,2,2,price=observed;tvl=observed;lp_amount=none,False
2024-05-03T14:00:00+00:00,1.4143655965768554e-05,1.479500198478419e-05,1.4143655965768554e-05,1.4383932118778995e-05,1.4416489233237312e-05,WETH,pool_swap_ratio,16,169,39397896.08909172,,19790325,440277.07125752995,,16,5,0.0,0.0,0.0,0.0,,0,0,,,,229441.70725264002,210835.36400489,18606.343247750017,16,0.004272361218894614,0.000472378986289901,0.0,0.0,0.00047249057481321645,0.0,0.011180421843540135,-0.00225832475102572,2,2,price=observed;tvl=observed;lp_amount=none,False
2024-05-03T15:00:00+00:00,1.4540353695312845e-05,1.4540353695312845e-05,1.4279005350990674e-05,1.4393991885466585e-05,1.4357959050332786e-05,WETH,pool_swap_ratio,8,373,39603119.798422664,,19790606,242981.9450617,,8,4,0.0,0.0,0.0,0.0,,0,0,,,,224102.82719632002,18879.11786538,205223.70933094004,8,0.0006991308404218651,0.005195481821578443,0.0,0.0,0.0052090017412823545,0.0,0.006167383773799423,0.0025096070414660776,2,2,price=observed;tvl=observed;lp_amount=none,False
2024-05-03T16:00:00+00:00,1.4411249157628238e-05,1.4745049522028575e-05,1.4411249157628238e-05,1.4701943612491611e-05,1.4472726470391098e-05,WETH,pool_swap_ratio,8,985,39284442.838467985,,19790855,340943.54447642004,,8,8,0.0,0.0,0.0,0.0,,0,0,,,,11133.292260870001,329810.25221555,-318676.95995468,8,0.021168814240139354,-0.008079313969880328,0.0,0.0,-0.008046764032145074,0.0,0.008609007224981284,0.01583786873672044,2,2,price=observed;tvl=observed;lp_amount=none,False
2024-05-03T17:00:00+00:00,1.4515039524089873e-05,1.4598345903361115e-05,1.443889545737336e-05,1.4510879236339824e-05,1.454966251014505e-05,WETH,pool_swap_ratio,8,157,38967119.34867102,,19791222,329817.30341486,,8,6,0.0,0.0,0.0,0.0,,0,0,,,,6246.90680895,323570.39660591,-317323.48979695997,8,-0.01308104332199214,-0.008110387073293012,0.0,0.0,-0.008077586618747497,0.0,0.008395621258293559,-0.0026655789285960907,2,2,price=observed;tvl=observed;lp_amount=none,False
2024-05-03T18:00:00+00:00,1.4510609895440297e-05,1.4598239372315294e-05,1.4508517830545517e-05,1.4508517830545517e-05,1.4520104068344862e-05,WETH,pool_swap_ratio,5,517,38978873.0476323,,19791492,13708.32281708,,5,4,1663.49642848,0.0,1663.49642848,1663.49642848,0.0,1,0,,,,13562.75910342,1809.0601421400002,11753.698961279999,6,-0.00016274671689943024,0.0003015857182395217,4.268974602908988e-05,4.268974602908988e-05,0.0003016311997843603,0.0,0.0003517920504828778,-0.0007979445426017362,2,2,price=observed;tvl=observed;lp_amount=quantified,False
2024-05-03T19:00:00+00:00,1.450669711221597e-05,1.4595038804366972e-05,1.447278413775994e-05,1.447278413775994e-05,1.4537326229776107e-05,WETH,pool_swap_ratio,6,1525,38988966.54472595,,19791705,33272.60641529,,6,4,0.0,0.0,0.0,0.0,,0,0,,,,21683.05175447,11589.55466082,10093.497093650001,6,-0.0024659838217709917,0.00025891437297242926,0.0,0.0,0.00025894789419170016,0.0,0.0008536061669774489,-0.004439749854685648,2,2,price=observed;tvl=observed;lp_amount=none,False
2024-05-03T20:00:00+00:00,1.4608900482714492e-05,1.4672543089791106e-05,1.4583789017703975e-05,1.4672543089791106e-05,1.4632766316236e-05,WETH,pool_swap_ratio,7,565,38717544.359215,,19792084,271422.18551095,,7,4,0.0,0.0,0.0,0.0,,0,0,,,,0.0,271422.18551095,-271422.18551095,7,0.013708000497536493,-0.006985857071330152,0.0,0.0,-0.006961512693587036,0.0,0.006961512693587036,0.0027183358700242355,2,2,price=observed;tvl=observed;lp_amount=none,False
2024-05-03T21:00:00+00:00,1.457108463300664e-05,1.4654112489222432e-05,1.457108463300664e-05,1.4575054661929287e-05,1.4603004790252456e-05,WETH,pool_swap_ratio,3,433,38759879.58682573,,19792391,178815.68669489,,3,2,0.0,0.0,0.0,0.0,,0,0,,,,110575.45715281,68240.22954208,42335.22761073001,3,-0.006666447599125688,0.0010928404603030622,0.0,0.0,0.0010934378280283157,0.0,0.0046184666319709616,-0.0019139984355703854,2,2,price=observed;tvl=observed;lp_amount=none,False
2024-05-03T22:00:00+00:00,1.4507750442863948e-05,1.4650467836426985e-05,1.4507750442863948e-05,1.4650467836426985e-05,1.4559423803510929e-05,WETH,pool_swap_ratio,3,733,38850878.06554538,,19792663,112534.27473147999,,3,3,0.0,0.0,0.0,0.0,,0,1,,,1.0,109293.9698437,18295.49112405,90998.47871965001,4,0.005160786561104737,0.002344997605290719,0.0,0.0,0.00234774926263135,0.0,0.0029033700808949307,0.006253271705306096,2,2,price=observed;tvl=observed;lp_amount=quantified,False
2024-05-03T23:00:00+00:00,1.4540083041555496e-05,1.4628928191697583e-05,1.453937914824602e-05,1.453937914824602e-05,1.4567418753042868e-05,WETH,pool_swap_ratio,5,1645,38869597.36086757,,19792887,46889.72765221,,5,4,0.0,0.0,0.0,0.0,,0,0,,,,32804.5114872,14085.216165009999,18719.29532219,5,-0.0076114975569920255,0.00048170821347797896,0.0,0.0,0.00048182425351130147,0.0,0.0012069155186943848,-0.0019248162816072334,2,2,price=observed;tvl=observed;lp_amount=none,False
2024-05-04T00:00:00+00:00,1.4623815379197946e-05,1.4623815379197946e-05,1.4470949981958202e-05,1.4470949981958202e-05,1.450572955453564e-05,WETH,pool_swap_ratio,4,2593,39086824.69588458,,19793106,225202.18851525,,4,4,0.0,0.0,0.0,0.0,,0,0,,,,221214.76176613,3987.42674912,217227.33501701,4,-0.004717581306403416,0.005573059705000957,0.0,0.0,0.005588618091416255,0.0,0.005793787530764982,-0.0023976438032076164,2,2,price=observed;tvl=observed;lp_amount=none,False
2024-05-04T01:00:00+00:00,1.4677616057254144e-05,1.4677616057254144e-05,1.4457489135193865e-05,1.4540786340248339e-05,1.4462704805538454e-05,WETH,pool_swap_ratio,4,1,39174888.363956645,,19793621,90217.95217373999,,4,3,0.0,0.0,0.0,0.0,,0,0,,,,89140.81012289999,1077.14205084,88063.66807205998,4,0.0048143614986602985,0.0022504926559137094,0.0,0.0,0.0022530269152646757,0.0,0.0023081422672647793,0.005398819637111307,2,2,price=observed;tvl=observed;lp_amount=none,False
2024-05-04T02:00:00+00:00,1.4425772768139243e-05,1.4493730929805715e-05,1.4172602592895314e-05,1.4493730929805715e-05,1.4415485170207454e-05,WETH,pool_swap_ratio,8,193,39300961.92635951,,19793905,165680.23424357,,8,4,0.0,0.0,0.0,0.0,,0,0,,,,145876.89832322,19803.33592035,126073.56240287,8,-0.003241345547660871,0.0032130565109883195,0.0,0.0,0.003218223909959258,0.0,0.004229245855260847,0.005427896367995455,2,2,price=observed;tvl=observed;lp_amount=none,False
2024-05-04T03:00:00+00:00,1.4350923853493808e-05,1.4455428626483954e-05,1.4049463723428044e-05,1.4314718700247202e-05,1.4244609596034737e-05,WETH,pool_swap_ratio,8,421,39309054.685810775,,19794182,50784.885912440004,,8,4,0.0,0.0,0.0,0.0,,0,0,,,,29438.822681849997,21346.06323059,8092.759451259997,7,-0.01242791860965404,0.000205896394088832,0.0,0.0,0.00020591759220611112,0.0,0.0012922046541150466,0.00492179892609923,2,2,price=observed;tvl=observed;lp_amount=none,False
2024-05-04T04:00:00+00:00,1.407173340120351e-05,1.4505071872188142e-05,1.407173340120351e-05,1.4505071872188142e-05,1.4423005890522037e-05,WETH,pool_swap_ratio,5,697,39210380.21428578,,19794455,153188.94194547,,5,3,0.0,0.0,0.0,0.0,,0,0,,,,27257.23521024,125931.70673523001,-98674.47152499,4,0.01321008489686587,-0.0025133783398976766,0.0,0.0,-0.0025102224490941042,0.0,0.0038970395795543252,0.005689936084684932,2,2,price=observed;tvl=observed;lp_amount=none,False
2024-05-04T05:00:00+00:00,1.4521664503390439e-05,1.4521664503390439e-05,1.4373877678580017e-05,1.4488688918718882e-05,1.4437217819367773e-05,WETH,pool_swap_ratio,4,865,39218339.11613604,,19794738,15555.363271540002,,4,3,0.0,0.0,0.0,0.0,,0,0,,,,11757.1325609,3798.23071064,7958.901850259999,4,-0.0011301021161764027,0.00020295886367963962,0.0,0.0,0.00020297946122339,0.0,0.0003967154408228006,0.0035651674716759008,2,2,price=observed;tvl=observed;lp_amount=none,False
2024-05-04T06:00:00+00:00,1.452945862232078e-05,1.4558810889246258e-05,1.446928008854862e-05,1.446928008854862e-05,1.450598721838975e-05,WETH,pool_swap_ratio,5,1105,39095090.19696771,,19795018,376075.85492448,,5,5,0.0,147728.54505111,-147728.54505111,147728.54505111,0.0,1,1,,,1.0,200500.0,323748.91916832,-123248.91916832002,6,-0.0013404830339926303,-0.0031475832945760457,-0.0037668230827839523,0.0037668230827839523,-0.0031426348475224017,0.0037668230827839523,0.009589285609745441,-0.0025304813308117957,2,2,price=observed;tvl=observed;lp_amount=quantified,False
2024-05-04T07:00:00+00:00,1.4466642003925831e-05,1.4466642003925831e-05,1.4465329938767786e-05,1.4465329938767786e-05,1.4466561617644588e-05,WETH,pool_swap_ratio,2,805,39110708.055899784,,19795340,15617.85893206,,2,2,0.0,0.0,0.0,0.0,,0,0,,,,15617.85893206,0.0,15617.85893206,2,-0.0002730397818837242,0.00039940412318755175,0.0,0.0,0.0003994838956343257,0.0,0.0003994838956343257,-8.513971110457597e-05,2,2,price=observed;tvl=observed;lp_amount=none,False
2024-05-04T08:00:00+00:00,1.4559974490883537e-05,1.461550113215106e-05,1.4559974490883537e-05,1.461550113215106e-05,1.4587533789874104e-05,WETH,pool_swap_ratio,4,505,38873017.56959364,,19795665,237690.48630614,,4,3,0.0,0.0,0.0,0.0,,0,0,,,,0.0,237690.48630614,-237690.48630614,4,0.010327939243930447,-0.006095918615117452,0.0,0.0,-0.006077376200052834,0.0,0.006077376200052834,0.0019172083972391896,2,2,price=observed;tvl=observed;lp_amount=none,False
2024-05-04T09:00:00+00:00,1.4629441555602825e-05,1.4642044755099037e-05,1.4386976315117275e-05,1.4386976315117275e-05,1.460577620197279e-05,WETH,pool_swap_ratio,7,13,38833295.85877084,,19796004,126169.22320054,,7,3,0.0,0.0,0.0,0.0,,0,0,,,,43223.75618887,82945.46701167,-39721.7108228,7,-0.015759312083178347,-0.0010223548777463969,0.0,0.0,-0.0010218324510487759,0.0,0.003245676077877453,-0.014980366933594502,2,2,price=observed;tvl=observed;lp_amount=none,False
2024-05-04T10:00:00+00:00,1.434524992704269e-05,1.4871994795456072e-05,1.434524992704269e-05,1.4581940764501792e-05,1.4647176918659751e-05,WETH,pool_swap_ratio,7,277,38740533.888595015,,19796280,199187.39063095,,7,4,0.0,0.0,0.0,0.0,,0,0,,,,53212.71022756,145974.68040338997,-92761.97017582998,7,0.013460454358046485,-0.002391580116433436,0.0,0.0,-0.0023887225671801655,0.0,0.005129293978944148,-0.004453838068607774,2,2,price=observed;tvl=observed;lp_amount=none,False
2024-05-04T11:00:00+00:00,1.4567585264246595e-05,1.4772005372929588e-05,1.4567585264246595e-05,1.4772005372929588e-05,1.4698928009904748e-05,WETH,pool_swap_ratio,10,97,38363282.07677959,,19796594,502719.63190119993,,10,5,0.0,0.0,0.0,0.0,,0,0,,,,62733.91004289,439985.72185830993,-377251.81181541993,10,0.012950031572310852,-0.009785632981015781,0.0,0.0,-0.009737909469711275,0.0,0.012976579861982687,0.004971611737644821,2,2,price=observed;tvl=observed;lp_amount=none,False
2024-05-04T12:00:00+00:00,1.4677513989985099e-05,1.475211991952242e-05,1.4600291296122561e-05,1.4600291296122561e-05,1.4640443803399502e-05,WETH,pool_swap_ratio,6,1381,38696814.03247543,,19796785,341342.01794911997,,6,3,0.0,0.0,0.0,0.0,,0,0,,,,337436.98682248,3905.03112664,333531.95569584,6,-0.011692380409686958,0.008656465675093719,0.0,0.0,0.008694041219630664,0.0,0.00889762292146861,-0.00274257446127546,2,2,price=observed;tvl=observed;lp_amount=none,False
2024-05-04T13:00:00+00:00,1.4577149844209997e-05,1.45829642181542e-05,1.4459904717240935e-05,1.4459904717240935e-05,1.4521008751100122e-05,WETH,pool_swap_ratio,8,193,39156443.76922826,,19797183,482527.26488219,,8,5,0.0,0.0,0.0,0.0,,0,0,,,,471078.50081751,11448.76406468,459629.73675283,8,-0.009661852997989547,0.011807728795031865,0.0,0.0,0.011877715213637384,0.0,0.012469431320036835,-0.004207974453190655,2,2,price=observed;tvl=observed;lp_amount=none,False
2024-05-04T14:00:00+00:00,1.4458479786321308e-05,1.457608789318842e-05,1.4458479786321308e-05,1.4562987328557692e-05,1.4563338482700838e-05,WETH,pool_swap_ratio,6,349,38989280.047071435,,19797467,168123.8703483,,6,4,0.0,0.0,0.0,0.0,,0,0,,,,480.07409574,167643.79625256002,-167163.72215682,6,0.007103568081495488,-0.004278262941772931,0.0,0.0,-0.0042691242121478965,0.0,0.004293645034241412,-2.4112200891490687e-05,2,2,price=observed;tvl=observed;lp_amount=none,False
2024-05-04T15:00:00+00:00,1.44832475427686e-05,1.4649941833319801e-05,1.4481428166453668e-05,1.459034026554641e-05,1.4531968578576932e-05,WETH,pool_swap_ratio,13,49,38973166.62131134,,19797787,374163.91215066006,,13,7,0.0,0.0,0.0,0.0,,0,0,,,,179025.24319528,195138.66895538,-16113.425760100014,13,0.0018764887079673492,-0.00041336378418394335,0.0,0.0,-0.0004132783611455869,0.0,0.009596584284165675,0.004016777675636574,2,2,price=observed;tvl=observed;lp_amount=none,False
2024-05-04T16:00:00+00:00,1.4593685577373034e-05,1.4669507223256299e-05,1.4447877858948639e-05,1.452023508475304e-05,1.4514354538746875e-05,WETH,pool_swap_ratio,13,997,38936272.11407091,,19798008,839251.87821993,,13,5,0.0,0.0,0.0,0.0,,0,0,,,,401178.68548975,438073.19273018005,-36894.507240430044,13,-0.004816484420370389,-0.0009471127143830804,0.0,0.0,-0.0009466643446995493,0.0,0.021534095147429197,0.00040515380759553743,2,2,price=observed;tvl=observed;lp_amount=none,False
2024-05-04T17:00:00+00:00,1.4604688990567649e-05,1.4604688990567649e-05,1.4389181402269546e-05,1.4556555703731816e-05,1.4495521778425606e-05,WETH,pool_swap_ratio,9,493,39108464.53902492,,19798389,172429.60535805,,9,5,8410.82700792,0.0,8410.82700792,8410.82700792,0.0,1,0,,,,176516.42865999,4324.00370598,172192.42495401,10,0.0024982562988875696,0.004412666676674572,0.00021601521027177301,0.00021601521027177301,0.00442241682638597,0.0,0.004428508329017376,0.004210536622217376,2,2,price=observed;tvl=observed;lp_amount=quantified,False
2024-05-04T18:00:00+00:00,1.4573530066007293e-05,1.4624031409136559e-05,1.4334158099615927e-05,1.4384678606256046e-05,1.458698900852019e-05,WETH,pool_swap_ratio,10,385,38884129.308452934,,19798656,229340.29843338998,,10,5,0.0,0.0,0.0,0.0,,0,0,,,,2502.5339307,226837.76450268997,-224335.23057198996,10,-0.01187780150375307,-0.005752747490139109,0.0,0.0,-0.005736232123051877,0.0,0.005864211268241933,-0.013869236629024395,2,2,price=observed;tvl=observed;lp_amount=none,False
2024-05-04T19:00:00+00:00,1.4359349477352033e-05,1.4523931713628433e-05,1.4359349477352033e-05,1.4523931713628433e-05,1.4522411028119293e-05,WETH,pool_swap_ratio,3,1561,38972108.76344268,,19798858,88689.05925049,,3,3,0.0,0.0,0.0,0.0,,0,0,,,,88334.25712012,354.80213037,87979.45498975001,3,0.009634097447387328,0.002260049923222449,0.0,0.0,0.002262605761127956,0.0,0.0022808549613379174,0.00010471301949754874,2,2,price=observed;tvl=observed;lp_amount=none,False
2024-05-04T20:00:00+00:00,1.4510729093928079e-05,1.4631313605376621e-05,1.4452134054501803e-05,1.4631313605376621e-05,1.4609803539653034e-05,WETH,pool_swap_ratio,7,409,38845886.62175384,,19799250,158330.5595962,,7,4,0.0,0.0,0.0,0.0,,0,0,,,,16054.20895368,142276.35064252,-126222.14168884,7,0.007366247557328403,-0.003244037622879645,0.0,0.0,-0.0032387814181418163,0.0,0.004062663392357154,0.0014723035573480647,2,2,price=observed;tvl=observed;lp_amount=none,False
2024-05-04T21:00:00+00:00,1.4498177788969779e-05,1.4638332708235033e-05,1.4310934352445824e-05,1.4541950538455354e-05,1.4535628354774847e-05,WETH,pool_swap_ratio,8,397,38890492.58198957,,19799549,86488.69260986999,,8,5,0.0,0.0,0.0,0.0,,0,0,,,,65547.3264228,20941.36618707,44605.96023573,7,-0.006126386542345848,0.0011476213733714307,0.0,0.0,0.0011482801427616406,0.0,0.0022264569078321926,0.00043494395468846037,2,2,price=observed;tvl=observed;lp_amount=none,False
2024-05-04T22:00:00+00:00,1.4522050540871031e-05,1.4522050540871031e-05,1.447078558901562e-05,1.447078558901562e-05,1.4498031838562817e-05,WETH,pool_swap_ratio,6,997,39133661.02863988,,19799796,243168.44665031,,6,5,0.0,0.0,0.0,0.0,,0,0,,,,243168.44665031,0.0,243168.44665031,6,-0.004905782884626677,0.00623317838658202,0.0,0.0,0.006252645068397072,0.0,0.006252645068397072,-0.0018793067811263553,2,2,price=observed;tvl=observed;lp_amount=none,False
2024-05-04T23:00:00+00:00,1.449089330939983e-05,1.449089330939983e-05,1.4320606785017231e-05,1.4359333564339218e-05,1.4426637873900624e-05,WETH,pool_swap_ratio,6,1189,39173644.9086781,,19800080,50363.7300137,,6,4,0.0,0.0,0.0,0.0,,0,0,,,,45173.80502596,5189.92498774,39983.88003822,6,-0.007731676673892303,0.0010212044210796873,0.0,0.0,0.001021726027855096,0.0,0.001286966991839619,-0.0046652803064507475,2,2,price=observed;tvl=observed;lp_amount=none,False
2024-05-05T00:00:00+00:00,1.4482924667584081e-05,1.4532966168615234e-05,1.4413054584506998e-05,1.4413054584506998e-05,1.4429354648804407e-05,WETH,pool_swap_ratio,6,1417,39331710.19660026,,19800360,164942.5316024,,6,4,0.0,0.0,0.0,0.0,,0,0,,,,161503.90976228,3438.62184012,158065.28792216,6,0.003734210891022491,0.004026871830718432,0.0,0.0,0.004034990573142811,0.0,0.004210548494706461,-0.0011296461064361774,2,2,price=observed;tvl=observed;lp_amount=none,False
2024-05-05T01:00:00+00:00,1.4403202717170714e-05,1.4403202717170714e-05,1.4260867572466806e-05,1.4260867572466806e-05,1.4326836975878917e-05,WETH,pool_swap_ratio,12,517,39869945.39593813,,19800733,538235.19933787,,12,7,0.0,0.0,0.0,0.0,,0,0,,,,538235.19933787,0.0,538235.19933787,12,-0.010615111546158598,0.013591723081779606,0.0,0.0,0.013684510453460877,0.0,0.013684510453460877,-0.004604603481087821,2,2,price=observed;tvl=observed;lp_amount=none,False
2024-05-05T02:00:00+00:00,1.42338470161038e-05,1.4377978172858704e-05,1.4212400382895716e-05,1.429301622561633e-05,1.4354734083335131e-05,WETH,pool_swap_ratio,10,205,39717175.03732559,,19801055,221368.2615416,,10,6,0.0,0.0,0.0,0.0,,0,0,,,,34298.95146453,187069.31007707,-152770.35861254,10,0.0022517894210927624,-0.0038390771123473235,0.0,0.0,-0.003831717277147411,0.0,0.00555225895955585,-0.004299477605123392,2,2,price=observed;tvl=observed;lp_amount=none,False
2024-05-05T03:00:00+00:00,1.4291812292776107e-05,1.4334808529725822e-05,1.4170440482080442e-05,1.4287514883232277e-05,1.4270707820448337e-05,WETH,pool_swap_ratio,11,517,39746204.809238926,,19801326,33407.0995034,,11,5,0.0,0.0,0.0,0.0,,0,0,,,,31218.43570837,2188.66379503,29029.771913340002,11,-0.00038497132408376185,0.0007306453176502539,0.0,0.0,0.0007309123039606484,0.0,0.0008411247645887332,0.0011777315460035354,2,2,price=observed;tvl=observed;lp_amount=none,False
2024-05-05T04:00:00+00:00,1.4390474131124208e-05,1.4701083601438676e-05,1.4247410990983155e-05,1.4247410990983155e-05,1.428633829943758e-05,WETH,pool_swap_ratio,10,85,39955273.28681744,,19801658,237242.91947041,,10,6,0.0,0.0,0.0,0.0,,0,0,,,,223155.69852446002,14087.22094595,209068.47757851,10,-0.0028108654517522047,0.0052463006232827455,0.0,0.0,0.0052600865562367465,0.0,0.005968945226570748,-0.00272479257025271,2,2,price=observed;tvl=observed;lp_amount=none,False
2024-05-05T05:00:00+00:00,1.4272511983713303e-05,1.4272511983713303e-05,1.4195034287761384e-05,1.4195034287761384e-05,1.421503999595718e-05,WETH,pool_swap_ratio,6,1417,40222884.13804234,,19801847,267610.8512249,,6,3,0.0,0.0,0.0,0.0,,0,0,,,,267610.85122489993,0.0,267610.85122489993,6,-0.0036829999610593833,0.006675430156492626,0.0,0.0,0.006697760500944779,0.0,0.006697760500944781,-0.001407362075765195,2,2,price=observed;tvl=observed;lp_amount=none,False
2024-05-05T06:00:00+00:00,1.4177643772257736e-05,1.4281016924363669e-05,1.4177643772257736e-05,1.4258636155694672e-05,1.4196694936205887e-05,WETH,pool_swap_ratio,5,445,40286979.75076093,,19802224,122070.35717923,,5,4,0.0,0.0,0.0,0.0,,0,0,,,,93082.98494891,28987.37223032,64095.61271859,5,0.004470563752978002,0.0015922428175653232,0.0,0.0,0.0015935111092137998,0.0,0.003034848440014705,0.0043630732200081734,2,2,price=observed;tvl=observed;lp_amount=none,False
2024-05-05T07:00:00+00:00,1.420251359044587e-05,1.4336652577987741e-05,1.420251359044587e-05,1.4264077750060421e-05,1.4304136737352376e-05,WETH,pool_swap_ratio,6,601,39857907.57970986,,19802507,437210.19852411,,6,4,0.0,0.0,0.0,0.0,,0,0,,,,4069.01373652,433141.18478759,-429072.17105107,6,0.0003815621788128109,-0.010707514472681964,0.0,0.0,-0.010650393097362078,0.0,0.010852394526195578,-0.0028005176423788747,2,2,price=observed;tvl=observed;lp_amount=none,False
2024-05-05T08:00:00+00:00,1.4263208646044517e-05,1.4355586421923835e-05,1.4181291174263437e-05,1.4181291174263437e-05,1.4238214787748085e-05,WETH,pool_swap_ratio,7,757,40311251.33393214,,19802794,585683.3382490199,,7,2,0.0,0.0,0.0,0.0,,0,0,,,,519513.54623565,66169.79201337,453343.75422228,7,-0.00582075836384258,0.011309800244423397,0.0,0.0,0.011373997827549283,0.0,0.014694282108957697,-0.003997945973790884,2,2,price=observed;tvl=observed;lp_amount=none,False
2024-05-05T09:00:00+00:00,1.4161878559966094e-05,1.4167165564782604e-05,1.4115518046755778e-05,1.4115518046755778e-05,1.4141265657129498e-05,WETH,pool_swap_ratio,6,1645,40582978.713687725,,19803019,271727.37975559,,6,3,0.0,0.0,0.0,0.0,,0,0,,,,271727.37975559,0.0,271727.37975559,6,-0.004648810079481715,0.0067181157812116615,0.0,0.0,0.0067407329409013535,0.0,0.0067407329409013535,-0.0018207429941561326,2,2,price=observed;tvl=observed;lp_amount=none,False
2024-05-05T10:00:00+00:00,1.4207417718277489e-05,1.4255204709755206e-05,1.4127186829290532e-05,1.417449346981366e-05,1.418218598131565e-05,WETH,pool_swap_ratio,4,73,40535685.10916232,,19803447,129479.70600039,,4,4,0.0,0.0,0.0,0.0,,0,0,,,,41093.05073749,88386.65526289999,-47293.604525409995,4,0.004169352031304105,-0.0011660352292586795,0.0,0.0,-0.001165355674334938,0.0,0.003190492913639171,-0.0005424066157448948,2,2,price=observed;tvl=observed;lp_amount=none,False
2024-05-05T11:00:00+00:00,1.4212938852323649e-05,1.4252082070479742e-05,1.4146273572323737e-05,1.4252082070479742e-05,1.4220825912142384e-05,WETH,pool_swap_ratio,5,1069,40286358.49325826,,19803663,353126.61590405996,,5,2,0.0,0.0,0.0,0.0,,0,0,,,,51900.0,301226.61590406,-249326.61590406002,5,0.005458891327314412,-0.0061697872437212024,0.0,0.0,-0.006150793189571735,0.0,0.00871149987851673,0.0021979144200527934,2,2,price=observed;tvl=observed;lp_amount=none,False
2024-05-05T12:00:00+00:00,1.4172417599505324e-05,1.4260330668192242e-05,1.4170598120145639e-05,1.4246846078911808e-05,1.4197389335401971e-05,WETH,pool_swap_ratio,4,85,40350414.1126971,,19804043,156783.64568334,,4,4,0.0,0.0,0.0,0.0,,0,0,,,,110419.63256109,46364.01312225,64055.619438839996,4,-0.0003674518283214495,0.0015887449569809964,0.0,0.0,0.0015900076808768758,0.0,0.003891730390811496,0.00348350970318978,2,2,price=observed;tvl=observed;lp_amount=none,False
2024-05-05T13:00:00+00:00,1.4168444180372788e-05,1.4219884759807777e-05,1.4128579637922713e-05,1.4145344110371834e-05,1.4172342602325505e-05,WETH,pool_swap_ratio,8,1501,40433657.00675792,,19804225,420407.688813,,8,5,0.0,0.0,0.0,0.0,,0,0,,,,251825.29143691,168582.39737609,83242.89406081999,8,-0.00715002261433036,0.0020608746840746284,0.0,0.0,0.00206299974588429,0.0,0.010418918815524867,-0.0019050126511365173,2,2,price=observed;tvl=observed;lp_amount=none,False
2024-05-05T14:00:00+00:00,1.4230787906852947e-05,1.4453545201228526e-05,1.4143711437657245e-05,1.4382894873615266e-05,1.4329435205722037e-05,WETH,pool_swap_ratio,15,25,39414422.174678616,,19804647,1104427.4230295501,,15,7,0.0,0.0,0.0,0.0,,0,0,,,,42596.29547512,1061831.1275544302,-1019234.8320793102,15,0.016654112714835325,-0.025530737995055088,0.0,0.0,-0.025207584659210008,0.0,0.027314556851609054,0.0037307588977324446,2,2,price=observed;tvl=observed;lp_amount=none,False
2024-05-05T15:00:00+00:00,1.4373381102976714e-05,1.526746664199876e-05,1.4156126664321247e-05,1.4977612205833419e-05,1.4879793362701572e-05,WETH,pool_swap_ratio,35,145,37494730.37110749,,19804932,3680472.6625532,,35,13,0.0,0.0,0.0,0.0,,0,0,,,,880390.4294910402,2800082.2330621607,-1919691.8035711204,35,0.04051692205132424,-0.04993139470346193,0.0,0.0,-0.04870531388392156,0.0,0.09337883088180045,0.006573938276390745,2,2,price=observed;tvl=observed;lp_amount=none,False
2024-05-05T16:00:00+00:00,1.4947759638143039e-05,1.5006469000586915e-05,1.4855494998611222e-05,1.5006469000586915e-05,1.49415761827616e-05,WETH,pool_swap_ratio,7,181,37648959.83908735,,19805224,399244.92012764997,,7,4,0.0,3646.38285714,-3646.38285714,3646.38285714,0.0,0,1,,,1.0,278906.69491655,124677.22693669,154229.46797986003,8,0.00192480826503222,0.004104927083504802,-9.725054217084895e-05,9.725054217084895e-05,0.0041133638368207985,9.725054217084895e-05,0.010648027500827108,0.004343103902263223,2,2,price=observed;tvl=observed;lp_amount=quantified,False
2024-05-05T17:00:00+00:00,1.4797568139488569e-05,1.4971616528293563e-05,1.4785370167286185e-05,1.4825940292452568e-05,1.4871139735590187e-05,WETH,pool_swap_ratio,14,409,37947872.17468998,,19805504,326676.18054749,,14,5,0.0,0.0,0.0,0.0,,0,0,,,,312794.25807506,13881.92247243,298912.33560263,14,-0.012103005831729892,0.007908106343181053,0.0,0.0,0.007939458005750735,0.0,0.00867689789953594,-0.0030394067933775526,2,2,price=observed;tvl=observed;lp_amount=none,False
2024-05-05T18:00:00+00:00,1.482209820598692e-05,1.4915883807239769e-05,1.463578537565272e-05,1.4830827326729194e-05,1.4782002165716774e-05,WETH,pool_swap_ratio,14,421,38185065.63090022,,19805802,761833.4434960401,,14,8,0.0,0.0,0.0,0.0,,0,0,,,,499513.44985314005,262319.9936429,237193.45621024002,14,0.0003295729584299924,0.006231054008595795,0.0,0.0,0.006250507409699785,0.0,0.020075788175658468,0.0033030140616308046,2,2,price=observed;tvl=observed;lp_amount=none,False
2024-05-05T19:00:00+00:00,1.4751776783687837e-05,1.4849968626742006e-05,1.4528075599440733e-05,1.4752679826946797e-05,1.480257992926936e-05,WETH,pool_swap_ratio,9,1,38187104.19595499,,19806136,135010.42379735,,9,5,0.0,0.0,0.0,0.0,,0,0,,,,68524.49442606,66485.92937129,2038.565054770006,9,-0.005283192499675475,5.3385023886999324e-05,0.0,0.0,5.3386448892740755e-05,0.0,0.0035356865718752756,-0.00337104089699225,2,2,price=observed;tvl=observed;lp_amount=none,False
2024-05-05T20:00:00+00:00,1.4750161872416044e-05,1.4750161872416044e-05,1.463767629768253e-05,1.4702690550130027e-05,1.4726478646508719e-05,WETH,pool_swap_ratio,6,997,38342512.13170012,,19806352,163261.8273259,,6,5,0.0,0.0,0.0,0.0,,0,1,,,1.0,161884.33616291,6476.40041778,155407.93574513,7,-0.003394241808551562,0.004061385822162783,0.0,0.0,0.004069644426235172,0.0,0.004275313113247107,-0.0016153282091188048,2,2,price=observed;tvl=observed;lp_amount=quantified,False
2024-05-05T21:00:00+00:00,1.4699055169808466e-05,1.4882793071045427e-05,1.4587627739842049e-05,1.4724926580194636e-05,1.4797818785900365e-05,WETH,pool_swap_ratio,14,553,38276182.89508422,,19806684,685068.44057112,,14,5,0.0,0.0,0.0,0.0,,0,0,,,,309369.60197761,375698.83859351,-66329.23661590001,14,0.0015112358026192147,-0.0017314117178005007,0.0,0.0,-0.0017299136892249044,0.0,0.017867072408245564,-0.004925875006334235,2,2,price=observed;tvl=observed;lp_amount=none,False
2024-05-05T22:00:00+00:00,1.4723046997835165e-05,1.4788548385457583e-05,1.461883656624619e-05,1.4696491187491521e-05,1.470822627861112e-05,WETH,pool_swap_ratio,8,541,38375444.02331798,,19806985,99372.01580616,,8,6,0.0,0.0,0.0,0.0,,0,0,,,,99316.57201995999,55.4437862,99261.12823375998,8,-0.0019329728962375493,0.0025899302522105773,0.0,0.0,0.0025932870188711534,0.0,0.002596184057290683,-0.0007978590278192588,2,2,price=observed;tvl=observed;lp_amount=none,False
2024-05-05T23:00:00+00:00,1.4689781670588255e-05,1.4755995421843902e-05,1.466361371307447e-05,1.4690539563382597e-05,1.4710847096905745e-05,WETH,pool_swap_ratio,6,349,38383306.212354064,,19807301,319420.13123179995,,6,3,0.0,0.0,0.0,0.0,,0,0,,,,163641.16013394,155778.97109786,7862.189036080003,6,-0.00040505107445192257,0.00020485453552696888,0.0,0.0,0.00020487551965008455,0.0,0.008323555319326376,-0.001380446237349564,2,2,price=observed;tvl=observed;lp_amount=none,False
2024-05-06T00:00:00+00:00,1.468940916958141e-05,1.468940916958141e-05,1.4687504047927152e-05,1.4687504047927152e-05,1.4688268055637842e-05,WETH,pool_swap_ratio,2,265,38395774.160174504,,19807606,12467.94782044,,2,2,0.0,0.0,0.0,0.0,,0,0,,,,12467.94782044,0.0,12467.94782044,2,-0.0002066519817594817,0.0003247746096864055,0.0,0.0,0.00032482735466980337,0.0,0.00032482735466980337,-5.201482624062059e-05,2,2,price=observed;tvl=observed;lp_amount=none,False
2024-05-06T01:00:00+00:00,1.4684863444804825e-05,1.4784045893933757e-05,1.454075543249859e-05,1.454075543249859e-05,1.4741233522455676e-05,WETH,pool_swap_ratio,5,85,38366452.80713912,,19807917,77658.56845876001,,5,3,0.0,0.0,0.0,0.0,,0,0,,,,24168.607711689998,53489.96074707,-29321.35303538,5,-0.010041641284577414,-0.0007639526788070105,0.0,0.0,-0.0007636609412551754,0.0,0.0020225811344444854,-0.013599817793517155,2,2,price=observed;tvl=observed;lp_amount=none,False
2024-05-06T02:00:00+00:00,1.4662483351192653e-05,1.494514764880856e-05,1.4611541129207584e-05,1.4611541129207584e-05,1.46772698221497e-05,WETH,pool_swap_ratio,18,1009,38569535.55187673,,19808137,242427.04546263,,18,5,0.0,0.0,0.0,0.0,,0,0,,,,222754.89510012,19672.15036251,203082.74473761,18,0.004856278521542913,0.005279277506969634,0.0,0.0,0.005293237447789829,0.0,0.006318724503442233,-0.00447826426430642,2,2,price=observed;tvl=observed;lp_amount=none,False
2024-05-06T03:00:00+00:00,1.4623996063358298e-05,1.470317441664605e-05,1.4611432942598035e-05,1.46459455381294e-05,1.462572773926409e-05,WETH,pool_swap_ratio,4,613,38658858.27033466,,19808469,104669.38680351,,4,3,0.0,0.0,0.0,0.0,,0,0,,,,96996.05263072,7673.33417279,89322.71845793001,4,0.002351837337975165,0.0023132103069142536,0.0,0.0,0.0023158878420454225,0.0,0.0027137839568414754,0.0013823448122196602,2,2,price=observed;tvl=observed;lp_amount=none,False
2024-05-06T04:00:00+00:00,1.4571597304386126e-05,1.4733228694665967e-05,1.4537750035942039e-05,1.4733228694665967e-05,1.4706028461387479e-05,WETH,pool_swap_ratio,6,517,38507201.53415888,,19808777,181250.56728689998,,6,6,0.0,0.0,0.0,0.0,,0,0,,,,14796.91555556,166453.65173133998,-151656.73617577998,6,0.0059418561354977655,-0.0039306641240860925,0.0,0.0,-0.003922949175458593,0.0,0.004688461465143288,0.0018495974864938258,2,2,price=observed;tvl=observed;lp_amount=none,False
2024-05-06T05:00:00+00:00,1.4753091144803252e-05,1.5071396877003968e-05,1.4668826791157255e-05,1.4712897015554093e-05,1.4761483216199896e-05,WETH,pool_swap_ratio,20,13,38387320.55689262,,19809117,595161.3157961001,,20,8,0.0,0.0,0.0,0.0,,0,0,,,,237640.16926492,357521.14653117995,-119880.97726625996,20,-0.0013809410815533636,-0.003118065400060024,0.0,0.0,-0.003113209282682259,0.0,0.015455844415703534,-0.0032914172603253355,2,2,price=observed;tvl=observed;lp_amount=none,False
2024-05-06T06:00:00+00:00,1.4687415755085573e-05,1.4814249292771236e-05,1.4652191208592943e-05,1.4732390794929954e-05,1.4742975224098147e-05,WETH,pool_swap_ratio,13,385,38247625.00626444,,19809385,488960.56133983005,,13,8,0.0,95568.73696257,-95568.73696257,95568.73696257,0.0,1,1,,,1.0,222560.65829592998,362256.20892411,-139695.55062818,14,0.0013240680375954496,-0.003645744231467671,-0.00248959123940236,0.00248959123940236,-0.003639106574816591,0.00248959123940236,0.012737553813248238,-0.0007179303368083367,2,2,price=observed;tvl=observed;lp_amount=quantified,False
2024-05-06T07:00:00+00:00,1.4828197352574581e-05,1.5312261460776883e-05,1.4828197352574581e-05,1.5037276306439582e-05,1.4942717774219166e-05,WETH,pool_swap_ratio,15,301,37490723.2065644,,19809684,777653.44852948,,15,6,0.0,0.0,0.0,0.0,,0,0,,,,10375.82441472,767277.6241147601,-756901.7997000401,15,0.0204836803010405,-0.019987945790989704,0.0,0.0,-0.01978951110235132,0.0,0.020332071557439473,0.006328067868855758,2,2,price=observed;tvl=observed;lp_amount=none,False
2024-05-06T08:00:00+00:00,1.5064706221915202e-05,1.5206133880108188e-05,1.5064706221915202e-05,1.5206133880108188e-05,1.513907519922763e-05,WETH,pool_swap_ratio,7,1009,36967972.955277495,,19809924,522750.2512869,,7,4,0.0,0.0,0.0,0.0,,0,0,,,,0.0,522750.2512869,-522750.2512869,7,0.011166685718497495,-0.014041579217774889,0.0,0.0,-0.013943456049291938,0.0,0.013943456049291938,0.004429509728836045,2,2,price=observed;tvl=observed;lp_amount=none,False
2024-05-06T09:00:00+00:00,1.522413947886499e-05,1.538003635413019e-05,1.5218154615757593e-05,1.538003635413019e-05,1.529603849212898e-05,WETH,pool_swap_ratio,15,85,36472701.97456855,,19810298,921633.93312152,,15,9,0.0,0.0,0.0,0.0,,0,0,,,,213181.47620629,708452.4569152299,-495270.9807089399,15,0.011371436608375814,-0.013487852325881263,0.0,0.0,-0.013397298826963023,0.0,0.024930605046602883,0.00549147820492446,2,2,price=observed;tvl=observed;lp_amount=none,False
2024-05-06T10:00:00+00:00,1.5398695662320383e-05,1.5398695662320383e-05,1.5182242475320058e-05,1.5182242475320058e-05,1.528066426329717e-05,WETH,pool_swap_ratio,8,337,36808146.777417526,,19810576,548682.1993725899,,8,4,0.0,0.0,0.0,0.0,,0,0,,,,442063.50111077994,106618.69826181,335444.80284896994,8,-0.012943841098252345,0.009155110824456938,0.0,0.0,0.009197147035688956,0.0,0.015043640028511501,-0.006440936485563098,2,2,price=observed;tvl=observed;lp_amount=none,False
2024-05-06T11:00:00+00:00,1.5218649383433137e-05,1.5314191260413868e-05,1.5156023026033585e-05,1.5314191260413868e-05,1.528373669700041e-05,WETH,pool_swap_ratio,10,1585,36641681.68431245,,19810770,316897.96095126,,10,4,0.0,0.0,0.0,0.0,,0,0,,,,75216.43392309001,241681.52702816998,-166465.09310507996,10,0.008653445161479693,-0.004532764244834914,0.0,0.0,-0.004522506773071481,0.0,0.008609451675673134,0.0019926124099898246,2,2,price=observed;tvl=observed;lp_amount=none,False
2024-05-06T12:00:00+00:00,1.5329041992545355e-05,1.5329041992545355e-05,1.5011402389858232e-05,1.5011402389858232e-05,1.5123906399027327e-05,WETH,pool_swap_ratio,15,313,37523924.47861491,,19811173,968780.05111023,,15,9,74188.37901468,0.0,74188.37901468,74188.37901468,0.0,1,1,,,1.0,966894.1516642501,84651.35736179,882242.79430246,17,-0.019969860214185,0.023792279395868633,0.002024699075054805,0.002024699075054805,0.024077573783415573,0.0,0.02643929008108265,-0.007438819455820589,2,2,price=observed;tvl=observed;lp_amount=quantified,False
2024-05-06T13:00:00+00:00,1.5076707868638986e-05,1.5223622918116404e-05,1.4976497417889659e-05,1.5223622918116404e-05,1.515491367988118e-05,WETH,pool_swap_ratio,10,349,36997143.467160344,,19811469,531064.5914545701,,10,6,0.0,0.0,0.0,0.0,,0,0,,,,2141.79,528922.80145457,-526781.01145457,10,0.01403828912591402,-0.014138009572537857,0.0,0.0,-0.014038537247211052,0.0,0.014152693217289323,0.004533792780782253,2,2,price=observed;tvl=observed;lp_amount=none,False
2024-05-06T14:00:00+00:00,1.5254619680711963e-05,1.5290719958266392e-05,1.496152098159049e-05,1.5075817621005231e-05,1.5163674208259524e-05,WETH,pool_swap_ratio,15,25,37710502.0516572,,19811793,1597886.5399814502,,15,6,433295.81871425,0.0,433295.81871425,433295.81871425,0.0,1,0,,,,1372270.47159628,658911.8870994201,713358.58449686,16,-0.009756382752156281,0.01909791859668469,0.011711601980808464,0.011711601980808464,0.019281450340350094,0.0,0.04318945708334961,-0.005793885178991598,2,2,price=observed;tvl=observed;lp_amount=quantified,False
2024-05-06T15:00:00+00:00,1.5041422556207363e-05,1.509682820262436e-05,1.4766026533985647e-05,1.509682820262436e-05,1.5018818200681962e-05,WETH,pool_swap_ratio,16,301,37870307.94497777,,19812066,793089.3798420699,,16,7,0.0,0.0,0.0,0.0,,0,0,,,,476447.63658132,316641.74326075,159805.89332057,16,0.0013926909252793196,0.004228748844296512,0.0,0.0,0.004237702619330343,0.0,0.021030994993269186,0.005194150491738103,2,2,price=observed;tvl=observed;lp_amount=none,False
2024-05-06T16:00:00+00:00,1.5014545776289389e-05,1.5014545776289389e-05,1.4941933035630143e-05,1.4941933035630143e-05,1.497897238306404e-05,WETH,pool_swap_ratio,13,37,38127337.57386496,,19812385,257029.62888719002,,13,7,0.0,0.0,0.0,0.0,,0,0,,,,257029.62888719002,0.0,257029.62888719002,13,-0.01031311102705268,0.006764172946242586,0.0,0.0,0.0067871016327786795,0.0,0.0067871016327786795,-0.0024727562403262793,2,2,price=observed;tvl=observed;lp_amount=none,False
2024-05-06T17:00:00+00:00,1.4839517441190757e-05,1.50446713991259e-05,1.4839517441190757e-05,1.4936501422561562e-05,1.5005816228007185e-05,WETH,pool_swap_ratio,5,301,38100949.735864505,,19812662,156387.83800045,,5,5,0.0,0.0,0.0,0.0,,0,0,,,,65000.0,91387.83800044999,-26387.838000449992,5,-0.00036358083861554887,-0.000692337188353169,0.0,0.0,-0.0006920975782620077,0.0,0.004101724587967263,-0.004619195943253773,2,2,price=observed;tvl=observed;lp_amount=none,False
2024-05-06T18:00:00+00:00,1.4806983553089795e-05,1.514632198239752e-05,1.4806983553089795e-05,1.507469067470976e-05,1.5046648816762525e-05,WETH,pool_swap_ratio,12,457,37666856.03193337,,19812948,891022.50113006,,12,7,0.0,0.0,0.0,0.0,,0,0,,,,228464.39859945996,662558.1025305999,-434093.70393113996,12,0.009209246227470613,-0.011458651844428826,0.0,0.0,-0.01139325153153667,0.0,0.023385834403265245,0.001863661356673374,2,2,price=observed;tvl=observed;lp_amount=none,False
2024-05-06T19:00:00+00:00,1.5073284638841015e-05,1.5073284638841015e-05,1.4948600521173475e-05,1.4948600521173475e-05,1.5010506570186902e-05,WETH,pool_swap_ratio,11,469,38085248.76456627,,19813246,439504.25408248,,11,6,0.0,0.0,0.0,0.0,,0,1,,,1.0,439504.25408248,21111.52144958,418392.7326329,12,-0.008399538481066835,0.011046478200657251,0.0,0.0,0.01110771581992915,0.0,0.011668195872516548,-0.004124181200945043,2,2,price=observed;tvl=observed;lp_amount=quantified,False
2024-05-06T20:00:00+00:00,1.4940514096722452e-05,1.497605258142823e-05,1.492612797784086e-05,1.492612797784086e-05,1.4936400544350025e-05,WETH,pool_swap_ratio,4,457,38335866.09143442,,19813545,75505.80541857,,4,2,175111.52144958,0.0,175111.52144958,175111.52144958,0.0,1,0,,,,250617.32686815,0.0,250617.32686815,5,-0.001504452003438778,0.00655887383423654,0.004597883094635321,0.004597883094635321,0.006580430350275648,0.0,0.0019825472556403265,-0.0006877538185094956,2,2,price=observed;tvl=observed;lp_amount=quantified,False
2024-05-06T21:00:00+00:00,1.5015867301710184e-05,1.5015867301710184e-05,1.4924764803668722e-05,1.4924764803668722e-05,1.494802134164871e-05,WETH,pool_swap_ratio,3,373,38344835.31283388,,19813851,17785.33252066,,3,2,0.0,0.0,0.0,0.0,,0,0,,,,13377.27696006,4408.0555606,8969.22139946,3,-9.133222132171855e-05,0.00023393686484646852,0.0,0.0,0.00023396423020853675,0.0,0.0004639345431309785,-0.0015558271859827943,2,2,price=observed;tvl=observed;lp_amount=none,False
2024-05-06T22:00:00+00:00,1.492091790794786e-05,1.791903800420246e-05,1.4798284781158761e-05,1.4855431093070142e-05,1.5385672074203736e-05,WETH,pool_swap_ratio,13,337,38566987.48202964,,19814152,343226.01665046,,13,7,0.0,0.0,0.0,0.0,,0,0,,,,282689.09292310994,60536.92372735,222152.16919575995,13,-0.004656372047534768,0.005776817631435255,0.0,0.0,0.005793535619160852,0.0,0.008951036400346293,-0.03446329666824355,2,2,price=observed;tvl=observed;lp_amount=none,False
2024-05-06T23:00:00+00:00,1.485358267121316e-05,1.4927969192009381e-05,1.481185738176521e-05,1.4823293205538294e-05,1.4852806677835105e-05,WETH,pool_swap_ratio,13,793,38746780.4396013,,19814412,390110.96096878,,13,5,0.0,0.0,0.0,0.0,,0,0,,,,284951.95927021996,105159.00169856,179792.95757165996,13,-0.0021657197775732592,0.004651002958696712,0.0,0.0,0.004661835660756102,0.0,0.010115152529104145,-0.0019870636531513775,2,2,price=observed;tvl=observed;lp_amount=none,False
2024-05-07T00:00:00+00:00,1.490767573059914e-05,1.4917390461972386e-05,1.481821531828355e-05,1.4826754864150766e-05,1.4873472339126687e-05,WETH,pool_swap_ratio,6,985,38697125.067639925,,19814694,239812.54865222,,6,4,0.0,0.0,0.0,0.0,,0,0,,,,95078.58834542,144733.96030679997,-49655.37196137998,6,0.00023350104661311915,-0.0012823572995384184,0.0,0.0,-0.0012815354307639326,0.0,0.006189225167392711,-0.0031409931662712554,2,2,price=observed;tvl=observed;lp_amount=none,False
2024-05-07T01:00:00+00:00,1.4959041700911764e-05,1.4959041700911764e-05,1.4914697084055382e-05,1.4914697084055382e-05,1.495308233960758e-05,WETH,pool_swap_ratio,2,745,38695202.25568726,,19815012,2629.5761861,,2,1,0.0,0.0,0.0,0.0,,0,0,,,,353.38211672,2276.19406938,-1922.8119526600003,2,0.0059137984492469335,-4.968998916468598e-05,0.0,0.0,-4.968875463743254e-05,0.0,6.795275311805932e-05,-0.002567046357427216,2,2,price=observed;tvl=observed;lp_amount=none,False
2024-05-07T02:00:00+00:00,1.4922159195056054e-05,1.4944643773238126e-05,1.4840986227388747e-05,1.4944643773238126e-05,1.4930859060477564e-05,WETH,pool_swap_ratio,5,1777,38530602.71489346,,19815225,185806.18589272,,5,5,0.0,0.0,0.0,0.0,,0,0,,,,10603.32254946,175202.86334326002,-164599.54079380003,5,0.002005851325827348,-0.004262818370356721,0.0,0.0,-0.004253745456766747,0.0,0.004801788724735532,0.0009232364129034831,2,2,price=observed;tvl=observed;lp_amount=none,False
2024-05-07T03:00:00+00:00,1.4945268796007459e-05,1.4955524273160683e-05,1.476216925229447e-05,1.4955524273160683e-05,1.479609162373083e-05,WETH,pool_swap_ratio,11,85,38918189.48548256,,19815663,614869.2298073899,,11,7,3557437.45165619,3780402.64790426,-222965.19624806987,7337840.099560451,0.9696143288457013,1,1,,,1.0,4170483.50413531,3782896.73354621,387586.7705891002,13,0.0007277885787086827,0.010008936104407729,-0.005786704088121773,0.1904418717209454,0.010059193038246558,0.09811428790453358,0.01595794476294867,0.010775321854194608,2,2,price=observed;tvl=observed;lp_amount=quantified,False
2024-05-07T04:00:00+00:00,1.4756114330323228e-05,1.4960918243521171e-05,1.4675311726499403e-05,1.4875234580478737e-05,1.4837182762914046e-05,WETH,pool_swap_ratio,7,193,38826383.989131585,,19815949,160783.50792001,,7,5,0.0,0.0,0.0,0.0,,0,0,,,,34489.00578452,126294.50213549,-91805.49635097,7,-0.005383026758063077,-0.0023617221092131343,0.0,0.0,-0.002358935437765308,0.0,0.004131320342637886,0.0025646255204054835,2,2,price=observed;tvl=observed;lp_amount=none,False
2024-05-07T05:00:00+00:00,1.4777744949977926e-05,1.4878228106655428e-05,1.469726778878498e-05,1.4778775382918555e-05,1.4744512887185782e-05,WETH,pool_swap_ratio,6,1201,39161147.225342065,,19816162,397477.86395406,,6,3,0.0,0.0,0.0,0.0,,0,0,,,,366120.55008227,31357.313871789996,334763.23621048,6,-0.00650566570174305,0.008585097825457627,0.0,0.0,0.008622055463732807,0.0,0.010237313473882178,0.002323745517734288,2,2,price=observed;tvl=observed;lp_amount=none,False
2024-05-07T06:00:00+00:00,1.467751463755053e-05,1.467751463755053e-05,1.4661378454386416e-05,1.4661378454386416e-05,1.467697975199975e-05,WETH,pool_swap_ratio,2,1489,39276438.81326505,,19816433,115291.58792298,,2,2,0.0,0.0,0.0,0.0,,0,0,,,,115291.58792298,0.0,115291.58792298,2,-0.007975335417228353,0.00293970471998135,0.0,0.0,0.002944029889103254,0.0,0.002944029889103254,-0.0010629773888737315,2,2,price=observed;tvl=observed;lp_amount=none,False
2024-05-07T07:00:00+00:00,1.4760606659374823e-05,1.4797800768374087e-05,1.4760606659374823e-05,1.4797800768374087e-05,1.4779571199754996e-05,WETH,pool_swap_ratio,4,1117,39061631.312622115,,19816762,214807.50064292998,,4,2,0.0,0.0,0.0,0.0,,0,0,,,,0.0,214807.50064292998,-214807.50064292998,4,0.009261852692407847,-0.005484128947031011,0.0,0.0,-0.005469118564037987,0.0,0.005469118564037987,0.0012334301430472205,2,2,price=observed;tvl=observed;lp_amount=none,False
2024-05-07T08:00:00+00:00,1.4821450224956067e-05,1.4902169537077403e-05,1.4821450224956067e-05,1.4871771426929216e-05,1.4857018146079403e-05,WETH,pool_swap_ratio,6,37,38729105.79989991,,19817150,332525.51272220997,,6,4,0.0,0.0,0.0,0.0,,0,0,,,,0.0,332525.51272221,-332525.51272221,6,0.004986307947470892,-0.008549283640368903,0.0,0.0,-0.00851284243765723,0.0,0.008512842437657228,0.0009930176233718946,2,2,price=observed;tvl=observed;lp_amount=none,False
2024-05-07T09:00:00+00:00,1.4917941141231315e-05,1.5189686005687431e-05,1.4917941141231315e-05,1.5033450910785017e-05,1.5065188624408926e-05,WETH,pool_swap_ratio,12,409,38004605.73999177,,19817418,1457769.8827971201,,12,6,0.0,0.0,0.0,0.0,,0,0,,,,366634.91144449,1091134.97135263,-724500.05990814,12,0.01081289798198665,-0.01888404914629411,0.0,0.0,-0.018706862576466,0.0,0.037640163713795,-0.0021066920843252346,2,2,price=observed;tvl=observed;lp_amount=none,False
2024-05-07T10:00:00+00:00,1.5022792060997888e-05,1.5105176988852e-05,1.4963132599242213e-05,1.5044571932068595e-05,1.4992173940149219e-05,WETH,pool_swap_ratio,8,157,38237260.94112944,,19817737,268220.87471989,,8,4,0.0,0.0,0.0,0.0,,0,0,,,,250438.03792878,17782.83679111,232655.20113767,8,0.000739478246190185,0.00610310144343867,0.0,0.0,0.006121763312830525,0.0,0.007057588665829641,0.003495022945208426,2,2,price=observed;tvl=observed;lp_amount=none,False
2024-05-07T11:00:00+00:00,1.495313146283481e-05,1.495313146283481e-05,1.4898696546599474e-05,1.4898696546599474e-05,1.4926716047248519e-05,WETH,pool_swap_ratio,4,889,38439974.82215042,,19817974,202713.88102098,,4,3,0.0,0.0,0.0,0.0,,0,0,,,,202713.88102098,0.0,202713.88102098,4,-0.00974352814183654,0.005287471601747802,0.0,0.0,0.005301474949606899,0.0,0.005301474949606899,-0.0018771376477151325,2,2,price=observed;tvl=observed;lp_amount=none,False
2024-05-07T12:00:00+00:00,1.4890316485617569e-05,1.497916416934755e-05,1.487328374453276e-05,1.4973395535656952e-05,1.4920881958014964e-05,WETH,pool_swap_ratio,8,853,38480128.60729774,,19818276,360187.91622924,,8,4,0.0,0.0,0.0,0.0,,0,0,,,,200170.85068827998,160017.06554096,40153.785147319984,8,0.005001266369523342,0.0010440388664197766,0.0,0.0,0.0010445840647164528,0.0,0.009370139233850057,0.0035194687411743697,2,2,price=observed;tvl=observed;lp_amount=none,False
2024-05-07T13:00:00+00:00,1.4885178946065013e-05,1.4989737909002727e-05,1.487031956003489e-05,1.4989737909002727e-05,1.4877284111393523e-05,WETH,pool_swap_ratio,6,277,38565191.65158895,,19818623,92075.83707496,,6,3,0.0,0.0,0.0,0.0,,0,0,,,,88569.44068308,3506.39639188,85063.0442912,6,0.0010908321719063443,0.0022081309693621665,0.0,0.0,0.002210570685958358,0.0,0.002392815211576446,0.00755875849161769,2,2,price=observed;tvl=observed;lp_amount=none,False
2024-05-07T14:00:00+00:00,1.485442449576237e-05,1.4988780440269159e-05,1.4825633799089755e-05,1.4988780440269159e-05,1.49257171022762e-05,WETH,pool_swap_ratio,9,145,38381656.075450525,,19818933,441110.84601750004,,9,7,0.0,0.0,0.0,0.0,,0,0,,,,128787.63493954,312323.21107796003,-183535.57613842003,9,-6.387698836469527e-05,-0.004770459859608127,0.0,0.0,-0.004759099288201205,0.0,0.011438056628958191,0.004225146273430402,2,2,price=observed;tvl=observed;lp_amount=none,False
2024-05-07T15:00:00+00:00,1.4911652360164821e-05,1.4911652360164821e-05,1.4886618777292098e-05,1.4886618777292098e-05,1.4909915505729663e-05,WETH,pool_swap_ratio,2,529,38404880.279298075,,19819196,23224.203847549998,,2,2,0.0,0.0,0.0,0.0,,0,0,,,,23224.203847549998,0.0,23224.203847549998,2,-0.006839209775818562,0.0006049030379079585,0.0,0.0,0.0006050860286459745,0.0,0.0006050860286459745,-0.0015624990248007675,2,2,price=observed;tvl=observed;lp_amount=none,False
2024-05-07T16:00:00+00:00,1.4944600868325356e-05,1.4944600868325356e-05,1.4584580621238029e-05,1.4584580621238029e-05,1.4875158305523916e-05,WETH,pool_swap_ratio,11,13,38598219.8313691,,19819536,196147.23397757,,11,4,0.0,0.0,0.0,0.0,,0,0,,,,194743.39302430002,1403.84095327,193339.55207103002,11,-0.02049789201641726,0.005021614923912617,0.0,0.0,0.005034244363345889,0.0,0.0051073517883950285,-0.019534426344758993,2,2,price=observed;tvl=observed;lp_amount=none,False
2024-05-07T17:00:00+00:00,1.466823634868347e-05,1.4848126630548254e-05,1.466823634868347e-05,1.4848126630548254e-05,1.4839806287669898e-05,WETH,pool_swap_ratio,3,2857,38645680.56057632,,19819599,52539.27079278,,3,2,0.0,0.0,0.0,0.0,,0,0,,,,50000.0,2539.2707927799997,47460.72920722,3,0.017908855674097394,0.001228853927335679,0.0,0.0,0.0012296092776964875,0.0,0.0013611837805556227,0.000560677324020542,2,2,price=observed;tvl=observed;lp_amount=none,False
2024-05-07T18:00:00+00:00,1.4840452594833483e-05,1.4840452594833483e-05,1.4773115580481606e-05,1.4784454407492673e-05,1.4811798860195964e-05,WETH,pool_swap_ratio,7,1249,38847062.497307785,,19820032,205271.99821946,,7,4,0.0,0.0,0.0,0.0,,0,0,,,,203326.96747546,1945.0307440000001,201381.93673146,7,-0.004297453601218962,0.005197451583738553,0.0,0.0,0.00521098176588708,0.0,0.005311641436814661,-0.0018461263862267208,2,2,price=observed;tvl=observed;lp_amount=none,False
2024-05-07T19:00:00+00:00,1.4773146933493502e-05,1.4807752217863353e-05,1.4696384430719239e-05,1.4708555484943286e-05,1.4746408146532677e-05,WETH,pool_swap_ratio,11,721,39116263.594600864,,19820373,319181.13265827997,,11,4,0.0,0.0,0.0,0.0,,0,0,,,,294191.11497567996,24990.017682600002,269201.09729307995,11,-0.005146920601051114,0.006905866659593499,0.0,0.0,0.006929767142927123,0.0,0.008216351820176883,-0.00256690722332209,2,2,price=observed;tvl=observed;lp_amount=none,False
2024-05-07T20:00:00+00:00,1.4433552992014051e-05,1.4766648325845677e-05,1.4433552992014051e-05,1.4667477125393445e-05,1.466360340945866e-05,WETH,pool_swap_ratio,7,541,39270490.63954077,,19820688,177587.35619401,,7,5,0.0,0.0,0.0,0.0,,0,0,,,,165907.20056695997,11680.15562705,154227.04493990997,6,-0.0027967279904610276,0.003935033296307475,0.0,0.0,0.003942785705156093,0.0,0.004539987715455574,0.0002641721701424071,2,2,price=observed;tvl=observed;lp_amount=none,False
2024-05-07T21:00:00+00:00,1.4659516557975996e-05,1.4773861927477648e-05,1.4591521211093456e-05,1.4591521211093456e-05,1.467462264106504e-05,WETH,pool_swap_ratio,11,133,39536928.87028581,,19821016,556995.6239434199,,11,6,0.0,0.0,0.0,0.0,,0,0,,,,411716.92734423,145278.69659919,266438.23074504,11,-0.005191981219106055,0.006761780745224808,0.0,0.0,0.006784693198530299,0.0,0.014183566715680164,-0.005662934714180334,2,2,price=observed;tvl=observed;lp_amount=none,False
2024-05-07T22:00:00+00:00,1.4589808717426912e-05,1.467753883193434e-05,1.4587901360004396e-05,1.4587901360004396e-05,1.460147648039743e-05,WETH,pool_swap_ratio,4,817,39554243.85541586,,19821258,23047.89604787,,4,3,0.0,0.0,0.0,0.0,,0,0,,,,20181.440588960002,2866.45545891,17314.98513005,4,-0.00024810985198972984,0.00043784874619889826,0.0,0.0,0.00043794461595278764,0.0,0.0005829460382086422,-0.0009297087463215892,2,2,price=observed;tvl=observed;lp_amount=none,False
2024-05-07T23:00:00+00:00,1.4583717674015035e-05,1.4616141052849267e-05,1.4494858658597713e-05,1.4616141052849267e-05,1.456252583383687e-05,WETH,pool_swap_ratio,11,157,39707201.21913122,,19821610,543179.96093116,,11,5,0.0,0.0,0.0,0.0,,0,0,,,,348068.66232326004,195111.29860789998,152957.36371536006,11,0.0019339584053111555,0.0038595701465223616,0.0,0.0,0.0038670278788407878,0.0,0.01373253304794971,0.0036817252463043904,2,2,price=observed;tvl=observed;lp_amount=none,False
2024-05-08T00:00:00+00:00,1.4632534817029001e-05,1.4632534817029001e-05,1.4483826744985373e-05,1.4483826744985373e-05,1.4516014139087633e-05,WETH,pool_swap_ratio,8,169,39935866.66096863,,19821909,249608.26207909003,,8,6,0.0,0.0,0.0,0.0,,0,0,,,,239136.85195825002,10471.410120839999,228665.44183741,8,-0.009093839596319918,0.005742271769586737,0.0,0.0,0.005758790214789486,0.0,0.006286221501777037,-0.002217371366123655,2,2,price=observed;tvl=observed;lp_amount=none,False
2024-05-08T01:00:00+00:00,1.4517573029159845e-05,1.4605624221911441e-05,1.4430784747038152e-05,1.4430784747038152e-05,1.4454462553606018e-05,WETH,pool_swap_ratio,8,757,40137094.81529223,,19822158,201676.73869682,,8,4,0.0,0.0,0.0,0.0,,0,0,,,,201452.44651021,224.29218661,201228.1543236,8,-0.0036688756796991228,0.0050261305247635245,0.0,0.0,0.005038782707081467,0.0,0.005050015326045973,-0.0016380966417848253,2,2,price=observed;tvl=observed;lp_amount=none,False
2024-05-08T02:00:00+00:00,1.4412765546303259e-05,1.4511782466533553e-05,1.4412765546303259e-05,1.4511782466533553e-05,1.44763365601171e-05,WETH,pool_swap_ratio,5,973,40110797.05356826,,19822440,114007.76172397,,5,4,0.0,0.0,0.0,0.0,,0,0,,,,43855.0,70152.76172397,-26297.761723970005,5,0.005597149026633527,-0.0006554131716838857,0.0,0.0,-0.0006551984353872707,0.0,0.0028404587389452276,0.0024485411947459124,2,2,price=observed;tvl=observed;lp_amount=none,False
2024-05-08T03:00:00+00:00,1.4433786019820158e-05,1.452785226946409e-05,1.4378917118298372e-05,1.44410129832088e-05,1.4506774133582648e-05,WETH,pool_swap_ratio,6,493,40085733.20509428,,19822779,36431.862473270005,,6,5,0.0,0.0,0.0,0.0,,0,1,,,1.0,6765.041962379999,31828.89043636,-25063.848473980004,7,-0.004888621161891285,-0.0006250606905106991,0.0,0.0,-0.0006248653807728391,0.0,0.0009082806912217423,-0.004533133953027679,2,2,price=observed;tvl=observed;lp_amount=quantified,False
2024-05-08T04:00:00+00:00,1.4440504307120715e-05,1.446681405251073e-05,1.4370908789901205e-05,1.4434152809569041e-05,1.4434514356278692e-05,WETH,pool_swap_ratio,4,1009,40132923.10209587,,19823053,47325.90692712,,4,3,1108.21702967,0.0,1108.21702967,1108.21702967,0.0,1,0,,,,47812.01047919,622.1134776,47189.89700159,5,-0.00047516082283741113,0.0011765318597295458,2.7646170870816522e-05,2.7646170870816522e-05,0.0011772242448491099,0.0,0.0011806172207199544,-2.504737608255425e-05,2,2,price=observed;tvl=observed;lp_amount=quantified,False
2024-05-08T05:00:00+00:00,1.4372912977275205e-05,1.4515687927716515e-05,1.4372912977275205e-05,1.4515687927716515e-05,1.4493477818716744e-05,WETH,pool_swap_ratio,2,925,40128708.09584898,,19823338,6118.64109707,,2,2,0.0,0.0,0.0,0.0,,0,0,,,,951.81742509,5166.82367198,-4215.00624689,2,0.005632869242659603,-0.00010503166177559696,0.0,0.0,-0.0001050261461435855,0.0,0.00015245939304008645,0.0015324209466887062,2,2,price=observed;tvl=observed;lp_amount=none,False
2024-05-08T06:00:00+00:00,1.451702043510543e-05,1.451702043510543e-05,1.4371741480922467e-05,1.4371741480922467e-05,1.4402184245451251e-05,WETH,pool_swap_ratio,7,1861,40350208.576201305,,19823560,230753.64042803,,7,5,0.0,0.0,0.0,0.0,,0,0,,,,226127.06039017998,4626.58003785,221500.48035232996,7,-0.009966109216056781,0.005504573093332491,0.0,0.0,0.005519751092491377,0.0,0.0057503381339081725,-0.0021137602470541195,2,2,price=observed;tvl=observed;lp_amount=none,False
2024-05-08T07:00:00+00:00,1.4368791039922864e-05,1.4482154669930639e-05,1.4368791039922864e-05,1.4455072216152564e-05,1.4419184458484508e-05,WETH,pool_swap_ratio,3,169,40350602.95561162,,19823996,4971.4745897,,3,2,0.0,0.0,0.0,0.0,,0,0,,,,2682.927,2288.5475897,394.3794103,3,0.005781489985040768,9.773864793370179e-06,0.0,0.0,9.773912557483194e-06,0.0,0.00012320815096435943,0.0024888895603898398,2,2,price=observed;tvl=observed;lp_amount=none,False
2024-05-08T08:00:00+00:00,1.4465836928921351e-05,1.4465836928921351e-05,1.4388061678252017e-05,1.4388061678252017e-05,1.4454542836238603e-05,WETH,pool_swap_ratio,3,2437,40285968.351633914,,19824107,91894.6039777,,3,3,0.0,0.0,0.0,0.0,,0,0,,,,13630.0,78264.6039777,-64634.6039777,3,-0.004646558776296345,-0.0016031092783890379,0.0,0.0,-0.0016018249850888826,0.0,0.0022774034895783404,-0.004599326228423739,2,2,price=observed;tvl=observed;lp_amount=none,False
2024-05-08T09:00:00+00:00,1.4483088666815287e-05,1.4495829842478445e-05,1.4409940651497318e-05,1.4409940651497318e-05,1.4482593468690877e-05,WETH,pool_swap_ratio,4,1453,40200831.08214597,,19824486,91212.81173391001,,4,2,0.0,0.0,0.0,0.0,,0,0,,,,3037.77112298,88175.04061093001,-85137.26948795,4,0.0015194788308105283,-0.002115559367254894,0.0,0.0,-0.0021133231487656923,0.0,0.0022641335300113397,-0.005016561249932439,2,2,price=observed;tvl=observed;lp_amount=none,False
2024-05-08T10:00:00+00:00,1.449867321109586e-05,1.452209694512572e-05,1.4433555094175156e-05,1.4519472055596023e-05,1.4499885134697904e-05,WETH,pool_swap_ratio,13,805,40115924.63977915,,19824837,115754.70849919,,13,4,0.0,0.0,0.0,0.0,,0,0,,,,15424.13306619,100330.575433,-84906.44236681,13,0.007572357488913993,-0.002114290430007303,0.0,0.0,-0.002112056892388942,0.0,0.0028794108326431864,0.0013508328318578844,2,2,price=observed;tvl=observed;lp_amount=none,False
2024-05-08T11:00:00+00:00,1.455517613244279e-05,1.455517613244279e-05,1.4385427326328025e-05,1.4385427326328025e-05,1.4409398876816919e-05,WETH,pool_swap_ratio,7,829,40303270.285104595,,19825133,192213.01122874,,7,6,0.0,0.0,0.0,0.0,,0,0,,,,189779.32827709,2433.68295165,187345.64532544,7,-0.00927494598229861,0.004659235507542965,0.0,0.0,0.004670106622437593,0.0,0.004791439134326736,-0.0016636051714454814,2,2,price=observed;tvl=observed;lp_amount=none,False
2024-05-08T12:00:00+00:00,1.4457289258117535e-05,1.4457289258117535e-05,1.4275080191627996e-05,1.4275080191627996e-05,1.4304285452623338e-05,WETH,pool_swap_ratio,6,781,40882007.50039867,,19825435,578737.21529408,,6,3,0.0,0.0,0.0,0.0,,0,0,,,,578737.21529408,0.0,578737.21529408,6,-0.0077003297924059634,0.014257437668305202,0.0,0.0,0.01435955968833555,0.0,0.01435955968833555,-0.0020417140787682975,2,2,price=observed;tvl=observed;lp_amount=none,False
2024-05-08T13:00:00+00:00,1.4323809427797091e-05,1.4469585072555475e-05,1.4272788984465483e-05,1.4392134275475264e-05,1.4395310591650648e-05,WETH,pool_swap_ratio,10,73,40273164.191332385,,19825790,621242.3850662899,,10,6,0.0,0.0,0.0,0.0,,0,0,,,,6199.538,615042.84706629,-608843.30906629,10,0.008166453320276603,-0.015004705659717182,0.0,0.0,-0.014892695987601703,0.0,0.015195985301363483,-0.00022064936738686036,2,2,price=observed;tvl=observed;lp_amount=none,False
2024-05-08T14:00:00+00:00,1.4479645633479865e-05,1.4576213903263524e-05,1.4340452133262033e-05,1.4576213903263524e-05,1.4534608585204497e-05,WETH,pool_swap_ratio,7,1105,39847966.18295304,,19826001,444805.88037934003,,7,5,0.0,0.0,0.0,0.0,,0,0,,,,9803.936,435001.94437934,-425198.00837934,7,0.012709188967973925,-0.010613979063050427,0.0,0.0,-0.01055784954862949,0.0,0.01104472144940306,0.0028625000676920642,2,2,price=observed;tvl=observed;lp_amount=none,False
2024-05-08T15:00:00+00:00,1.4507402121935893e-05,1.4614410698181809e-05,1.4425944026891764e-05,1.4614410698181809e-05,1.4570832365079442e-05,WETH,pool_swap_ratio,9,577,39740204.05130516,,19826343,301418.64747916,,9,5,0.0,0.0,0.0,0.0,,0,0,,,,96828.25791563999,204590.38956351997,-107762.13164787999,9,0.002617060596725449,-0.0027079953511802758,0.0,0.0,-0.002704332039259274,0.0,0.007564216605064951,0.002990792290411992,2,2,price=observed;tvl=observed;lp_amount=none,False
2024-05-08T16:00:00+00:00,1.4640720483466462e-05,1.4655104172509538e-05,1.4518936492819902e-05,1.4592255600219272e-05,1.4631369402992671e-05,WETH,pool_swap_ratio,6,109,39608788.43203985,,19826677,181970.93295279,,6,3,0.0,0.0,0.0,0.0,,0,0,,,,25277.656843740002,156693.27610905003,-131415.61926531003,6,-0.001517126397491771,-0.0033123480287847048,0.0,0.0,-0.0033068682560273375,0.0,0.0045790135530724245,-0.0026732837983981517,2,2,price=observed;tvl=observed;lp_amount=none,False
2024-05-08T17:00:00+00:00,1.4668997034918132e-05,1.4688686868432403e-05,1.4450720335268924e-05,1.4479617524035167e-05,1.4656820555700142e-05,WETH,pool_swap_ratio,8,757,39511623.79199029,,19826922,189618.50336904,,8,5,0.0,0.0,0.0,0.0,,0,0,,,,46226.931659739996,143391.5717093,-97164.64004956002,8,-0.007748977118216336,-0.0024561219074589516,0.0,0.0,-0.0024531081079713817,0.0,0.00478728360233448,-0.012090141309402891,2,2,price=observed;tvl=observed;lp_amount=none,False
2024-05-08T18:00:00+00:00,1.45469456157206e-05,1.4694484545833624e-05,1.45469456157206e-05,1.4674593989451066e-05,1.4690481259546229e-05,WETH,pool_swap_ratio,3,853,39462164.43477976,,19827213,49459.35721052,,3,2,0.0,0.0,0.0,0.0,,0,0,,,,0.0,49459.35721052,-49459.35721052,3,0.013375725991039061,-0.0012525513790687432,0.0,0.0,-0.0012517672640056442,0.0,0.0012517672640056442,-0.0010814669590786252,2,2,price=observed;tvl=observed;lp_amount=none,False
2024-05-08T19:00:00+00:00,1.460209058315263e-05,1.4682377733390752e-05,1.4165637227823892e-05,1.4500486233384182e-05,1.4543333721221374e-05,WETH,pool_swap_ratio,16,1,39874606.032214105,,19827581,757826.5433927301,,16,6,0.0,0.0,0.0,0.0,,0,0,,,,585134.07041353,172692.47297919999,412441.59743433003,16,-0.01193551631264298,0.010397330533253365,0.0,0.0,0.010451570595322614,0.0,0.019203876782917254,-0.0029461943635845644,2,2,price=observed;tvl=observed;lp_amount=none,False
2024-05-08T20:00:00+00:00,1.4499319261669859e-05,1.4499319261669859e-05,1.4217195734698443e-05,1.4372703370275674e-05,1.4458443080108998e-05,WETH,pool_swap_ratio,7,925,40100303.69550975,,19827801,235759.54106356998,,7,5,0.0,0.0,0.0,0.0,,0,0,,,,230728.60217960997,5030.938883960001,225697.66329564995,7,-0.008851373827639286,0.005644226751618672,0.0,0.0,0.005660185410065547,0.0,0.005912523395794891,-0.005930079010462719,2,2,price=observed;tvl=observed;lp_amount=none,False
2024-05-08T21:00:00+00:00,1.4526190825011875e-05,1.4526190825011875e-05,1.4417925714310069e-05,1.4417925714310069e-05,1.4429028848721189e-05,WETH,pool_swap_ratio,6,505,40175890.69321358,,19828131,80294.09979009,,6,4,0.0,0.0,0.0,0.0,,0,0,,,,77940.54874695999,2353.55104313,75586.99770382998,6,0.0031414653075066486,0.0018831739749880785,0.0,0.0,0.0018849482606859628,0.0,0.002002331463616346,-0.000769499772128035,2,2,price=observed;tvl=observed;lp_amount=none,False
2024-05-08T22:00:00+00:00,1.4376217676260652e-05,1.4497634335346308e-05,1.4363698866693374e-05,1.4397268799449824e-05,1.4423353671338456e-05,WETH,pool_swap_ratio,11,253,40253143.16492799,,19828449,227873.75557827,,11,6,0.0,0.0,0.0,0.0,,0,0,,,,152563.11364634,75310.64193193,77252.47171441,11,-0.0014337517929289983,0.0019210101567948854,0.0,0.0,0.0019228564788847185,0.0,0.0056719030156252865,-0.0018085164160167588,2,2,price=observed;tvl=observed;lp_amount=none,False
2024-05-08T23:00:00+00:00,1.4395020437620843e-05,1.4488562453033935e-05,1.4384718024113207e-05,1.4476092178266358e-05,1.4428279657833073e-05,WETH,pool_swap_ratio,9,313,40279335.56228284,,19828744,133471.68384605,,9,5,0.0,0.0,0.0,0.0,,0,0,,,,79832.04060045,53639.643245600004,26192.397354849993,9,0.00545995145454024,0.0006504803699666303,0.0,0.0,0.0006506919782023648,0.0,0.003315807744482971,0.003313806050836199,2,2,price=observed;tvl=observed;lp_amount=none,False
2024-05-09T00:00:00+00:00,1.4388750859073643e-05,1.4388750859073643e-05,1.4388750859073643e-05,1.4388750859073643e-05,1.4388750859073643e-05,WETH,pool_swap_ratio,1,1417,40284944.56228284,,19828951,5609.0,,1,1,0.0,0.0,0.0,0.0,,0,0,,,,5609.0,0.0,5609.0,1,-0.006051762390948783,0.00013924285056332128,0.0,0.0,0.00013925254529898975,0.0,0.00013925254529898975,0.0,2,2,price=observed;tvl=observed;lp_amount=none,False
2024-05-09T01:00:00+00:00,1.4475843415211372e-05,1.4475843415211372e-05,1.4355981500468667e-05,1.4355981500468667e-05,1.4377359667110806e-05,WETH,pool_swap_ratio,6,853,40429405.08173139,,19829297,170425.95797853,,6,6,0.0,0.0,0.0,0.0,,0,0,,,,157443.23871354002,12982.719264989999,144460.51944855,6,-0.002280026294286159,0.0035795536812433656,0.0,0.0,0.00358596793462644,0.0,0.004230512411778095,-0.0014869327287571066,2,2,price=observed;tvl=observed;lp_amount=none,False
2024-05-09T02:00:00+00:00,1.4392308746035088e-05,1.4435902761174548e-05,1.4348523500937338e-05,1.4365776063842432e-05,1.4390979039915488e-05,WETH,pool_swap_ratio,5,637,40430328.3965628,,19829613,17733.92476067,,5,3,0.0,0.0,0.0,0.0,,0,0,,,,9328.61979604,8405.30496463,923.3148314099999,5,0.0006820309468534133,2.2837444343043383e-05,0.0,0.0,2.2837705119415993e-05,0.0,0.0004386392707194035,-0.0017513037857364022,2,2,price=observed;tvl=observed;lp_amount=none,False
2024-05-09T03:00:00+00:00,1.4335766714178202e-05,1.4434113753112777e-05,1.4335766714178202e-05,1.4434113753112777e-05,1.4384283380584677e-05,WETH,pool_swap_ratio,5,1261,40425082.47237316,,19829858,290634.20067856,,5,4,0.0,0.0,0.0,0.0,,0,0,,,,142694.13824446,147940.0624341,-5245.924189640005,5,0.004745699928797993,-0.00012976062184649184,0.0,0.0,-0.0001297522033010741,0.0,0.007188519416114077,0.003464223500724284,2,2,price=observed;tvl=observed;lp_amount=none,False
2024-05-09T04:00:00+00:00,1.4444338347486065e-05,1.446711930591582e-05,1.4247548160742191e-05,1.435205715941424e-05,1.4439915523502404e-05,WETH,pool_swap_ratio,7,265,40298458.819294006,,19830235,216890.43596129,,7,6,0.0,0.0,0.0,0.0,,0,0,,,,45133.39144107,171757.04452022002,-126623.65307915001,7,-0.00570112754516029,-0.003137220070058687,0.0,0.0,-0.003132304137305983,0.0,0.005365244118166358,-0.006084409839182681,2,2,price=observed;tvl=observed;lp_amount=none,False
2024-05-09T05:00:00+00:00,1.443033962322328e-05,1.443033962322328e-05,1.434411981238685e-05,1.437929289417588e-05,1.4382038584602284e-05,WETH,pool_swap_ratio,4,49,40327147.16388339,,19830550,31154.85154424,,4,1,0.0,0.0,0.0,0.0,,0,0,,,,29921.598066810002,1233.25347743,28688.34458938,4,0.001895890229233868,0.0007116435393019147,0.0,0.0,0.0007118968176431765,0.0,0.0007731028048478059,-0.00019091107357638304,2,2,price=observed;tvl=observed;lp_amount=none,False
2024-05-09T06:00:00+00:00,1.4472089354243327e-05,1.4556425414369289e-05,1.4441433197392579e-05,1.4441433197392579e-05,1.4516741967543064e-05,WETH,pool_swap_ratio,5,97,39941921.40214426,,19830843,385225.76173912996,,5,4,0.0,0.0,0.0,0.0,,0,0,,,,0.0,385225.76173912996,-385225.76173912996,5,0.004312202219421782,-0.009598435018267135,0.0,0.0,-0.009552517071778748,0.0,0.009552517071778748,-0.00518771845079713,2,2,price=observed;tvl=observed;lp_amount=none,False
2024-05-09T07:00:00+00:00,1.4482373607768926e-05,1.4482373607768926e-05,1.4382071005228156e-05,1.4449419237454517e-05,1.4460358693124084e-05,WETH,pool_swap_ratio,4,325,40103766.0393334,,19831124,161844.63718914002,,4,3,0.0,0.0,0.0,0.0,,0,0,,,,161844.63718914002,0.0,161844.63718914002,4,0.0005528421346064559,0.004043812050544467,0.0,0.0,0.004051999290661352,0.0,0.004051999290661352,-0.0007565134379943217,2,2,price=observed;tvl=observed;lp_amount=none,False
2024-05-09T08:00:00+00:00,1.4438258271044802e-05,1.4555183400218144e-05,1.4435784062579248e-05,1.4435784062579248e-05,1.446296949889237e-05,WETH,pool_swap_ratio,6,313,40111932.35253357,,19831422,18905.022547549997,,6,5,0.0,0.0,0.0,0.0,,0,0,,,,13535.66787386,5369.354673690001,8166.31320017,6,-0.0009440941610421103,0.00020360885442865463,0.0,0.0,0.0002036295841183732,0.0,0.0004714026739785018,-0.0018796579993620721,2,2,price=observed;tvl=observed;lp_amount=none,False
2024-05-09T09:00:00+00:00,1.4424725345553872e-05,1.443890216452512e-05,1.4366350938075354e-05,1.443890216452512e-05,1.439487967757112e-05,WETH,pool_swap_ratio,4,181,40409850.366063,,19831733,326713.87448943,,4,3,0.0,0.0,0.0,0.0,,0,0,,,,312315.94400943,14397.93048,297918.01352943,4,0.0002159747769010172,0.007399721239807033,0.0,0.0,0.0074271668318320935,0.0,0.008145054484486682,0.00305820457968764,2,2,price=observed;tvl=observed;lp_amount=none,False
2024-05-09T10:00:00+00:00,1.444112054592101e-05,1.4448995084608806e-05,1.426588045889747e-05,1.4285491304961136e-05,1.4306697338082889e-05,WETH,pool_swap_ratio,8,1597,40778324.14826966,,19831915,368538.19917074003,,8,6,0.0,0.0,0.0,0.0,,0,0,,,,368505.9906887,32.20848204,368473.78220666,8,-0.01068167502875352,0.009077093170234736,0.0,0.0,0.009118414912917166,0.0,0.009120009003553396,-0.0014822451765513778,2,2,price=observed;tvl=observed;lp_amount=none,False
2024-05-09T11:00:00+00:00,1.4249121284069993e-05,1.4351077169968058e-05,1.4237448824098219e-05,1.4351077169968058e-05,1.4307412547797107e-05,WETH,pool_swap_ratio,5,1069,40711586.59769833,,19832256,228709.96364743,,5,3,0.0,0.0,0.0,0.0,,0,0,,,,80986.20653805,147723.75710937998,-66737.55057132998,5,0.004580575339491888,-0.0016379344358303845,0.0,0.0,-0.0016365937533056234,0.0,0.005608616058272587,0.0030518881052097324,2,2,price=observed;tvl=observed;lp_amount=none,False
2024-05-09T12:00:00+00:00,1.4368867197105069e-05,1.4436784033566831e-05,1.4108440525759796e-05,1.435696355953221e-05,1.4358410351202152e-05,WETH,pool_swap_ratio,13,433,40408790.01055648,,19832609,622778.7990618298,,13,7,0.0,0.0,0.0,0.0,,0,0,,,,159991.10595999,462787.69310184004,-302796.58714185003,12,0.0004100864773120139,-0.007465399104240609,0.0,0.0,-0.007437602226953467,0.0,0.015297335503427401,-0.00010076266345326879,2,2,price=observed;tvl=observed;lp_amount=none,False
2024-05-09T13:00:00+00:00,1.4356455543785275e-05,1.4448762037778648e-05,1.4277771977642702e-05,1.4277771977642702e-05,1.4382442166083398e-05,WETH,pool_swap_ratio,9,673,40381272.02843027,,19832889,205082.17802564,,9,5,3868393.63175775,4004292.49118001,-135898.85942225996,7872686.12293776,0.9827379299390195,1,1,,,1.0,4025329.62109275,4052847.60321896,-27517.982126209885,11,-0.0055311692112141,-0.0006812219843848662,-0.003363101428841533,0.19482607919913172,-0.0006809900053681644,0.09909459031398664,0.005075187303853044,-0.007277636665039333,2,2,price=observed;tvl=observed;lp_amount=quantified,False
2024-05-09T14:00:00+00:00,1.4360320994653389e-05,1.4449281231870689e-05,1.4360320994653389e-05,1.4368655940452022e-05,1.4413185171315988e-05,WETH,pool_swap_ratio,4,1285,40363873.20976064,,19833137,80477.5563716,,4,2,0.0,0.0,0.0,0.0,,0,0,,,,31539.36885099,48938.18752061,-17398.818669620003,4,0.006345242625056171,-0.00043095640951740845,0.0,0.0,-0.000430863561142166,0.0,0.00199294257781033,-0.003089478858051775,2,2,price=observed;tvl=observed;lp_amount=none,False
2024-05-09T15:00:00+00:00,1.4364291581652188e-05,1.4548515614955982e-05,1.4364291581652188e-05,1.4467436519220785e-05,1.4505639281208371e-05,WETH,pool_swap_ratio,9,109,40001046.66429258,,19833532,421225.30127775,,9,6,0.0,0.0,0.0,0.0,,0,0,,,,29199.377904840003,392025.92337291,-362826.54546807,9,0.0068512032478017255,-0.00902953704711284,0.0,0.0,-0.008988893201169124,0.0,0.010435700733890196,-0.0026336489724432255,2,2,price=observed;tvl=observed;lp_amount=none,False
2024-05-09T16:00:00+00:00,1.4571892745114958e-05,1.5524369641886303e-05,1.4477235651555966e-05,1.4477235651555966e-05,1.4664027071235076e-05,WETH,pool_swap_ratio,10,625,40003925.907554336,,19833788,619009.6385047501,,10,6,0.0,0.0,0.0,0.0,,0,0,,,,310944.44088325003,308065.1976215,2879.243261750031,9,0.000677094053906615,7.197660771436462e-05,0.0,0.0,7.197919809233947e-05,0.0,0.015474836038660872,-0.012738071115915961,2,2,price=observed;tvl=observed;lp_amount=none,False
2024-05-09T17:00:00+00:00,1.4553279296450411e-05,1.4577602465109752e-05,1.4439050044478966e-05,1.4532561226579174e-05,1.4456569064398433e-05,WETH,pool_swap_ratio,6,349,40110889.38509116,,19834108,113766.04539693,,6,3,0.0,0.0,0.0,0.0,,0,0,,,,110364.76146688001,3401.28393005,106963.47753683,6,0.003814272973490442,0.0026702561992466758,0.0,0.0,0.0026738245087248058,0.0,0.0028438720154575236,0.005256583484105182,2,2,price=observed;tvl=observed;lp_amount=none,False
2024-05-09T18:00:00+00:00,1.443139384326203e-05,1.4505011438894119e-05,1.4421859367166785e-05,1.4505011438894119e-05,1.4429567389403178e-05,WETH,pool_swap_ratio,3,1633,40178717.21635741,,19834299,71907.42439397,,3,2,0.0,0.0,0.0,0.0,,0,0,,,,69867.62783011,2039.79656386,67827.83126625,3,-0.001897527473716823,0.0016895797668682604,0.0,0.0,0.0016910079109704547,0.0,0.001792715781084059,0.005228434606178611,2,2,price=observed;tvl=observed;lp_amount=none,False
2024-05-09T19:00:00+00:00,1.4418167448372469e-05,1.4501634412679109e-05,1.4259396273957054e-05,1.4414419613678109e-05,1.440860922627809e-05,WETH,pool_swap_ratio,8,937,40201081.30633504,,19834655,24180.21017631,,8,4,0.0,0.0,0.0,0.0,,0,0,,,,23272.15007697,908.06009934,22364.08997763,8,-0.006265138575976783,0.0005564604780241739,0.0,0.0,0.0005566153308778413,0.0,0.0006018163806998259,0.00040325803197038823,2,2,price=observed;tvl=observed;lp_amount=none,False
2024-05-09T20:00:00+00:00,1.451143441092071e-05,1.4534828745146844e-05,1.4444206960887277e-05,1.4455417369756516e-05,1.451339362176053e-05,WETH,pool_swap_ratio,5,1,40051903.07722427,,19835029,201028.22911077,,5,4,0.0,0.0,0.0,0.0,,0,0,,,,25925.0,175103.22911077,-149178.22911077,5,0.0028401811663433386,-0.0037177035116287846,0.0,0.0,-0.0037108014079029737,0.0,0.005000567710577755,-0.003994672336116389,2,2,price=observed;tvl=observed;lp_amount=none,False
2024-05-09T21:00:00+00:00,1.45640127885883e-05,1.46012550963179e-05,1.4496787111797657e-05,1.46012550963179e-05,1.4553471013398094e-05,WETH,pool_swap_ratio,9,241,39907707.103934415,,19835306,227580.33166494,,9,5,0.0,0.0,0.0,0.0,,0,0,,,,41692.17918754,185888.1524774,-144195.97328986,9,0.01003824173995937,-0.0036067241767957113,0.0,0.0,-0.003600227759760505,0.0,0.0056821352839624435,0.0032833461430483712,2,2,price=observed;tvl=observed;lp_amount=none,False
2024-05-09T22:00:00+00:00,1.4591312130695295e-05,1.476169263738585e-05,1.4511946546777123e-05,1.468716154418002e-05,1.4674965366638223e-05,WETH,pool_swap_ratio,13,793,39210725.33862138,,19835559,724505.13462253,,13,5,0.0,0.0,0.0,0.0,,0,0,,,,13761.684654749999,710743.4499677802,-696981.7653130301,13,0.005866257317661189,-0.017619150792026972,0.0,0.0,-0.017464841152056973,0.0,0.018154516688609817,0.0008310873134682595,2,2,price=observed;tvl=observed;lp_amount=none,False
2024-05-09T23:00:00+00:00,1.477601640719025e-05,1.477601640719025e-05,1.4636165514233441e-05,1.4636165514233441e-05,1.4700448851587218e-05,WETH,pool_swap_ratio,11,505,39413262.00424716,,19835880,356984.96278315,,11,6,4867674.3976759,4751969.56105813,115704.83661776967,9619643.95873403,0.9879720250443659,1,1,,,1.0,5089582.793571479,4887046.127945701,202536.66562577803,13,-0.0034781920384896283,0.005152043809377018,0.002950846627256954,0.2453319563884469,0.005165338408730877,0.12119055488059498,0.009104268276096658,-0.004372882624385732,2,2,price=observed;tvl=observed;lp_amount=quantified,False
2024-05-10T00:00:00+00:00,1.4630261466200637e-05,1.4730968520517105e-05,1.4564327229529379e-05,1.4645286401564043e-05,1.4714064260090176e-05,WETH,pool_swap_ratio,9,1021,39359273.66746932,,19836136,64577.28738692,,9,5,0.0,0.0,0.0,0.0,,0,0,,,,5294.47530454,59282.812082380005,-53988.336777840006,9,0.0006229805579190101,-0.0013707403162997167,0.0,0.0,-0.0013698012808993645,0.0,0.001638465940219847,-0.004674293744433511,2,2,price=observed;tvl=observed;lp_amount=none,False
2024-05-10T01:00:00+00:00,1.47040767932213e-05,1.480323075099469e-05,1.47040767932213e-05,1.4718391752097879e-05,1.4767431653244626e-05,WETH,pool_swap_ratio,6,181,39107140.31440492,,19836504,296733.3530644,,6,4,0.0,0.0,0.0,0.0,,0,0,,,,22300.0,274433.3530644,-252133.35306440003,6,0.0049793150024649855,-0.006426551387777969,0.0,0.0,-0.006405945272125023,0.0,0.0075390962641074324,-0.0033208144989770316,2,2,price=observed;tvl=observed;lp_amount=none,False
2024-05-10T02:00:00+00:00,1.4804577532706162e-05,1.4843783815848821e-05,1.4675742607750633e-05,1.4728067207013231e-05,1.4821270467289631e-05,WETH,pool_swap_ratio,8,313,38950546.258291975,,19836788,178710.68453211,,8,5,0.0,0.0,0.0,0.0,,0,0,,,,11058.31420958,167652.37032252998,-156594.05611294997,8,0.0006571557739411862,-0.004012270234067238,0.0,0.0,-0.004004231832192275,0.0,0.004569771225800491,-0.006288479822434856,2,2,price=observed;tvl=observed;lp_amount=none,False
2024-05-10T03:00:00+00:00,1.475924212067387e-05,1.475924212067387e-05,1.45692536181033e-05,1.4632396870827661e-05,1.472477105380238e-05,WETH,pool_swap_ratio,9,49,38994343.15616527,,19837105,53732.48814344,,9,5,0.0,0.0,0.0,0.0,,0,0,,,,48764.69300837,4967.79513507,43796.8978733,9,-0.006516972928794019,0.0011237915099142324,0.0,0.0,0.0011244232002003388,0.0,0.0013795053806723231,-0.006273386705789585,2,2,price=observed;tvl=observed;lp_amount=none,False
2024-05-10T04:00:00+00:00,1.477032093435469e-05,1.484968212705953e-05,1.474109434838342e-05,1.476698932846135e-05,1.4814140182405322e-05,WETH,pool_swap_ratio,7,1789,38927559.59108792,,19837259,153195.82725452998,,7,3,0.0,0.0,0.0,0.0,,0,0,,,,43206.13108859,109989.69616594,-66783.56507735,7,0.009156204624730348,-0.001714115776815198,0.0,0.0,-0.00171264751940798,0.0,0.003928667977327082,-0.0031828275798262418,2,2,price=observed;tvl=observed;lp_amount=none,False
2024-05-10T05:00:00+00:00,1.4755495888917921e-05,1.4755495888917921e-05,1.4186505342412223e-05,1.4740517922435705e-05,1.4675099562232568e-05,WETH,pool_swap_ratio,7,625,39024635.10031274,,19837653,123580.37994940001,,7,3,0.0,0.0,0.0,0.0,,0,0,,,,110327.94458711,13252.43536229,97075.50922482001,6,-0.0017942154789273629,0.0024906433947506357,0.0,0.0,0.0024937476236513035,0.0,0.0031746243855906267,0.004457779650878679,2,2,price=observed;tvl=observed;lp_amount=none,False
2024-05-10T06:00:00+00:00,1.4738432169403213e-05,1.4738432169403213e-05,1.4290791769750158e-05,1.4730813820445622e-05,1.4621055809576583e-05,WETH,pool_swap_ratio,10,1069,39058025.47612993,,19837914,54713.32228931,,10,6,0.0,0.0,0.0,0.0,,0,0,,,,44051.84905325,10661.473236060001,33390.37581719,9,-0.0006585452211968826,0.0008552571750502204,0.0,0.0,0.0008556230117555259,0.0,0.001402020086764925,0.007506845763980197,2,2,price=observed;tvl=observed;lp_amount=none,False
2024-05-10T07:00:00+00:00,1.4728819719774591e-05,1.4817308567712366e-05,1.462890352392029e-05,1.4782316047288333e-05,1.4761953643798693e-05,WETH,pool_swap_ratio,4,517,39057210.00450335,,19838259,12593.86710188,,4,3,0.0,0.0,0.0,0.0,,0,0,,,,5889.19773765,6704.66936423,-815.4716265799998,4,0.0034901265540112666,-2.087868318110649e-05,0.0,0.0,-2.0878465222937863e-05,0.0,0.00032243993259660974,0.0013793840558626869,2,2,price=observed;tvl=observed;lp_amount=none,False
2024-05-10T08:00:00+00:00,1.4818087824804967e-05,1.4818521792812796e-05,1.4353444408368285e-05,1.4699986538390482e-05,1.464761330413809e-05,WETH,pool_swap_ratio,8,805,39171599.51100281,,19838533,148083.12385892,,8,4,0.0,0.0,0.0,0.0,,0,0,,,,131236.31517919002,16846.80867973,114389.50649946003,7,-0.005585026655492928,0.0029244875062132717,0.0,0.0,0.002928767991525016,0.0,0.0037914414225144557,0.0035755473035048446,2,2,price=observed;tvl=observed;lp_amount=none,False
2024-05-10T09:00:00+00:00,1.4692216336680697e-05,1.4692216336680697e-05,1.4685669938254798e-05,1.4685669938254798e-05,1.4691485249522473e-05,WETH,pool_swap_ratio,3,1417,39216813.62046774,,19838780,45214.10946493,,3,2,0.0,0.0,0.0,0.0,,0,0,,,,45214.10946493,0.0,45214.10946493,3,-0.0009743938359719712,0.0011535917790105427,0.0,0.0,0.0011542574219423928,0.0,0.0011542574219423928,-0.00039582868368348567,2,2,price=observed;tvl=observed;lp_amount=none,False
2024-05-10T10:00:00+00:00,1.4680903459903783e-05,1.4708175584328382e-05,1.4680903459903783e-05,1.4708175584328382e-05,1.468110211203519e-05,WETH,pool_swap_ratio,2,613,39246872.15509368,,19839145,30502.905374060003,,2,2,0.0,0.0,0.0,0.0,,0,0,,,,30280.72,222.18537406,30058.53462594,2,0.001531317190473995,0.0007661770104033707,0.0,0.0,0.0007664705989844132,0.0,0.0007778017273218791,0.0018441035343659262,2,2,price=observed;tvl=observed;lp_amount=none,False
2024-05-10T11:00:00+00:00,1.4676178071866863e-05,1.4825550641816948e-05,1.4676178071866863e-05,1.47376435857665e-05,1.4778838885924276e-05,WETH,pool_swap_ratio,10,157,39063328.38906227,,19839480,364009.38047567004,,10,7,0.0,0.0,0.0,0.0,,0,0,,,,90232.80722213001,273776.57325354,-183543.76603140996,10,0.002001507317923403,-0.004687616705136634,0.0,0.0,-0.00467664697726972,0.0,0.009274863460129953,-0.002787451739325153,2,2,price=observed;tvl=observed;lp_amount=none,False
2024-05-10T12:00:00+00:00,1.483277498669997e-05,1.4849668303327498e-05,1.4726402045380694e-05,1.4726402045380694e-05,1.4839848860862296e-05,WETH,pool_swap_ratio,6,433,39156472.472319454,,19839755,389330.99675877,,6,3,9317148.207735661,8864756.455653401,452391.7520822603,18181904.663389064,0.9751185719836495,3,4,,,1.0,9334287.606333861,9241143.523076681,93144.08325717971,13,-0.0007630683899969357,0.0023815997038520685,0.011580983258173413,0.46544688876230006,0.002384437965180152,0.2269329527520633,0.00996666215641222,-0.00764474197448195,2,2,price=observed;tvl=observed;lp_amount=quantified,False
2024-05-10T13:00:00+00:00,1.4830291319713334e-05,1.4932847093927752e-05,1.4745820653662146e-05,1.4745820653662146e-05,1.4763496604497005e-05,WETH,pool_swap_ratio,12,517,39211401.59218651,,19840048,68411.90081274,,12,4,0.0,0.0,0.0,0.0,,0,0,,,,61670.5103399,6741.39047284,54929.11986706,12,0.0013177568105232173,0.0014018277136633444,0.0,0.0,0.0014028107334206515,0.0,0.0017471415705564855,-0.0011972740136286797,2,2,price=observed;tvl=observed;lp_amount=none,False
2024-05-10T14:00:00+00:00,1.4844684588127993e-05,1.5117004296842612e-05,1.4471024825951386e-05,1.4471024825951386e-05,1.4625891437159227e-05,WETH,pool_swap_ratio,19,277,40430822.70972024,,19840368,1432893.2223563301,,19,10,0.0,0.0,0.0,0.0,,0,0,,,,1326157.1699450302,106736.0524113,1219421.1175337303,19,-0.01881133480137952,0.03062487098772101,0.0,0.0,0.031098636315431256,0.0,0.036542769811162695,-0.010588524595114945,2,2,price=observed;tvl=observed;lp_amount=none,False
2024-05-10T15:00:00+00:00,1.4811834367099418e-05,1.4811834367099418e-05,1.4400375034460936e-05,1.4563004136735965e-05,1.45271814694723e-05,WETH,pool_swap_ratio,21,25,39955689.93255116,,19840687,1107887.33836922,,21,8,0.0,0.0,0.0,0.0,,0,0,,,,316377.28060007,791510.0577691501,-475132.7771690801,21,0.006335987238261716,-0.011821344019663638,0.0,0.0,-0.01175174644801008,0.0,0.027402047846601586,0.0024659062281930932,2,2,price=observed;tvl=observed;lp_amount=none,False
2024-05-10T16:00:00+00:00,1.4543260530932609e-05,2.0539988410139954e-05,1.4403952897788905e-05,1.4636034636373746e-05,1.4856081307781495e-05,WETH,pool_swap_ratio,17,505,40524012.38154489,,19840944,1653169.3283292903,,17,10,0.0,0.0,0.0,0.0,,0,0,,,,1110745.88866151,542423.43966778,568322.4489937301,17,0.005002264114917974,0.014123608310156747,0.0,0.0,0.014223817682865948,0.0,0.04137506650792391,-0.014811891968610214,2,2,price=observed;tvl=observed;lp_amount=none,False
2024-05-10T17:00:00+00:00,1.4460660923390442e-05,1.4513216679613232e-05,1.4460660923390442e-05,1.4513216679613232e-05,1.4510191361502619e-05,WETH,pool_swap_ratio,2,2173,40513014.37833685,,19841105,12428.91912804,,2,2,0.0,0.0,0.0,0.0,,0,0,,,,715.45796,11713.46116804,-10998.00320804,2,-0.008426884260447179,-0.0002714315595056006,0.0,0.0,-0.00027139472529251864,0.0,0.0003067050471463254,0.00020849608631889893,2,2,price=observed;tvl=observed;lp_amount=none,False
2024-05-10T18:00:00+00:00,1.4408358890927264e-05,1.4601332682754e-05,1.4408358890927264e-05,1.4601332682754e-05,1.452527591745805e-05,WETH,pool_swap_ratio,6,13,40397052.707245275,,19841583,106361.22902506,,6,4,0.0,0.0,0.0,0.0,,0,1,,,1.0,6467.91878158,122429.58987314999,-115961.67109157,7,0.006053074776416209,-0.0028664356530164452,0.0,0.0,-0.0028623313488511264,0.0,0.0026253595457447266,0.005236166646895635,2,2,price=observed;tvl=observed;lp_amount=quantified,False
2024-05-10T19:00:00+00:00,1.4537086896190379e-05,1.475910324391709e-05,1.4416699947824048e-05,1.4416699947824048e-05,1.4453047497490135e-05,WETH,pool_swap_ratio,10,853,40542959.74569278,,19841812,207649.81586438,,10,6,0.0,0.0,0.0,0.0,,0,0,,,,176778.42715594,30871.38870844,145907.0384475,10,-0.012725550962541634,0.0036053168777979753,0.0,0.0,0.003611823850241712,0.0,0.0051402219208714125,-0.002514870975993011,2,2,price=observed;tvl=observed;lp_amount=none,False
2024-05-10T20:00:00+00:00,1.440248922580065e-05,1.4456160158402604e-05,1.4357488903061613e-05,1.4456160158402604e-05,1.4405752187109352e-05,WETH,pool_swap_ratio,11,409,40687984.30814115,,19842148,357236.44839003,,11,4,0.0,0.0,0.0,0.0,,0,0,,,,251130.5054192,106105.94297083,145024.56244836998,11,0.0027333790280444407,0.0035706766238632922,0.0,0.0,0.003577059083945571,0.0,0.008811306590115987,0.003499155798220688,2,2,price=observed;tvl=observed;lp_amount=none,False
2024-05-10T21:00:00+00:00,1.4314226486687429e-05,1.44983629553594e-05,1.4314226486687429e-05,1.4415855227992898e-05,1.4468210767818423e-05,WETH,pool_swap_ratio,7,217,40543099.45752588,,19842462,238573.65648515,,7,4,0.0,0.0,0.0,0.0,,0,1,,,1.0,58031.03150848,202915.88212375,-144884.85061527,8,-0.0027919738925121017,-0.0035672306102212713,0.0,0.0,-0.0035608756019471915,0.0,0.0058634916558747896,-0.003618660293640441,2,2,price=observed;tvl=observed;lp_amount=quantified,False
2024-05-10T22:00:00+00:00,1.4409527309691241e-05,1.4463635318046939e-05,1.4351373893322345e-05,1.4351373893322345e-05,1.4377852565472327e-05,WETH,pool_swap_ratio,10,337,40815495.831154615,,19842749,275114.09606015997,,10,5,0.0,0.0,0.0,0.0,,0,0,,,,273755.23484445,1358.86121571,272396.37362874,10,-0.004482979044610047,0.006696216681234675,0.0,0.0,0.0067186864663396125,0.0,0.00678571938853312,-0.0018416291326820433,2,2,price=observed;tvl=observed;lp_amount=none,False
2024-05-10T23:00:00+00:00,1.4439618318578127e-05,1.4498583129587195e-05,1.4381051421443218e-05,1.4485414528265212e-05,1.4458436346903337e-05,WETH,pool_swap_ratio,10,217,40557931.94389017,,19843057,302528.21973335,,10,5,0.0,0.0,0.0,0.0,,0,0,,,,22482.16623445,280046.0534989,-257563.88726444996,10,0.009296569255011614,-0.006330438681291534,0.0,0.0,-0.006310443668991288,0.0,0.0074120922353815705,0.0018659127940658937,2,2,price=observed;tvl=observed;lp_amount=none,False
2024-05-11T00:00:00+00:00,1.4514354464923622e-05,1.4593443973795474e-05,1.3950119518004318e-05,1.449513443820783e-05,1.4517768253495078e-05,WETH,pool_swap_ratio,13,1273,40235705.68501105,,19843267,572320.2072293,,13,8,0.0,0.0,0.0,0.0,,0,0,,,,125046.97417509,447273.23305421,-322226.25887912,12,0.0006707885567195113,-0.00797656787889379,0.0,0.0,-0.007944839478622914,0.0,0.014111178252901944,-0.0015590423329562286,2,2,price=observed;tvl=observed;lp_amount=none,False
2024-05-11T01:00:00+00:00,1.4580903143755968e-05,1.4822300151965468e-05,1.4528579009845699e-05,1.4697172175326934e-05,1.4699336460410391e-05,WETH,pool_swap_ratio,16,265,39449221.54199061,,19843649,1305771.5929242598,,16,7,0.0,0.0,0.0,0.0,,0,0,,,,259643.72495191,1046127.8679723501,-786484.1430204401,16,0.013842069124663047,-0.019740488206164947,0.0,0.0,-0.019546920567952854,0.0,0.03245305558069774,-0.0001472369238766369,2,2,price=observed;tvl=observed;lp_amount=none,False
2024-05-11T02:00:00+00:00,1.481739270464622e-05,1.481739270464622e-05,1.4173344522975976e-05,1.4761551299133287e-05,1.467940987871239e-05,WETH,pool_swap_ratio,10,133,39422495.33088847,,19843954,192042.82081961998,,10,5,0.0,0.0,0.0,0.0,,0,0,,,,82658.30485874,109384.51596087999,-26726.21110213999,10,0.004370808962821791,-0.0006777134614211328,0.0,0.0,-0.0006774838655229745,0.0,0.004868101658614617,0.0055956895474400525,2,2,price=observed;tvl=observed;lp_amount=none,False
2024-05-11T03:00:00+00:00,1.4782657871083923e-05,1.4782657871083923e-05,1.4671609887185312e-05,1.4671609887185312e-05,1.4720811086441286e-05,WETH,pool_swap_ratio,5,1225,39479773.70157495,,19844162,195402.78689172,,5,3,0.0,0.0,0.0,0.0,,0,0,,,,126340.57878909999,69062.20810262,57278.37068647999,5,-0.006111588988521281,0.001451881712669767,0.0,0.0,0.0014529362031936372,0.0,0.004956631619881687,-0.003342288612160127,2,2,price=observed;tvl=observed;lp_amount=none,False
2024-05-11T04:00:00+00:00,1.466201307086306e-05,1.4765092204680924e-05,1.465256963463399e-05,1.4765092204680924e-05,1.4663252989415799e-05,WETH,pool_swap_ratio,4,373,39551605.01234511,,19844531,80595.87969926,,4,2,0.0,0.0,0.0,0.0,,0,0,,,,76213.59523471,4382.28446455,71831.31077016,4,0.00635143376221893,0.0018177926721978566,0.0,0.0,0.0018194458588625206,0.0,0.0020414473575375335,0.006945199359148724,2,2,price=observed;tvl=observed;lp_amount=none,False
2024-05-11T05:00:00+00:00,1.4650044008333836e-05,1.4796257063500884e-05,1.4633283326120329e-05,1.4796257063500884e-05,1.464799402313116e-05,WETH,pool_swap_ratio,6,37,39637856.78898406,,19844858,327753.63424831006,,6,3,4032928.89396605,4273020.44387999,-240091.54991394002,8305949.33784604,0.9710940266851902,1,1,,,1.0,4360338.59535448,4274086.8187155295,86251.77663895022,8,0.0021084876798473347,0.0021783658780942998,-0.006070336458887092,0.21000283895567654,0.002180740240807642,0.10803658770728182,0.008286734107149618,0.010121729988119776,2,2,price=observed;tvl=observed;lp_amount=quantified,False
2024-05-11T06:00:00+00:00,1.4669181525250443e-05,1.4669181525250443e-05,1.4514253866746808e-05,1.4571377104462537e-05,1.4605457193398725e-05,WETH,pool_swap_ratio,5,1021,39647731.4747812,,19845076,11877.335946700001,,5,4,0.0,0.0,0.0,0.0,,0,0,,,,10876.01087192,1001.32507478,9874.68579714,5,-0.015315115494353129,0.00024909157047173133,0.0,0.0,0.0002491225963529976,0.0,0.00029964627022924424,-0.002333380495037951,2,2,price=observed;tvl=observed;lp_amount=none,False
2024-05-11T07:00:00+00:00,,,,1.4571377104462537e-05,,WETH,pool_swap_ratio,0,4621,39647731.4747812,,19845076,0.0,,0,0,0.0,0.0,0.0,0.0,,0,0,,,,0.0,0.0,0.0,0,0.0,0.0,0.0,0.0,0.0,0.0,0.0,,2,2,price=carried;tvl=carried;lp_amount=none,True
2024-05-11T08:00:00+00:00,1.4627331387239536e-05,1.4627331387239536e-05,1.4594697196931987e-05,1.4594697196931987e-05,1.4607222312240935e-05,WETH,pool_swap_ratio,4,901,39829903.03876147,,19845682,182171.56398026,,4,3,0.0,0.0,0.0,0.0,,0,0,,,,182171.56398026,0.0,182171.56398026,4,0.001599124873507342,0.0045842301202253626,0.0,0.0,0.0045947537779339066,0.0,0.0045947537779339066,-0.0008574604425957144,2,2,price=observed;tvl=observed;lp_amount=none,False
2024-05-11T09:00:00+00:00,1.4681042757683327e-05,1.4694875878519815e-05,1.4501506681155065e-05,1.4690264662586082e-05,1.4673813433356492e-05,WETH,pool_swap_ratio,6,721,39674417.29037,,19845994,237545.74839146,,6,5,0.0,0.0,0.0,0.0,,0,0,,,,41030.0,196515.74839146002,-155485.74839146002,6,0.006526749487640129,-0.0039113835821271425,0.0,0.0,-0.0039037440849440472,0.0,0.005964005188772024,0.001121128417252093,2,2,price=observed;tvl=observed;lp_amount=none,False
2024-05-11T10:00:00+00:00,1.461943476592523e-05,1.461943476592523e-05,1.4605972901442582e-05,1.4605972901442582e-05,1.4608682958936618e-05,WETH,pool_swap_ratio,2,1417,39783591.44026044,,19846235,109174.14989044,,2,2,0.0,0.0,0.0,0.0,,0,0,,,,109174.14989044,0.0,109174.14989044,2,-0.005754458644105194,0.0027479726797985118,0.0,0.0,0.002751751817585973,0.0,0.002751751817585973,-0.00018551004917100045,2,2,price=observed;tvl=observed;lp_amount=none,False
2024-05-11T11:00:00+00:00,1.4594287958227378e-05,1.4724051981798958e-05,1.4594287958227378e-05,1.4724051981798958e-05,1.4692306609506738e-05,WETH,pool_swap_ratio,9,385,39564798.08135775,,19846616,341285.94489999,,9,5,0.0,0.0,0.0,0.0,,0,0,,,,61246.29299865,280039.65190134,-218793.35890269,9,0.008051798030329673,-0.005514766329313129,0.0,0.0,-0.005499587920090949,0.0,0.008578560470400703,0.002160679948761679,2,2,price=observed;tvl=observed;lp_amount=none,False
2024-05-11T12:00:00+00:00,1.4753212789667115e-05,1.4804657260470885e-05,1.4685706869204931e-05,1.4710772420038394e-05,1.4760125423293194e-05,WETH,pool_swap_ratio,7,649,39359190.64544901,,19846892,385986.77124852,,7,4,0.0,0.0,0.0,0.0,,0,0,,,,90189.66766989,295797.10357863,-205607.43590874004,7,-0.0009023028288016491,-0.00521027647893786,0.0,0.0,-0.005196726531649323,0.0,0.009755812994541486,-0.0033436709946187415,2,2,price=observed;tvl=observed;lp_amount=none,False
2024-05-11T13:00:00+00:00,1.4699169390599931e-05,1.4845664687322516e-05,1.4699169390599931e-05,1.4750839355667321e-05,1.4780090979367336e-05,WETH,pool_swap_ratio,6,421,39295485.6814558,,19847210,95425.29488095,,6,3,0.0,0.0,0.0,0.0,,0,0,,,,15860.16544387,79565.12943707999,-63704.96399320999,6,0.0027199435411433704,-0.00161986498192162,0.0,0.0,-0.001618553708765757,0.0,0.0024244729964228505,-0.001979123385698278,2,2,price=observed;tvl=observed;lp_amount=none,False
2024-05-11T14:00:00+00:00,1.4624781038961346e-05,0.00017792094200296105,1.4441525594127748e-05,1.4654660981418447e-05,5.879748941510704e-05,WETH,pool_swap_ratio,12,505,39558017.515717395,,19847502,4365394.40984297,,12,6,4503019.54223709,4600558.01854013,-97538.47630304005,9103577.56077722,0.9892856983255368,1,1,,,1.0,6865898.65039922,6603366.8161376305,262531.8342615897,13,-0.006541546045248434,0.006658748023813999,-0.0024821801947868555,0.23166980641426077,0.006680966775414686,0.1170759933045238,0.11109149903962309,-0.7507604299571815,2,2,price=observed;tvl=observed;lp_amount=quantified,False
2024-05-11T15:00:00+00:00,1.4756710437970621e-05,1.4808084299476277e-05,1.4649215542192755e-05,1.4745464358100476e-05,1.4729615530224395e-05,WETH,pool_swap_ratio,13,73,39512416.51208837,,19847834,634979.2939185798,,13,8,0.0,0.0,0.0,0.0,,0,0,,,,294689.14514478,340290.1487738,-45601.00362902001,13,0.0061770937614302225,-0.0011534275546937938,0.0,0.0,-0.001152762612810452,0.0,0.01605184824204819,0.0010759838125822263,2,2,price=observed;tvl=observed;lp_amount=none,False
2024-05-11T16:00:00+00:00,1.4764633559696474e-05,1.4775707309264564e-05,1.4196367804598206e-05,1.466992997591561e-05,1.4637639206940356e-05,WETH,pool_swap_ratio,14,61,39536500.07252369,,19848134,260351.42105881998,,14,5,0.0,0.0,0.0,0.0,,0,0,,,,142217.49074707,118133.93031175001,24083.56043531999,11,-0.005135715492981376,0.000609333112230437,0.0,0.0,0.000609518793363395,0.0,0.006589103984039256,0.002206009351558791,2,2,price=observed;tvl=observed;lp_amount=none,False
2024-05-11T17:00:00+00:00,1.4658771671862334e-05,1.4747488466421414e-05,1.4603895900170996e-05,1.4671035231811594e-05,1.4704310806673169e-05,WETH,pool_swap_ratio,7,313,39533081.98811554,,19848410,19313.639610649996,,7,5,0.0,0.0,0.0,0.0,,0,0,,,,7947.77760125,11365.8620094,-3418.08440815,7,7.533875512829731e-05,-8.645763190343583e-05,0.0,0.0,-8.64538945501004e-05,0.0,0.0004885015005178016,-0.0022629809243744914,2,2,price=observed;tvl=observed;lp_amount=none,False
2024-05-11T18:00:00+00:00,1.465186213492492e-05,1.4723410679473213e-05,1.457438014334629e-05,1.457438014334629e-05,1.4684000779919686e-05,WETH,pool_swap_ratio,7,97,39632945.31296971,,19848728,217622.4546287,,7,4,4490929.13239637,4390324.89083258,100604.24156379048,8881254.02322895,0.9886722932031151,1,1,,,1.0,4599369.90135591,4499506.57650174,99863.32485416997,9,-0.006609955040292933,0.002522884657154376,0.0025448114972172974,0.2246537223153722,0.002526069808677981,0.11105445540907743,0.005504818842460141,-0.007465311274247655,2,2,price=observed;tvl=observed;lp_amount=quantified,False
2024-05-11T19:00:00+00:00,1.4634206780065527e-05,1.4716284129205196e-05,1.4514005791566766e-05,1.4621889270073971e-05,1.4626069212085262e-05,WETH,pool_swap_ratio,15,973,39692276.602362,,19848954,104474.28577718999,,15,8,0.0,0.0,0.0,0.0,,0,0,,,,81902.78758474001,22571.498192450003,59331.28939229001,14,0.003254468438274911,0.001495900018269139,0.0,0.0,0.0014970194348103145,0.0,0.0026360464747746423,-0.000285787107299873,2,2,price=observed;tvl=observed;lp_amount=none,False
2024-05-11T20:00:00+00:00,1.4571036149355361e-05,1.467654546379745e-05,1.4571036149355361e-05,1.4588031061190009e-05,1.4607068508849929e-05,WETH,pool_swap_ratio,7,265,39826647.10582541,,19849313,150813.32016091002,,7,4,0.0,0.0,0.0,0.0,,0,0,,,,142591.91181216002,8221.40834875,134370.50346341002,7,-0.0023182688390698384,0.0033795887844397985,0.0,0.0,0.0033853060334517048,0.0,0.0037995633677493684,-0.0013033037839444983,2,2,price=observed;tvl=observed;lp_amount=none,False
2024-05-11T21:00:00+00:00,1.4619415795954825e-05,1.4704780107041651e-05,1.4571388495302675e-05,1.459267466006793e-05,1.4582277915016547e-05,WETH,pool_swap_ratio,8,697,39892503.06677047,,19849575,70292.40972298,,8,6,0.0,0.0,0.0,0.0,,0,0,,,,68074.18533402,2218.22438896,65855.96094506,8,0.0003182650180894141,0.001652199647974532,0.0,0.0,0.001653565281809206,0.0,0.0017649592629829585,0.0007129712594955429,2,2,price=observed;tvl=observed;lp_amount=none,False
2024-05-11T22:00:00+00:00,1.4563945719912212e-05,1.4563945719912212e-05,1.4491626195086326e-05,1.4495349820311606e-05,1.453278671663526e-05,WETH,pool_swap_ratio,9,337,40208624.777596876,,19849903,316121.7108264,,9,4,0.0,0.0,0.0,0.0,,0,0,,,,316121.7108264,0.0,316121.7108264,9,-0.006691771247920846,0.007893106141204061,0.0,0.0,0.007924338823695474,0.0,0.007924338823695474,-0.0025760301209678538,2,2,price=observed;tvl=observed;lp_amount=none,False
2024-05-11T23:00:00+00:00,1.4490735686047745e-05,1.4490735686047745e-05,1.441047354903399e-05,1.4475012259275974e-05,1.4483890443448226e-05,WETH,pool_swap_ratio,6,133,40299857.15223442,,19850218,91232.37463755,,6,4,0.0,0.0,0.0,0.0,,0,0,,,,91232.37463755,0.0,91232.37463755,6,-0.0014040255569255473,0.0022664050172754332,0.0,0.0,0.0022689752544927163,0.0,0.0022689752544927163,-0.0006129695751921904,2,2,price=observed;tvl=observed;lp_amount=none,False
2024-05-12T00:00:00+00:00,1.43812486242726e-05,1.43812486242726e-05,1.43812486242726e-05,1.43812486242726e-05,1.43812486242726e-05,WETH,pool_swap_ratio,1,925,40301077.61970126,,19850451,1220.46746684,,1,1,0.0,0.0,0.0,0.0,,0,0,,,,1220.46746684,0.0,1220.46746684,1,-0.006498691245878226,3.028420130325996e-05,0.0,0.0,3.0284659874342295e-05,0.0,3.0284659874342295e-05,0.0,2,2,price=observed;tvl=observed;lp_amount=none,False
2024-05-12T01:00:00+00:00,1.4492769657299357e-05,1.4562600320946725e-05,1.4421432481917615e-05,1.4488493389941293e-05,1.4535247838265241e-05,WETH,pool_swap_ratio,7,769,40280059.66595277,,19850761,36175.23064863,,7,3,0.0,0.0,0.0,0.0,,0,0,,,,7578.6384500700005,28596.59219856,-21017.95374849,7,0.007429595936914917,-0.0005216594089659251,0.0,0.0,-0.0005215233683531909,0.0,0.000897624400766536,-0.003216625464126044,2,2,price=observed;tvl=observed;lp_amount=none,False
2024-05-12T02:00:00+00:00,1.4517069378188795e-05,1.4554872114083908e-05,1.4517069378188795e-05,1.4554872114083908e-05,1.4543285454949117e-05,WETH,pool_swap_ratio,2,757,40278378.55143753,,19851059,1681.11451524,,2,1,0.0,0.0,0.0,0.0,,0,0,,,,0.0,1681.11451524,-1681.11451524,2,0.004571015691058113,-4.173652202520459e-05,0.0,0.0,-4.173565106858526e-05,0.0,4.173565106858526e-05,0.0007967016236245517,2,2,price=observed;tvl=observed;lp_amount=none,False
2024-05-12T03:00:00+00:00,1.4468960852902175e-05,1.4468960852902175e-05,1.4437448188839199e-05,1.4437448188839199e-05,1.4456879898219964e-05,WETH,pool_swap_ratio,6,205,40451166.40800885,,19851401,172787.85657132,,6,5,0.0,0.0,0.0,0.0,,0,0,,,,172787.85657132,0.0,172787.85657132,6,-0.008100391144580877,0.004280666279156893,0.0,0.0,0.004289841418285028,0.0,0.004289841418285028,-0.0013441150177334604,2,2,price=observed;tvl=observed;lp_amount=none,False
2024-05-12T04:00:00+00:00,1.4433102529513785e-05,1.4433102529513785e-05,1.44278256682716e-05,1.44278256682716e-05,1.4431819498470998e-05,WETH,pool_swap_ratio,3,1885,40486767.134268515,,19851560,35600.72625967,,3,2,1105.69386067,0.0,1105.69386067,1105.69386067,0.0,1,1,,,1.0,36706.42012034,1105.69386067,35600.72625967,5,-0.0006667195309961776,0.000879704410465466,2.7334041483933225e-05,2.7334041483933225e-05,0.0008800914638798025,0.0,0.0008800914638798025,-0.00027673781534076625,2,2,price=observed;tvl=observed;lp_amount=quantified,False
2024-05-12T05:00:00+00:00,1.442728110721189e-05,1.442728110721189e-05,1.440844622321721e-05,1.440844622321721e-05,1.4423337428600114e-05,WETH,pool_swap_ratio,2,277,40489170.896373436,,19851992,2403.76210491,,2,2,0.0,0.0,0.0,0.0,,0,0,,,,2403.76210491,0.0,2403.76210491,2,-0.0013441021810937839,5.936978722527454e-05,0.0,0.0,5.9371549645795876e-05,0.0,5.9371549645795876e-05,-0.0010324382589410597,2,2,price=observed;tvl=observed;lp_amount=none,False
2024-05-12T06:00:00+00:00,1.4424193806846164e-05,1.4424193806846164e-05,1.4400426551948984e-05,1.4400426551948984e-05,1.4403279228328157e-05,WETH,pool_swap_ratio,2,613,40685994.779037245,,19852263,196823.88266380999,,2,2,0.0,0.0,0.0,0.0,,0,0,,,,196823.88266380999,0.0,196823.88266380999,2,-0.0005567501052865998,0.0048493715224805865,0.0,0.0,0.004861148754257135,0.0,0.004861148754257135,-0.00019805742386513892,2,2,price=observed;tvl=observed;lp_amount=none,False
2024-05-12T07:00:00+00:00,1.4377379918950032e-05,1.4377379918950032e-05,1.4377379918950032e-05,1.4377379918950032e-05,1.4377379918950032e-05,WETH,pool_swap_ratio,1,1837,40703994.779037245,,19852460,18000.0,,1,1,0.0,0.0,0.0,0.0,,0,0,,,,18000.0,0.0,18000.0,1,-0.0016016952472939212,0.0004423148446435876,0.0,0.0,0.00044241268027872305,0.0,0.00044241268027872305,0.0,2,2,price=observed;tvl=observed;lp_amount=none,False
2024-05-12T08:00:00+00:00,1.446185590594831e-05,1.4484928409685704e-05,1.446185590594831e-05,1.4484928409685704e-05,1.446678343467484e-05,WETH,pool_swap_ratio,3,1537,40703807.03039098,,19852779,187.74864626,,3,2,0.0,0.0,0.0,0.0,,0,0,,,,0.0,187.74864626,-187.74864626,3,0.007452556274170468,-4.6125467607162245e-06,0.0,0.0,-4.61253612278595e-06,0.0,4.61253612278595e-06,0.0012542508217392445,2,2,price=observed;tvl=observed;lp_amount=none,False
2024-05-12T09:00:00+00:00,1.4464386255249689e-05,1.4467310413392645e-05,1.4373159719719485e-05,1.4373159719719485e-05,1.4407234792792237e-05,WETH,pool_swap_ratio,5,1033,40723776.17979391,,19853118,68118.83148071001,,5,4,0.0,0.0,0.0,0.0,,0,0,,,,44043.99044182,24074.84103889,19969.14940293,5,-0.007746129842798803,0.0004904762984726966,0.0,0.0,0.0004905966016402419,0.0,0.0016735248236080216,-0.0023651362362608896,2,2,price=observed;tvl=observed;lp_amount=none,False
2024-05-12T10:00:00+00:00,1.4471359918579677e-05,1.4546150986101857e-05,1.4390331216211865e-05,1.4546150986101857e-05,1.4469154803730629e-05,WETH,pool_swap_ratio,11,85,40523089.101089865,,19853493,418989.68161712,,11,6,0.0,0.0,0.0,0.0,,0,0,,,,109151.30145654,309838.38016058004,-200687.07870404003,11,0.011963862593290447,-0.004940190274798754,0.0,0.0,-0.0049280076046488,0.0,0.01028857637777245,0.005321401520382851,2,2,price=observed;tvl=observed;lp_amount=none,False
2024-05-12T11:00:00+00:00,1.4511273866786109e-05,1.4515756955019801e-05,1.4429286594596806e-05,1.4515756955019801e-05,1.4502038427094419e-05,WETH,pool_swap_ratio,3,2101,40479959.25111913,,19853625,56004.15150244,,3,2,0.0,0.0,0.0,0.0,,0,0,,,,6437.15076585,49567.00073659,-43129.849970740004,3,-0.002091675620544953,-0.0010648945915955022,0.0,0.0,-0.0010643277925616,0.0,0.0013820306581941646,0.000945972388250782,2,2,price=observed;tvl=observed;lp_amount=none,False
2024-05-12T12:00:00+00:00,1.451652110480643e-05,1.451652110480643e-05,1.4418593033288432e-05,1.4450772439598238e-05,1.4475630132919898e-05,WETH,pool_swap_ratio,4,445,40562171.07078739,,19854060,202502.74637304,,4,3,4814533.88515414,4702056.9878165,112476.89733764064,9516590.87297064,0.9881809674452747,1,1,,,1.0,4900652.71950597,4818440.89983771,82211.8196682604,6,-0.004486876805910968,0.002028866900275781,0.002778582276723291,0.2350938847031458,0.002030926443335971,0.11615765121321124,0.005002543236686719,-0.0017172097582908163,2,2,price=observed;tvl=observed;lp_amount=quantified,False
2024-05-12T13:00:00+00:00,1.439948218582295e-05,1.4518146416419286e-05,1.438712017983904e-05,1.4518146416419286e-05,1.4399199578926059e-05,WETH,pool_swap_ratio,5,889,40660347.17161789,,19854345,102015.59905163999,,5,4,467.95763256,0.0,467.95763256,467.95763256,0.0,1,1,,,1.0,100597.93037205,2421.8295415499997,98176.1008305,7,0.004651474819089656,0.002417461333819414,1.153679944161125e-05,1.153679944161125e-05,0.0024203857495489383,0.0,0.002515042867740158,0.00826065621503802,2,2,price=observed;tvl=observed;lp_amount=quantified,False
2024-05-12T14:00:00+00:00,1.4385381961227597e-05,1.4472478648629083e-05,1.4385381961227597e-05,1.4472478648629083e-05,1.4444821060055165e-05,WETH,pool_swap_ratio,2,157,40657110.512470454,,19854679,8870.00925189,,2,2,0.0,0.0,0.0,0.0,,0,0,,,,2816.67505223,6053.33419966,-3236.6591474300003,2,-0.00315052231276754,-7.96055174699433e-05,0.0,0.0,-7.960234903476877e-05,0.0,0.00021814888137702685,0.0019147062091617872,2,2,price=observed;tvl=observed;lp_amount=none,False
2024-05-12T15:00:00+00:00,1.4440337902303493e-05,1.4474567409663951e-05,1.4368881938587346e-05,1.4474567409663951e-05,1.4425416438903457e-05,WETH,pool_swap_ratio,7,13,40639853.60058087,,19854987,181091.06880333,,7,3,0.0,0.0,0.0,0.0,,0,0,,,,81917.07845687,99173.99034645999,-17256.91188958999,7,0.00014431600615056087,-0.00042454013718830265,0.0,0.0,-0.0004244500327758635,0.0,0.004454105727650893,0.0034072479618640905,2,2,price=observed;tvl=observed;lp_amount=none,False
2024-05-12T16:00:00+00:00,1.441770634894497e-05,1.4492980900817756e-05,1.4368424366734485e-05,1.4492980900817756e-05,1.4376673678788567e-05,WETH,pool_swap_ratio,4,265,40761495.182150334,,19855263,122065.63166945,,4,3,0.0,0.0,0.0,0.0,,0,0,,,,121853.60661946,212.02504999,121641.58156947,4,0.0012713187485880989,0.0029886893505581534,0.0,0.0,0.0029931599351955187,0.0,0.003003594276424886,0.00808999526787546,2,2,price=observed;tvl=observed;lp_amount=none,False
2024-05-12T17:00:00+00:00,1.4351838934961043e-05,1.4391081832154253e-05,1.4212213022934933e-05,1.4212213022934933e-05,1.4305272915640538e-05,WETH,pool_swap_ratio,11,289,40886462.21365539,,19855561,596113.5443140301,,11,8,2365884.71436418,2710360.38568153,-344475.6713173501,5076245.10004571,0.9321396692775437,2,2,,,1.0,2900324.2777584996,2775357.24625345,124967.03150504967,14,-0.01956278942347249,0.0030611207695608756,-0.008451006759639125,0.12453530169493447,0.003065810784089524,0.0664931542272868,0.014624427824597348,-0.00650528607558809,2,2,price=observed;tvl=observed;lp_amount=quantified,False
2024-05-12T18:00:00+00:00,1.4259453805941938e-05,1.4344553596626469e-05,1.415903857433208e-05,1.42400795994831e-05,1.4246491390828263e-05,WETH,pool_swap_ratio,8,97,41028143.71854359,,19855877,146403.7785678,,8,5,0.0,0.0,0.0,0.0,,0,0,,,,144042.641728,2361.1368398,141681.5048882,8,0.001958828824681126,0.0034592523411649022,0.0,0.0,0.0034652424596638433,0.0,0.00358073970310162,-0.00045006108306011594,2,2,price=observed;tvl=observed;lp_amount=none,False
2024-05-12T19:00:00+00:00,1.4099919789780864e-05,1.427561069633754e-05,1.4099919789780864e-05,1.427561069633754e-05,1.4205749860455312e-05,WETH,pool_swap_ratio,4,721,41209764.118468955,,19856123,339586.02293537,,4,3,144080.30763798,272639.92349733,-128559.61585934999,416720.23113531,0.6914965815096066,1,1,,,1.0,469156.74668086,287536.34675549,181620.39992537,6,0.002492039636702251,0.0044169580666481596,-0.003133449486315526,0.010156936028937717,0.004426727203923744,0.006645192757626621,0.008276904391896397,0.004917785866179525,2,2,price=observed;tvl=observed;lp_amount=quantified,False
2024-05-12T20:00:00+00:00,1.4188709684814362e-05,1.4274024050966369e-05,1.40531850242551e-05,1.4274024050966369e-05,1.4229812500932798e-05,WETH,pool_swap_ratio,5,397,41210831.91341599,,19856449,56639.48569373001,,5,2,0.0,0.0,0.0,0.0,,0,0,,,,28853.640320380004,27785.84537335,1067.7949470300046,5,-0.00011114995948971895,2.591087661344634e-05,0.0,0.0,2.591121230299524e-05,0.0,0.0013744190704635924,0.0031069664502376693,2,2,price=observed;tvl=observed;lp_amount=none,False
2024-05-12T21:00:00+00:00,1.4229234476933237e-05,1.4532116962851651e-05,1.3960105075216411e-05,1.4111600888192738e-05,1.4155887035717423e-05,WETH,pool_swap_ratio,15,553,41590190.34109508,,19856733,420980.45435634995,,15,9,0.0,0.0,0.0,0.0,,0,0,,,,400169.44101772,20811.01333863,379358.42767908995,15,-0.011444168364634558,0.009163198031214948,0.0,0.0,0.009205308654679004,0.0,0.010215286486835073,-0.0031284614954149026,2,2,price=observed;tvl=observed;lp_amount=none,False
2024-05-12T22:00:00+00:00,1.4104194116796814e-05,1.4165008151513394e-05,1.4084568362737878e-05,1.4165008151513394e-05,1.4096550151724986e-05,WETH,pool_swap_ratio,6,637,41730908.082430035,,19857025,146919.48722947002,,6,5,0.0,0.0,0.0,0.0,,0,0,,,,143818.61428221,3100.87294726,140717.74133495,6,0.0037774916188360696,0.0033777249168593674,0.0,0.0,0.003383435857851976,0.0,0.003532551450823718,0.004856365497343251,2,2,price=observed;tvl=observed;lp_amount=none,False
2024-05-12T23:00:00+00:00,1.4187493433404003e-05,1.4187493433404003e-05,1.4187493433404003e-05,1.4187493433404003e-05,1.4187493433404003e-05,WETH,pool_swap_ratio,1,3589,41524082.0811552,,19857079,206826.00127483,,1,1,0.0,0.0,0.0,0.0,,0,0,,,,0.0,206826.00127483,-206826.00127483,1,0.0015861236467815771,-0.004968505223400699,0.0,0.0,-0.004956182618079906,0.0,0.004956182618079906,0.0,2,2,price=observed;tvl=observed;lp_amount=none,False
2024-05-13T00:00:00+00:00,1.4222946382519708e-05,1.4222946382519708e-05,1.409309399258332e-05,1.409309399258332e-05,1.4221284270879778e-05,WETH,pool_swap_ratio,5,1933,41400477.90285092,,19857516,127347.7245009,,5,4,0.0,0.0,0.0,0.0,,0,0,,,,1871.77309831,125475.95140259,-123604.17830428,5,-0.00667594275887396,-0.0029811257332796274,0.0,0.0,-0.002976686590270831,0.0,0.003066840207376769,-0.009013973411596043,2,2,price=observed;tvl=observed;lp_amount=none,False
2024-05-13T01:00:00+00:00,1.4140351722488682e-05,1.4140351722488682e-05,1.393884826232566e-05,1.3991903332823137e-05,1.4039761202977704e-05,WETH,pool_swap_ratio,12,757,42449522.19713119,,19857909,1049044.29428027,,12,7,0.0,0.0,0.0,0.0,,0,0,,,,1049044.29428027,0.0,1049044.29428027,12,-0.007206060692636514,0.02502323271984631,0.0,0.0,0.025338941660092065,0.0,0.025338941660092065,-0.003408738187400062,2,2,price=observed;tvl=observed;lp_amount=none,False
2024-05-13T02:00:00+00:00,1.3916282926362531e-05,1.3916282926362531e-05,1.3674718284479148e-05,1.3745644965781569e-05,1.3806698490046257e-05,WETH,pool_swap_ratio,12,1,43469608.66928474,,19858271,1027325.3144350699,,12,7,0.0,0.0,0.0,0.0,,0,0,,,,1023705.89329431,3619.42114076,1020086.47215355,12,-0.01775678476445782,0.023746385611676038,0.0,0.0,0.024030576066707512,0.0,0.024201104306057382,-0.004422021985104108,2,2,price=observed;tvl=observed;lp_amount=none,False
2024-05-13T03:00:00+00:00,1.3822659275863918e-05,1.3822659275863918e-05,1.362172228727962e-05,1.3630720928152848e-05,1.3665399807312366e-05,WETH,pool_swap_ratio,15,1,43176061.421639234,,19858569,870392.7608269699,,15,10,1063935.9599526199,1610272.00567209,-546336.0457194701,2674207.9656247096,0.7957017357130477,2,2,,,1.0,1629120.83962633,1922668.08727184,-293547.2476455101,19,-0.008395907124281584,-0.006775834740427658,-0.012568230136967085,0.061519025532757614,-0.006752930533118145,0.037043627834862355,0.020023018091763548,-0.002537714201450658,2,2,price=observed;tvl=observed;lp_amount=quantified,False
2024-05-13T04:00:00+00:00,1.362434048209947e-05,1.372421058522937e-05,1.3621206541903698e-05,1.3685936216045923e-05,1.3696688684355948e-05,WETH,pool_swap_ratio,5,205,43120600.78382142,,19858848,90861.63923685001,,5,3,0.0,0.0,0.0,0.0,,0,0,,,,17700.50070952,73161.13852733001,-55460.63781781001,5,0.004042614936299836,-0.0012853485647314816,0.0,0.0,-0.0012845228580764879,0.0,0.0021044448299610634,-0.0007850414474489531,2,2,price=observed;tvl=observed;lp_amount=none,False
2024-05-13T05:00:00+00:00,1.373232516353471e-05,1.419066557870233e-05,1.36005882709716e-05,1.3849404910433017e-05,1.3780211671021236e-05,WETH,pool_swap_ratio,11,205,42836952.06491582,,19859146,307603.65652908,,11,4,0.0,0.0,0.0,0.0,,0,0,,,,11977.46881174,295626.18771734,-283648.7189056,11,0.011873512960717795,-0.006599763233720183,0.0,0.0,-0.006578032628247222,0.0,0.007133566113125469,0.005021202944022196,2,2,price=observed;tvl=observed;lp_amount=none,False
2024-05-13T06:00:00+00:00,1.3808161589656576e-05,1.3906903490049474e-05,1.3808161589656576e-05,1.3904037592585443e-05,1.3861379539059288e-05,WETH,pool_swap_ratio,10,217,42296293.490517914,,19859444,579323.52009536,,10,5,0.0,0.0,0.0,0.0,,0,0,,,,19332.47284873,559991.04724663,-540658.5743978999,10,0.003937007289369726,-0.012701638229051168,0.0,0.0,-0.012621312869752661,0.0,0.013523920171011318,0.0030774753267488464,2,2,price=observed;tvl=observed;lp_amount=none,False
2024-05-13T07:00:00+00:00,1.3918336897342691e-05,1.4049256081736276e-05,1.3915578584466243e-05,1.4049256081736276e-05,1.3985869160531867e-05,WETH,pool_swap_ratio,10,13,41655522.45975976,,19859760,675369.03075816,,10,5,0.0,0.0,0.0,0.0,,0,0,,,,17299.0,658070.03075816,-640771.03075816,10,0.010390174214957087,-0.015265505980995188,0.0,0.0,-0.015149578789966776,0.0,0.01596757008766184,0.0045322117972679266,2,2,price=observed;tvl=observed;lp_amount=none,False
2024-05-13T08:00:00+00:00,1.4069499796113249e-05,1.414600250090676e-05,1.4015181650012186e-05,1.4067858641610335e-05,1.4103815740276143e-05,WETH,pool_swap_ratio,8,589,41216550.38839298,,19860010,473179.07136678,,8,5,0.0,0.0,0.0,0.0,,0,0,,,,17103.5,456075.57136678,-438972.07136678,8,0.0013232198802316571,-0.010594067745982145,0.0,0.0,-0.010538148256112682,0.0,0.011359335891750786,-0.0025494589072888596,2,2,price=observed;tvl=observed;lp_amount=none,False
2024-05-13T09:00:00+00:00,1.4165336934070322e-05,1.4265683736326225e-05,1.3957976062529885e-05,1.4147367591209181e-05,1.421411943415774e-05,WETH,pool_swap_ratio,7,409,40623925.67167389,,19860323,615657.39290908,,7,6,0.0,0.0,0.0,0.0,,0,0,,,,11516.33809499,604141.05481409,-592624.7167191,7,0.005635904486393537,-0.014482688853104636,0.0,0.0,-0.014378319173600454,0.0,0.014937140229048759,-0.004696164490369248,2,2,price=observed;tvl=observed;lp_amount=none,False
2024-05-13T10:00:00+00:00,1.4185163611658827e-05,1.4210946610244628e-05,1.4124388252531168e-05,1.4146271374859213e-05,1.4161676780052334e-05,WETH,pool_swap_ratio,8,337,40945732.79940954,,19860628,357815.85454847995,,8,4,0.0,0.0,0.0,0.0,,0,0,,,,339811.49114207,18004.36340641,321807.12773566,8,-7.74885373939581e-05,0.007890404431445395,0.0,0.0,0.0079216157083521,0.0,0.008808007809003466,-0.001087823527706866,2,2,price=observed;tvl=observed;lp_amount=none,False
2024-05-13T11:00:00+00:00,1.4115191841882169e-05,1.418497385545914e-05,1.4100767537604236e-05,1.418497385545914e-05,1.4113489759743411e-05,WETH,pool_swap_ratio,5,1141,41065981.64110533,,19860860,121594.88433669,,5,4,0.0,0.0,0.0,0.0,,0,0,,,,120921.86301624,673.02132045,120248.84169578999,5,0.0027321428592484653,0.0029324817482218072,0.0,0.0,0.0029367856788613646,0.0,0.002969659498643616,0.005064948282289983,2,2,price=observed;tvl=observed;lp_amount=none,False
2024-05-13T12:00:00+00:00,1.409182008118312e-05,1.409182008118312e-05,1.4013993643788677e-05,1.4013993643788677e-05,1.4052216883524346e-05,WETH,pool_swap_ratio,4,2209,41507382.23115458,,19861069,441400.59004925,,4,2,0.0,0.0,0.0,0.0,,0,0,,,,441400.59004925,0.0,441400.59004925,4,-0.012126848760611464,0.010691215030095631,0.0,0.0,0.010748570286395552,0.0,0.010748570286395552,-0.00272008609406571,2,2,price=observed;tvl=observed;lp_amount=none,False
2024-05-13T13:00:00+00:00,1.410193262793309e-05,1.4127506401382645e-05,1.4001833868901865e-05,1.4001833868901865e-05,1.4110916323454928e-05,WETH,pool_swap_ratio,4,97,41274089.148754954,,19861542,253531.36820318998,,4,3,0.0,0.0,0.0,0.0,,0,0,,,,10119.14290178,243412.22530141,-233293.08239963002,4,-0.0008680647141244148,-0.0056363748101847175,0.0,0.0,-0.005620520251082591,0.0,0.006108103054807792,-0.007730359393581576,2,2,price=observed;tvl=observed;lp_amount=none,False
2024-05-13T14:00:00+00:00,1.415565465410207e-05,1.427913756827022e-05,1.4005925074269152e-05,1.4223423067154124e-05,1.418275441943906e-05,WETH,pool_swap_ratio,9,673,40886954.104634404,,19861794,499803.04412055004,,9,5,0.0,0.0,0.0,0.0,,0,0,,,,56334.0,443469.04412055,-387135.04412055,9,0.015701805755706108,-0.009423880074859026,0.0,0.0,-0.009379614477385214,0.0,0.012109365813482204,0.002867471755650053,2,2,price=observed;tvl=observed;lp_amount=none,False
2024-05-13T15:00:00+00:00,1.4137684193917639e-05,1.42128115239653e-05,1.4087368232943523e-05,1.4175788182677398e-05,1.4130574013447358e-05,WETH,pool_swap_ratio,5,325,41027174.07556395,,19862121,466091.45317935,,5,3,0.0,0.0,0.0,0.0,,0,0,,,,303155.71205445,162935.7411249,140219.97092955,5,-0.003354665644082949,0.003423587871932816,0.0,0.0,0.0034294550425720397,0.0,0.01139951516042424,0.0031997404484072067,2,2,price=observed;tvl=observed;lp_amount=none,False
2024-05-13T16:00:00+00:00,1.4209489122956141e-05,1.4428155562933093e-05,1.4109436524632378e-05,1.4285450020199405e-05,1.4322145902782524e-05,WETH,pool_swap_ratio,11,553,40229303.569019035,,19862401,1544510.96479998,,11,5,0.0,0.0,0.0,0.0,,0,0,,,,373320.22912753,1171190.73567245,-797870.5065449199,11,0.00770608639143042,-0.019638954914995357,0.0,0.0,-0.01944736688603997,0.0,0.03764604800601903,-0.0025621776814875874,2,2,price=observed;tvl=observed;lp_amount=none,False
2024-05-13T17:00:00+00:00,1.4157462671322361e-05,1.4378156708044455e-05,1.4128070702534487e-05,1.4128070702534487e-05,1.419814279398823e-05,WETH,pool_swap_ratio,11,577,41012690.25872558,,19862699,850866.0119368299,,11,6,0.0,0.0,0.0,0.0,,0,0,,,,817126.3508216899,33739.66111514,783386.68970655,11,-0.011077889900273183,0.01928586274190663,0.0,0.0,0.019473036324442947,0.0,0.021150403721929948,-0.004935299811424043,2,2,price=observed;tvl=observed;lp_amount=none,False
2024-05-13T18:00:00+00:00,1.408767787486547e-05,1.413403514878859e-05,1.3998128831516654e-05,1.4070790020168161e-05,1.4049856223148382e-05,WETH,pool_swap_ratio,8,1525,41597298.2046563,,19862919,662441.24583374,,8,5,0.0,0.0,0.0,0.0,,0,0,,,,623524.59588223,38916.64995151,584607.94593072,8,-0.004062629459692567,0.014153680835776413,0.0,0.0,0.014254318413221934,0.0,0.01615210418177343,0.0014899652129740648,2,2,price=observed;tvl=observed;lp_amount=none,False
2024-05-13T19:00:00+00:00,1.3985307763954118e-05,1.4132154757505269e-05,1.3973813987722901e-05,1.4054805555619214e-05,1.39989230095948e-05,WETH,pool_swap_ratio,8,1,41663849.44517902,,19863341,138666.27700398,,8,5,0.0,0.0,0.0,0.0,,0,0,,,,102608.75876335,36057.51824063001,66551.24052271998,8,-0.0011366490872579983,0.0015986148779892255,0.0,0.0,0.0015998933439208413,0.0,0.003333540469906241,0.003991917520091537,2,2,price=observed;tvl=observed;lp_amount=none,False
2024-05-13T20:00:00+00:00,1.4057779078528074e-05,1.409629395026162e-05,1.3963390378444646e-05,1.4038884986957657e-05,1.3972254680289144e-05,WETH,pool_swap_ratio,5,169,41742112.94131182,,19863625,89429.24870038,,5,5,0.0,0.0,0.0,0.0,,0,0,,,,83846.37241658999,5582.87628379,78263.49613279999,5,-0.001133391167792116,0.0018766888328729985,0.0,0.0,0.0018784509154819817,0.0,0.0021464470972143448,0.004768758385324201,2,2,price=observed;tvl=observed;lp_amount=none,False
2024-05-13T21:00:00+00:00,1.404866042842447e-05,1.4101738385567932e-05,1.404866042842447e-05,1.4101738385567932e-05,1.4057788999040494e-05,WETH,pool_swap_ratio,3,1465,41572850.664664626,,19863817,171480.80120775,,3,2,0.0,0.0,0.0,0.0,,0,0,,,,1109.26228028,170371.53892746998,-169262.27664718998,3,0.0044671009805365425,-0.004063195906034837,0.0,0.0,-0.00405495229446501,0.0,0.00410810064763245,0.0031263370456362516,2,2,price=observed;tvl=observed;lp_amount=none,False
2024-05-13T22:00:00+00:00,1.3983439662986373e-05,1.4060790433118777e-05,1.3786064846856761e-05,1.3872864718939232e-05,1.3927627753521154e-05,WETH,pool_swap_ratio,20,13,42135672.9359422,,19864233,615030.0220295901,,20,10,0.0,0.0,0.0,0.0,,0,0,,,,588926.1466535801,26103.87537601,562822.2712775702,19,-0.016363325882080455,0.013447394086483978,0.0,0.0,0.013538216943971757,0.0,0.014794030531862052,-0.003931971442019511,2,2,price=observed;tvl=observed;lp_amount=none,False
2024-05-13T23:00:00+00:00,1.3869703192592932e-05,1.434210474224115e-05,1.3866676356871191e-05,1.4129087251429673e-05,1.3987384069693256e-05,WETH,pool_swap_ratio,5,853,42155632.08677645,,19864462,52335.08890221999,,5,3,5072.78884166,9277.8585197,-4205.069678039999,14350.64736136,0.7069770044407607,1,2,,,1.0,43340.816963909994,23381.66612966,19959.150834249995,8,0.01830084444912422,0.00047357556516391676,-9.979832728512158e-05,0.00034058189561080287,0.00047368771977591024,0.00022019011144796223,0.0012420613047235225,0.010130785072488768,2,2,price=observed;tvl=observed;lp_amount=quantified,False
2024-05-14T00:00:00+00:00,1.3865021152131411e-05,1.4042870342510556e-05,1.3840635844296816e-05,1.3892521604889118e-05,1.3932226898459924e-05,WETH,pool_swap_ratio,12,97,41954318.676717706,,19864824,700280.7758770001,,12,6,0.0,0.0,0.0,0.0,,0,0,,,,249483.68290913,450797.09296787,-201313.41005874,12,-0.016884916789791652,-0.004786919803168243,0.0,0.0,-0.00477548076243622,0.0,0.016611796365322843,-0.0028498885253723794,2,2,price=observed;tvl=observed;lp_amount=none,False
2024-05-14T01:00:00+00:00,1.3903471716745632e-05,1.3989156429778647e-05,1.3878154516988173e-05,1.3878154516988173e-05,1.3917001315087568e-05,WETH,pool_swap_ratio,6,217,42139898.23370503,,19865112,348217.16129062,,6,5,0.0,0.0,0.0,0.0,,0,0,,,,266898.35913897003,81318.80215165,185579.55698732001,6,-0.0010346949508659893,0.004413617608038434,0.0,0.0,0.00442337196361876,0.0,0.008299912196735565,-0.0027913195680508984,2,2,price=observed;tvl=observed;lp_amount=none,False
2024-05-14T02:00:00+00:00,1.3858637372603794e-05,1.3885528601400558e-05,1.2833300286237184e-05,1.3885528601400558e-05,1.3784362966260486e-05,WETH,pool_swap_ratio,16,97,42401761.99379961,,19865418,735483.8925021401,,16,7,0.0,0.0,0.0,0.0,,0,0,,,,498673.82629835996,236810.06620378,261863.76009457995,15,0.0005312036270071701,0.006194924416043474,0.0,0.0,0.0062141526456068125,0.0,0.017453385587767586,0.0073391592623970325,2,2,price=observed;tvl=observed;lp_amount=none,False
2024-05-14T03:00:00+00:00,1.3851631571374233e-05,1.395124763035649e-05,1.3831988303848837e-05,1.387312671097549e-05,1.3897284441799693e-05,WETH,pool_swap_ratio,8,853,41762961.2128122,,19865655,682469.7435096002,,8,5,3421772.30588322,4149715.04539635,-727942.7395131299,7571487.35127957,0.9038573657010589,1,3,,,1.0,3809471.1934011397,4448271.974388549,-638800.7809874094,11,-0.0008935512985538887,-0.015180066503144045,-0.017167747406807685,0.17856539434344132,-0.015065430089457625,0.0978665708751245,0.016095315652434383,-0.001738305848554278,2,2,price=observed;tvl=observed;lp_amount=quantified,False
2024-05-14T04:00:00+00:00,1.396289317966673e-05,1.4027849751860175e-05,1.3796095238911826e-05,1.3796095238911826e-05,1.3996194294777947e-05,WETH,pool_swap_ratio,7,985,41421420.76493486,,19865941,356140.3543418,,7,6,0.0,0.0,0.0,0.0,,0,0,,,,7299.95323223,348840.40110957,-341540.44787734,7,-0.005568040273829804,-0.008211694526842648,0.0,0.0,-0.008178070662588958,0.0,0.008527660491482148,-0.014296676057203639,2,2,price=observed;tvl=observed;lp_amount=none,False
2024-05-14T05:00:00+00:00,1.4052466534655182e-05,1.4075541080511483e-05,1.3970603166214893e-05,1.4075541080511483e-05,1.405861557788663e-05,WETH,pool_swap_ratio,3,2329,41223019.784070425,,19866129,198400.98086444,,3,2,0.0,0.0,0.0,0.0,,0,0,,,,0.0,198400.98086444,-198400.98086444,3,0.02005301752980223,-0.004801323856422776,0.0,0.0,-0.004789815926169186,0.0,0.004789815926169186,0.001203923852322708,2,2,price=observed;tvl=observed;lp_amount=none,False
2024-05-14T06:00:00+00:00,1.3998628137030984e-05,1.4055802479736448e-05,1.3875741611155856e-05,1.4055802479736448e-05,1.3967086317490375e-05,WETH,pool_swap_ratio,12,1357,41274181.56508561,,19866509,1143622.24295765,,12,4,0.0,0.0,0.0,0.0,,0,0,,,,597392.01198642,546230.23097123,51161.78101519006,12,-0.0014033175466383408,0.0012403278350656749,0.0,0.0,0.0012410973597562645,0.0,0.02774232089128932,0.006351801673551538,2,2,price=observed;tvl=observed;lp_amount=none,False
2024-05-14T07:00:00+00:00,1.3848221540755225e-05,1.4137128419803017e-05,1.3848221540755225e-05,1.4057246577585674e-05,1.4101044094990677e-05,WETH,pool_swap_ratio,6,937,41027821.57449307,,19866843,409359.99059254,,6,5,0.0,0.0,0.0,0.0,,0,0,,,,81500.0,327859.99059254,-246359.99059254,6,0.00010273505712966691,-0.0059867492166236266,0.0,0.0,-0.005968864342083993,0.0,0.009918064394493607,-0.0031059769127707026,2,2,price=observed;tvl=observed;lp_amount=none,False
2024-05-14T08:00:00+00:00,1.4047564600576776e-05,1.4047564600576776e-05,1.3966987689845104e-05,1.3966987689845104e-05,1.3998822914122398e-05,WETH,pool_swap_ratio,2,553,41027281.651195414,,19867171,2573.29717488,,2,1,0.0,0.0,0.0,0.0,,0,0,,,,1016.68693861,1556.61023627,-539.9232976600001,2,-0.0064415105135168455,-1.3160017511199872e-05,0.0,0.0,-1.3159930918576226e-05,0.0,6.2720784972893e-05,-0.0022741357950301078,2,2,price=observed;tvl=observed;lp_amount=none,False
2024-05-14T09:00:00+00:00,1.4046359780469035e-05,1.4046359780469035e-05,1.4027477210862531e-05,1.4027477210862531e-05,1.4028570658001295e-05,WETH,pool_swap_ratio,2,253,41186107.5396694,,19867494,158825.88847399,,2,2,0.0,0.0,0.0,0.0,,0,0,,,,158825.88847399,0.0,158825.88847399,2,0.004321541088381487,0.0038637523066303073,0.0,0.0,0.0038712262202573264,0.0,0.0038712262202573264,-7.794430134189234e-05,2,2,price=observed;tvl=observed;lp_amount=none,False
2024-05-14T10:00:00+00:00,1.4006523461250346e-05,1.4075115667837389e-05,1.3984783206264615e-05,1.4075115667837389e-05,1.4026764262522186e-05,WETH,pool_swap_ratio,5,289,41228126.91240286,,19867785,192309.74880486,,5,4,0.0,0.0,0.0,0.0,,0,0,,,,117164.56076915999,75145.1880357,42019.37273345998,5,0.003390327918242843,0.0010197116227274913,0.0,0.0,0.0010202317053872596,0.0,0.0046692868127834655,0.0034470819078633586,2,2,price=observed;tvl=observed;lp_amount=none,False
2024-05-14T11:00:00+00:00,1.3998401197622701e-05,1.3998401197622701e-05,1.3853493286817007e-05,1.3853493286817007e-05,1.3963896023411934e-05,WETH,pool_swap_ratio,6,1033,41250848.459046684,,19868019,28071.27823101,,6,3,0.0,0.0,0.0,0.0,,0,0,,,,25396.41243742,2674.86579359,22721.54664383,6,-0.01587096825018694,0.0005509657974358184,0.0,0.0,0.0005511176069702687,0.0,0.00068087687540724,-0.00790629895910322,2,2,price=observed;tvl=observed;lp_amount=none,False
2024-05-14T12:00:00+00:00,1.3980725115778626e-05,1.3980725115778626e-05,1.3714173449734984e-05,1.3714173449734984e-05,1.3973640549594059e-05,WETH,pool_swap_ratio,2,1261,41375349.58113856,,19868295,124501.12209187,,2,2,0.0,0.0,0.0,0.0,,0,0,,,,124501.12209187,0.0,124501.12209187,2,-0.010107567283186139,0.003013601479176605,0.0,0.0,0.003018146941037422,0.0,0.003018146941037422,-0.018568325050168366,2,2,price=observed;tvl=observed;lp_amount=none,False
2024-05-14T13:00:00+00:00,1.39521356885396e-05,1.39521356885396e-05,1.3895497691627326e-05,1.3895497691627326e-05,1.392358423402222e-05,WETH,pool_swap_ratio,4,277,41738036.25691654,,19868670,362686.67577798,,4,4,0.0,0.0,0.0,0.0,,0,0,,,,362686.67577798,0.0,362686.67577798,4,0.013135024168053736,0.008727570758584609,0.0,0.0,0.00876576704365333,0.0,0.00876576704365333,-0.0020171919760620938,2,2,price=observed;tvl=observed;lp_amount=none,False
2024-05-14T14:00:00+00:00,1.386493710506879e-05,1.3920075922442216e-05,1.3814506923238817e-05,1.3858513761574987e-05,1.3875264462816902e-05,WETH,pool_swap_ratio,6,1009,41836360.8972511,,19868903,507637.3710283401,,6,5,0.0,0.0,0.0,0.0,,0,0,,,,302981.00568145,204656.36534689,98324.64033456001,6,-0.002665124787871676,0.0023529858197614975,0.0,0.0,0.002355756263407489,0.0,0.012162464182636718,-0.0012072347368083935,2,2,price=observed;tvl=observed;lp_amount=none,False
2024-05-14T15:00:00+00:00,1.384465713061075e-05,1.3883211579593737e-05,1.3791056195863222e-05,1.3883211579593737e-05,1.3838433237282157e-05,WETH,pool_swap_ratio,5,2257,42033135.88108211,,19869095,405336.64451725,,5,4,0.0,0.0,0.0,0.0,,0,0,,,,301055.81417413,104280.83034312,196774.98383100997,5,0.0017805543267497151,0.004692417444999522,0.0,0.0,0.004703444076177746,0.0,0.00968862099437246,0.0032357956673116917,2,2,price=observed;tvl=observed;lp_amount=none,False
2024-05-14T16:00:00+00:00,1.3797599011694146e-05,1.3858194108168058e-05,1.3750314815130276e-05,1.3778018391709345e-05,1.3800633492643434e-05,WETH,pool_swap_ratio,7,205,42180968.160114124,,19869559,419188.97903201997,,7,4,0.0,0.0,0.0,0.0,,0,0,,,,283510.62903202,135678.35,147832.27903202,7,-0.007605858098412458,0.0035108710723968954,0.0,0.0,0.003517041399201314,0.0,0.00997282192358826,-0.0016387002050408661,2,2,price=observed;tvl=observed;lp_amount=none,False
2024-05-14T17:00:00+00:00,1.3775042205834533e-05,1.3830226983976926e-05,1.373261061469175e-05,1.3830226983976926e-05,1.3775223347414291e-05,WETH,pool_swap_ratio,9,517,42302131.66121616,,19869828,484086.51668090996,,9,5,0.0,0.0,0.0,0.0,,0,0,,,,302625.00889147,181461.50778944002,121163.50110202996,9,0.0037821059463345793,0.002868350816443873,0.0,0.0,0.0028724684706644757,0.0,0.01147642023870512,0.003992939727758271,2,2,price=observed;tvl=observed;lp_amount=none,False
2024-05-14T18:00:00+00:00,1.386334299311728e-05,1.386334299311728e-05,1.3776629648512957e-05,1.3776629648512957e-05,1.384047464502568e-05,WETH,pool_swap_ratio,6,1153,42183185.86243698,,19870072,147759.9261443,,6,3,0.0,0.0,0.0,0.0,,0,0,,,,14407.06368256,133352.86246174,-118945.79877918001,6,-0.0038829051433002903,-0.0028157762994808094,0.0,0.0,-0.0028118157196374343,0.0,0.003492966437901063,-0.004612919581892361,2,2,price=observed;tvl=observed;lp_amount=none,False
2024-05-14T19:00:00+00:00,1.3859415205311373e-05,1.3881658834751316e-05,1.381378710947512e-05,1.381378710947512e-05,1.3876054499072024e-05,WETH,pool_swap_ratio,5,433,42025640.82392656,,19870428,173759.55077696,,5,3,0.0,0.0,0.0,0.0,,0,0,,,,8107.25613327,165652.29464369,-157545.03851041998,5,0.0026935064992169686,-0.0037417745508130777,0.0,0.0,-0.0037347828356110416,0.0,0.004119166137512822,-0.004487398748763138,2,2,price=observed;tvl=observed;lp_amount=none,False
2024-05-14T20:00:00+00:00,1.3810287569901965e-05,1.3861823603921736e-05,1.3788950428142926e-05,1.3861823603921736e-05,1.3797261173484097e-05,WETH,pool_swap_ratio,4,409,42172064.531649016,,19870727,152238.20772245002,,4,3,0.0,0.0,0.0,0.0,,0,0,,,,149330.95772245002,2907.25,146423.70772245002,4,0.0034713989283310315,0.0034780961004392654,0.0,0.0,0.0034841516952928,0.0,0.0036225077057189304,0.004679365681771408,2,2,price=observed;tvl=observed;lp_amount=none,False
2024-05-14T21:00:00+00:00,1.3724605288447373e-05,1.3769435137508067e-05,1.370716056005117e-05,1.370716056005117e-05,1.3740539897025215e-05,WETH,pool_swap_ratio,7,1945,42500116.252695724,,19870898,328151.29805286997,,7,5,0.0,0.0,0.0,0.0,,0,0,,,,328101.50954979,49.78850308,328051.72104671,7,-0.011220193354007924,0.007748787369348924,0.0,0.0,0.007778886916966464,0.0,0.00778124812472961,-0.0024292594922904476,2,2,price=observed;tvl=observed;lp_amount=none,False
2024-05-14T22:00:00+00:00,1.3784080350343485e-05,1.3784080350343485e-05,1.28627728685275e-05,1.3660839108096903e-05,1.3418636160457611e-05,WETH,pool_swap_ratio,6,865,42644695.84474084,,19871285,234925.57789162002,,6,4,0.0,0.0,0.0,0.0,,0,0,,,,189752.58496836998,45172.99292325,144579.59204511996,5,-0.0033850845329053514,0.003396090200723872,0.0,0.0,0.0034018634486899665,0.0,0.005527645536186481,0.018049744008487467,2,2,price=observed;tvl=observed;lp_amount=none,False
2024-05-14T23:00:00+00:00,1.3654426033224173e-05,1.3748763520829096e-05,1.356644100340031e-05,1.3720055430989697e-05,1.3670411859224032e-05,WETH,pool_swap_ratio,10,205,42668770.90551592,,19871635,162340.91283921,,10,5,0.0,0.0,0.0,0.0,,0,0,,,,93207.98680714,69132.92603207,24075.06077507,10,0.004325382074794488,0.0005643906485389596,0.0,0.0,0.0005645499469083225,0.0,0.0038068254356943836,0.0036314613105215,2,2,price=observed;tvl=observed;lp_amount=none,False
2024-05-15T00:00:00+00:00,1.3739564641174754e-05,1.3832403346656265e-05,1.3667021863694147e-05,1.3730900817342331e-05,1.3776364695072506e-05,WETH,pool_swap_ratio,14,349,42403032.84061694,,19871922,594307.11101329,,14,5,0.0,0.0,0.0,0.0,,0,0,,,,164284.52305716,430022.58795613,-265738.06489896995,14,0.0007901645989164497,-0.0062474031937892515,0.0,0.0,-0.00622792874646917,0.0,0.013928385992868199,-0.0033001360472431074,2,2,price=observed;tvl=observed;lp_amount=none,False
2024-05-15T01:00:00+00:00,1.3809662743852563e-05,1.3868056708695025e-05,1.3769810972559122e-05,1.3868056708695025e-05,1.3840804510050465e-05,WETH,pool_swap_ratio,8,661,42113959.33190228,,19872196,310340.43703042,,8,3,0.0,0.0,0.0,0.0,,0,0,,,,10633.46415788,299706.97287254,-289073.50871466,8,0.009939289942485963,-0.006840627630721804,0.0,0.0,-0.006817283796685477,0.0,0.0073188264197260825,0.001968975042221821,2,2,price=observed;tvl=observed;lp_amount=none,False
2024-05-15T02:00:00+00:00,1.3792872554926107e-05,1.3895466559262346e-05,1.3792872554926107e-05,1.3813942052891878e-05,1.3862022231069526e-05,WETH,pool_swap_ratio,7,949,42048542.229103304,,19872471,212207.85518279002,,7,4,0.0,0.0,0.0,0.0,,0,0,,,,73395.37619191,138812.47899088002,-65417.10279897001,7,-0.003909741142797598,-0.0015545430508738414,0.0,0.0,-0.0015533353747011638,0.0,0.005038895856605858,-0.0034684822586623643,2,2,price=observed;tvl=observed;lp_amount=none,False
2024-05-15T03:00:00+00:00,1.3893587482410849e-05,1.3893587482410849e-05,1.3788774959014831e-05,1.380234428749554e-05,1.3822226998904964e-05,WETH,pool_swap_ratio,7,241,42091973.28346456,,19872829,71788.39696059,,7,5,0.0,0.0,0.0,0.0,,0,0,,,,57609.72566092,14178.67129967,43431.05436125,7,-0.0008399222064262832,0.001032345902657089,0.0,0.0,0.0010328789551041749,0.0,0.0017072743347307457,-0.0014384593315533989,2,2,price=observed;tvl=observed;lp_amount=none,False
2024-05-15T04:00:00+00:00,1.3796697718853758e-05,1.3838068684086163e-05,1.3770668325634296e-05,1.3770668325634296e-05,1.3783336353837191e-05,WETH,pool_swap_ratio,7,193,42224493.934680626,,19873132,132950.44385084,,7,4,0.0,0.0,0.0,0.0,,0,0,,,,132735.54753344998,214.89631739,132520.65121605998,7,-0.002297607174120694,0.003143413492252548,0.0,0.0,0.0031483591972182377,0.0,0.0031585699951745517,-0.0009190828604692669,2,2,price=observed;tvl=observed;lp_amount=none,False
2024-05-15T05:00:00+00:00,1.37658504390281e-05,1.3865704412413033e-05,1.2773322483026668e-05,1.3179002925336104e-05,1.3658920095667154e-05,WETH,pool_swap_ratio,14,145,42575116.93887866,,19873433,393993.53497974,,14,6,8000.0,0.0,8000.0,8000.0,0.0,1,0,,,,376308.26958889,25685.26539085,350623.00419804,15,-0.04391597083600217,0.0082694955480031,0.00018946349037067528,0.00018946349037067528,0.008303782272451574,0.0,0.009330923790092786,-0.03513580626943469,2,2,price=observed;tvl=observed;lp_amount=quantified,False
2024-05-15T06:00:00+00:00,1.3672491627548452e-05,1.3672491627548452e-05,1.3642575408967641e-05,1.3642575408967641e-05,1.3659989430673925e-05,WETH,pool_swap_ratio,4,133,42704550.701008864,,19873733,129433.76213019999,,4,3,0.0,0.0,0.0,0.0,,0,0,,,,129433.76213019999,0.0,129433.76213019999,4,0.03457057193532481,0.0030355151491468987,0.0,0.0,0.0030401269905145916,0.0,0.0030401269905145916,-0.0012748195593168532,2,2,price=observed;tvl=observed;lp_amount=none,False
2024-05-15T07:00:00+00:00,1.3638921292409053e-05,1.3643085045644636e-05,1.36324080934761e-05,1.36324080934761e-05,1.3633009650835215e-05,WETH,pool_swap_ratio,3,1357,42745042.11002839,,19873930,41508.59098047,,3,3,0.0,0.0,0.0,0.0,,0,0,,,,41000.0,508.59098047,40491.40901953,3,-0.0007455414931102492,0.0009477262727232949,0.0,0.0,0.0009481755071731365,0.0,0.0009719945602773755,-4.412505928785837e-05,2,2,price=observed;tvl=observed;lp_amount=none,False
2024-05-15T08:00:00+00:00,1.3607881957138674e-05,1.3731818307436368e-05,1.3588931804173063e-05,1.3731818307436368e-05,1.3609487520604717e-05,WETH,pool_swap_ratio,4,493,42846632.49854431,,19874301,106441.65970444001,,4,2,0.0,0.0,0.0,0.0,,0,0,,,,104016.02411018,2425.6355942600003,101590.38851592,4,0.007265738108828185,0.002373839200754475,0.0,0.0,0.002376658987828811,0.0,0.0024901521778935803,0.00898864021488266,2,2,price=observed;tvl=observed;lp_amount=none,False
2024-05-15T09:00:00+00:00,1.366911261351724e-05,1.3771289867764866e-05,1.366911261351724e-05,1.3771289867764866e-05,1.3723334592338584e-05,WETH,pool_swap_ratio,14,229,42541363.83763013,,19874623,305524.8063693,,14,3,0.0,0.0,0.0,0.0,,0,0,,,,128.07272756,305396.73364174005,-305268.66091418004,14,0.002870336485390026,-0.007150184442469217,0.0,0.0,-0.0071246826906303865,0.0,0.007130660884018832,0.0034944331571609144,2,2,price=observed;tvl=observed;lp_amount=none,False
2024-05-15T10:00:00+00:00,1.3775316887241536e-05,1.388603509408282e-05,1.3729669526174519e-05,1.3839324946834842e-05,1.3806461487093988e-05,WETH,pool_swap_ratio,9,733,42275586.55874755,,19874880,285333.27888258,,9,5,0.0,0.0,0.0,0.0,,0,0,,,,9778.0,275555.27888258,-265777.27888258,9,0.004928192814580528,-0.0062670998554167955,0.0,0.0,-0.006247502545921804,0.0,0.00670719631772095,0.002380295615322936,2,2,price=observed;tvl=observed;lp_amount=none,False
2024-05-15T11:00:00+00:00,1.3753842737081291e-05,1.3753842737081291e-05,1.3494692154486004e-05,1.3660073728312419e-05,1.3705735752566055e-05,WETH,pool_swap_ratio,9,1057,42645421.65325439,,19875152,378482.48292284,,9,3,0.0,0.0,0.0,0.0,,0,0,,,,374158.78871483996,4323.694208,369835.09450684,9,-0.013036921966728156,0.008710151715641452,0.0,0.0,0.008748195462478207,0.0,0.008952743503555845,-0.0033315996366767298,2,2,price=observed;tvl=observed;lp_amount=none,False
2024-05-15T12:00:00+00:00,1.360138105826017e-05,1.4058383833752183e-05,1.360138105826017e-05,1.4058383833752183e-05,1.3904069728029151e-05,WETH,pool_swap_ratio,26,793,41339679.68113179,,19875473,1323642.9721226003,,26,11,0.0,0.0,0.0,0.0,,0,0,,,,8950.5,1314692.4721226005,-1305741.9721226005,26,0.028741680447206153,-0.03109711541803937,0.0,0.0,-0.03061857337792217,0.0,0.031038337078362302,0.01109848474162578,2,2,price=observed;tvl=observed;lp_amount=none,False
2024-05-15T13:00:00+00:00,1.4062596235693544e-05,1.4158553472954478e-05,1.400995655256116e-05,1.4088952291606849e-05,1.4113145586366075e-05,WETH,pool_swap_ratio,7,301,40894481.23691498,,19875813,586067.29138899,,7,7,0.0,0.0,0.0,0.0,,0,0,,,,70434.42358609001,515632.86780290003,-445198.44421681005,7,0.0021720328869720045,-0.01082768496160248,0.0,0.0,-0.010769276580050693,0.0,0.01417687064606072,-0.0017142383043647902,2,2,price=observed;tvl=observed;lp_amount=none,False
2024-05-15T14:00:00+00:00,1.418169120029417e-05,1.4376237672748047e-05,1.418169120029417e-05,1.4268845384236357e-05,1.428914500653483e-05,WETH,pool_swap_ratio,15,121,40209148.60466063,,19876126,1399457.75114415,,15,8,0.0,0.0,0.0,0.0,,0,0,,,,357062.5594449,1042395.1916992501,-685332.6322543501,15,0.01268755125871594,-0.016900573898135644,0.0,0.0,-0.016758560361335707,0.0,0.034221188503080355,-0.001420632395373489,2,2,price=observed;tvl=observed;lp_amount=none,False
2024-05-15T15:00:00+00:00,1.4233242602399164e-05,1.4243939918715232e-05,1.4144965272599904e-05,1.4144965272599904e-05,1.4188459572610775e-05,WETH,pool_swap_ratio,5,61,40732185.32325643,,19876428,673677.5219194801,,5,4,0.0,0.0,0.0,0.0,,0,0,,,,598357.12025764,75320.40166184,523036.7185958,5,-0.008719766458643858,0.012924027155209027,0.0,0.0,0.013007903344045812,0.0,0.01675433440640905,-0.003065470200502407,2,2,price=observed;tvl=observed;lp_amount=none,False
2024-05-15T16:00:00+00:00,1.4105583336838136e-05,1.4711317726941787e-05,1.4105583336838136e-05,1.4125838461807054e-05,1.4180355543973965e-05,WETH,pool_swap_ratio,11,577,40720894.247139305,,19876685,586292.2045807099,,11,7,0.0,0.0,0.0,0.0,,0,0,,,,287500.56423179,298791.64034891996,-11291.076117129938,11,-0.0013531142510726688,-0.00027724123505216465,0.0,0.0,-0.000277202807252357,0.0,0.014393831313685022,-0.0038445497362779024,2,2,price=observed;tvl=observed;lp_amount=none,False
2024-05-15T17:00:00+00:00,1.4223892215781985e-05,1.4249957866791392e-05,1.415115696784474e-05,1.4249957866791392e-05,1.4234673527342568e-05,WETH,pool_swap_ratio,5,769,40485327.64626447,,19876969,236417.57819248998,,5,4,0.0,0.0,0.0,0.0,,0,1,,,1.0,6394.06602485,241960.66689967999,-235566.60087482998,6,0.00874831459519997,-0.005801704749757772,0.0,0.0,-0.005784907360952144,0.0,0.005805805166204046,0.0010737400769651462,2,2,price=observed;tvl=observed;lp_amount=quantified,False
2024-05-15T18:00:00+00:00,1.4212984054619733e-05,1.4324781778304882e-05,1.4212984054619733e-05,1.4264206654469705e-05,1.4306267736688805e-05,WETH,pool_swap_ratio,6,1825,40130795.94899547,,19877181,364171.697269,,6,5,0.0,0.0,0.0,0.0,,0,0,,,,4820.0,359351.69726900005,-354531.69726900005,6,0.0009994182963842732,-0.008795609788309533,0.0,0.0,-0.008757041572361148,0.0,0.00899515252663644,-0.0029400457892475584,2,2,price=observed;tvl=observed;lp_amount=none,False
2024-05-15T19:00:00+00:00,1.4262195037215155e-05,1.4443777665994125e-05,1.4167277179242803e-05,1.4167277179242803e-05,1.4382170120379818e-05,WETH,pool_swap_ratio,6,13,39687358.897810146,,19877629,559934.0328161401,,6,4,0.0,0.0,0.0,0.0,,0,0,,,,58248.490815410005,501685.54200073,-443437.05118532,6,-0.006818486951206465,-0.011111297029837057,0.0,0.0,-0.011049794570456803,0.0,0.013952726816776631,-0.014941621420018314,2,2,price=observed;tvl=observed;lp_amount=none,False
2024-05-15T20:00:00+00:00,1.4285418001199532e-05,1.4498985098060727e-05,1.4195121547931468e-05,1.4407028746448272e-05,1.4463801213667605e-05,WETH,pool_swap_ratio,10,409,39548607.28120204,,19877893,221779.58710275,,10,6,0.0,0.0,0.0,0.0,,0,0,,,,41513.98524732,180265.60185543002,-138751.61660811002,10,0.0167813135494597,-0.00350224185109045,0.0,0.0,-0.0034961161554080133,0.0,0.005588166944386598,-0.003925141557233558,2,2,price=observed;tvl=observed;lp_amount=none,False
2024-05-15T21:00:00+00:00,1.4118911949241563e-05,1.4405583133304044e-05,1.4118911949241563e-05,1.4352162053058827e-05,1.4374353147215204e-05,WETH,pool_swap_ratio,8,313,39794766.445186645,,19878201,246159.1639846,,8,4,0.0,0.0,0.0,0.0,,0,0,,,,246159.1639846,0.0,246159.1639846,8,-0.0038155983134564716,0.006204927827162527,0.0,0.0,0.006224218269794865,0.0,0.006224218269794865,-0.0015437977576525652,2,2,price=observed;tvl=observed;lp_amount=none,False
2024-05-15T22:00:00+00:00,1.4327834638573807e-05,1.4327834638573807e-05,1.4216957944361819e-05,1.4308407334873472e-05,1.4325205310930601e-05,WETH,pool_swap_ratio,3,1189,39952675.05196648,,19878428,162091.99117422,,3,3,0.0,0.0,0.0,0.0,,0,0,,,,160000.29897703,2091.69219719,157908.60677984002,3,-0.003053306554082595,0.003960222677829537,0.0,0.0,0.003968074721517552,0.0,0.00407319870560079,-0.0011726167752940109,2,2,price=observed;tvl=observed;lp_amount=none,False
2024-05-15T23:00:00+00:00,1.4169569993076302e-05,1.6615633241692677e-05,1.3923185392247522e-05,1.4275469041112639e-05,1.469879268233842e-05,WETH,pool_swap_ratio,10,661,40087032.41741974,,19878766,252308.67319976,,10,6,0.0,0.0,0.0,0.0,,0,0,,,,193333.01932650997,58975.65387324999,134357.36545325996,9,-0.002304677497690387,0.00335727093212525,0.0,0.0,0.0033629128782616236,0.0,0.006315188479158952,-0.028799891962176694,2,2,price=observed;tvl=observed;lp_amount=none,False
2024-05-16T00:00:00+00:00,1.4274500824069219e-05,1.4374382437597192e-05,1.4249848175147415e-05,1.4335450889752155e-05,1.4309544044694725e-05,WETH,pool_swap_ratio,8,733,40185332.89864385,,19879057,349569.22254611,,8,4,0.0,0.0,0.0,0.0,,0,0,,,,223934.85188511,125634.370661,98300.48122411,8,0.004192940084525012,0.0024491748804128955,0.0,0.0,0.0024521765592554496,0.0,0.008720256937607718,0.0018104591576442175,2,2,price=observed;tvl=observed;lp_amount=none,False
2024-05-16T01:00:00+00:00,1.4364923102472142e-05,1.4458936168058347e-05,1.4364923102472142e-05,1.4441606965522181e-05,1.440213692954182e-05,WETH,pool_swap_ratio,7,577,39645725.058814324,,19879368,539607.83982953,,7,5,0.0,0.0,0.0,0.0,,0,0,,,,0.0,539607.83982953,-539607.83982953,7,0.007377860366040003,-0.013518950441827661,0.0,0.0,-0.013427979835094021,0.0,0.013427979835094021,0.002740568026360135,2,2,price=observed;tvl=observed;lp_amount=none,False
2024-05-16T02:00:00+00:00,1.4482269548181941e-05,1.4536932112632779e-05,1.4425949423713417e-05,1.4425949423713417e-05,1.4485606433619881e-05,WETH,pool_swap_ratio,9,577,39473237.87199384,,19879668,434366.54469578,,9,7,0.0,0.0,0.0,0.0,,0,0,,,,130939.67893765,303426.86575813,-172487.18682047998,9,-0.0010847848105377375,-0.0043602052832688015,0.0,0.0,-0.004350713388759966,0.0,0.010956201306733535,-0.004118364680128717,2,2,price=observed;tvl=observed;lp_amount=none,False
2024-05-16T03:00:00+00:00,1.4423610797903226e-05,1.4596313595743078e-05,1.4422437404162195e-05,1.4596313595743078e-05,1.4554746134542462e-05,WETH,pool_swap_ratio,10,649,39042362.16498295,,19879960,498532.94151913,,10,6,0.0,0.0,0.0,0.0,,0,0,,,,33828.61725412,464704.32426501,-430875.70701089,10,0.011740375226869673,-0.010975654067526562,0.0,0.0,-0.010915641336749706,0.0,0.012629643991602671,0.0028559385932513948,2,2,price=observed;tvl=observed;lp_amount=none,False
2024-05-16T04:00:00+00:00,1.4625002825771717e-05,1.4677021043712114e-05,1.4583864184007682e-05,1.4591797963314121e-05,1.4645134154920947e-05,WETH,pool_swap_ratio,6,781,38806317.57782088,,19880245,285262.94796355,,6,4,0.0,0.0,0.0,0.0,,0,0,,,,24609.18040074,260653.76756280998,-236044.58716206998,6,-0.0003094158699404739,-0.006064208444186497,0.0,0.0,-0.006045858244042879,0.0,0.007306498176470531,-0.0036419052937731733,2,2,price=observed;tvl=observed;lp_amount=none,False
2024-05-16T05:00:00+00:00,1.4677446074327226e-05,1.4730076941396123e-05,1.4590680519922256e-05,1.4647373396835059e-05,1.4673348565882536e-05,WETH,pool_swap_ratio,10,277,38573780.65280895,,19880585,445788.48716858996,,10,5,0.0,0.0,0.0,0.0,,0,0,,,,106625.78107833,339162.70609025995,-232536.92501192994,10,0.003801441549960431,-0.006010269573949393,0.0,0.0,-0.005992244034637098,0.0,0.011487523552695273,-0.0017702277657243304,2,2,price=observed;tvl=observed;lp_amount=none,False
2024-05-16T06:00:00+00:00,1.4645936980043236e-05,1.486522148645749e-05,1.4645936980043236e-05,1.486522148645749e-05,1.4799117926026308e-05,WETH,pool_swap_ratio,9,61,38056302.41458145,,19880901,523996.2382275,,9,4,0.0,0.0,0.0,0.0,,0,0,,,,3259.0,520737.2382275,-517478.2382275,9,0.014763327131435421,-0.013506082305368842,0.0,0.0,-0.01341528441002884,0.0,0.01358425929114476,0.0044667230007626735,2,2,price=observed;tvl=observed;lp_amount=none,False
2024-05-16T07:00:00+00:00,1.487648085026151e-05,1.4984682991026644e-05,1.4779719902210988e-05,1.4984682991026644e-05,1.4931659415071439e-05,WETH,pool_swap_ratio,7,25,37569981.783410065,,19881201,486320.63117139,,7,4,0.0,0.0,0.0,0.0,,0,0,,,,0.0,486320.63117139,-486320.63117139,7,0.008004189256555688,-0.012861330951014075,0.0,0.0,-0.012778977470629255,0.0,0.012778977470629255,0.003551083940589006,2,2,price=observed;tvl=observed;lp_amount=none,False
2024-05-16T08:00:00+00:00,1.5022315045427288e-05,1.5022315045427288e-05,1.4813169415256248e-05,1.4813169415256248e-05,1.4909054167946142e-05,WETH,pool_swap_ratio,11,85,37954653.67584198,,19881493,693389.8993583,,11,7,0.0,0.0,0.0,0.0,,0,0,,,,539030.8958951101,154359.00346319002,384671.89243192005,11,-0.011511934992876074,0.010186748112903484,0.0,0.0,0.010238809660583366,0.0,0.01845595516536777,-0.006431310236704513,2,2,price=observed;tvl=observed;lp_amount=none,False
2024-05-16T09:00:00+00:00,1.4800795038049622e-05,1.4818620359207161e-05,1.4702886064140638e-05,1.4818620359207161e-05,1.4767460258539495e-05,WETH,pool_swap_ratio,10,469,38205666.3362923,,19881761,569599.79494334,,10,5,0.0,0.0,0.0,0.0,,0,0,,,,410306.22769683,159293.56724651,251012.66045032,10,0.00036791189826118327,0.006591715194986181,0.0,0.0,0.006613488364144626,0.0,0.015007376955882713,0.003464380453509719,2,2,price=observed;tvl=observed;lp_amount=none,False
2024-05-16T10:00:00+00:00,1.4739469653592366e-05,1.480356986290647e-05,1.3965414749556667e-05,1.479686718664559e-05,1.4554450977468138e-05,WETH,pool_swap_ratio,13,217,38330540.910043016,,19882081,254853.50458885997,,13,4,0.0,0.0,0.0,0.0,,0,0,,,,189864.03916979,64989.465419069995,124874.57375072,11,-0.0014690405781759154,0.003263153193779659,0.0,0.0,0.003268483073991023,0.0,0.006670568243610758,0.01665581268250782,2,2,price=observed;tvl=observed;lp_amount=none,False
2024-05-16T11:00:00+00:00,1.469385319785815e-05,1.47851952414017e-05,1.458907227636377e-05,1.4693667020325353e-05,1.4722877725620481e-05,WETH,pool_swap_ratio,6,205,38393690.50253284,,19882380,210646.67136684002,,6,6,0.0,0.0,0.0,0.0,,0,0,,,,136898.13192833,73748.53943851,63149.59248982,6,-0.0069988957720026595,0.0016461450466787194,0.0,0.0,0.0016475006871941671,0.0,0.005495530883876682,-0.0019840350398547812,2,2,price=observed;tvl=observed;lp_amount=none,False
2024-05-16T12:00:00+00:00,1.4683427032774442e-05,1.4746704577494815e-05,1.4566438180969762e-05,1.4639484891283035e-05,1.4622651165289417e-05,WETH,pool_swap_ratio,11,1009,38955050.772400096,,19882612,574926.01146108,,11,5,0.0,0.0,0.0,0.0,,0,0,,,,568143.1406641699,6782.87079691,561360.2698672599,11,-0.0036942631209096978,0.01451530087879372,0.0,0.0,0.014621159428011402,0.0,0.014974492004699368,0.0011512088884111371,2,2,price=observed;tvl=observed;lp_amount=none,False
2024-05-16T13:00:00+00:00,1.4540778331920958e-05,1.4846538005156992e-05,1.4540778331920958e-05,1.4738607786324716e-05,1.4552558558860923e-05,WETH,pool_swap_ratio,4,433,39040415.22009835,,19882956,96572.00241883,,4,4,0.0,0.0,0.0,0.0,,0,0,,,,90968.22505854,5603.777360290001,85364.44769825,4,0.00674810800520341,0.0021889601067862407,0.0,0.0,0.002191357629001764,0.0,0.0024790624194809645,0.01278464035800142,2,2,price=observed;tvl=observed;lp_amount=none,False
2024-05-16T14:00:00+00:00,1.4618828836922347e-05,1.4794164815459665e-05,1.4498796628610604e-05,1.4498796628610604e-05,1.455202682957604e-05,WETH,pool_swap_ratio,7,325,39221942.81358474,,19883264,394212.81539737,,7,5,0.0,0.0,0.0,0.0,,0,0,,,,287870.20444188,106342.61095549,181527.59348639,7,-0.01640477604543962,0.004638958589688195,0.0,0.0,0.004649735215749909,0.0,0.010097556933626716,-0.003657923503635252,2,2,price=observed;tvl=observed;lp_amount=none,False
2024-05-16T15:00:00+00:00,1.4282793153097594e-05,1.4847012980675102e-05,1.4282793153097594e-05,1.4842288746185285e-05,1.472489986959238e-05,WETH,pool_swap_ratio,17,133,38121958.635628335,,19883580,1301701.4178531698,,17,7,0.0,0.0,0.0,0.0,,0,0,,,,100858.61994838002,1200842.79790479,-1099984.17795641,17,0.02341479917462157,-0.02844589758495073,0.0,0.0,-0.02804512217011913,0.0,0.0331880912692147,0.00797213411517439,2,2,price=observed;tvl=observed;lp_amount=none,False
2024-05-16T16:00:00+00:00,1.4871814191822475e-05,1.4945486522638266e-05,1.4646639860954855e-05,1.4851754814325368e-05,1.4851968956923702e-05,WETH,pool_swap_ratio,11,673,38078826.83918498,,19883833,900703.83011219,,11,5,0.0,0.0,0.0,0.0,,0,0,,,,428786.01683442004,471917.81327777,-43131.79644334997,11,0.0006375735552119287,-0.001132056599703113,0.0,0.0,-0.0011314160653602804,0.0,0.023626903295320266,-1.4418465252297175e-05,2,2,price=observed;tvl=observed;lp_amount=none,False
2024-05-16T17:00:00+00:00,1.4863283530828733e-05,1.4863283530828733e-05,1.4751861975107497e-05,1.4854060097111424e-05,1.4813376385603777e-05,WETH,pool_swap_ratio,5,1117,38058938.65022563,,19884093,204574.56320814998,,5,4,0.0,0.0,0.0,0.0,,0,0,,,,92343.18712439999,112231.37608375,-19888.18895935001,5,0.00015520751055345268,-0.0005224264012436463,0.0,0.0,-0.0005222899603326038,0.0,0.005372396688377824,0.002746417187318828,2,2,price=observed;tvl=observed;lp_amount=none,False
2024-05-16T18:00:00+00:00,1.476601322941913e-05,1.4842676927976482e-05,1.4618526235465566e-05,1.4751671870616317e-05,1.476332138957877e-05,WETH,pool_swap_ratio,9,181,38172457.65652389,,19884467,122561.33979708,,9,5,0.0,0.0,0.0,0.0,,0,0,,,,118040.17304767,4521.16674941,113519.00629826,9,-0.006916811569705127,0.0029782765555589103,0.0,0.0,0.0029827160274104756,0.0,0.0032203036696177917,-0.0007890852373284574,2,2,price=observed;tvl=observed;lp_amount=none,False
2024-05-16T19:00:00+00:00,1.4840308447574147e-05,1.4879793833441394e-05,1.4752296267269032e-05,1.4879793833441394e-05,1.4855723085831075e-05,WETH,pool_swap_ratio,6,289,38004849.85637343,,19884757,183736.27088012,,6,5,0.0,0.0,0.0,0.0,,0,0,,,,8064.2353648299995,175672.03551529,-167607.80015045998,6,0.008647750506531358,-0.004400472426445872,0.0,0.0,-0.004390804533954728,0.0,0.004813320445159192,0.0016203013122448873,2,2,price=observed;tvl=observed;lp_amount=none,False
2024-05-16T20:00:00+00:00,1.4710236412989894e-05,1.4911636222368139e-05,1.4710236412989894e-05,1.4911636222368139e-05,1.4883282861654123e-05,WETH,pool_swap_ratio,4,1129,37863780.83503381,,19884985,183969.32016222,,4,3,0.0,0.0,0.0,0.0,,0,1,,,1.0,23150.84672416,164219.86806378,-141069.02133962,5,0.0021376886569711368,-0.0037187750095832106,0.0,0.0,-0.0037118689291693826,0.0,0.004840680093658317,0.0019050474937265527,2,2,price=observed;tvl=observed;lp_amount=quantified,False
2024-05-16T21:00:00+00:00,1.4934388402443482e-05,1.498029720299852e-05,1.4744256905262707e-05,1.498029720299852e-05,1.4933912087856936e-05,WETH,pool_swap_ratio,12,469,37589318.855017826,,19885339,469813.43139690993,,12,6,0.0,0.0,0.0,0.0,,0,0,,,,97675.72569046,372137.70570645,-274461.98001599,12,0.004593955192358225,-0.007275067337743878,0.0,0.0,-0.007248668092913782,0.0,0.01240799046042995,0.0031060257264605706,2,2,price=observed;tvl=observed;lp_amount=none,False
2024-05-16T22:00:00+00:00,1.490664919242677e-05,1.5040615678501264e-05,1.4876423728060881e-05,1.5040615678501264e-05,1.499041160837663e-05,WETH,pool_swap_ratio,10,373,37376834.48084725,,19885645,312183.85179206,,10,6,4632524.41754803,4701927.70080789,-69403.28325986024,9334452.118355919,0.9925648251895385,1,1,,,1.0,4717180.216168129,4929664.5903386995,-212484.37417057063,12,0.0040184358755848614,-0.005668823428718268,-0.0018463565016314614,0.2483272483430451,-0.005652785968006599,0.12508680242233827,0.008305121276502896,0.0033490788269336935,2,2,price=observed;tvl=observed;lp_amount=quantified,False
2024-05-16T23:00:00+00:00,1.4959105356453158e-05,1.5046396628820227e-05,1.4831009702562078e-05,1.4947444720187585e-05,1.496748750420978e-05,WETH,pool_swap_ratio,12,457,37447825.99366338,,19885938,95016.01688195,,12,7,0.0,0.0,0.0,0.0,,0,0,,,,83003.76484903999,12012.252032909999,70991.51281613,12,-0.006213890253068945,0.0018975437687885261,0.0,0.0,0.0018993452442450066,0.0,0.00254210979077531,-0.0013390880745053346,2,2,price=observed;tvl=observed;lp_amount=none,False
2024-05-17T00:00:00+00:00,1.4943615381824607e-05,1.499752381916368e-05,1.486788520317038e-05,1.4881923608191313e-05,1.4903065447279204e-05,WETH,pool_swap_ratio,9,781,37751149.19376062,,19886210,303523.70009724004,,9,3,0.0,0.0,0.0,0.0,,0,0,,,,303423.45009724004,100.25,303323.20009724004,9,-0.004393067707603511,0.008067260075808186,0.0,0.0,0.008099888098939734,0.0,0.008105242214824431,-0.0014186235149192816,2,2,price=observed;tvl=observed;lp_amount=none,False
2024-05-17T01:00:00+00:00,1.482086522692408e-05,1.4853054251922502e-05,1.480238866584139e-05,1.480238866584139e-05,1.4829351416431284e-05,WETH,pool_swap_ratio,6,349,37973818.956233025,,19886545,222669.76247241,,6,4,0.0,0.0,0.0,0.0,,0,0,,,,222669.76247241,0.0,222669.76247241,6,-0.0053587317060104205,0.005881029987675251,0.0,0.0,0.005898357195155587,0.0,0.005898357195155587,-0.0018182016079285601,2,2,price=observed;tvl=observed;lp_amount=none,False
2024-05-17T02:00:00+00:00,1.4796141195295222e-05,1.4796141195295222e-05,1.4751929611934266e-05,1.4751929611934266e-05,1.4774357073219618e-05,WETH,pool_swap_ratio,9,1093,38175081.00669523,,19886782,201262.05046221,,9,5,0.0,0.0,0.0,0.0,,0,0,,,,201262.05046221,0.0,201262.05046221,9,-0.00341466871014115,0.005286025647114629,0.0,0.0,0.005300021330332245,0.0,0.005300021330332245,-0.0015179991368967638,2,2,price=observed;tvl=observed;lp_amount=none,False
2024-05-17T03:00:00+00:00,1.4740949253057041e-05,1.4882336407718108e-05,1.4722443611901754e-05,1.4745244735530187e-05,1.4766360606598183e-05,WETH,pool_swap_ratio,10,109,38231548.71176877,,19887163,206694.85523280996,,10,5,0.0,0.0,0.0,0.0,,0,0,,,,131581.28015317,75113.57507964001,56467.705073529985,10,-0.0004532553823481935,0.0014780841809715693,0.0,0.0,0.0014791770857965317,0.0,0.005414392053197198,-0.0014299983340892997,2,2,price=observed;tvl=observed;lp_amount=none,False
2024-05-17T04:00:00+00:00,1.4821133230700404e-05,1.4826994315264834e-05,1.47321310772542e-05,1.4737049739945035e-05,1.4782030486841555e-05,WETH,pool_swap_ratio,5,421,38267852.851220034,,19887435,109242.3146383,,5,4,5852636.01268899,5810188.03583663,42447.97685236018,11662824.04852562,0.9963604032200308,1,1,,,1.0,5904185.25130759,5867881.111856329,36304.13945126068,7,-0.0005559265954030016,0.0009491353248503938,0.001110286616228379,0.30505758834026697,0.0009495858963224585,0.15197365086201928,0.002857386590898738,-0.003042934252947216,2,2,price=observed;tvl=observed;lp_amount=quantified,False
2024-05-17T05:00:00+00:00,1.4725168250533904e-05,1.4811910514669703e-05,1.457970519178471e-05,1.4640421918008334e-05,1.4754016996694196e-05,WETH,pool_swap_ratio,9,1,38252396.74077391,,19887767,249570.44523274,,9,4,0.0,0.0,0.0,0.0,,0,0,,,,117057.16739331,132513.27783943,-15456.110446120001,9,-0.006578385745844345,-0.0004039743921049053,0.0,0.0,-0.0004038928054367502,0.0,0.006521673588613251,-0.0076992644587107195,2,2,price=observed;tvl=observed;lp_amount=none,False
2024-05-17T06:00:00+00:00,1.4722302595884617e-05,1.4782230627077328e-05,1.4652532335085468e-05,1.4782230627077328e-05,1.4718961133540781e-05,WETH,pool_swap_ratio,7,157,38366597.79829862,,19888053,525776.14139811,,7,3,0.0,0.0,0.0,0.0,,0,0,,,,319988.59946141,205787.5419367,114201.05752471002,7,0.00963949847290465,0.0029810138538574112,0.0,0.0,0.0029854614940501515,0.0,0.013744920219278074,0.004298502656710834,2,2,price=observed;tvl=observed;lp_amount=none,False
2024-05-17T07:00:00+00:00,1.4800034558946573e-05,1.4835578389793318e-05,1.4717819386766486e-05,1.4726088296539877e-05,1.4788739904448203e-05,WETH,pool_swap_ratio,7,1477,38270673.5216283,,19888241,307588.18865952,,7,5,0.0,0.0,0.0,0.0,,0,0,,,,105831.95599460001,201756.23266492,-95924.27667032,7,-0.003805191236099126,-0.002503333563737156,0.0,0.0,-0.0025002028372339492,0.0,0.008017082731092725,-0.004236439907194578,2,2,price=observed;tvl=observed;lp_amount=none,False
2024-05-17T08:00:00+00:00,1.4704428486750391e-05,1.4784536925761318e-05,1.4509192784879604e-05,1.463928754074222e-05,1.4612439914142122e-05,WETH,pool_swap_ratio,12,25,39181694.13655903,,19888655,925871.9506160299,,12,6,0.0,0.0,0.0,0.0,,0,0,,,,918446.28277338,7425.66784265,911020.6149307301,12,-0.005911792791659258,0.023525752922950952,0.0,0.0,0.02380466636982168,0.0,0.024192726843251987,0.0018373130536615268,2,2,price=observed;tvl=observed;lp_amount=none,False
2024-05-17T09:00:00+00:00,1.4595831429720653e-05,1.4640670947117623e-05,1.4520608153946417e-05,1.4520608153946417e-05,1.4618141873162962e-05,WETH,pool_swap_ratio,4,541,38922502.42159107,,19888909,260002.00152796,,4,2,0.0,0.0,0.0,0.0,,0,0,,,,405.14328,259596.85824796002,-259191.71496796003,4,-0.008139949698973407,-0.006637099614678012,0.0,0.0,-0.00661512271686378,0.0,0.00663580294975968,-0.00667210101412441,2,2,price=observed;tvl=observed;lp_amount=none,False
2024-05-17T10:00:00+00:00,1.4643628369458743e-05,1.4716926862256524e-05,1.4643628369458743e-05,1.4716926862256524e-05,1.4694168396849052e-05,WETH,pool_swap_ratio,4,1609,38574411.36284098,,19889118,348091.0587500901,,4,3,0.0,0.0,0.0,0.0,,0,0,,,,0.0,348091.05875009,-348091.05875009,4,0.013429426159943669,-0.008983413215067385,0.0,0.0,-0.008943182917165086,0.0,0.008943182917165088,0.0015488093502693534,2,2,price=observed;tvl=observed;lp_amount=none,False
2024-05-17T11:00:00+00:00,1.4649030276906313e-05,1.4649030276906313e-05,1.4452788614918527e-05,1.4641194130207494e-05,1.4618040865683478e-05,WETH,pool_swap_ratio,7,37,38627829.11539749,,19889547,66848.02974838999,,7,3,0.0,0.0,0.0,0.0,,0,0,,,,60132.89115245,6715.13859594,53417.75255651,7,-0.005159247082273931,0.0013838396593220104,0.0,0.0,0.0013847976072544226,0.0,0.0017329630546944704,0.001583882870266784,2,2,price=observed;tvl=observed;lp_amount=none,False
2024-05-17T12:00:00+00:00,1.4728945244239213e-05,1.481563456535118e-05,1.4551031472432953e-05,1.4551031472432953e-05,1.4767730514460996e-05,WETH,pool_swap_ratio,8,301,38313654.7638765,,19889823,544709.4014182901,,8,4,0.0,0.0,0.0,0.0,,0,0,,,,115267.52494865,429441.87646964006,-314174.3515209901,8,-0.006177188796861304,-0.008166624343617692,0.0,0.0,-0.00813336805913736,0.0,0.014101475902024294,-0.01467382153377228,2,2,price=observed;tvl=observed;lp_amount=none,False
2024-05-17T13:00:00+00:00,1.4521822108100227e-05,1.4805454791729407e-05,1.4521822108100227e-05,1.4632050416978518e-05,1.467551221011359e-05,WETH,pool_swap_ratio,8,877,38649052.784681164,,19890074,348117.65695473,,8,4,0.0,0.0,0.0,0.0,,0,0,,,,341757.83887970005,6359.81807503,335398.02080467006,8,0.005552474067230878,0.008715913323593522,0.0,0.0,0.0087540074908462,0.0,0.009085994512926184,-0.002961517970399785,2,2,price=observed;tvl=observed;lp_amount=none,False
2024-05-17T14:00:00+00:00,1.4629081822990628e-05,1.4629081822990628e-05,1.4410000787185037e-05,1.4624891353418136e-05,1.4591248060202121e-05,WETH,pool_swap_ratio,4,289,38680951.36681368,,19890420,44350.84486395,,4,4,0.0,0.0,0.0,0.0,,0,0,,,,38124.71349823,6226.13136572,31898.582132509997,4,-0.0004893924839752706,0.0008249988938127056,0.0,0.0,0.0008253392990048448,0.0,0.0011475273433228558,0.002305717309253108,2,2,price=observed;tvl=observed;lp_amount=none,False
2024-05-17T15:00:00+00:00,1.4726500783053434e-05,1.4797801117473226e-05,1.4706655993869993e-05,1.4706655993869993e-05,1.4751982837763828e-05,WETH,pool_swap_ratio,8,373,38361753.0028493,,19890711,376693.59141681006,,8,5,0.0,0.0,0.0,0.0,,0,0,,,,28747.61372622,347945.97769059,-319198.36396437004,8,0.0055752157412436035,-0.008286318425664192,0.0,0.0,-0.008252081520368867,0.0,0.009738477935679583,-0.0030725933179506226,2,2,price=observed;tvl=observed;lp_amount=none,False
2024-05-17T16:00:00+00:00,1.4806002592219488e-05,1.5196813829378894e-05,1.4799577452555365e-05,1.4799577452555365e-05,1.499420035213802e-05,WETH,pool_swap_ratio,27,85,38090109.787531964,,19891033,3277735.5251548896,,27,11,0.0,0.0,0.0,0.0,,0,0,,,,1503046.15491877,1774689.3702361197,-271643.21531734965,27,0.006298449854020636,-0.007106284884390389,0.0,0.0,-0.007081094946239121,0.0,0.08544279832340917,-0.012979878553837199,2,2,price=observed;tvl=observed;lp_amount=none,False
2024-05-17T17:00:00+00:00,1.4874703856686993e-05,1.5016051170216933e-05,1.4697984145846804e-05,1.4697984145846804e-05,1.4773532044136042e-05,WETH,pool_swap_ratio,13,577,38408507.13896117,,19891289,564555.84638388,,13,6,0.0,0.0,0.0,0.0,,0,0,,,,441476.59890655,123079.24747733,318397.35142921994,13,-0.006888278413961893,0.008324312329024213,0.0,0.0,0.008359055755030691,0.0,0.014821586221016252,-0.0051137329965196265,2,2,price=observed;tvl=observed;lp_amount=none,False
2024-05-17T18:00:00+00:00,1.4632397482915016e-05,1.4721488067522985e-05,1.4632397482915016e-05,1.4650615216757552e-05,1.467090466527326e-05,WETH,pool_swap_ratio,9,73,38585488.02347494,,19891625,181771.26117110002,,9,5,0.0,0.0,0.0,0.0,,0,0,,,,179376.07284243,2395.18832867,176980.88451376001,9,-0.0032280225462570818,0.004597272705400454,0.0,0.0,0.004607856376022294,0.0,0.004732578137271917,-0.0013829718738295194,2,2,price=observed;tvl=observed;lp_amount=none,False
2024-05-17T19:00:00+00:00,1.464693078338772e-05,1.4739739396672604e-05,1.4643812503741073e-05,1.4739739396672604e-05,1.4715459708795967e-05,WETH,pool_swap_ratio,5,49,38543112.79166279,,19891925,87411.65130952999,,5,4,0.0,0.0,0.0,0.0,,1,0,,,,22518.20974869,64893.44156084,-42375.23181215,5,0.006064877696993246,-0.001098820298254577,0.0,0.0,-0.001098216816290348,0.0,0.002265402248025211,0.0016499442326034508,2,2,price=observed;tvl=observed;lp_amount=quantified,False
2024-05-17T20:00:00+00:00,1.4748382429115561e-05,1.474857393289386e-05,1.4659146555498377e-05,1.4660193595478053e-05,1.470620286731188e-05,WETH,pool_swap_ratio,6,1225,38541871.75382832,,19892127,29768.358281429995,,6,3,0.0,0.0,0.0,0.0,,0,0,,,,14263.66022348,15504.698057950001,-1241.037834470002,6,-0.005411304530669757,-3.219921082933569e-05,0.0,0.0,-3.219869244028597e-05,0.0,0.0007723392358665217,-0.0031285622977562655,2,2,price=observed;tvl=observed;lp_amount=none,False
2024-05-17T21:00:00+00:00,1.475531939534311e-05,1.47823170205692e-05,1.4670113605880632e-05,1.47823170205692e-05,1.4768824306808978e-05,WETH,pool_swap_ratio,4,913,38377437.76708836,,19892450,165205.98673996,,4,2,0.0,0.0,0.0,0.0,,0,0,,,,386.0,164819.98673996,-164433.98673996,4,0.008295768459319224,-0.0042754995657239905,0.0,0.0,-0.004266372629492935,0.0,0.004286402793179091,0.0009135943037794636,2,2,price=observed;tvl=observed;lp_amount=none,False
2024-05-17T22:00:00+00:00,1.4797404376345106e-05,1.4820107725693012e-05,1.4741985035897662e-05,1.4741985035897662e-05,1.4804845208739565e-05,WETH,pool_swap_ratio,7,1537,38218088.30394941,,19892694,200684.7291152,,7,5,0.0,0.0,0.0,0.0,,0,1,,,1.0,22889.49232474,182238.95546369,-159349.46313895,8,-0.0027321228242792152,-0.00416080941551873,0.0,0.0,-0.004152165241099148,0.0,0.005229237301696644,-0.0042459189512359385,2,2,price=observed;tvl=observed;lp_amount=quantified,False
2024-05-17T23:00:00+00:00,1.4740529081090845e-05,1.4740529081090845e-05,1.4658766580032929e-05,1.469012907781178e-05,1.4709506989363327e-05,WETH,pool_swap_ratio,6,841,38471689.919513606,,19893051,327715.54276149,,6,4,47766.29778422,121657.88319992,-73891.58541570001,169424.18098414,0.5638663561099517,1,1,,,1.0,375481.84054571,121880.22498151,253601.6155642,8,-0.003523770772518107,0.0066137246930373025,-0.001933419192190839,0.00443308884622133,0.0066356436655674676,0.0031832540192060846,0.008574880568466954,-0.0013173732855601417,2,2,price=observed;tvl=observed;lp_amount=quantified,False
2024-05-18T00:00:00+00:00,1.4676238348259728e-05,1.4676238348259728e-05,1.4601279934522185e-05,1.4601279934522185e-05,1.4634944242091025e-05,WETH,pool_swap_ratio,8,13,38869933.98954437,,19893418,398244.07003076,,8,6,0.0,0.0,0.0,0.0,,0,0,,,,398244.07003076,0.0,398244.07003076,8,-0.006066585308225997,0.010298402583588735,0.0,0.0,0.01035161363755853,0.0,0.01035161363755853,-0.0023002689324923553,2,2,price=observed;tvl=observed;lp_amount=none,False
2024-05-18T01:00:00+00:00,1.4593305038548256e-05,1.4593305038548256e-05,1.4593305038548256e-05,1.4593305038548256e-05,1.4593305038548256e-05,WETH,pool_swap_ratio,1,3121,38967050.62666772,,19893458,97116.63712335,,1,1,0.0,0.0,0.0,0.0,,0,0,,,,97116.63712335,0.0,97116.63712335,1,-0.0005463270794664704,0.0024953866853212174,0.0,0.0,0.002498502754068824,0.0,0.002498502754068824,0.0,2,2,price=observed;tvl=observed;lp_amount=none,False
2024-05-18T02:00:00+00:00,1.4577854524219103e-05,1.468328044864913e-05,1.4488610312263061e-05,1.4488610312263061e-05,1.45366350436701e-05,WETH,pool_swap_ratio,11,589,39578244.1826255,,19893966,611295.34794386,,11,6,0.0,0.0,0.0,0.0,,0,0,,,,611244.4519508199,50.89599303999999,611193.55595778,11,-0.0072000194832798755,0.015563144651745704,0.0,0.0,0.01568488110156071,0.0,0.01568749335946689,-0.003303703454256457,2,2,price=observed;tvl=observed;lp_amount=none,False
2024-05-18T03:00:00+00:00,1.4487179873469498e-05,1.4595554355927744e-05,1.4487179873469498e-05,1.451517342608122e-05,1.4580217932769632e-05,WETH,pool_swap_ratio,6,637,39414373.58161799,,19894260,202513.61992669,,6,4,0.0,0.0,0.0,0.0,,0,0,,,,19321.50945959,183192.1104671,-163870.60100750998,6,0.0018317004074144445,-0.004149016470716636,0.0,0.0,-0.004140421193304167,0.0,0.0051167914117724225,-0.004461147768046847,2,2,price=observed;tvl=observed;lp_amount=none,False
2024-05-18T04:00:00+00:00,1.460921349211489e-05,1.4740324165971479e-05,1.4524516039395413e-05,1.4740324165971479e-05,1.4676203255925643e-05,WETH,pool_swap_ratio,14,13,38492814.1814143,,19894609,932446.8998871499,,14,5,0.0,0.0,0.0,0.0,,0,0,,,,5443.749841729999,927003.1500454199,-921559.4002036899,14,0.015392333318823444,-0.023658982257595457,0.0,0.0,-0.02338130271930759,0.0,0.02365753442602023,0.004369039384893192,2,2,price=observed;tvl=observed;lp_amount=none,False
2024-05-18T05:00:00+00:00,1.4781178650704305e-05,1.5003818716333618e-05,1.4743040882270137e-05,1.4916652986591577e-05,1.4881710809691999e-05,WETH,pool_swap_ratio,16,193,37576483.53638621,,19894891,981195.64667581,,16,6,0.0,0.0,0.0,0.0,,0,0,,,,32432.50082386,948763.14585195,-916330.6450280901,16,0.011891360168955803,-0.02409316236894017,0.0,0.0,-0.023805239095003015,0.0,0.025490358851173997,0.002347994618792315,2,2,price=observed;tvl=observed;lp_amount=none,False
2024-05-18T06:00:00+00:00,1.4744382504869035e-05,1.4913710413712541e-05,1.4672362836583193e-05,1.4846348008743821e-05,1.4872055431997375e-05,WETH,pool_swap_ratio,15,121,37845720.21834661,,19895194,286641.37858038,,15,6,0.0,0.0,0.0,0.0,,0,0,,,,277939.03027039,8702.34830999,269236.68196039996,14,-0.004724329285330399,0.007139484453888443,0.0,0.0,0.007165031334017502,0.0,0.007628211892228242,-0.0017285723127581365,2,2,price=observed;tvl=observed;lp_amount=none,False
2024-05-18T07:00:00+00:00,1.482873658167152e-05,1.5055606767530869e-05,1.4816629382599858e-05,1.4973775753772486e-05,1.4958427867641104e-05,WETH,pool_swap_ratio,12,889,37370013.53970281,,19895428,688424.38524548,,12,6,0.0,0.0,0.0,0.0,,0,0,,,,106358.85330084,582065.53194464,-475706.67864379997,12,0.008546478322966549,-0.012649295507725908,0.0,0.0,-0.012569629429675641,0.0,0.01819028363771896,0.0010260360425029535,2,2,price=observed;tvl=observed;lp_amount=none,False
2024-05-18T08:00:00+00:00,1.5102278539688481e-05,1.5343094451668504e-05,1.5049769650955746e-05,1.5088531297307527e-05,1.5119963982753612e-05,WETH,pool_swap_ratio,12,337,36981014.261454605,,19895768,611875.6836403699,,12,6,0.0,0.0,0.0,0.0,,0,0,,,,111438.20269608,500437.48094428994,-388999.27824821,12,0.007634550517348703,-0.010463952931923513,0.0,0.0,-0.010409396235163995,0.0,0.01637344024481817,-0.0020788862646722306,2,2,price=observed;tvl=observed;lp_amount=none,False
2024-05-18T09:00:00+00:00,1.5110062565422337e-05,1.5110062565422337e-05,1.4979663311725567e-05,1.4979663311725567e-05,1.5027137870110628e-05,WETH,pool_swap_ratio,9,145,37396446.902722016,,19896083,449312.59635052003,,9,4,0.0,0.0,0.0,0.0,,0,0,,,,432372.61880897003,16939.97754155,415432.64126742,9,-0.0072414365235913625,0.011171044426268232,0.0,0.0,0.011233673536651114,0.0,0.012149818097845941,-0.003159254862463823,2,2,price=observed;tvl=observed;lp_amount=none,False
2024-05-18T10:00:00+00:00,1.4964969327587477e-05,1.5129276122751707e-05,1.488271871521799e-05,1.4960603284966814e-05,1.4923511800513707e-05,WETH,pool_swap_ratio,10,325,37697257.046347,,19896363,301561.18317038,,10,5,0.0,0.0,0.0,0.0,,0,0,,,,301185.66339768004,375.5197727,300810.14362498006,10,-0.0012732037152686038,0.008011637109253822,0.0,0.0,0.008043816152038889,0.0,0.00806389933126053,0.0024854394159308235,2,2,price=observed;tvl=observed;lp_amount=none,False
2024-05-18T11:00:00+00:00,1.4873707727105774e-05,1.4873707727105774e-05,1.4781037548360554e-05,1.47890115162421e-05,1.483096900974239e-05,WETH,pool_swap_ratio,7,1177,38027329.27953799,,19896590,353611.25292281,,7,4,0.0,0.0,0.0,0.0,,0,1,,,1.0,353611.25292281,23539.01973182,330072.23319099,8,-0.011535858380892126,0.008717758383159224,0.0,0.0,0.008755868703794065,0.0,0.009380291316369825,-0.002829045996436741,2,2,price=observed;tvl=observed;lp_amount=quantified,False
2024-05-18T12:00:00+00:00,1.4776548371165067e-05,1.4776548371165067e-05,1.4685793057077866e-05,1.4685793057077866e-05,1.4734466000015245e-05,WETH,pool_swap_ratio,6,1753,38431939.27637882,,19896839,404609.99684082996,,6,5,0.0,0.0,0.0,0.0,,0,0,,,,404609.99684082996,0.0,404609.99684082996,6,-0.007003872127390714,0.01058377306986225,0.0,0.0,0.010639979312419012,0.0,0.010639979312419012,-0.0033033394584729425,2,2,price=observed;tvl=observed;lp_amount=none,False
2024-05-18T13:00:00+00:00,1.4681897582244714e-05,1.4702691878317087e-05,1.4578610233553464e-05,1.4578610233553464e-05,1.4625429861142815e-05,WETH,pool_swap_ratio,12,73,39002944.41975197,,19897278,575086.02873051,,12,5,0.0,0.0,0.0,0.0,,0,0,,,,573045.58605183,2040.44267868,571005.14337315,12,-0.007325165780965157,0.01474827535346571,0.0,0.0,0.014857567797108364,0.0,0.014963752533923564,-0.003201247965623377,2,2,price=observed;tvl=observed;lp_amount=none,False
2024-05-18T14:00:00+00:00,1.4570196022600134e-05,1.5190571148915421e-05,1.4542656552411874e-05,1.4661117165413286e-05,1.4621073522295719e-05,WETH,pool_swap_ratio,17,1309,39019706.50981475,,19897475,473013.93418851995,,17,8,0.0,0.0,0.0,0.0,,0,0,,,,244888.01212564996,228125.92206287,16762.090062779956,16,0.005643496583573721,0.00042967241233025954,0.0,0.0,0.00042976473474375066,0.0,0.012127646802711002,0.0027387621747818613,2,2,price=observed;tvl=observed;lp_amount=none,False
2024-05-18T15:00:00+00:00,1.457478903806339e-05,1.457478903806339e-05,1.4345651757624066e-05,1.4561114855767116e-05,1.4551956076865496e-05,WETH,pool_swap_ratio,12,121,39108411.675218254,,19897868,161615.04873714002,,12,7,4122495.19363948,4176867.74366986,-54372.55003038002,8299362.93730934,0.9934485875071265,1,1,,,1.0,4274923.37996275,4186218.21455925,88705.16540349973,13,-0.0068442889613287,0.002270762577686922,-0.0013934638390143588,0.21269670327278795,0.0022733427116164353,0.10704508355590116,0.004141882735496447,0.0006293847269220887,2,2,price=observed;tvl=observed;lp_amount=quantified,False
2024-05-18T16:00:00+00:00,1.4516920723833324e-05,1.4686499586833245e-05,1.4516920723833324e-05,1.4656855213021202e-05,1.463343654636229e-05,WETH,pool_swap_ratio,11,433,39044645.48081516,,19898141,569519.53566831,,11,5,0.0,0.0,0.0,0.0,,0,0,,,,252876.67063261,316642.8650357,-63766.19440308996,11,0.006553549044727854,-0.0016318288976425802,0.0,0.0,-0.0016304981887949326,0.0,0.014562584141692368,0.001600353176420155,2,2,price=observed;tvl=observed;lp_amount=none,False
2024-05-18T17:00:00+00:00,1.4571049246280005e-05,1.465920953674932e-05,1.4495608233161019e-05,1.465920953674932e-05,1.4614993518786654e-05,WETH,pool_swap_ratio,7,2233,39039167.06331964,,19898291,34730.22361512,,7,5,0.0,0.0,0.0,0.0,,0,0,,,,14625.903059799999,20104.32055532,-5478.41749552,7,0.00016061662800059842,-0.0001403214655128005,0.0,0.0,-0.00014031162091641622,0.0,0.0008895002935084894,0.003025387449254069,2,2,price=observed;tvl=observed;lp_amount=none,False
2024-05-18T18:00:00+00:00,1.4670179248478114e-05,1.47436900968294e-05,1.4592393192018454e-05,1.4614858383447343e-05,1.4678517513648179e-05,WETH,pool_swap_ratio,7,805,38774420.50612003,,19898710,286731.78058265,,7,4,0.0,0.0,0.0,0.0,,0,0,,,,10992.61169152,275739.16889112996,-264746.55719960993,7,-0.0030300665665138156,-0.0068046619369288835,0.0,0.0,-0.006781562648870142,0.0,0.0073447207548661304,-0.004336890979735886,2,2,price=observed;tvl=observed;lp_amount=none,False
2024-05-18T19:00:00+00:00,1.4614295992565887e-05,1.4614295992565887e-05,1.460198253614033e-05,1.4611205263464008e-05,1.4611607174941479e-05,WETH,pool_swap_ratio,6,109,38797762.180262946,,19899062,23341.674142919997,,6,5,0.0,0.0,0.0,0.0,,0,0,,,,23341.674142919997,0.0,23341.674142919997,6,-0.00024999055955632316,0.0006018052873862465,0.0,0.0,0.0006019864085199113,0.0,0.0006019864085199113,-2.7506315537939585e-05,2,2,price=observed;tvl=observed;lp_amount=none,False
2024-05-18T20:00:00+00:00,1.4608833769496749e-05,1.4608833769496749e-05,1.458943503546497e-05,1.458943503546497e-05,1.4599200346857838e-05,WETH,pool_swap_ratio,9,265,38945486.8716836,,19899348,147724.69142065,,9,4,0.0,0.0,0.0,0.0,,0,0,,,,147724.69142065,0.0,147724.69142065,9,-0.0014910790866011086,0.003800326613942022,0.0,0.0,0.0038075570115175344,0.0,0.0038075570115175344,-0.0006688935805289065,2,2,price=observed;tvl=observed;lp_amount=none,False
2024-05-18T21:00:00+00:00,1.467569173851784e-05,1.467569173851784e-05,1.4494805131862502e-05,1.4570531106787673e-05,1.4557968417716068e-05,WETH,pool_swap_ratio,11,229,39055622.2613905,,19899650,2141775.3500005994,,11,7,19171.87279808,186021.65151887,-166849.77872079,205193.52431695,0.18686625576415725,1,1,,,1.0,1228803.15976356,1118667.77005666,110135.38970689988,13,-0.0012965674399852925,0.002823946072616117,-0.004284187774324701,0.005268736914061836,0.0028279371643181814,0.004776462344193269,0.054994186028724086,0.0008629424594930324,2,2,price=observed;tvl=observed;lp_amount=quantified,False
2024-05-18T22:00:00+00:00,1.4569576415837291e-05,1.4661123436292879e-05,1.4569576415837291e-05,1.466094855675191e-05,1.462705238317177e-05,WETH,pool_swap_ratio,8,949,39035718.51471233,,19899889,92855.17878669,,8,5,0.0,0.0,0.0,0.0,,0,0,,,,36475.71605426,56379.462732429995,-19903.74667816999,8,0.006186326478569373,-0.0005097555480891057,0.0,0.0,-0.0005096256448036775,0.0,0.0023775111855914408,0.002317361877991031,2,2,price=observed;tvl=observed;lp_amount=none,False
2024-05-18T23:00:00+00:00,1.4572175920209983e-05,1.4661339151474517e-05,1.4572175920209983e-05,1.4573839338316707e-05,1.4619367596112741e-05,WETH,pool_swap_ratio,5,577,39033449.42723716,,19900220,54774.223085369995,,5,4,0.0,0.0,0.0,0.0,,0,0,,,,26252.5678051,28521.65528027,-2269.0874751699994,5,-0.005959302769172401,-5.813018213541069e-05,0.0,0.0,-5.812849260901381e-05,0.0,0.0014031821411132964,-0.0031142426303132353,2,2,price=observed;tvl=observed;lp_amount=none,False
2024-05-19T00:00:00+00:00,1.4663092061571492e-05,1.4689076839362223e-05,1.4575928765212826e-05,1.4575928765212826e-05,1.4632829115195213e-05,WETH,pool_swap_ratio,3,13,39023858.49874581,,19900565,33590.92849135,,3,3,0.0,0.0,0.0,0.0,,0,0,,,,12000.0,21590.92849135,-9590.928491350001,3,0.00014335804609332363,-0.0002457406947396475,0.0,0.0,-0.00024571050296819384,0.0,0.0008605677690353079,-0.003888540591463596,2,2,price=observed;tvl=observed;lp_amount=none,False
2024-05-19T01:00:00+00:00,1.4663337510819392e-05,1.473734325301841e-05,1.4595686760002433e-05,1.4667656227592328e-05,1.4696377749125992e-05,WETH,pool_swap_ratio,10,1789,38574598.04282064,,19900715,487003.87557345,,10,7,0.0,0.0,0.0,0.0,,0,0,,,,18871.709824139998,468132.16574931,-449260.45592517,10,0.006273359660249964,-0.011579237413386328,0.0,0.0,-0.011512456051459105,0.0,0.012479644358824791,-0.001954326571074416,2,2,price=observed;tvl=observed;lp_amount=none,False
2024-05-19T02:00:00+00:00,1.4648899666477636e-05,1.475547796346062e-05,1.4581761386564483e-05,1.475547796346062e-05,1.4706312067349717e-05,WETH,pool_swap_ratio,13,37,38497005.21692899,,19901159,321109.17380989005,,13,6,0.0,0.0,0.0,0.0,,0,1,,,1.0,123725.03055306,201317.85644471,-77592.82589164999,14,0.0059695881546157755,-0.0020135263527722874,0.0,0.0,-0.0020115005684703765,0.0,0.008324368628635748,0.003343183245788639,2,2,price=observed;tvl=observed;lp_amount=quantified,False
2024-05-19T03:00:00+00:00,1.4757484411971491e-05,1.493281972988388e-05,1.4545610898234113e-05,1.4836720672322154e-05,1.4842902423256989e-05,WETH,pool_swap_ratio,16,205,37871265.252207026,,19901444,765363.05993956,,16,9,0.0,0.0,0.0,0.0,,0,0,,,,69811.5476088,695551.5123307599,-625739.9647219599,16,0.005490833173876767,-0.01638779992986445,0.0,0.0,-0.01625425045911862,0.0,0.01988110648157621,-0.00041647858070859023,2,2,price=observed;tvl=observed;lp_amount=none,False
2024-05-19T04:00:00+00:00,1.481707844012408e-05,1.4839174200628452e-05,1.4693203077107124e-05,1.475470031024099e-05,1.479097079663317e-05,WETH,pool_swap_ratio,10,1261,38156660.795442596,,19901654,386854.01926965005,,10,4,0.0,0.0,0.0,0.0,,0,0,,,,336124.78125261003,50729.23801704,285395.54323557,10,-0.005543537241781481,0.007507685625680826,0.0,0.0,0.007535938958863752,0.0,0.010214974775555071,-0.002452204584193707,2,2,price=observed;tvl=observed;lp_amount=none,False
2024-05-19T05:00:00+00:00,1.4753367147053325e-05,1.4753367147053325e-05,1.457767818813792e-05,1.457767818813792e-05,1.4728562999430427e-05,WETH,pool_swap_ratio,12,121,38355452.56452921,,19902045,198791.76908661,,12,6,0.0,0.0,0.0,0.0,,0,0,,,,198791.76908661,0.0,198791.76908661,12,-0.012070229579932545,0.005196359312890446,0.0,0.0,0.005209883803835202,0.0,0.005209883803835202,-0.010244367444287805,2,2,price=observed;tvl=observed;lp_amount=none,False
2024-05-19T06:00:00+00:00,1.4704037579843233e-05,1.4704037579843233e-05,1.4526109880610678e-05,1.4678511447773937e-05,1.4689172710109075e-05,WETH,pool_swap_ratio,8,229,38460982.55460625,,19902334,105529.99007704,,8,5,0.0,0.0,0.0,0.0,,0,0,,,,105529.99007704,0.0,105529.99007704,8,0.0068931504856000895,0.0027475905723236115,0.0,0.0,0.0027513686587192876,0.0,0.0027513686587192876,-0.0007257905224166139,2,2,price=observed;tvl=observed;lp_amount=none,False
2024-05-19T07:00:00+00:00,1.4677591724321643e-05,1.4677591724321643e-05,1.4595373870982577e-05,1.4672397767001968e-05,1.467482922947217e-05,WETH,pool_swap_ratio,4,85,38486512.73641886,,19902644,25623.81818739,,4,4,0.0,0.0,0.0,0.0,,0,0,,,,25577.0,46.81818739,25530.18181261,4,-0.0004165922640182281,0.0006635741073276435,0.0,0.0,0.0006637943213323445,0.0,0.0006662289022650354,-0.0001656893195949305,2,2,price=observed;tvl=observed;lp_amount=none,False
2024-05-19T08:00:00+00:00,1.4666104429950144e-05,1.4666104429950144e-05,1.4629621241793956e-05,1.4629621241793956e-05,1.4647659948781423e-05,WETH,pool_swap_ratio,5,349,38695128.86060559,,19902919,214717.76765243,,5,4,0.0,0.0,0.0,0.0,,0,0,,,,211666.94591958,3050.82173285,208616.12418673,5,-0.002919700214724039,0.005405861495250412,0.0,0.0,0.005420499529678656,0.0,0.005579039314966247,-0.0012315077664653007,2,2,price=observed;tvl=observed;lp_amount=none,False
2024-05-19T09:00:00+00:00,1.473989780783714e-05,1.473989780783714e-05,1.455709677264111e-05,1.4622855650408218e-05,1.4589665877812316e-05,WETH,pool_swap_ratio,11,1009,39094462.74994712,,19903164,477176.58207242,,11,7,0.0,77207.81943004,-77207.81943004,77207.81943004,0.0,0,2,,,1.0,477021.03041461,77687.14107308001,399333.88934153,12,-0.0004625653773732214,0.010267116435641366,-0.0019952852388260968,0.0019952852388260968,0.010320004121967933,0.0019952852388260968,0.012331696420792125,0.002274882295034253,2,2,price=observed;tvl=observed;lp_amount=quantified,False
2024-05-19T10:00:00+00:00,1.463903787956745e-05,1.4639142108758138e-05,1.4581231076169787e-05,1.4581231076169787e-05,1.4618354046823376e-05,WETH,pool_swap_ratio,3,277,39093894.88457545,,19903522,2012.69114341,,3,2,0.0,0.0,0.0,0.0,,0,0,,,,722.41288587,1290.27825754,-567.86537167,3,-0.00285060120623928,-1.4525573598510636e-05,0.0,0.0,-1.452546810278824e-05,0.0,5.148276768204782e-05,-0.0025394767793065487,2,2,price=observed;tvl=observed;lp_amount=none,False
2024-05-19T11:00:00+00:00,1.4530231444737719e-05,1.4668737776142541e-05,1.4481957582128962e-05,1.4668737776142541e-05,1.4508009411441218e-05,WETH,pool_swap_ratio,4,289,39641156.10925153,,19903815,548673.22671272,,4,3,0.0,0.0,0.0,0.0,,0,0,,,,547967.2256944,706.00101832,547261.22467608,4,0.005983388323106551,0.013901560514158749,0.0,0.0,0.01399863652091628,0.0,0.014034754744511267,0.011078595287825621,2,2,price=observed;tvl=observed;lp_amount=none,False
2024-05-19T12:00:00+00:00,1.4463783918077416e-05,1.4585626828863187e-05,1.4422475388107968e-05,1.4506404280082747e-05,1.4439657537712675e-05,WETH,pool_swap_ratio,7,241,39963436.79374514,,19904119,322280.68449361005,,7,4,0.0,0.0,0.0,0.0,,0,0,,,,322280.68449361005,0.0,322280.68449361005,7,-0.01112832088486521,0.008097081676796541,0.0,0.0,0.008129951699829349,0.0,0.008129951699829349,0.004622460206950674,2,2,price=observed;tvl=observed;lp_amount=none,False
2024-05-19T13:00:00+00:00,1.457628575843122e-05,1.457628575843122e-05,1.433398131828766e-05,1.4354232189079829e-05,1.4382979032954862e-05,WETH,pool_swap_ratio,12,325,40346388.21572416,,19904411,427999.92033535,,12,7,4186764.93727852,4222108.39231562,-35343.455037099775,8408873.329594139,0.9957968857834126,1,1,,,1.0,4609965.51066093,4227014.08868191,382951.4219790194,14,-0.010545401613760545,0.009536923395734411,-0.000884394783649627,0.21041416865604137,0.009582544763491335,0.10564928171984551,0.01070978761271949,-0.0019986710548050013,2,2,price=observed;tvl=observed;lp_amount=quantified,False
2024-05-19T14:00:00+00:00,1.425931719111087e-05,1.4837127240558984e-05,1.425931719111087e-05,1.4442780458961054e-05,1.4509990318295979e-05,WETH,pool_swap_ratio,5,469,40317114.39187622,,19904697,49263.47297178,,5,3,0.0,0.0,0.0,0.0,,0,0,,,,9994.82456192,39268.64840986,-29273.823847939995,5,0.006149842696678171,-0.0007258257870483377,0.0,0.0,-0.0007255624392304621,0.0,0.0012210132096181186,-0.0046319713425431175,2,2,price=observed;tvl=observed;lp_amount=none,False
2024-05-19T15:00:00+00:00,1.4445552594133832e-05,1.4445552594133832e-05,1.4218451220240571e-05,1.4218451220240571e-05,1.4289390475211083e-05,WETH,pool_swap_ratio,11,673,41226625.14808381,,19904977,930677.0305746901,,11,7,0.0,0.0,0.0,0.0,,0,0,,,,920093.8933911399,10583.13718355,909510.7562075899,11,-0.01565416463998108,0.022308235549507834,0.0,0.0,0.02255892491132385,0.0,0.023083919685537285,-0.004964470324579362,2,2,price=observed;tvl=observed;lp_amount=none,False
2024-05-19T16:00:00+00:00,1.426388421622018e-05,1.426388421622018e-05,1.4113216433125698e-05,1.4113216433125698e-05,1.41650084777617e-05,WETH,pool_swap_ratio,10,865,41908309.70042183,,19905259,681684.55233802,,10,7,0.0,0.0,0.0,0.0,,0,0,,,,681684.5523380198,0.0,681684.5523380198,10,-0.007428808806437982,0.01639984038088103,0.0,0.0,0.01653505592294896,0.0,0.016535055922948964,-0.003656337002361343,2,2,price=observed;tvl=observed;lp_amount=none,False
2024-05-19T17:00:00+00:00,1.4175785447142387e-05,1.419559411278422e-05,1.4100298370737387e-05,1.419559411278422e-05,1.4146345727512853e-05,WETH,pool_swap_ratio,6,73,41910825.371486284,,19905621,219020.32893555,,6,5,0.0,0.0,0.0,0.0,,0,0,,,,110768.0,108252.32893555,2515.671064449998,6,0.005819948672740484,6.002617571858297e-05,0.0,0.0,6.002797732557265e-05,0.0,0.0052261790203708795,0.003481350323255805,2,2,price=observed;tvl=observed;lp_amount=none,False
2024-05-19T18:00:00+00:00,1.4199113321993983e-05,1.4209110482255798e-05,1.4121741569551684e-05,1.4121741569551684e-05,1.4163433211210485e-05,WETH,pool_swap_ratio,3,2317,41917762.82074612,,19905734,265876.56493851,,3,3,0.0,0.0,0.0,0.0,,0,0,,,,136407.00709917,129469.55783933999,6937.449259830013,3,-0.005216077635691907,0.0001655151166273055,0.0,0.0,0.00016552881500992472,0.0,0.006343863729283584,-0.0029436112725692576,2,2,price=observed;tvl=observed;lp_amount=none,False
2024-05-19T19:00:00+00:00,1.4196765901641856e-05,1.4212377599210831e-05,1.4095463080408697e-05,1.4172801908567094e-05,1.413751844808904e-05,WETH,pool_swap_ratio,8,433,42063443.28814777,,19906190,420859.84004011995,,8,6,0.0,0.0,0.0,0.0,,0,0,,,,283270.15372089,137589.68631923,145680.46740166,8,0.0036092043317395395,0.003469362260313268,0.0,0.0,0.003475387463415848,0.0,0.01004013124077858,0.002495732232471237,2,2,price=observed;tvl=observed;lp_amount=none,False
2024-05-19T20:00:00+00:00,1.4078644724727608e-05,1.4177128918985784e-05,1.3855910803565988e-05,1.4067751775843933e-05,1.4072503417955629e-05,WETH,pool_swap_ratio,10,13,42230972.91674241,,19906524,194457.27685308002,,10,5,0.0,0.0,0.0,0.0,,0,0,,,,180993.45272386,13463.82412922,167529.62859464,10,-0.007439699549291708,0.003974874178209203,0.0,0.0,0.003982784467905054,0.0,0.004622951942402497,-0.0003376543583306635,2,2,price=observed;tvl=observed;lp_amount=none,False
2024-05-19T21:00:00+00:00,1.405544795321704e-05,1.4102035587421905e-05,1.400227606101246e-05,1.400227606101246e-05,1.4033157757507835e-05,WETH,pool_swap_ratio,8,673,42641160.16108756,,19906768,414282.72056710994,,8,6,0.0,0.0,0.0,0.0,,0,0,,,,412234.98245613,2047.7381109799999,410187.24434514996,8,-0.004665177673670858,0.009666080566632457,0.0,0.0,0.009712948009836919,0.0,0.009809926031869092,-0.00220062348254102,2,2,price=observed;tvl=observed;lp_amount=none,False
2024-05-19T22:00:00+00:00,1.400134889407514e-05,1.408584287427833e-05,1.400134889407514e-05,1.408584287427833e-05,1.405110879028712e-05,WETH,pool_swap_ratio,2,325,42639785.58481724,,19907093,7729.59347992,,2,2,0.0,0.0,0.0,0.0,,0,0,,,,3177.5086048,4552.08487512,-1374.5762703200003,2,0.005950349329316426,-3.2236421827082224e-05,0.0,0.0,-3.223590223922608e-05,0.0,0.00018127071239899535,0.002471981714013749,2,2,price=observed;tvl=observed;lp_amount=none,False
2024-05-19T23:00:00+00:00,1.3997036246735214e-05,1.4076298888191866e-05,1.395852840335586e-05,1.3991817622388736e-05,1.4000704176726496e-05,WETH,pool_swap_ratio,6,445,42708894.56748169,,19907383,79879.22035921,,6,2,0.0,0.0,0.0,0.0,,0,0,,,,74494.10151183,5385.11884738,69108.98266445,6,-0.0066975383062894975,0.0016194508841852692,0.0,0.0,0.0016207629029227027,0.0,0.0018733494848447976,-0.0006347219558093808,2,2,price=observed;tvl=observed;lp_amount=none,False
2024-05-20T00:00:00+00:00,1.4018058086702978e-05,1.4018058086702978e-05,1.3951440333823167e-05,1.3951440333823167e-05,1.4005689255300867e-05,WETH,pool_swap_ratio,2,1405,42708081.94248169,,19907599,1292.625,,2,2,0.0,0.0,0.0,0.0,,0,0,,,,240.0,1052.625,-812.625,2,-0.0028899505369635137,-1.9027248053650468e-05,0.0,0.0,-1.9027067036727477e-05,0.0,3.026594373585584e-05,-0.0038733489290552203,2,2,price=observed;tvl=observed;lp_amount=none,False
2024-05-20T01:00:00+00:00,1.3991454417632097e-05,1.3991454417632097e-05,1.3856446403517266e-05,1.3932699125365598e-05,1.3920183837975098e-05,WETH,pool_swap_ratio,16,853,43650219.92698614,,19907945,946963.5642433299,,16,9,0.0,0.0,0.0,0.0,,0,0,,,,944550.7743738899,2412.78986944,942137.9845044499,16,-0.0013442201655173322,0.02182014570942491,0.0,0.0,0.022059946072345293,0.0,0.022172935921558824,0.0008990748639652324,2,2,price=observed;tvl=observed;lp_amount=none,False
2024-05-20T02:00:00+00:00,1.4032348479410869e-05,1.404652862351572e-05,1.3869646971599314e-05,1.3881218094793711e-05,1.3923309982422942e-05,WETH,pool_swap_ratio,11,25,43455513.07655319,,19908312,669999.62784657,,11,4,0.0,0.0,0.0,0.0,,0,0,,,,237646.38870681,432353.23913976,-194706.85043294998,11,-0.003701822289432949,-0.004470593794614715,0.0,0.0,-0.004460615565251143,0.0,0.015349284126569818,-0.003023123645337744,2,2,price=observed;tvl=observed;lp_amount=none,False
2024-05-20T03:00:00+00:00,1.3876769951068953e-05,1.394504145466778e-05,1.3336417400997962e-05,1.394504145466778e-05,1.3834947575690105e-05,WETH,pool_swap_ratio,13,1129,43524983.75422693,,19908519,500167.20350630005,,13,6,0.0,0.0,0.0,0.0,,0,0,,,,284818.94059002,215348.26291628001,69470.67767373996,13,0.004587283582334875,0.0015973855054176472,0.0,0.0,0.0015986620052410219,0.0,0.011509867634635518,0.007957665063445862,2,2,price=observed;tvl=observed;lp_amount=none,False
2024-05-20T04:00:00+00:00,1.3953928963653882e-05,1.4032129558509587e-05,1.3871194711999494e-05,1.3925181151838914e-05,1.3994771333042966e-05,WETH,pool_swap_ratio,11,121,42942895.062211744,,19908901,593478.46419402,,11,7,0.0,0.0,0.0,0.0,,0,0,,,,5694.88608942,587783.5781046001,-582088.6920151801,11,-0.001425198963850666,-0.013463901120574051,0.0,0.0,-0.01337366822012083,0.0,0.01363535176819875,-0.00497258437083159,2,2,price=observed;tvl=observed;lp_amount=none,False
2024-05-20T05:00:00+00:00,1.405826438665986e-05,1.424979345910632e-05,1.3100940435386532e-05,1.4177101708116066e-05,1.4130449513147605e-05,WETH,pool_swap_ratio,18,937,41505293.53492138,,19909131,1566224.7198328897,,18,7,0.0,0.0,0.0,0.0,,0,0,,,,64311.59627126,1501913.1235616298,-1437601.5272903698,17,0.017929312435820088,-0.03405023712152951,0.0,0.0,-0.03347705191295799,0.0,0.036472266659336464,0.0033015365098649774,2,2,price=observed;tvl=observed;lp_amount=none,False
2024-05-20T06:00:00+00:00,1.4167496060390195e-05,1.4167496060390195e-05,1.4028284386430544e-05,1.4028284386430544e-05,1.4098835567240723e-05,WETH,pool_swap_ratio,16,481,42514373.34111529,,19909467,1009164.7939936899,,16,5,0.0,0.0,0.0,0.0,,0,0,,,,1009122.3000938,42.49389989,1009079.80619391,16,-0.010552502429901798,0.0240212408558981,0.0,0.0,0.024312074924729754,0.0,0.024314122562333097,-0.005004043098006394,2,2,price=observed;tvl=observed;lp_amount=none,False
2024-05-20T07:00:00+00:00,1.4022041932478691e-05,1.4159306626563517e-05,1.4022041932478691e-05,1.407695669529307e-05,1.4132279398002468e-05,WETH,pool_swap_ratio,6,901,42162295.43583534,,19909731,381435.90527995,,6,4,0.0,0.0,0.0,0.0,,0,0,,,,14679.0,366756.90527995,-352077.90527995,6,0.0034635787238832517,-0.008315866443934053,0.0,0.0,-0.008281385273047373,0.0,0.008971928204597728,-0.003914634090606661,2,2,price=observed;tvl=observed;lp_amount=none,False
2024-05-20T08:00:00+00:00,,,,1.407695669529307e-05,,WETH,pool_swap_ratio,0,4501,42162295.43583534,,19909731,0.0,,0,0,0.0,0.0,0.0,0.0,,0,0,,,,0.0,0.0,0.0,0,0.0,0.0,0.0,0.0,0.0,0.0,0.0,,2,2,price=carried;tvl=carried;lp_amount=none,True
2024-05-20T09:00:00+00:00,1.4068630022390228e-05,1.4142924505367909e-05,1.4053917754837578e-05,1.4063757442385413e-05,1.4091570616666884e-05,WETH,pool_swap_ratio,6,481,42243354.244031034,,19910360,378168.08268362004,,6,3,0.0,0.0,0.0,0.0,,0,0,,,,229613.44543966002,148554.63724396,81058.80819570002,6,-0.0009380894749890706,0.001920696859096069,0.0,0.0,0.0019225425788085783,0.0,0.008969342839958391,-0.001973745513404679,2,2,price=observed;tvl=observed;lp_amount=none,False
2024-05-20T10:00:00+00:00,1.4148762846804267e-05,1.4148762846804267e-05,1.4148762846804267e-05,1.4148762846804267e-05,1.4148762846804267e-05,WETH,pool_swap_ratio,1,1393,42238888.304912046,,19910581,4465.93911899,,1,1,0.0,0.0,0.0,0.0,,0,0,,,,0.0,4465.93911899,-4465.93911899,1,0.006026094853391095,-0.00010572491895110397,0.0,0.0,-0.00010571933026887974,0.0,0.00010571933026887974,0.0,2,2,price=observed;tvl=observed;lp_amount=none,False
2024-05-20T11:00:00+00:00,1.41581069808846e-05,1.41581069808846e-05,1.4076345476924326e-05,1.4076345476924326e-05,1.4137196050167686e-05,WETH,pool_swap_ratio,5,1033,42162137.51065082,,19910911,161459.83094123,,5,5,0.0,0.0,0.0,0.0,,0,0,,,,42354.51834,119105.31260122999,-76750.79426122998,5,-0.00513142610149173,-0.0018187175967475896,0.0,0.0,-0.0018170647320825551,0.0,0.0038225397831422926,-0.004304288702471348,2,2,price=observed;tvl=observed;lp_amount=none,False
2024-05-20T12:00:00+00:00,1.4075166822671648e-05,1.4075166822671648e-05,1.4075166822671648e-05,1.4075166822671648e-05,1.4075166822671648e-05,WETH,pool_swap_ratio,1,2233,42170253.08967077,,19911109,151385.0,,1,1,5859671.8981288,6002511.51084591,-142839.61271710973,11862183.40897471,0.9879584046383029,1,1,,,1.0,6011056.8981288,6002941.31910885,8115.5790199497715,3,-8.373647858225947e-05,0.00019246647669361584,-0.003387864590143851,0.28134682227574764,0.00019248499955439044,0.14236734343294574,0.0035905437659975795,0.0,2,2,price=observed;tvl=observed;lp_amount=quantified,False
2024-05-20T13:00:00+00:00,1.407396638564886e-05,1.407396638564886e-05,1.4062503899684947e-05,1.4062503899684947e-05,1.4063085805346471e-05,WETH,pool_swap_ratio,2,2761,42320900.151115075,,19911364,150647.0614443,,2,2,0.0,0.0,0.0,0.0,,0,0,,,,150647.0614443,0.0,150647.0614443,2,-0.0009000690900487187,0.0035659880426539546,0.0,0.0,0.0035723537424346085,0.0,0.0035723537424346085,-4.1378234448608e-05,2,2,price=observed;tvl=observed;lp_amount=none,False
2024-05-20T14:00:00+00:00,1.4051401071599905e-05,1.4051401071599905e-05,1.4051401071599905e-05,1.4051401071599905e-05,1.4051401071599905e-05,WETH,pool_swap_ratio,1,1609,42323942.411223434,,19911758,3042.26010836,,1,1,0.0,0.0,0.0,0.0,,0,0,,,,3042.26010836,0.0,3042.26010836,1,-0.0007898460689538781,7.18829409466395e-05,0.0,0.0,7.188552458707195e-05,0.0,7.188552458707195e-05,0.0,2,2,price=observed;tvl=observed;lp_amount=none,False
2024-05-20T15:00:00+00:00,1.4050915561705427e-05,1.4146982886934871e-05,1.4050915561705427e-05,1.4146982886934871e-05,1.4144907798697949e-05,WETH,pool_swap_ratio,2,349,42175593.17328459,,19912161,155047.39519830002,,2,2,0.0,0.0,0.0,0.0,,0,0,,,,3349.07862973,151698.31656857,-148349.23793884,2,0.006779266609128504,-0.003511247472009633,0.0,0.0,-0.003505090251221513,0.0,0.0036633495455561495,0.00014670213948742017,2,2,price=observed;tvl=observed;lp_amount=none,False
2024-05-20T16:00:00+00:00,1.4173024700006002e-05,1.464849416145743e-05,1.4101866058378193e-05,1.464849416145743e-05,1.4407953855851095e-05,WETH,pool_swap_ratio,21,313,38936406.673080906,,19912459,3305698.4717483,,21,10,0.0,0.0,0.0,0.0,,0,0,,,,33255.98577231,3272442.48597599,-3239186.5002036802,21,0.034836164750535664,-0.0799119757727405,0.0,0.0,-0.076802393433923,0.0,0.0783794185932692,0.016694966406257006,2,2,price=observed;tvl=observed;lp_amount=none,False
2024-05-20T17:00:00+00:00,1.4564286272457869e-05,1.4841944555819396e-05,1.449484026006567e-05,1.4841944555819396e-05,1.4656542164383294e-05,WETH,pool_swap_ratio,11,769,37965625.87697585,,19912712,2254206.33726362,,11,6,0.0,0.0,0.0,0.0,,0,0,,,,641712.77057928,1612493.5666843401,-970780.7961050601,11,0.013119721347409524,-0.025248548971272457,0.0,0.0,-0.024932470123808823,0.0,0.057894565263570896,0.01264980439156016,2,2,price=observed;tvl=observed;lp_amount=none,False
2024-05-20T18:00:00+00:00,1.4901515269769942e-05,1.5048110797759468e-05,1.4653578269728892e-05,1.4870551581081855e-05,1.4945299128527297e-05,WETH,pool_swap_ratio,12,697,37749331.12347815,,19913014,1096637.99741498,,12,6,0.0,0.0,0.0,0.0,,0,0,,,,440171.62195863994,656466.3754563399,-216294.75349769997,12,0.00192558942001843,-0.005713411205479564,0.0,0.0,-0.0056971207112081704,0.0,0.02888502354652431,-0.005001408590261325,2,2,price=observed;tvl=observed;lp_amount=none,False
2024-05-20T19:00:00+00:00,1.4825469860927204e-05,1.4965038307268127e-05,1.4011664695787864e-05,1.4461639271234018e-05,1.4379283880448383e-05,WETH,pool_swap_ratio,20,1705,42791828.690962024,,19913229,5049923.7277282,,20,7,0.0,0.0,0.0,0.0,,0,0,,,,5046210.64760604,3713.08012216,5042497.567483881,20,-0.027883277106348796,0.12537940897034233,0.0,0.0,0.13357846132398635,0.0,0.13377518428630927,0.005727363856945278,2,2,price=observed;tvl=observed;lp_amount=none,False
